0, 54.46, 545.327
1, 54.49, 545.343
2, 54.52, 545.36
3, 54.55, 545.377
4, 54.58, 545.393
5, 54.61, 545.41
6, 54.66, 545.443
7, 54.69, 545.46
8, 54.72, 545.477
9, 54.75, 545.493
10, 54.77, 545.51
11, 54.79, 545.527
12, 54.82, 545.543
13, 54.85, 545.56
14, 54.88, 545.577
15, 54.91, 545.593
16, 54.94, 545.61
17, 55, 545.643
18, 55.02, 545.66
19, 55.05, 545.677
20, 55.08, 545.693
21, 55.11, 545.71
22, 55.13, 545.727
23, 55.16, 545.743
24, 55.18, 545.76
25, 55.21, 545.777
26, 55.24, 545.793
27, 55.28, 545.81
28, 55.33, 545.843
29, 55.36, 545.86
30, 55.38, 545.877
31, 55.41, 545.893
32, 55.43, 545.91
33, 55.46, 545.927
34, 55.49, 545.943
35, 55.52, 545.96
36, 55.55, 545.977
37, 55.57, 545.993
38, 55.6, 546.01
39, 55.62, 546.027
40, 55.67, 546.06
41, 55.7, 546.077
42, 55.73, 546.093
43, 55.76, 546.11
44, 55.79, 546.127
45, 55.81, 546.143
46, 55.83, 546.16
47, 55.86, 546.177
48, 55.89, 546.193
49, 55.92, 546.21
50, 55.94, 546.227
51, 55.97, 546.243
52, 55.99, 546.26
53, 56.04, 546.293
54, 56.07, 546.31
55, 56.1, 546.327
56, 56.13, 546.343
57, 56.16, 546.36
58, 56.18, 546.377
59, 56.21, 546.393
60, 56.23, 546.41
61, 56.26, 546.427
62, 56.29, 546.443
63, 56.31, 546.46
64, 56.34, 546.477
65, 56.37, 546.493
66, 56.39, 546.51
67, 56.41, 546.527
68, 56.46, 546.56
69, 56.49, 546.577
70, 56.51, 546.593
71, 56.54, 546.61
72, 56.56, 546.627
73, 56.59, 1.342
74, 56.61, 1.359
75, 56.64, 1.376
76, 56.66, 1.392
77, 56.69, 1.409
78, 56.71, 1.426
79, 56.75, 1.442
80, 56.77, 1.459
81, 56.79, 1.476
82, 56.81, 1.492
83, 56.83, 1.509
84, 56.86, 1.526
85, 56.92, 1.559
86, 56.94, 1.576
87, 56.97, 1.592
88, 56.99, 1.609
89, 57.01, 1.626
90, 57.03, 1.642
91, 57.06, 1.659
92, 57.09, 1.676
93, 57.12, 1.692
94, 57.15, 1.709
95, 57.17, 1.726
96, 57.2, 1.742
97, 57.22, 1.759
98, 57.24, 1.776
99, 57.27, 1.792
100, 57.29, 1.809
101, 57.31, 1.826
102, 57.34, 1.842
103, 57.36, 1.859
104, 57.38, 1.876
105, 57.44, 1.909
106, 57.47, 1.926
107, 57.49, 1.942
108, 57.51, 1.959
109, 57.53, 1.976
110, 57.56, 1.992
111, 57.58, 2.009
112, 57.61, 2.026
113, 57.63, 2.042
114, 57.66, 2.059
115, 57.68, 2.076
116, 57.7, 2.092
117, 57.72, 2.109
118, 57.75, 2.126
119, 57.77, 2.142
120, 57.79, 2.159
121, 57.82, 2.176
122, 57.84, 2.192
123, 57.86, 2.209
124, 57.89, 2.226
125, 57.91, 2.242
126, 57.94, 2.259
127, 57.96, 2.276
128, 57.98, 2.292
129, 58, 2.309
130, 58.02, 2.326
131, 58.07, 2.359
132, 58.1, 2.376
133, 58.12, 2.392
134, 58.14, 2.409
135, 58.16, 2.426
136, 58.18, 2.442
137, 58.21, 2.459
138, 58.24, 2.476
139, 58.26, 2.492
140, 58.29, 2.509
141, 58.31, 2.526
142, 58.33, 2.542
143, 58.35, 2.559
144, 58.37, 2.576
145, 58.4, 2.592
146, 58.42, 2.609
147, 58.44, 2.626
148, 58.46, 2.642
149, 58.49, 2.659
150, 58.51, 2.676
151, 58.54, 2.692
152, 58.56, 2.709
153, 58.58, 2.726
154, 58.6, 2.742
155, 58.62, 2.759
156, 58.64, 2.776
157, 58.67, 2.792
158, 58.69, 2.809
159, 58.71, 2.826
160, 58.73, 2.842
161, 58.75, 2.859
162, 58.78, 2.876
163, 58.8, 2.892
164, 58.83, 2.909
165, 58.85, 2.926
166, 58.87, 2.942
167, 58.89, 2.959
168, 58.91, 2.976
169, 58.96, 3.009
170, 58.98, 3.026
171, 59, 3.042
172, 59.02, 3.059
173, 59.05, 3.076
174, 59.07, 3.092
175, 59.09, 3.109
176, 59.12, 3.126
177, 59.14, 3.142
178, 59.16, 3.159
179, 59.18, 3.176
180, 59.2, 3.192
181, 59.22, 3.209
182, 59.24, 3.226
183, 59.26, 3.242
184, 59.29, 3.259
185, 59.31, 3.276
186, 59.33, 3.292
187, 59.35, 3.309
188, 59.37, 3.326
189, 59.4, 3.342
190, 59.42, 3.359
191, 59.45, 3.376
192, 59.47, 3.392
193, 59.49, 3.409
194, 59.51, 3.426
195, 59.53, 3.442
196, 59.56, 3.459
197, 59.58, 3.476
198, 59.6, 3.492
199, 59.62, 3.509
200, 59.64, 3.526
201, 59.66, 3.542
202, 59.68, 3.559
203, 59.7, 3.576
204, 59.73, 3.592
205, 59.75, 3.609
206, 59.77, 3.626
207, 59.78, 3.642
208, 59.8, 3.659
209, 59.82, 3.676
210, 59.85, 3.692
211, 59.87, 3.709
212, 59.87, 3.726
213, 59.84, 3.742
214, 59.89, 3.759
215, 59.9, 3.776
216, 59.91, 3.792
217, 59.92, 3.809
218, 59.95, 3.826
219, 59.97, 3.842
220, 59.99, 3.859
221, 60.01, 3.876
222, 60.03, 3.892
223, 60.05, 3.909
224, 60.07, 3.926
225, 60.09, 3.942
226, 60.11, 3.959
227, 60.13, 3.976
228, 60.15, 3.992
229, 60.17, 4.009
230, 60.19, 4.026
231, 60.21, 4.042
232, 60.23, 4.059
233, 60.25, 4.076
234, 60.27, 4.092
235, 60.29, 4.109
236, 60.32, 4.126
237, 60.33, 4.142
238, 60.36, 4.159
239, 60.38, 4.176
240, 60.4, 4.192
241, 60.42, 4.209
242, 60.44, 4.226
243, 60.46, 4.242
244, 60.48, 4.259
245, 60.49, 4.276
246, 60.51, 4.292
247, 60.53, 4.309
248, 60.55, 4.326
249, 60.57, 4.342
250, 60.59, 4.359
251, 60.62, 4.376
252, 60.64, 4.392
253, 60.66, 4.409
254, 60.68, 4.426
255, 60.7, 4.442
256, 60.72, 4.459
257, 60.74, 4.476
258, 60.75, 4.492
259, 60.77, 4.509
260, 60.8, 4.526
261, 60.82, 4.542
262, 60.84, 4.559
263, 60.86, 4.576
264, 60.88, 4.592
265, 60.89, 4.609
266, 60.91, 4.626
267, 60.94, 4.642
268, 60.96, 4.659
269, 60.98, 4.676
270, 61, 4.692
271, 61.02, 4.709
272, 61.04, 4.726
273, 61.04, 4.726
274, 61.05, 4.742
275, 61.07, 4.759
276, 61.09, 4.776
277, 61.11, 4.792
278, 61.14, 4.809
279, 61.16, 4.826
280, 61.18, 4.842
281, 61.2, 4.859
282, 61.22, 4.876
283, 61.24, 4.892
284, 61.25, 4.909
285, 61.27, 4.926
286, 61.29, 4.942
287, 61.31, 4.959
288, 61.33, 4.976
289, 61.35, 4.992
290, 61.37, 5.009
291, 61.39, 5.026
292, 61.41, 5.042
293, 61.43, 5.059
294, 61.45, 5.076
295, 61.47, 5.092
296, 61.49, 5.109
297, 61.51, 5.126
298, 61.53, 5.142
299, 61.55, 5.159
300, 61.57, 5.176
301, 61.59, 5.192
302, 61.61, 5.209
303, 61.63, 5.226
304, 61.65, 5.242
305, 61.67, 5.259
306, 61.69, 5.276
307, 61.71, 5.292
308, 61.73, 5.309
309, 61.75, 5.326
310, 61.77, 5.342
311, 61.78, 5.359
312, 61.8, 5.376
313, 61.82, 5.392
314, 61.84, 5.409
315, 61.84, 5.409
316, 61.86, 5.426
317, 61.88, 5.442
318, 61.9, 5.459
319, 61.92, 5.476
320, 61.94, 5.492
321, 61.96, 5.509
322, 61.98, 5.526
323, 61.99, 5.542
324, 62.01, 5.559
325, 62.03, 5.576
326, 62.05, 5.592
327, 62.07, 5.609
328, 62.09, 5.626
329, 62.11, 5.642
330, 62.13, 5.659
331, 62.15, 5.676
332, 62.17, 5.692
333, 62.18, 5.709
334, 62.2, 5.726
335, 62.22, 5.742
336, 62.24, 5.759
337, 62.26, 5.776
338, 62.28, 5.792
339, 62.29, 5.809
340, 62.32, 5.826
341, 62.34, 5.842
342, 62.36, 5.859
343, 62.37, 5.876
344, 62.39, 5.892
345, 62.39, 5.892
346, 62.4, 5.909
347, 62.43, 5.926
348, 62.45, 5.942
349, 62.47, 5.959
350, 62.49, 5.976
351, 62.51, 5.992
352, 62.52, 6.009
353, 62.54, 6.026
354, 62.56, 6.042
355, 62.58, 6.059
356, 62.6, 6.076
357, 62.61, 6.092
358, 62.64, 6.109
359, 62.66, 6.126
360, 62.68, 6.142
361, 62.7, 6.159
362, 62.71, 6.176
363, 62.73, 6.192
364, 62.75, 6.209
365, 62.77, 6.226
366, 62.79, 6.242
367, 62.8, 6.259
368, 62.82, 6.276
369, 62.82, 6.276
370, 62.84, 6.292
371, 62.86, 6.309
372, 62.88, 6.326
373, 62.9, 6.342
374, 62.91, 6.359
375, 62.93, 6.376
376, 62.95, 6.392
377, 62.97, 6.409
378, 62.99, 6.426
379, 63.01, 6.442
380, 63.02, 6.459
381, 63.04, 6.476
382, 63.06, 6.492
383, 63.07, 6.509
384, 63.09, 6.526
385, 63.11, 6.542
386, 63.13, 6.559
387, 63.14, 6.576
388, 63.16, 6.592
389, 63.18, 6.609
390, 63.18, 6.609
391, 63.19, 6.626
392, 63.21, 6.642
393, 63.23, 6.659
394, 63.24, 6.676
395, 63.26, 6.692
396, 63.28, 6.709
397, 63.3, 6.726
398, 63.32, 6.742
399, 63.33, 6.759
400, 63.35, 6.776
401, 63.37, 6.792
402, 63.39, 6.809
403, 63.41, 6.826
404, 63.43, 6.842
405, 63.44, 6.859
406, 63.46, 6.876
407, 63.47, 6.892
408, 63.49, 6.909
409, 63.49, 6.909
410, 63.51, 6.926
411, 63.53, 6.942
412, 63.55, 6.959
413, 63.56, 6.976
414, 63.57, 6.992
415, 63.6, 7.009
416, 63.61, 7.026
417, 63.63, 7.042
418, 63.65, 7.059
419, 63.66, 7.076
420, 63.68, 7.092
421, 63.69, 7.109
422, 63.7, 7.126
423, 63.72, 7.142
424, 63.75, 7.159
425, 63.77, 7.176
426, 63.79, 7.192
427, 63.79, 7.192
428, 63.8, 7.209
429, 63.81, 7.226
430, 63.83, 7.242
431, 63.84, 7.259
432, 63.85, 7.276
433, 63.86, 7.292
434, 63.87, 7.309
435, 63.87, 7.326
436, 63.87, 7.342
437, 63.87, 7.359
438, 63.87, 7.376
439, 63.86, 7.392
440, 63.84, 7.409
441, 63.81, 7.426
442, 63.76, 7.442
443, 63.71, 7.459
444, 63.71, 7.459
445, 63.65, 7.476
446, 63.59, 7.492
447, 63.52, 7.509
448, 63.45, 7.526
449, 63.36, 7.542
450, 63.27, 7.559
451, 63.18, 7.576
452, 63.08, 7.592
453, 62.97, 7.609
454, 62.85, 7.626
455, 62.73, 7.642
456, 62.6, 7.659
457, 62.46, 7.676
458, 62.31, 7.692
459, 62.16, 7.709
460, 62, 7.726
461, 61.83, 7.742
462, 61.65, 7.759
463, 61.47, 7.776
464, 61.28, 7.792
465, 61.08, 7.809
466, 60.87, 7.826
467, 60.67, 7.842
468, 60.44, 7.859
469, 60.22, 7.876
470, 59.99, 7.892
471, 59.76, 7.909
472, 59.53, 7.926
473, 59.34, 7.942
474, 59.13, 7.959
475, 58.93, 7.976
476, 58.76, 7.992
477, 58.58, 8.009
478, 58.4, 8.026
479, 58.21, 8.042
480, 58, 8.059
481, 57.8, 8.076
482, 57.6, 8.092
483, 57.39, 8.109
484, 57.17, 8.126
485, 56.96, 8.142
486, 56.76, 8.159
487, 56.57, 8.176
488, 56.39, 8.192
489, 56.22, 8.209
490, 56.07, 8.226
491, 55.91, 8.242
492, 55.73, 8.259
493, 55.51, 8.276
494, 55.09, 8.309
495, 54.88, 8.326
496, 54.68, 8.342
497, 54.47, 8.359
498, 54.27, 8.376
499, 54.07, 8.392
500, 53.86, 8.409
501, 53.65, 8.426
502, 53.45, 8.442
503, 53.26, 8.459
504, 52.85, 8.492
505, 52.64, 8.509
506, 52.43, 8.526
507, 52.22, 8.542
508, 52.02, 8.559
509, 51.81, 8.576
510, 51.62, 8.592
511, 51.24, 8.626
512, 51.05, 8.642
513, 50.87, 8.659
514, 50.69, 8.676
515, 50.5, 8.692
516, 50.14, 8.726
517, 49.95, 8.742
518, 49.76, 8.759
519, 49.57, 8.776
520, 49.36, 8.792
521, 48.97, 8.826
522, 48.78, 8.842
523, 48.6, 8.859
524, 48.42, 8.876
525, 48.06, 8.909
526, 47.87, 8.926
527, 47.66, 8.942
528, 47.45, 8.959
529, 47.04, 8.992
530, 46.85, 9.009
531, 46.66, 9.026
532, 46.48, 9.042
533, 46.1, 9.076
534, 45.9, 9.092
535, 45.7, 9.109
536, 45.28, 9.142
537, 45.08, 9.159
538, 44.89, 9.176
539, 44.5, 9.209
540, 44.3, 9.226
541, 44.11, 9.242
542, 43.72, 9.276
543, 43.53, 9.292
544, 43.33, 9.309
545, 42.94, 9.342
546, 42.75, 9.359
547, 42.37, 9.392
548, 42.18, 9.409
549, 42, 9.426
550, 41.61, 9.459
551, 41.42, 9.476
552, 41.03, 9.509
553, 40.84, 9.526
554, 40.47, 9.559
555, 40.28, 9.576
556, 39.89, 9.609
557, 39.71, 9.626
558, 39.34, 9.659
559, 39.15, 9.676
560, 38.74, 9.709
561, 38.55, 9.726
562, 38.16, 9.759
563, 37.76, 9.792
564, 37.56, 9.809
565, 37.17, 9.842
566, 36.98, 9.859
567, 36.59, 9.892
568, 36.21, 9.926
569, 36.03, 9.942
570, 35.7, 9.976
571, 35.37, 10.009
572, 35.21, 10.026
573, 34.9, 10.059
574, 34.56, 10.092
575, 34.2, 10.126
576, 34.02, 10.142
577, 33.67, 10.176
578, 33.31, 10.209
579, 32.93, 10.242
580, 32.57, 10.276
581, 32.4, 10.292
582, 32.04, 10.326
583, 31.68, 10.359
584, 31.35, 10.392
585, 31.02, 10.426
586, 30.69, 10.459
587, 30.34, 10.492
588, 29.98, 10.526
589, 29.62, 10.559
590, 29.28, 10.592
591, 28.96, 10.626
592, 28.64, 10.659
593, 28.32, 10.692
594, 28.01, 10.726
595, 27.57, 10.776
596, 27.29, 10.809
597, 27.01, 10.842
598, 26.75, 10.876
599, 26.51, 10.909
600, 26.13, 10.959
601, 25.86, 10.992
602, 25.63, 11.026
603, 25.28, 11.076
604, 25.03, 11.109
605, 24.7, 11.159
606, 24.47, 11.192
607, 24.14, 11.242
608, 23.93, 11.276
609, 23.64, 11.326
610, 23.46, 11.359
611, 23.17, 11.409
612, 22.91, 11.459
613, 22.74, 11.492
614, 22.46, 11.542
615, 22.19, 11.592
616, 21.93, 11.642
617, 21.66, 11.692
618, 21.49, 11.726
619, 21.26, 11.776
620, 21.05, 11.826
621, 20.88, 11.876
622, 20.74, 11.926
623, 20.62, 11.976
624, 20.52, 12.026
625, 20.43, 12.076
626, 20.37, 12.109
627, 20.26, 12.159
628, 20.17, 12.209
629, 20.13, 12.242
630, 20.06, 12.292
631, 20.01, 12.326
632, 19.92, 12.376
633, 19.86, 12.409
634, 19.78, 12.442
635, 19.71, 12.476
636, 19.65, 12.509
637, 19.59, 12.542
638, 19.53, 12.576
639, 19.47, 12.609
640, 19.4, 12.642
641, 19.33, 12.676
642, 19.24, 12.709
643, 19.14, 12.742
644, 19.06, 12.776
645, 18.99, 12.809
646, 18.96, 12.826
647, 18.9, 12.859
648, 18.87, 12.876
649, 18.85, 12.892
650, 18.79, 12.926
651, 18.77, 12.942
652, 18.74, 12.959
653, 18.71, 12.976
654, 18.66, 13.009
655, 18.63, 13.026
656, 18.59, 13.059
657, 18.55, 13.092
658, 18.51, 13.126
659, 18.55, 13.176
660, 18.58, 13.209
661, 18.6, 13.259
662, 18.62, 13.292
663, 18.67, 13.342
664, 18.73, 13.392
665, 18.79, 13.442
666, 18.87, 13.492
667, 18.97, 13.542
668, 19.07, 13.592
669, 19.2, 13.642
670, 19.34, 13.692
671, 19.49, 13.742
672, 19.66, 13.792
673, 19.84, 13.842
674, 20.05, 13.909
675, 20.2, 13.959
676, 20.36, 14.009
677, 20.5, 14.059
678, 20.63, 14.109
679, 20.72, 14.176
680, 20.68, 14.226
681, 20.61, 14.276
682, 20.44, 14.326
683, 20.31, 14.392
684, 20.22, 14.442
685, 20.09, 14.492
686, 19.98, 14.542
687, 19.81, 14.609
688, 19.67, 14.659
689, 19.54, 14.709
690, 19.4, 14.759
691, 19.26, 14.809
692, 19.07, 14.876
693, 18.88, 14.926
694, 18.69, 14.976
695, 18.46, 15.042
696, 18.3, 15.092
697, 18.04, 15.142
698, 17.77, 15.209
699, 17.63, 15.259
700, 17.51, 15.309
701, 17.37, 15.376
702, 17.25, 15.426
703, 17.08, 15.492
704, 16.97, 15.542
705, 16.81, 15.609
706, 16.65, 15.676
707, 16.51, 15.742
708, 16.38, 15.809
709, 16.26, 15.876
710, 16.15, 15.942
711, 16.1, 16.026
712, 16.12, 16.092
713, 16.18, 16.159
714, 16.27, 16.226
715, 16.42, 16.309
716, 16.55, 16.376
717, 16.7, 16.442
718, 16.86, 16.509
719, 17.06, 16.576
720, 17.28, 16.642
721, 17.46, 16.692
722, 17.73, 16.759
723, 18.02, 16.826
724, 18.34, 16.892
725, 18.59, 16.942
726, 18.95, 17.009
727, 19.22, 17.059
728, 19.58, 17.126
729, 19.86, 17.176
730, 20.15, 17.226
731, 20.43, 17.276
732, 20.73, 17.326
733, 21.13, 17.392
734, 21.42, 17.442
735, 21.73, 17.492
736, 21.93, 17.526
737, 22.24, 17.576
738, 22.53, 17.626
739, 22.8, 17.676
740, 23.08, 17.726
741, 23.28, 17.759
742, 23.57, 17.809
743, 23.83, 17.859
744, 24.01, 17.892
745, 24.26, 17.942
746, 24.43, 17.976
747, 24.68, 18.026
748, 24.83, 18.059
749, 25.08, 18.109
750, 25.26, 18.142
751, 25.49, 18.192
752, 25.49, 18.226
753, 25.63, 18.276
754, 25.81, 18.309
755, 26.01, 18.359
756, 26.14, 18.392
757, 26.28, 18.426
758, 26.51, 18.476
759, 26.65, 18.509
760, 26.79, 18.542
761, 27.01, 18.592
762, 27.17, 18.626
763, 27.32, 18.659
764, 27.54, 18.709
765, 27.69, 18.742
766, 27.84, 18.776
767, 27.99, 18.809
768, 28.2, 18.859
769, 28.35, 18.892
770, 28.5, 18.926
771, 28.63, 18.959
772, 28.77, 18.992
773, 28.91, 19.026
774, 29.13, 19.076
775, 29.27, 19.109
776, 29.42, 19.142
777, 29.56, 19.176
778, 29.7, 19.209
779, 29.83, 19.242
780, 29.97, 19.276
781, 30.11, 19.309
782, 30.25, 19.342
783, 30.37, 19.376
784, 30.5, 19.409
785, 30.62, 19.442
786, 30.74, 19.476
787, 30.88, 19.509
788, 31.03, 19.542
789, 31.18, 19.576
790, 31.32, 19.609
791, 31.46, 19.642
792, 31.6, 19.676
793, 31.72, 19.709
794, 31.84, 19.742
795, 31.97, 19.776
796, 32.1, 19.809
797, 32.24, 19.842
798, 32.36, 19.876
799, 32.49, 19.909
800, 32.62, 19.942
801, 32.69, 19.959
802, 32.82, 19.992
803, 32.95, 20.026
804, 33.09, 20.059
805, 33.21, 20.092
806, 33.33, 20.126
807, 33.46, 20.159
808, 33.52, 20.176
809, 33.65, 20.209
810, 33.68, 20.242
811, 33.73, 20.276
812, 33.88, 20.309
813, 33.94, 20.326
814, 34.04, 20.359
815, 34.17, 20.392
816, 34.3, 20.426
817, 34.36, 20.442
818, 34.47, 20.476
819, 34.58, 20.509
820, 34.7, 20.542
821, 34.76, 20.559
822, 34.89, 20.592
823, 35.01, 20.626
824, 35.14, 20.659
825, 35.2, 20.676
826, 35.32, 20.709
827, 35.45, 20.742
828, 35.51, 20.759
829, 35.63, 20.792
830, 35.75, 20.826
831, 35.81, 20.842
832, 35.94, 20.876
833, 36.05, 20.909
834, 36.11, 20.926
835, 36.23, 20.959
836, 36.35, 20.992
837, 36.41, 21.009
838, 36.53, 21.042
839, 36.65, 21.076
840, 36.71, 21.092
841, 36.84, 21.126
842, 36.96, 21.159
843, 37.01, 21.176
844, 37.12, 21.209
845, 37.18, 21.226
846, 37.31, 21.259
847, 37.42, 21.292
848, 37.48, 21.309
849, 37.58, 21.342
850, 37.64, 21.359
851, 37.76, 21.392
852, 37.88, 21.426
853, 37.94, 21.442
854, 38.05, 21.476
855, 38.11, 21.492
856, 38.22, 21.526
857, 38.27, 21.542
858, 38.38, 21.576
859, 38.49, 21.609
860, 38.55, 21.626
861, 38.66, 21.659
862, 38.72, 21.676
863, 38.82, 21.709
864, 38.87, 21.726
865, 38.99, 21.759
866, 39.05, 21.776
867, 39.16, 21.809
868, 39.21, 21.826
869, 39.32, 21.859
870, 39.43, 21.892
871, 39.48, 21.909
872, 39.58, 21.942
873, 39.64, 21.959
874, 39.74, 21.992
875, 39.79, 22.009
876, 39.9, 22.042
877, 39.95, 22.059
878, 40.05, 22.092
879, 40.1, 22.109
880, 40.21, 22.142
881, 40.26, 22.159
882, 40.37, 22.192
883, 40.42, 22.209
884, 40.52, 22.242
885, 40.57, 22.259
886, 40.68, 22.292
887, 40.73, 22.309
888, 40.78, 22.326
889, 40.87, 22.359
890, 40.92, 22.376
891, 41.01, 22.409
892, 41.06, 22.426
893, 41.16, 22.459
894, 41.21, 22.476
895, 41.31, 22.509
896, 41.35, 22.526
897, 41.45, 22.559
898, 41.48, 22.576
899, 41.46, 22.609
900, 41.53, 22.626
901, 41.58, 22.642
902, 41.66, 22.676
903, 41.71, 22.692
904, 41.8, 22.726
905, 41.84, 22.742
906, 41.92, 22.776
907, 41.97, 22.792
908, 42.07, 22.826
909, 42.12, 22.842
910, 42.17, 22.859
911, 42.25, 22.892
912, 42.3, 22.909
913, 42.4, 22.942
914, 42.45, 22.959
915, 42.5, 22.976
916, 42.59, 23.009
917, 42.64, 23.026
918, 42.73, 23.059
919, 42.77, 23.076
920, 42.83, 23.109
921, 42.88, 23.126
922, 42.93, 23.142
923, 43.04, 23.176
924, 43.1, 23.192
925, 43.19, 23.226
926, 43.23, 23.242
927, 43.27, 23.259
928, 43.36, 23.292
929, 43.41, 23.309
930, 43.45, 23.326
931, 43.55, 23.359
932, 43.59, 23.376
933, 43.69, 23.409
934, 43.74, 23.426
935, 43.79, 23.442
936, 43.88, 23.476
937, 43.92, 23.492
938, 43.97, 23.509
939, 44.06, 23.542
940, 44.1, 23.559
941, 44.14, 23.576
942, 44.22, 23.609
943, 44.27, 23.626
944, 44.35, 23.659
945, 44.4, 23.676
946, 44.44, 23.692
947, 44.53, 23.726
948, 44.58, 23.742
949, 44.63, 23.759
950, 44.72, 23.792
951, 44.77, 23.809
952, 44.81, 23.826
953, 44.91, 23.859
954, 44.96, 23.876
955, 45, 23.892
956, 45.08, 23.926
957, 45.12, 23.942
958, 45.15, 23.959
959, 45.24, 23.992
960, 45.28, 24.009
961, 45.33, 24.026
962, 45.41, 24.059
963, 45.46, 24.076
964, 45.51, 24.092
965, 45.59, 24.126
966, 45.62, 24.142
967, 45.66, 24.159
968, 45.71, 24.176
969, 45.8, 24.209
970, 45.84, 24.226
971, 45.89, 24.242
972, 45.98, 24.276
973, 46.02, 24.292
974, 46.06, 24.309
975, 46.15, 24.342
976, 46.19, 24.359
977, 46.23, 24.376
978, 46.31, 24.409
979, 46.35, 24.426
980, 46.4, 24.442
981, 46.44, 24.459
982, 46.52, 24.492
983, 46.56, 24.509
984, 46.61, 24.526
985, 46.69, 24.559
986, 46.73, 24.576
987, 46.78, 24.592
988, 46.82, 24.609
989, 46.89, 24.642
990, 46.92, 24.659
991, 46.97, 24.676
992, 47.06, 24.709
993, 47.1, 24.726
994, 47.14, 24.742
995, 47.18, 24.759
996, 47.26, 24.792
997, 47.3, 24.809
998, 47.34, 24.826
999, 47.38, 24.842
1000, 47.46, 24.876
1001, 47.5, 24.892
1002, 47.54, 24.909
1003, 47.58, 24.926
1004, 47.67, 24.959
1005, 47.71, 24.976
1006, 47.75, 24.992
1007, 47.79, 25.009
1008, 47.86, 25.042
1009, 47.9, 25.059
1010, 47.94, 25.076
1011, 48.03, 25.109
1012, 48.07, 25.126
1013, 48.11, 25.142
1014, 48.14, 25.159
1015, 48.18, 25.176
1016, 48.27, 25.209
1017, 48.31, 25.226
1018, 48.35, 25.242
1019, 48.38, 25.259
1020, 48.45, 25.292
1021, 48.49, 25.309
1022, 48.54, 25.326
1023, 48.58, 25.342
1024, 48.66, 25.376
1025, 48.69, 25.392
1026, 48.73, 25.409
1027, 48.77, 25.426
1028, 48.85, 25.459
1029, 48.89, 25.476
1030, 48.92, 25.492
1031, 48.96, 25.509
1032, 49.04, 25.542
1033, 49.08, 25.559
1034, 49.12, 25.576
1035, 49.13, 25.592
1036, 49.1, 25.609
1037, 49.19, 25.642
1038, 49.22, 25.659
1039, 49.24, 25.676
1040, 49.26, 25.692
1041, 49.34, 25.726
1042, 49.37, 25.742
1043, 49.41, 25.759
1044, 49.44, 25.776
1045, 49.48, 25.792
1046, 49.54, 25.826
1047, 49.57, 25.842
1048, 49.59, 25.859
1049, 49.62, 25.876
1050, 49.63, 25.892
1051, 49.66, 25.926
1052, 49.66, 25.942
1053, 49.67, 25.959
1054, 49.66, 25.976
1055, 49.65, 25.992
1056, 49.62, 26.026
1057, 49.59, 26.042
1058, 49.55, 26.059
1059, 49.51, 26.076
1060, 49.39, 26.109
1061, 49.3, 26.126
1062, 49.2, 26.142
1063, 49.08, 26.159
1064, 48.96, 26.176
1065, 48.68, 26.209
1066, 48.54, 26.226
1067, 48.38, 26.242
1068, 48.21, 26.259
1069, 47.89, 26.292
1070, 47.73, 26.309
1071, 47.57, 26.326
1072, 47.41, 26.342
1073, 47.09, 26.376
1074, 46.93, 26.392
1075, 46.76, 26.409
1076, 46.6, 26.426
1077, 46.27, 26.459
1078, 46.11, 26.476
1079, 45.95, 26.492
1080, 45.59, 26.526
1081, 45.41, 26.542
1082, 45.24, 26.559
1083, 44.91, 26.592
1084, 44.75, 26.609
1085, 44.59, 26.626
1086, 44.26, 26.659
1087, 44.09, 26.676
1088, 43.94, 26.692
1089, 43.64, 26.726
1090, 43.49, 26.742
1091, 43.2, 26.776
1092, 43.05, 26.792
1093, 42.9, 26.809
1094, 42.61, 26.842
1095, 42.46, 26.859
1096, 42.19, 26.892
1097, 42.05, 26.909
1098, 41.92, 26.926
1099, 41.66, 26.959
1100, 41.52, 26.976
1101, 41.27, 27.009
1102, 41.15, 27.026
1103, 40.91, 27.059
1104, 40.79, 27.076
1105, 40.52, 27.109
1106, 40.41, 27.126
1107, 40.2, 27.159
1108, 40.1, 27.176
1109, 39.89, 27.209
1110, 39.8, 27.226
1111, 39.63, 27.259
1112, 39.55, 27.276
1113, 39.44, 27.309
1114, 39.34, 27.342
1115, 39.31, 27.359
1116, 39.25, 27.392
1117, 39.22, 27.409
1118, 39.16, 27.442
1119, 39.12, 27.459
1120, 39.05, 27.492
1121, 39.02, 27.509
1122, 38.95, 27.542
1123, 38.88, 27.576
1124, 38.85, 27.592
1125, 38.79, 27.626
1126, 38.76, 27.642
1127, 38.7, 27.676
1128, 38.66, 27.692
1129, 38.6, 27.726
1130, 38.52, 27.759
1131, 38.49, 27.776
1132, 38.41, 27.809
1133, 38.38, 27.826
1134, 38.31, 27.859
1135, 38.25, 27.892
1136, 38.22, 27.909
1137, 38.14, 27.942
1138, 38.11, 27.959
1139, 38.04, 27.992
1140, 37.97, 28.026
1141, 37.94, 28.042
1142, 37.87, 28.076
1143, 37.83, 28.092
1144, 37.76, 28.126
1145, 37.69, 28.159
1146, 37.66, 28.176
1147, 37.59, 28.209
1148, 37.56, 28.226
1149, 37.49, 28.259
1150, 37.41, 28.292
1151, 37.37, 28.309
1152, 37.3, 28.342
1153, 37.23, 28.376
1154, 37.19, 28.392
1155, 37.13, 28.426
1156, 37.05, 28.459
1157, 37.02, 28.476
1158, 36.94, 28.509
1159, 36.91, 28.526
1160, 36.84, 28.559
1161, 36.78, 28.592
1162, 36.75, 28.609
1163, 36.68, 28.642
1164, 36.62, 28.676
1165, 36.58, 28.692
1166, 36.53, 28.726
1167, 36.48, 28.759
1168, 36.46, 28.776
1169, 36.41, 28.809
1170, 36.39, 28.842
1171, 36.38, 28.859
1172, 36.35, 28.892
1173, 36.34, 28.926
1174, 36.33, 28.942
1175, 36.32, 28.976
1176, 36.3, 29.009
1177, 36.28, 29.026
1178, 36.25, 29.059
1179, 36.21, 29.092
1180, 36.19, 29.109
1181, 36.16, 29.142
1182, 36.14, 29.176
1183, 36.12, 29.192
1184, 36.1, 29.226
1185, 36.08, 29.259
1186, 36.06, 29.276
1187, 36.04, 29.309
1188, 36.01, 29.342
1189, 36, 29.359
1190, 35.98, 29.392
1191, 35.96, 29.426
1192, 35.95, 29.442
1193, 35.95, 29.476
1194, 35.96, 29.509
1195, 35.97, 29.526
1196, 36.01, 29.559
1197, 36.04, 29.592
1198, 36.07, 29.609
1199, 36.11, 29.642
1200, 36.15, 29.676
1201, 36.17, 29.692
1202, 36.21, 29.726
1203, 36.24, 29.759
1204, 36.26, 29.776
1205, 36.3, 29.809
1206, 36.34, 29.842
1207, 36.36, 29.859
1208, 36.4, 29.892
1209, 36.45, 29.926
1210, 36.46, 29.942
1211, 36.5, 29.976
1212, 36.54, 30.009
1213, 36.55, 30.026
1214, 36.6, 30.059
1215, 36.64, 30.092
1216, 36.67, 30.109
1217, 36.72, 30.142
1218, 36.75, 30.159
1219, 36.81, 30.192
1220, 36.87, 30.226
1221, 36.9, 30.242
1222, 36.98, 30.276
1223, 37.06, 30.309
1224, 37.1, 30.326
1225, 37.19, 30.359
1226, 37.24, 30.376
1227, 37.35, 30.409
1228, 37.45, 30.442
1229, 37.51, 30.459
1230, 37.6, 30.492
1231, 37.64, 30.509
1232, 37.66, 30.542
1233, 37.61, 30.576
1234, 37.56, 30.592
1235, 37.45, 30.626
1236, 37.36, 30.642
1237, 37.17, 30.676
1238, 37, 30.709
1239, 36.9, 30.726
1240, 36.69, 30.759
1241, 36.46, 30.792
1242, 36.34, 30.809
1243, 36.11, 30.842
1244, 35.87, 30.876
1245, 35.76, 30.892
1246, 35.52, 30.926
1247, 35.29, 30.959
1248, 35.17, 30.976
1249, 34.96, 31.009
1250, 34.74, 31.042
1251, 34.63, 31.059
1252, 34.42, 31.092
1253, 34.22, 31.126
1254, 34.02, 31.159
1255, 33.92, 31.176
1256, 33.71, 31.209
1257, 33.47, 31.242
1258, 33.24, 31.276
1259, 33.03, 31.309
1260, 32.92, 31.326
1261, 32.7, 31.359
1262, 32.48, 31.392
1263, 32.27, 31.426
1264, 32.06, 31.459
1265, 31.84, 31.492
1266, 31.63, 31.526
1267, 31.53, 31.542
1268, 31.34, 31.576
1269, 31.18, 31.609
1270, 31.03, 31.642
1271, 30.91, 31.676
1272, 30.79, 31.709
1273, 30.67, 31.742
1274, 30.57, 31.776
1275, 30.47, 31.809
1276, 30.39, 31.842
1277, 30.31, 31.876
1278, 30.24, 31.909
1279, 30.17, 31.942
1280, 30.11, 31.976
1281, 30.07, 32.009
1282, 30.03, 32.042
1283, 29.99, 32.076
1284, 29.96, 32.109
1285, 29.92, 32.142
1286, 29.86, 32.192
1287, 29.82, 32.226
1288, 29.78, 32.259
1289, 29.73, 32.292
1290, 29.69, 32.326
1291, 29.65, 32.359
1292, 29.6, 32.392
1293, 29.55, 32.426
1294, 29.48, 32.459
1295, 29.41, 32.492
1296, 29.34, 32.526
1297, 29.26, 32.559
1298, 29.18, 32.592
1299, 29.12, 32.626
1300, 29.05, 32.659
1301, 28.99, 32.692
1302, 28.93, 32.726
1303, 28.83, 32.776
1304, 28.76, 32.809
1305, 28.69, 32.842
1306, 28.62, 32.876
1307, 28.55, 32.909
1308, 28.48, 32.942
1309, 28.38, 32.992
1310, 28.34, 33.009
1311, 28.27, 33.042
1312, 28.19, 33.076
1313, 28.13, 33.109
1314, 28.07, 33.142
1315, 28, 33.176
1316, 27.93, 33.209
1317, 27.86, 33.242
1318, 27.79, 33.276
1319, 27.71, 33.309
1320, 27.64, 33.342
1321, 27.53, 33.392
1322, 27.47, 33.426
1323, 27.4, 33.459
1324, 27.34, 33.492
1325, 27.27, 33.526
1326, 27.21, 33.559
1327, 27.15, 33.592
1328, 27.05, 33.642
1329, 26.99, 33.676
1330, 26.93, 33.709
1331, 26.86, 33.742
1332, 26.8, 33.776
1333, 26.71, 33.826
1334, 26.65, 33.859
1335, 26.59, 33.892
1336, 26.5, 33.942
1337, 26.5, 33.942
1338, 26.4, 34.009
1339, 26.37, 34.042
1340, 26.37, 34.076
1341, 26.35, 34.109
1342, 26.33, 34.159
1343, 26.31, 34.192
1344, 26.3, 34.226
1345, 26.27, 34.276
1346, 26.25, 34.309
1347, 26.24, 34.342
1348, 26.24, 34.392
1349, 26.26, 34.426
1350, 26.28, 34.459
1351, 26.35, 34.509
1352, 26.42, 34.542
1353, 26.49, 34.576
1354, 26.63, 34.626
1355, 26.73, 34.659
1356, 26.83, 34.692
1357, 27, 34.742
1358, 27.12, 34.776
1359, 27.25, 34.809
1360, 27.44, 34.859
1361, 27.57, 34.892
1362, 27.7, 34.926
1363, 27.88, 34.976
1364, 28.01, 35.009
1365, 28.15, 35.042
1366, 28.29, 35.076
1367, 28.51, 35.126
1368, 28.65, 35.159
1369, 28.79, 35.192
1370, 28.94, 35.226
1371, 29.09, 35.259
1372, 29.24, 35.292
1373, 29.46, 35.342
1374, 29.46, 35.342
1375, 29.73, 35.409
1376, 29.87, 35.442
1377, 30.03, 35.476
1378, 30.18, 35.509
1379, 30.33, 35.542
1380, 30.48, 35.576
1381, 30.63, 35.609
1382, 30.79, 35.642
1383, 30.93, 35.676
1384, 31.09, 35.709
1385, 31.24, 35.742
1386, 31.39, 35.776
1387, 31.53, 35.809
1388, 31.68, 35.842
1389, 31.83, 35.876
1390, 31.97, 35.909
1391, 32.13, 35.942
1392, 32.3, 35.976
1393, 32.45, 36.009
1394, 32.6, 36.042
1395, 32.68, 36.059
1396, 32.84, 36.092
1397, 32.97, 36.126
1398, 33.01, 36.159
1399, 33.07, 36.192
1400, 33.23, 36.226
1401, 33.29, 36.242
1402, 33.41, 36.276
1403, 33.54, 36.309
1404, 33.67, 36.342
1405, 33.83, 36.376
1406, 33.9, 36.392
1407, 34.05, 36.426
1408, 34.18, 36.459
1409, 34.31, 36.492
1410, 34.37, 36.509
1411, 34.51, 36.542
1412, 34.65, 36.576
1413, 34.8, 36.609
1414, 34.87, 36.626
1415, 35.01, 36.659
1416, 35.16, 36.692
1417, 35.31, 36.726
1418, 35.38, 36.742
1419, 35.52, 36.776
1420, 35.66, 36.809
1421, 35.73, 36.826
1422, 35.87, 36.859
1423, 36.01, 36.892
1424, 36.08, 36.909
1425, 36.23, 36.942
1426, 36.37, 36.976
1427, 36.44, 36.992
1428, 36.58, 37.026
1429, 36.71, 37.059
1430, 36.78, 37.076
1431, 36.91, 37.109
1432, 37.04, 37.142
1433, 37.1, 37.159
1434, 37.24, 37.192
1435, 37.3, 37.209
1436, 37.43, 37.242
1437, 37.57, 37.276
1438, 37.63, 37.292
1439, 37.76, 37.326
1440, 37.83, 37.342
1441, 37.96, 37.376
1442, 38.03, 37.392
1443, 38.16, 37.426
1444, 38.29, 37.459
1445, 38.35, 37.476
1446, 38.48, 37.509
1447, 38.55, 37.526
1448, 38.67, 37.559
1449, 38.74, 37.576
1450, 38.86, 37.609
1451, 38.98, 37.642
1452, 39.05, 37.659
1453, 39.17, 37.692
1454, 39.24, 37.709
1455, 39.36, 37.742
1456, 39.42, 37.759
1457, 39.54, 37.792
1458, 39.6, 37.809
1459, 39.72, 37.842
1460, 39.78, 37.859
1461, 39.9, 37.892
1462, 39.96, 37.909
1463, 40.08, 37.942
1464, 40.14, 37.959
1465, 40.25, 37.992
1466, 40.31, 38.009
1467, 40.43, 38.042
1468, 40.49, 38.059
1469, 40.61, 38.092
1470, 40.67, 38.109
1471, 40.78, 38.142
1472, 40.84, 38.159
1473, 40.96, 38.192
1474, 41.02, 38.209
1475, 41.13, 38.242
1476, 41.19, 38.259
1477, 41.24, 38.276
1478, 41.35, 38.309
1479, 41.4, 38.326
1480, 41.51, 38.359
1481, 41.57, 38.376
1482, 41.68, 38.409
1483, 41.73, 38.426
1484, 41.84, 38.459
1485, 41.9, 38.476
1486, 41.93, 38.492
1487, 41.92, 38.526
1488, 42.01, 38.542
1489, 42.11, 38.576
1490, 42.16, 38.592
1491, 42.27, 38.626
1492, 42.32, 38.642
1493, 42.37, 38.659
1494, 42.48, 38.692
1495, 42.53, 38.709
1496, 42.64, 38.742
1497, 42.7, 38.759
1498, 42.8, 38.792
1499, 42.86, 38.809
1500, 42.91, 38.826
1501, 43.02, 38.859
1502, 43.07, 38.876
1503, 43.13, 38.892
1504, 43.23, 38.926
1505, 43.29, 38.942
1506, 43.4, 38.976
1507, 43.45, 38.992
1508, 43.5, 39.009
1509, 43.6, 39.042
1510, 43.66, 39.059
1511, 43.76, 39.092
1512, 43.82, 39.109
1513, 43.87, 39.126
1514, 43.98, 39.159
1515, 44.03, 39.176
1516, 44.08, 39.192
1517, 44.19, 39.226
1518, 44.24, 39.242
1519, 44.29, 39.259
1520, 44.4, 39.292
1521, 44.45, 39.309
1522, 44.5, 39.326
1523, 44.6, 39.359
1524, 44.65, 39.376
1525, 44.76, 39.409
1526, 44.81, 39.426
1527, 44.86, 39.442
1528, 44.96, 39.476
1529, 45.01, 39.492
1530, 45.07, 39.509
1531, 45.16, 39.542
1532, 45.21, 39.559
1533, 45.26, 39.576
1534, 45.32, 39.592
1535, 45.42, 39.626
1536, 45.47, 39.642
1537, 45.52, 39.659
1538, 45.61, 39.692
1539, 45.66, 39.709
1540, 45.71, 39.726
1541, 45.82, 39.759
1542, 45.87, 39.776
1543, 45.92, 39.792
1544, 46.01, 39.826
1545, 46.06, 39.842
1546, 46.11, 39.859
1547, 46.2, 39.892
1548, 46.25, 39.909
1549, 46.3, 39.926
1550, 46.35, 39.942
1551, 46.45, 39.976
1552, 46.5, 39.992
1553, 46.55, 40.009
1554, 46.65, 40.042
1555, 46.7, 40.059
1556, 46.75, 40.076
1557, 46.8, 40.092
1558, 46.89, 40.126
1559, 46.94, 40.142
1560, 46.99, 40.159
1561, 47.08, 40.192
1562, 47.12, 40.209
1563, 47.17, 40.226
1564, 47.22, 40.242
1565, 47.31, 40.276
1566, 47.36, 40.292
1567, 47.41, 40.309
1568, 47.46, 40.326
1569, 47.55, 40.359
1570, 47.6, 40.376
1571, 47.64, 40.392
1572, 47.68, 40.409
1573, 47.77, 40.442
1574, 47.82, 40.459
1575, 47.87, 40.476
1576, 47.92, 40.492
1577, 48.01, 40.526
1578, 48.05, 40.542
1579, 48.1, 40.559
1580, 48.15, 40.576
1581, 48.24, 40.609
1582, 48.29, 40.626
1583, 48.33, 40.642
1584, 48.38, 40.659
1585, 48.47, 40.692
1586, 48.51, 40.709
1587, 48.55, 40.726
1588, 48.6, 40.742
1589, 48.69, 40.776
1590, 48.73, 40.792
1591, 48.77, 40.809
1592, 48.82, 40.826
1593, 48.86, 40.842
1594, 48.95, 40.876
1595, 49, 40.892
1596, 49.04, 40.909
1597, 49.09, 40.926
1598, 49.18, 40.959
1599, 49.22, 40.976
1600, 49.26, 40.992
1601, 49.31, 41.009
1602, 49.35, 41.026
1603, 49.44, 41.059
1604, 49.48, 41.076
1605, 49.53, 41.092
1606, 49.57, 41.109
1607, 49.65, 41.142
1608, 49.7, 41.159
1609, 49.74, 41.176
1610, 49.78, 41.192
1611, 49.82, 41.209
1612, 49.91, 41.242
1613, 49.95, 41.259
1614, 49.99, 41.276
1615, 50.03, 41.292
1616, 50.08, 41.309
1617, 50.16, 41.342
1618, 50.2, 41.359
1619, 50.24, 41.376
1620, 50.28, 41.392
1621, 50.32, 41.409
1622, 50.34, 41.426
1623, 50.36, 41.459
1624, 50.42, 41.476
1625, 50.46, 41.492
1626, 50.48, 41.509
1627, 50.51, 41.526
1628, 50.6, 41.559
1629, 50.64, 41.576
1630, 50.68, 41.592
1631, 50.72, 41.609
1632, 50.76, 41.626
1633, 50.84, 41.659
1634, 50.88, 41.676
1635, 50.92, 41.692
1636, 50.96, 41.709
1637, 51, 41.726
1638, 51.04, 41.742
1639, 51.12, 41.776
1640, 51.16, 41.792
1641, 51.2, 41.809
1642, 51.24, 41.826
1643, 51.28, 41.842
1644, 51.32, 41.859
1645, 51.4, 41.892
1646, 51.44, 41.909
1647, 51.48, 41.926
1648, 51.52, 41.942
1649, 51.56, 41.959
1650, 51.6, 41.976
1651, 51.68, 42.009
1652, 51.72, 42.026
1653, 51.76, 42.042
1654, 51.8, 42.059
1655, 51.84, 42.076
1656, 51.88, 42.092
1657, 51.92, 42.109
1658, 52, 42.142
1659, 52.04, 42.159
1660, 52.08, 42.176
1661, 52.12, 42.192
1662, 52.16, 42.209
1663, 52.19, 42.226
1664, 52.26, 42.259
1665, 52.3, 42.276
1666, 52.34, 42.292
1667, 52.38, 42.309
1668, 52.42, 42.326
1669, 52.46, 42.342
1670, 52.5, 42.359
1671, 52.58, 42.392
1672, 52.62, 42.409
1673, 52.66, 42.426
1674, 52.7, 42.442
1675, 52.74, 42.459
1676, 52.77, 42.476
1677, 52.81, 42.492
1678, 52.88, 42.526
1679, 52.91, 42.542
1680, 52.95, 42.559
1681, 52.99, 42.576
1682, 53.03, 42.592
1683, 53.07, 42.609
1684, 53.11, 42.626
1685, 53.15, 42.642
1686, 53.23, 42.676
1687, 53.26, 42.692
1688, 53.3, 42.709
1689, 53.34, 42.726
1690, 53.38, 42.742
1691, 53.42, 42.759
1692, 53.46, 42.776
1693, 53.5, 42.792
1694, 53.57, 42.826
1695, 53.6, 42.842
1696, 53.64, 42.859
1697, 53.68, 42.876
1698, 53.71, 42.892
1699, 53.75, 42.909
1700, 53.79, 42.926
1701, 53.82, 42.942
1702, 53.9, 42.976
1703, 53.94, 42.992
1704, 53.97, 43.009
1705, 54.01, 43.026
1706, 54.05, 43.042
1707, 54.09, 43.059
1708, 54.12, 43.076
1709, 54.15, 43.092
1710, 54.19, 43.109
1711, 54.26, 43.142
1712, 54.29, 43.159
1713, 54.33, 43.176
1714, 54.36, 43.192
1715, 54.4, 43.209
1716, 54.43, 43.226
1717, 54.47, 43.242
1718, 54.5, 43.259
1719, 54.53, 43.276
1720, 54.57, 43.292
1721, 54.63, 43.326
1722, 54.67, 43.342
1723, 54.7, 43.359
1724, 54.73, 43.376
1725, 54.77, 43.392
1726, 54.8, 43.409
1727, 54.84, 43.426
1728, 54.87, 43.442
1729, 54.9, 43.459
1730, 54.93, 43.476
1731, 55, 43.509
1732, 55.03, 43.526
1733, 55.07, 43.542
1734, 55.1, 43.559
1735, 55.13, 43.576
1736, 55.16, 43.592
1737, 55.2, 43.609
1738, 55.23, 43.626
1739, 55.26, 43.642
1740, 55.29, 43.659
1741, 55.32, 43.676
1742, 55.35, 43.692
1743, 55.42, 43.726
1744, 55.45, 43.742
1745, 55.49, 43.759
1746, 55.52, 43.776
1747, 55.55, 43.792
1748, 55.58, 43.809
1749, 55.61, 43.826
1750, 55.63, 43.842
1751, 55.66, 43.859
1752, 55.68, 43.876
1753, 55.7, 43.892
1754, 55.71, 43.909
1755, 55.73, 43.942
1756, 55.73, 43.959
1757, 55.73, 43.976
1758, 55.72, 43.992
1759, 55.71, 44.009
1760, 55.68, 44.026
1761, 55.66, 44.042
1762, 55.62, 44.059
1763, 55.57, 44.076
1764, 55.52, 44.092
1765, 55.45, 44.109
1766, 55.38, 44.126
1767, 55.29, 44.142
1768, 55.07, 44.176
1769, 54.93, 44.192
1770, 54.78, 44.209
1771, 54.62, 44.226
1772, 54.44, 44.242
1773, 54.26, 44.259
1774, 54.07, 44.276
1775, 53.88, 44.292
1776, 53.68, 44.309
1777, 53.26, 44.342
1778, 53.05, 44.359
1779, 52.84, 44.376
1780, 52.63, 44.392
1781, 52.41, 44.409
1782, 52.2, 44.426
1783, 51.99, 44.442
1784, 51.78, 44.459
1785, 51.33, 44.492
1786, 51.11, 44.509
1787, 50.88, 44.526
1788, 50.66, 44.542
1789, 50.44, 44.559
1790, 50.01, 44.592
1791, 49.81, 44.609
1792, 49.6, 44.626
1793, 49.38, 44.642
1794, 49.17, 44.659
1795, 48.72, 44.692
1796, 48.5, 44.709
1797, 48.28, 44.726
1798, 48.07, 44.742
1799, 47.64, 44.776
1800, 47.42, 44.792
1801, 47.2, 44.809
1802, 46.98, 44.826
1803, 46.54, 44.859
1804, 46.32, 44.876
1805, 46.1, 44.892
1806, 45.66, 44.926
1807, 45.44, 44.942
1808, 45.22, 44.959
1809, 45, 44.976
1810, 44.56, 45.009
1811, 44.34, 45.026
1812, 43.9, 45.059
1813, 43.68, 45.076
1814, 43.46, 45.092
1815, 43.02, 45.126
1816, 42.81, 45.142
1817, 42.59, 45.159
1818, 42.16, 45.192
1819, 41.95, 45.209
1820, 41.51, 45.242
1821, 41.29, 45.259
1822, 40.84, 45.292
1823, 40.62, 45.309
1824, 40.19, 45.342
1825, 39.98, 45.359
1826, 39.56, 45.392
1827, 39.36, 45.409
1828, 38.97, 45.442
1829, 38.78, 45.459
1830, 38.4, 45.492
1831, 38.21, 45.509
1832, 37.82, 45.542
1833, 37.63, 45.559
1834, 37.24, 45.592
1835, 36.86, 45.626
1836, 36.67, 45.642
1837, 36.29, 45.676
1838, 35.93, 45.709
1839, 35.76, 45.726
1840, 35.42, 45.759
1841, 35.1, 45.792
1842, 34.94, 45.809
1843, 34.65, 45.842
1844, 34.37, 45.876
1845, 34.11, 45.909
1846, 33.98, 45.926
1847, 33.75, 45.959
1848, 33.52, 45.992
1849, 33.31, 46.026
1850, 33.21, 46.042
1851, 33.01, 46.076
1852, 32.81, 46.109
1853, 32.6, 46.142
1854, 32.36, 46.176
1855, 32.12, 46.209
1856, 32.01, 46.226
1857, 31.8, 46.259
1858, 31.58, 46.292
1859, 31.37, 46.326
1860, 31.19, 46.359
1861, 31.02, 46.392
1862, 30.85, 46.426
1863, 30.69, 46.459
1864, 30.55, 46.492
1865, 30.4, 46.526
1866, 30.32, 46.542
1867, 30.15, 46.576
1868, 30, 46.609
1869, 29.85, 46.642
1870, 29.69, 46.676
1871, 29.52, 46.709
1872, 29.36, 46.742
1873, 29.2, 46.776
1874, 29.04, 46.809
1875, 28.89, 46.842
1876, 28.76, 46.876
1877, 28.62, 46.909
1878, 28.42, 46.959
1879, 28.3, 46.992
1880, 28.18, 47.026
1881, 28.07, 47.059
1882, 27.96, 47.092
1883, 27.85, 47.126
1884, 27.76, 47.159
1885, 27.69, 47.192
1886, 27.62, 47.226
1887, 27.57, 47.259
1888, 27.51, 47.292
1889, 27.45, 47.326
1890, 27.4, 47.359
1891, 27.34, 47.392
1892, 27.29, 47.426
1893, 27.24, 47.459
1894, 27.16, 47.509
1895, 27.1, 47.542
1896, 27.05, 47.576
1897, 27, 47.609
1898, 26.94, 47.642
1899, 26.88, 47.676
1900, 26.83, 47.709
1901, 26.74, 47.759
1902, 26.68, 47.792
1903, 26.61, 47.826
1904, 26.55, 47.859
1905, 26.49, 47.892
1906, 26.38, 47.942
1907, 26.31, 47.976
1908, 26.24, 48.009
1909, 26.16, 48.042
1910, 26.05, 48.092
1911, 25.97, 48.126
1912, 25.89, 48.159
1913, 25.79, 48.192
1914, 25.69, 48.226
1915, 25.54, 48.276
1916, 25.45, 48.309
1917, 25.35, 48.342
1918, 25.26, 48.376
1919, 25.14, 48.426
1920, 25.05, 48.459
1921, 24.96, 48.492
1922, 24.83, 48.542
1923, 24.74, 48.576
1924, 24.65, 48.609
1925, 24.52, 48.659
1926, 24.43, 48.692
1927, 24.34, 48.726
1928, 24.21, 48.776
1929, 24.13, 48.809
1930, 24, 48.859
1931, 23.92, 48.892
1932, 23.79, 48.942
1933, 23.71, 48.976
1934, 23.59, 49.026
1935, 23.51, 49.059
1936, 23.41, 49.109
1937, 23.35, 49.142
1938, 23.29, 49.192
1939, 23.29, 49.226
1940, 23.29, 49.276
1941, 23.31, 49.309
1942, 23.37, 49.359
1943, 23.42, 49.392
1944, 23.52, 49.442
1945, 23.58, 49.476
1946, 23.68, 49.526
1947, 23.76, 49.559
1948, 23.82, 49.592
1949, 23.93, 49.642
1950, 24, 49.676
1951, 24.1, 49.726
1952, 24.17, 49.759
1953, 24.28, 49.809
1954, 24.35, 49.842
1955, 24.43, 49.892
1956, 24.5, 49.926
1957, 24.59, 49.976
1958, 24.65, 50.009
1959, 24.71, 50.042
1960, 24.79, 50.092
1961, 24.84, 50.126
1962, 24.9, 50.159
1963, 25.01, 50.209
1964, 25.09, 50.242
1965, 25.18, 50.292
1966, 25.24, 50.326
1967, 25.33, 50.359
1968, 25.43, 50.392
1969, 25.58, 50.442
1970, 25.67, 50.476
1971, 25.76, 50.509
1972, 25.87, 50.542
1973, 26.06, 50.592
1974, 26.18, 50.626
1975, 26.3, 50.659
1976, 26.41, 50.692
1977, 26.61, 50.742
1978, 26.74, 50.776
1979, 26.88, 50.809
1980, 27.02, 50.842
1981, 27.14, 50.876
1982, 27.26, 50.909
1983, 27.46, 50.959
1984, 27.59, 50.992
1985, 27.73, 51.026
1986, 27.85, 51.059
1987, 27.98, 51.092
1988, 28.11, 51.126
1989, 28.24, 51.159
1990, 28.37, 51.192
1991, 28.5, 51.226
1992, 28.63, 51.259
1993, 28.76, 51.292
1994, 28.89, 51.326
1995, 29.03, 51.359
1996, 29.16, 51.392
1997, 29.29, 51.426
1998, 29.42, 51.459
1999, 29.55, 51.492
2000, 29.68, 51.526
2001, 29.81, 51.559
2002, 29.93, 51.592
2003, 30.05, 51.626
2004, 30.18, 51.659
2005, 30.3, 51.692
2006, 30.42, 51.726
2007, 30.55, 51.759
2008, 30.69, 51.792
2009, 30.82, 51.826
2010, 30.94, 51.859
2011, 31.05, 51.892
2012, 31.18, 51.926
2013, 31.29, 51.959
2014, 31.41, 51.992
2015, 31.48, 52.009
2016, 31.61, 52.042
2017, 31.76, 52.076
2018, 31.9, 52.109
2019, 32.02, 52.142
2020, 32.13, 52.176
2021, 32.25, 52.209
2022, 32.37, 52.242
2023, 32.49, 52.276
2024, 32.55, 52.292
2025, 32.67, 52.326
2026, 32.78, 52.359
2027, 32.9, 52.392
2028, 33.03, 52.426
2029, 33.15, 52.459
2030, 33.19, 52.476
2031, 33.16, 52.509
2032, 33.31, 52.542
2033, 33.43, 52.576
2034, 33.53, 52.609
2035, 33.58, 52.626
2036, 33.69, 52.659
2037, 33.79, 52.692
2038, 33.91, 52.726
2039, 34.05, 52.759
2040, 34.11, 52.776
2041, 34.22, 52.809
2042, 34.33, 52.842
2043, 34.43, 52.876
2044, 34.49, 52.892
2045, 34.61, 52.926
2046, 34.74, 52.959
2047, 34.85, 52.992
2048, 34.9, 53.009
2049, 35, 53.042
2050, 35.12, 53.076
2051, 35.18, 53.092
2052, 35.29, 53.126
2053, 35.41, 53.159
2054, 35.47, 53.176
2055, 35.59, 53.209
2056, 35.69, 53.242
2057, 35.79, 53.276
2058, 35.85, 53.292
2059, 35.96, 53.326
2060, 36.06, 53.359
2061, 36.12, 53.376
2062, 36.23, 53.409
2063, 36.34, 53.442
2064, 36.39, 53.459
2065, 36.51, 53.492
2066, 36.57, 53.509
2067, 36.68, 53.542
2068, 36.79, 53.576
2069, 36.84, 53.592
2070, 36.95, 53.626
2071, 37.05, 53.659
2072, 37.1, 53.676
2073, 37.2, 53.709
2074, 37.26, 53.726
2075, 37.36, 53.759
2076, 37.46, 53.792
2077, 37.51, 53.809
2078, 37.62, 53.842
2079, 37.67, 53.859
2080, 37.77, 53.892
2081, 37.87, 53.926
2082, 37.92, 53.942
2083, 38.02, 53.976
2084, 38.06, 53.992
2085, 38.17, 54.026
2086, 38.27, 54.059
2087, 38.32, 54.076
2088, 38.41, 54.109
2089, 38.46, 54.126
2090, 38.56, 54.159
2091, 38.61, 54.176
2092, 38.71, 54.209
2093, 38.75, 54.226
2094, 38.85, 54.259
2095, 38.94, 54.292
2096, 38.99, 54.309
2097, 39.09, 54.342
2098, 39.14, 54.359
2099, 39.22, 54.392
2100, 39.27, 54.409
2101, 39.35, 54.442
2102, 39.4, 54.459
2103, 39.49, 54.492
2104, 39.54, 54.509
2105, 39.63, 54.542
2106, 39.67, 54.559
2107, 39.76, 54.592
2108, 39.81, 54.609
2109, 39.89, 54.642
2110, 39.94, 54.659
2111, 40.03, 54.692
2112, 40.07, 54.709
2113, 40.15, 54.742
2114, 40.19, 54.759
2115, 40.29, 54.792
2116, 40.33, 54.809
2117, 40.42, 54.842
2118, 40.46, 54.859
2119, 40.54, 54.892
2120, 40.58, 54.909
2121, 40.67, 54.942
2122, 40.71, 54.959
2123, 40.79, 54.992
2124, 40.83, 55.009
2125, 40.92, 55.042
2126, 40.96, 55.059
2127, 41.04, 55.092
2128, 41.08, 55.109
2129, 41.16, 55.142
2130, 41.2, 55.159
2131, 41.24, 55.176
2132, 41.22, 55.209
2133, 41.22, 55.226
2134, 41.33, 55.259
2135, 41.36, 55.276
2136, 41.42, 55.309
2137, 41.46, 55.326
2138, 41.53, 55.359
2139, 41.57, 55.376
2140, 41.64, 55.409
2141, 41.68, 55.426
2142, 41.72, 55.442
2143, 41.79, 55.476
2144, 41.83, 55.492
2145, 41.91, 55.526
2146, 41.94, 55.542
2147, 42.02, 55.576
2148, 42.06, 55.592
2149, 42.09, 55.609
2150, 42.17, 55.642
2151, 42.2, 55.659
2152, 42.28, 55.692
2153, 42.32, 55.709
2154, 42.39, 55.742
2155, 42.42, 55.759
2156, 42.46, 55.776
2157, 42.53, 55.809
2158, 42.56, 55.826
2159, 42.64, 55.859
2160, 42.67, 55.876
2161, 42.71, 55.892
2162, 42.79, 55.926
2163, 42.82, 55.942
2164, 42.89, 55.976
2165, 42.93, 55.992
2166, 42.97, 56.009
2167, 43.04, 56.042
2168, 43.08, 56.059
2169, 43.15, 56.092
2170, 43.19, 56.109
2171, 43.22, 56.126
2172, 43.29, 56.159
2173, 43.33, 56.176
2174, 43.4, 56.209
2175, 43.43, 56.226
2176, 43.47, 56.242
2177, 43.54, 56.276
2178, 43.57, 56.292
2179, 43.64, 56.326
2180, 43.68, 56.342
2181, 43.71, 56.359
2182, 43.78, 56.392
2183, 43.81, 56.409
2184, 43.85, 56.426
2185, 43.92, 56.459
2186, 43.95, 56.476
2187, 43.98, 56.492
2188, 44.05, 56.526
2189, 44.08, 56.542
2190, 44.15, 56.576
2191, 44.19, 56.592
2192, 44.23, 56.609
2193, 44.3, 56.642
2194, 44.33, 56.659
2195, 44.36, 56.676
2196, 44.42, 56.709
2197, 44.45, 56.726
2198, 44.49, 56.742
2199, 44.55, 56.776
2200, 44.59, 56.792
2201, 44.66, 56.826
2202, 44.69, 56.842
2203, 44.72, 56.859
2204, 44.78, 56.892
2205, 44.82, 56.909
2206, 44.85, 56.926
2207, 44.91, 56.959
2208, 44.94, 56.976
2209, 44.96, 56.992
2210, 45.01, 57.026
2211, 45.04, 57.042
2212, 45.07, 57.059
2213, 45.13, 57.092
2214, 45.15, 57.109
2215, 45.18, 57.126
2216, 45.24, 57.159
2217, 45.28, 57.176
2218, 45.31, 57.192
2219, 45.37, 57.226
2220, 45.4, 57.242
2221, 45.43, 57.259
2222, 45.49, 57.292
2223, 45.52, 57.309
2224, 45.55, 57.326
2225, 45.61, 57.359
2226, 45.63, 57.376
2227, 45.66, 57.392
2228, 45.72, 57.426
2229, 45.75, 57.442
2230, 45.78, 57.459
2231, 45.82, 57.492
2232, 45.85, 57.509
2233, 45.87, 57.526
2234, 45.9, 57.542
2235, 45.96, 57.576
2236, 45.99, 57.592
2237, 46.02, 57.609
2238, 46.07, 57.642
2239, 46.1, 57.659
2240, 46.13, 57.676
2241, 46.19, 57.709
2242, 46.21, 57.726
2243, 46.24, 57.742
2244, 46.32, 57.776
2245, 46.34, 57.792
2246, 46.36, 57.809
2247, 46.4, 57.842
2248, 46.42, 57.859
2249, 46.44, 57.876
2250, 46.46, 57.892
2251, 46.51, 57.926
2252, 46.54, 57.942
2253, 46.56, 57.959
2254, 46.6, 57.992
2255, 46.62, 58.009
2256, 46.64, 58.026
2257, 46.68, 58.059
2258, 46.7, 58.076
2259, 46.71, 58.092
2260, 46.75, 58.126
2261, 46.77, 58.142
2262, 46.78, 58.159
2263, 46.8, 58.176
2264, 46.84, 58.209
2265, 46.85, 58.226
2266, 46.87, 58.242
2267, 46.9, 58.276
2268, 46.91, 58.292
2269, 46.93, 58.309
2270, 46.94, 58.326
2271, 46.96, 58.359
2272, 46.97, 58.376
2273, 46.98, 58.392
2274, 47.01, 58.426
2275, 47.02, 58.442
2276, 47.03, 58.459
2277, 47.04, 58.492
2278, 47.04, 58.509
2279, 47.06, 58.526
2280, 47.08, 58.542
2281, 47.1, 58.576
2282, 47.11, 58.592
2283, 47.12, 58.609
2284, 47.14, 58.642
2285, 47.15, 58.659
2286, 47.15, 58.676
2287, 47.16, 58.692
2288, 47.18, 58.726
2289, 47.19, 58.742
2290, 47.19, 58.759
2291, 47.19, 58.792
2292, 47.2, 58.809
2293, 47.2, 58.826
2294, 47.22, 58.859
2295, 47.23, 58.876
2296, 47.23, 58.892
2297, 47.24, 58.909
2298, 47.25, 58.942
2299, 47.26, 58.959
2300, 47.26, 58.976
2301, 47.27, 59.009
2302, 47.27, 59.026
2303, 47.28, 59.042
2304, 47.27, 59.059
2305, 47.27, 59.092
2306, 47.27, 59.109
2307, 47.28, 59.126
2308, 47.28, 59.159
2309, 47.29, 59.176
2310, 47.29, 59.192
2311, 47.29, 59.209
2312, 47.29, 59.242
2313, 47.29, 59.259
2314, 47.29, 59.276
2315, 47.29, 59.292
2316, 47.3, 59.326
2317, 47.3, 59.342
2318, 47.3, 59.359
2319, 47.3, 59.392
2320, 47.3, 59.409
2321, 47.3, 59.426
2322, 47.3, 59.442
2323, 47.31, 59.476
2324, 47.31, 59.492
2325, 47.31, 59.509
2326, 47.32, 59.542
2327, 47.32, 59.559
2328, 47.33, 59.576
2329, 47.33, 59.592
2330, 47.33, 59.626
2331, 47.33, 59.642
2332, 47.32, 59.659
2333, 47.33, 59.676
2334, 47.34, 59.709
2335, 47.34, 59.726
2336, 47.34, 59.742
2337, 47.34, 59.776
2338, 47.35, 59.792
2339, 47.35, 59.809
2340, 47.36, 59.826
2341, 47.36, 59.859
2342, 47.36, 59.876
2343, 47.37, 59.892
2344, 47.37, 59.909
2345, 47.38, 59.942
2346, 47.38, 59.959
2347, 47.39, 59.976
2348, 47.39, 60.009
2349, 47.4, 60.026
2350, 47.4, 60.042
2351, 47.41, 60.059
2352, 47.41, 60.092
2353, 47.42, 60.109
2354, 47.42, 60.126
2355, 47.43, 60.159
2356, 47.44, 60.176
2357, 47.44, 60.192
2358, 47.45, 60.209
2359, 47.46, 60.242
2360, 47.47, 60.259
2361, 47.48, 60.276
2362, 47.48, 60.292
2363, 47.5, 60.326
2364, 47.51, 60.342
2365, 47.51, 60.359
2366, 47.52, 60.392
2367, 47.53, 60.409
2368, 47.53, 60.426
2369, 47.53, 60.442
2370, 47.55, 60.476
2371, 47.56, 60.492
2372, 47.56, 60.509
2373, 47.57, 60.526
2374, 47.58, 60.559
2375, 47.58, 60.576
2376, 47.59, 60.592
2377, 47.6, 60.626
2378, 47.61, 60.642
2379, 47.62, 60.659
2380, 47.62, 60.676
2381, 47.63, 60.709
2382, 47.64, 60.726
2383, 47.65, 60.742
2384, 47.66, 60.759
2385, 47.69, 60.792
2386, 47.7, 60.809
2387, 47.73, 60.826
2388, 47.76, 60.842
2389, 47.82, 60.876
2390, 47.85, 60.892
2391, 47.86, 60.909
2392, 47.91, 60.942
2393, 47.94, 60.959
2394, 47.96, 60.976
2395, 47.98, 60.992
2396, 48.02, 61.026
2397, 48.04, 61.042
2398, 48.05, 61.059
2399, 48.06, 61.076
2400, 48.1, 61.109
2401, 48.14, 61.126
2402, 48.17, 61.142
2403, 48.2, 61.159
2404, 48.25, 61.192
2405, 48.27, 61.209
2406, 48.29, 61.226
2407, 48.32, 61.242
2408, 48.34, 61.259
2409, 48.38, 61.292
2410, 48.4, 61.309
2411, 48.41, 61.326
2412, 48.43, 61.342
2413, 48.46, 61.376
2414, 48.48, 61.392
2415, 48.5, 61.409
2416, 48.52, 61.426
2417, 48.55, 61.459
2418, 48.56, 61.476
2419, 48.57, 61.492
2420, 48.59, 61.509
2421, 48.61, 61.542
2422, 48.62, 61.559
2423, 48.63, 61.576
2424, 48.63, 61.592
2425, 48.64, 61.609
2426, 48.66, 61.642
2427, 48.67, 61.659
2428, 48.68, 61.676
2429, 48.68, 61.692
2430, 48.71, 61.726
2431, 48.71, 61.742
2432, 48.72, 61.759
2433, 48.73, 61.776
2434, 48.78, 61.809
2435, 48.8, 61.826
2436, 48.81, 61.842
2437, 48.83, 61.859
2438, 48.84, 61.876
2439, 48.84, 61.909
2440, 48.85, 61.926
2441, 48.87, 61.942
2442, 48.91, 61.959
2443, 48.93, 61.992
2444, 48.94, 62.009
2445, 48.95, 62.026
2446, 48.96, 62.042
2447, 48.99, 62.076
2448, 49.01, 62.092
2449, 49.02, 62.109
2450, 49.04, 62.126
2451, 49.06, 62.142
2452, 49.09, 62.176
2453, 49.11, 62.192
2454, 49.12, 62.209
2455, 49.14, 62.226
2456, 49.18, 62.259
2457, 49.2, 62.276
2458, 49.22, 62.292
2459, 49.24, 62.309
2460, 49.26, 62.326
2461, 49.29, 62.359
2462, 49.3, 62.376
2463, 49.32, 62.392
2464, 49.33, 62.409
2465, 49.36, 62.442
2466, 49.38, 62.459
2467, 49.4, 62.476
2468, 49.41, 62.492
2469, 49.43, 62.509
2470, 49.47, 62.542
2471, 49.49, 62.559
2472, 49.51, 62.576
2473, 49.52, 62.592
2474, 49.54, 62.626
2475, 49.56, 62.642
2476, 49.58, 62.659
2477, 49.6, 62.676
2478, 49.61, 62.692
2479, 49.64, 62.726
2480, 49.66, 62.742
2481, 49.68, 62.759
2482, 49.7, 62.776
2483, 49.72, 62.792
2484, 49.75, 62.826
2485, 49.77, 62.842
2486, 49.78, 62.859
2487, 49.8, 62.876
2488, 49.82, 62.892
2489, 49.85, 62.926
2490, 49.87, 62.942
2491, 49.88, 62.959
2492, 49.91, 62.976
2493, 49.93, 62.992
2494, 49.96, 63.026
2495, 49.98, 63.042
2496, 50.01, 63.059
2497, 50.03, 63.076
2498, 50.05, 63.092
2499, 50.08, 63.126
2500, 50.1, 63.142
2501, 50.13, 63.159
2502, 50.16, 63.176
2503, 50.18, 63.192
2504, 50.19, 63.226
2505, 50.15, 63.242
2506, 50.16, 63.259
2507, 50.18, 63.276
2508, 50.18, 63.292
2509, 50.25, 63.326
2510, 50.28, 63.342
2511, 50.31, 63.359
2512, 50.33, 63.376
2513, 50.35, 63.392
2514, 50.39, 63.426
2515, 50.41, 63.442
2516, 50.43, 63.459
2517, 50.45, 63.476
2518, 50.47, 63.492
2519, 50.52, 63.526
2520, 50.54, 63.542
2521, 50.56, 63.559
2522, 50.59, 63.576
2523, 50.62, 63.592
2524, 50.66, 63.626
2525, 50.68, 63.642
2526, 50.69, 63.659
2527, 50.71, 63.676
2528, 50.74, 63.692
2529, 50.77, 63.709
2530, 50.83, 63.742
2531, 50.85, 63.759
2532, 50.87, 63.776
2533, 50.9, 63.792
2534, 50.92, 63.809
2535, 50.97, 63.842
2536, 50.99, 63.859
2537, 51.01, 63.876
2538, 51.04, 63.892
2539, 51.06, 63.909
2540, 51.08, 63.926
2541, 51.13, 63.959
2542, 51.16, 63.976
2543, 51.18, 63.992
2544, 51.21, 64.009
2545, 51.23, 64.026
2546, 51.24, 64.042
2547, 51.29, 64.076
2548, 51.32, 64.092
2549, 51.34, 64.109
2550, 51.37, 64.126
2551, 51.39, 64.142
2552, 51.44, 64.176
2553, 51.46, 64.192
2554, 51.49, 64.209
2555, 51.51, 64.226
2556, 51.53, 64.242
2557, 51.56, 64.259
2558, 51.61, 64.292
2559, 51.64, 64.309
2560, 51.66, 64.326
2561, 51.68, 64.342
2562, 51.71, 64.359
2563, 51.73, 64.376
2564, 51.75, 64.392
2565, 51.8, 64.426
2566, 51.83, 64.442
2567, 51.85, 64.459
2568, 51.88, 64.476
2569, 51.9, 64.492
2570, 51.93, 64.509
2571, 51.98, 64.542
2572, 52, 64.559
2573, 52.03, 64.576
2574, 52.05, 64.592
2575, 52.07, 64.609
2576, 52.1, 64.626
2577, 52.15, 64.659
2578, 52.17, 64.676
2579, 52.2, 64.692
2580, 52.22, 64.709
2581, 52.25, 64.726
2582, 52.27, 64.742
2583, 52.29, 64.759
2584, 52.34, 64.792
2585, 52.37, 64.809
2586, 52.39, 64.826
2587, 52.42, 64.842
2588, 52.44, 64.859
2589, 52.46, 64.876
2590, 52.49, 64.892
2591, 52.53, 64.926
2592, 52.56, 64.942
2593, 52.58, 64.959
2594, 52.6, 64.976
2595, 52.63, 64.992
2596, 52.66, 65.009
2597, 52.68, 65.026
2598, 52.72, 65.059
2599, 52.75, 65.076
2600, 52.77, 65.092
2601, 52.8, 65.109
2602, 52.82, 65.126
2603, 52.85, 65.142
2604, 52.87, 65.159
2605, 52.92, 65.192
2606, 52.95, 65.209
2607, 52.97, 65.226
2608, 53, 65.242
2609, 53.02, 65.259
2610, 53.04, 65.276
2611, 53.07, 65.292
2612, 53.09, 65.309
2613, 53.14, 65.342
2614, 53.16, 65.359
2615, 53.19, 65.376
2616, 53.21, 65.392
2617, 53.24, 65.409
2618, 53.26, 65.426
2619, 53.28, 65.442
2620, 53.31, 65.459
2621, 53.36, 65.492
2622, 53.38, 65.509
2623, 53.4, 65.526
2624, 53.43, 65.542
2625, 53.45, 65.559
2626, 53.47, 65.576
2627, 53.5, 65.592
2628, 53.52, 65.609
2629, 53.57, 65.642
2630, 53.59, 65.659
2631, 53.62, 65.676
2632, 53.64, 65.692
2633, 53.67, 65.709
2634, 53.69, 65.726
2635, 53.71, 65.742
2636, 53.73, 65.759
2637, 53.78, 65.792
2638, 53.8, 65.809
2639, 53.83, 65.826
2640, 53.85, 65.842
2641, 53.87, 65.859
2642, 53.89, 65.876
2643, 53.91, 65.892
2644, 53.94, 65.909
2645, 53.96, 65.926
2646, 54.01, 65.959
2647, 54.04, 65.976
2648, 54.06, 65.992
2649, 54.08, 66.009
2650, 54.1, 66.026
2651, 54.12, 66.042
2652, 54.14, 66.059
2653, 54.16, 66.076
2654, 54.19, 66.092
2655, 54.23, 66.126
2656, 54.26, 66.142
2657, 54.28, 66.159
2658, 54.3, 66.176
2659, 54.33, 66.192
2660, 54.35, 66.209
2661, 54.37, 66.226
2662, 54.4, 66.242
2663, 54.42, 66.259
2664, 54.46, 66.292
2665, 54.48, 66.309
2666, 54.51, 66.326
2667, 54.53, 66.342
2668, 54.55, 66.359
2669, 54.57, 66.376
2670, 54.6, 66.392
2671, 54.62, 66.409
2672, 54.64, 66.426
2673, 54.66, 66.442
2674, 54.71, 66.476
2675, 54.73, 66.492
2676, 54.75, 66.509
2677, 54.77, 66.526
2678, 54.8, 66.542
2679, 54.82, 66.559
2680, 54.84, 66.576
2681, 54.86, 66.592
2682, 54.88, 66.609
2683, 54.9, 66.626
2684, 54.92, 66.642
2685, 54.97, 66.676
2686, 54.99, 66.692
2687, 55.01, 66.709
2688, 55.03, 66.726
2689, 55.05, 66.742
2690, 55.07, 66.759
2691, 55.09, 66.776
2692, 55.12, 66.792
2693, 55.14, 66.809
2694, 55.16, 66.826
2695, 55.18, 66.842
2696, 55.23, 66.876
2697, 55.25, 66.892
2698, 55.27, 66.909
2699, 55.29, 66.926
2700, 55.31, 66.942
2701, 55.33, 66.959
2702, 55.36, 66.976
2703, 55.38, 66.992
2704, 55.4, 67.009
2705, 55.42, 67.026
2706, 55.44, 67.042
2707, 55.46, 67.059
2708, 55.5, 67.092
2709, 55.52, 67.109
2710, 55.54, 67.126
2711, 55.56, 67.142
2712, 55.58, 67.159
2713, 55.6, 67.176
2714, 55.62, 67.192
2715, 55.64, 67.209
2716, 55.66, 67.226
2717, 55.69, 67.242
2718, 55.71, 67.259
2719, 55.73, 67.276
2720, 55.75, 67.309
2721, 55.76, 67.326
2722, 55.76, 67.342
2723, 55.76, 67.359
2724, 55.75, 67.376
2725, 55.74, 67.392
2726, 55.72, 67.409
2727, 55.69, 67.426
2728, 55.66, 67.442
2729, 55.61, 67.459
2730, 55.56, 67.476
2731, 55.5, 67.492
2732, 55.43, 67.509
2733, 55.26, 67.542
2734, 55.15, 67.559
2735, 55.03, 67.576
2736, 54.88, 67.592
2737, 54.72, 67.609
2738, 54.54, 67.626
2739, 54.36, 67.642
2740, 54.15, 67.659
2741, 53.93, 67.676
2742, 53.72, 67.692
2743, 53.28, 67.726
2744, 53.06, 67.742
2745, 52.84, 67.759
2746, 52.62, 67.776
2747, 52.39, 67.792
2748, 52.17, 67.809
2749, 51.94, 67.826
2750, 51.53, 67.859
2751, 51.32, 67.876
2752, 51.12, 67.892
2753, 50.93, 67.909
2754, 50.73, 67.926
2755, 50.52, 67.942
2756, 50.08, 67.976
2757, 49.87, 67.992
2758, 49.65, 68.009
2759, 49.43, 68.026
2760, 49.2, 68.042
2761, 48.73, 68.076
2762, 48.5, 68.092
2763, 48.28, 68.109
2764, 48.05, 68.126
2765, 47.62, 68.159
2766, 47.4, 68.176
2767, 47.19, 68.192
2768, 46.98, 68.209
2769, 46.6, 68.242
2770, 46.4, 68.259
2771, 46.2, 68.276
2772, 45.79, 68.309
2773, 45.59, 68.326
2774, 45.39, 68.342
2775, 45.19, 68.359
2776, 44.8, 68.392
2777, 44.59, 68.409
2778, 44.39, 68.426
2779, 44, 68.459
2780, 43.81, 68.476
2781, 43.44, 68.509
2782, 43.25, 68.526
2783, 43.07, 68.542
2784, 42.73, 68.576
2785, 42.54, 68.592
2786, 42.18, 68.626
2787, 42.01, 68.642
2788, 41.83, 68.659
2789, 41.49, 68.692
2790, 41.32, 68.709
2791, 40.98, 68.742
2792, 40.81, 68.759
2793, 40.46, 68.792
2794, 40.29, 68.809
2795, 39.93, 68.842
2796, 39.76, 68.859
2797, 39.37, 68.892
2798, 39.19, 68.909
2799, 38.83, 68.942
2800, 38.65, 68.959
2801, 38.3, 68.992
2802, 38.12, 69.009
2803, 37.8, 69.042
2804, 37.5, 69.076
2805, 37.37, 69.092
2806, 37.13, 69.126
2807, 37.01, 69.142
2808, 36.8, 69.176
2809, 36.62, 69.209
2810, 36.55, 69.226
2811, 36.4, 69.259
2812, 36.28, 69.292
2813, 36.23, 69.309
2814, 36.15, 69.342
2815, 36.07, 69.376
2816, 36.04, 69.392
2817, 35.99, 69.426
2818, 35.94, 69.459
2819, 35.92, 69.476
2820, 35.87, 69.509
2821, 35.83, 69.542
2822, 35.81, 69.559
2823, 35.77, 69.592
2824, 35.73, 69.626
2825, 35.71, 69.642
2826, 35.66, 69.676
2827, 35.6, 69.709
2828, 35.54, 69.742
2829, 35.52, 69.759
2830, 35.46, 69.792
2831, 35.4, 69.826
2832, 35.37, 69.842
2833, 35.32, 69.876
2834, 35.26, 69.909
2835, 35.24, 69.926
2836, 35.18, 69.959
2837, 35.12, 69.992
2838, 35.06, 70.026
2839, 35.03, 70.042
2840, 34.96, 70.076
2841, 34.89, 70.109
2842, 34.86, 70.126
2843, 34.79, 70.159
2844, 34.72, 70.192
2845, 34.69, 70.209
2846, 34.61, 70.242
2847, 34.54, 70.276
2848, 34.51, 70.292
2849, 34.44, 70.326
2850, 34.36, 70.359
2851, 34.28, 70.392
2852, 34.24, 70.409
2853, 34.17, 70.442
2854, 34.08, 70.476
2855, 33.99, 70.509
2856, 33.96, 70.526
2857, 33.87, 70.559
2858, 33.79, 70.592
2859, 33.73, 70.626
2860, 33.7, 70.642
2861, 33.64, 70.676
2862, 33.57, 70.709
2863, 33.44, 70.742
2864, 33.38, 70.759
2865, 33.26, 70.792
2866, 33.16, 70.826
2867, 33.07, 70.859
2868, 33.03, 70.876
2869, 32.95, 70.909
2870, 32.85, 70.942
2871, 32.76, 70.976
2872, 32.65, 71.009
2873, 32.6, 71.026
2874, 32.51, 71.059
2875, 32.42, 71.092
2876, 32.34, 71.126
2877, 32.25, 71.159
2878, 32.17, 71.192
2879, 32.09, 71.226
2880, 32.06, 71.242
2881, 32.03, 71.276
2882, 32.02, 71.309
2883, 31.99, 71.342
2884, 31.96, 71.376
2885, 31.94, 71.409
2886, 31.93, 71.442
2887, 31.93, 71.476
2888, 31.95, 71.509
2889, 31.98, 71.542
2890, 32.01, 71.576
2891, 32.02, 71.609
2892, 32.04, 71.626
2893, 32.08, 71.659
2894, 32.14, 71.692
2895, 32.21, 71.726
2896, 32.27, 71.759
2897, 32.32, 71.792
2898, 32.28, 71.826
2899, 32.38, 71.859
2900, 32.44, 71.892
2901, 32.51, 71.926
2902, 32.55, 71.942
2903, 32.62, 71.976
2904, 32.71, 72.009
2905, 32.8, 72.042
2906, 32.9, 72.076
2907, 32.99, 72.109
2908, 33.09, 72.142
2909, 33.14, 72.159
2910, 33.24, 72.192
2911, 33.35, 72.226
2912, 33.46, 72.259
2913, 33.57, 72.292
2914, 33.68, 72.326
2915, 33.74, 72.342
2916, 33.85, 72.376
2917, 33.95, 72.409
2918, 34.06, 72.442
2919, 34.11, 72.459
2920, 34.22, 72.492
2921, 34.33, 72.526
2922, 34.45, 72.559
2923, 34.57, 72.592
2924, 34.62, 72.609
2925, 34.73, 72.642
2926, 34.84, 72.676
2927, 34.97, 72.709
2928, 35.03, 72.726
2929, 35.14, 72.759
2930, 35.24, 72.792
2931, 35.35, 72.826
2932, 35.41, 72.842
2933, 35.51, 72.876
2934, 35.63, 72.909
2935, 35.69, 72.926
2936, 35.8, 72.959
2937, 35.91, 72.992
2938, 35.96, 73.009
2939, 36.07, 73.042
2940, 36.18, 73.076
2941, 36.23, 73.092
2942, 36.34, 73.126
2943, 36.44, 73.159
2944, 36.49, 73.176
2945, 36.6, 73.209
2946, 36.72, 73.242
2947, 36.78, 73.259
2948, 36.9, 73.292
2949, 37, 73.326
2950, 37.05, 73.342
2951, 37.17, 73.376
2952, 37.29, 73.409
2953, 37.35, 73.426
2954, 37.46, 73.459
2955, 37.52, 73.476
2956, 37.63, 73.509
2957, 37.75, 73.542
2958, 37.81, 73.559
2959, 37.92, 73.592
2960, 37.98, 73.609
2961, 38.1, 73.642
2962, 38.21, 73.676
2963, 38.27, 73.692
2964, 38.38, 73.726
2965, 38.43, 73.742
2966, 38.53, 73.776
2967, 38.58, 73.792
2968, 38.69, 73.826
2969, 38.8, 73.859
2970, 38.86, 73.876
2971, 38.95, 73.909
2972, 39, 73.926
2973, 39.08, 73.959
2974, 39.12, 73.976
2975, 39.18, 74.009
2976, 39.2, 74.026
2977, 39.24, 74.059
2978, 39.25, 74.076
2979, 39.26, 74.109
2980, 39.26, 74.126
2981, 39.18, 74.159
2982, 39.11, 74.176
2983, 38.93, 74.209
2984, 38.73, 74.242
2985, 38.6, 74.259
2986, 38.34, 74.292
2987, 38.22, 74.309
2988, 37.98, 74.342
2989, 37.84, 74.359
2990, 37.58, 74.392
2991, 37.33, 74.426
2992, 37.2, 74.442
2993, 36.97, 74.476
2994, 36.78, 74.509
2995, 36.69, 74.526
2996, 36.54, 74.559
2997, 36.47, 74.576
2998, 36.34, 74.609
2999, 36.24, 74.642
3000, 36.19, 74.659
3001, 36.12, 74.692
3002, 36.08, 74.726
3003, 36.04, 74.759
3004, 36.02, 74.776
3005, 35.98, 74.809
3006, 35.94, 74.842
3007, 35.92, 74.859
3008, 35.87, 74.892
3009, 35.83, 74.926
3010, 35.8, 74.942
3011, 35.75, 74.976
3012, 35.69, 75.009
3013, 35.66, 75.026
3014, 35.58, 75.059
3015, 35.5, 75.092
3016, 35.46, 75.109
3017, 35.37, 75.142
3018, 35.29, 75.176
3019, 35.2, 75.209
3020, 35.16, 75.226
3021, 35.07, 75.259
3022, 34.98, 75.292
3023, 34.89, 75.326
3024, 34.84, 75.342
3025, 34.74, 75.376
3026, 34.63, 75.409
3027, 34.52, 75.442
3028, 34.46, 75.459
3029, 34.35, 75.492
3030, 34.25, 75.526
3031, 34.16, 75.559
3032, 34.12, 75.576
3033, 34.04, 75.609
3034, 33.97, 75.642
3035, 33.9, 75.676
3036, 33.83, 75.709
3037, 33.8, 75.726
3038, 33.72, 75.759
3039, 33.65, 75.792
3040, 33.58, 75.826
3041, 33.51, 75.859
3042, 33.48, 75.876
3043, 33.43, 75.909
3044, 33.38, 75.942
3045, 33.33, 75.976
3046, 33.28, 76.009
3047, 33.23, 76.042
3048, 33.21, 76.059
3049, 33.15, 76.092
3050, 33.06, 76.126
3051, 33, 76.159
3052, 32.93, 76.192
3053, 32.87, 76.226
3054, 32.84, 76.242
3055, 32.77, 76.276
3056, 32.71, 76.309
3057, 32.65, 76.342
3058, 32.6, 76.376
3059, 32.57, 76.392
3060, 32.51, 76.426
3061, 32.46, 76.459
3062, 32.4, 76.492
3063, 32.34, 76.526
3064, 32.29, 76.559
3065, 32.26, 76.592
3066, 32.24, 76.609
3067, 32.19, 76.642
3068, 32.17, 76.676
3069, 32.14, 76.709
3070, 32.11, 76.742
3071, 32.09, 76.776
3072, 32.08, 76.809
3073, 32.07, 76.842
3074, 32.08, 76.859
3075, 32.1, 76.892
3076, 32.14, 76.926
3077, 32.19, 76.959
3078, 32.26, 76.992
3079, 32.34, 77.026
3080, 32.42, 77.059
3081, 32.51, 77.092
3082, 32.56, 77.109
3083, 32.67, 77.142
3084, 32.77, 77.176
3085, 32.87, 77.209
3086, 32.97, 77.242
3087, 33.08, 77.276
3088, 33.14, 77.292
3089, 33.24, 77.326
3090, 33.36, 77.359
3091, 33.48, 77.392
3092, 33.54, 77.409
3093, 33.65, 77.442
3094, 33.75, 77.476
3095, 33.87, 77.509
3096, 33.94, 77.526
3097, 34.06, 77.559
3098, 34.17, 77.592
3099, 34.27, 77.626
3100, 34.32, 77.642
3101, 34.42, 77.676
3102, 34.53, 77.709
3103, 34.63, 77.742
3104, 34.68, 77.759
3105, 34.79, 77.792
3106, 34.89, 77.826
3107, 34.99, 77.859
3108, 35.05, 77.876
3109, 35.16, 77.909
3110, 35.26, 77.942
3111, 35.31, 77.959
3112, 35.42, 77.992
3113, 35.52, 78.026
3114, 35.63, 78.059
3115, 35.68, 78.076
3116, 35.79, 78.109
3117, 35.91, 78.142
3118, 35.97, 78.159
3119, 36.08, 78.192
3120, 36.19, 78.226
3121, 36.25, 78.242
3122, 36.36, 78.276
3123, 36.47, 78.309
3124, 36.52, 78.326
3125, 36.63, 78.359
3126, 36.74, 78.392
3127, 36.79, 78.409
3128, 36.9, 78.442
3129, 37.01, 78.476
3130, 37.06, 78.492
3131, 37.18, 78.526
3132, 37.28, 78.559
3133, 37.34, 78.576
3134, 37.45, 78.609
3135, 37.51, 78.626
3136, 37.64, 78.659
3137, 37.76, 78.692
3138, 37.82, 78.709
3139, 37.92, 78.742
3140, 37.97, 78.759
3141, 38.07, 78.792
3142, 38.18, 78.826
3143, 38.22, 78.842
3144, 38.32, 78.876
3145, 38.39, 78.892
3146, 38.55, 78.926
3147, 38.62, 78.942
3148, 38.73, 78.976
3149, 38.84, 79.009
3150, 38.89, 79.026
3151, 39.01, 79.059
3152, 39.07, 79.076
3153, 39.19, 79.109
3154, 39.24, 79.126
3155, 39.35, 79.159
3156, 39.41, 79.176
3157, 39.54, 79.209
3158, 39.61, 79.226
3159, 39.74, 79.259
3160, 39.83, 79.292
3161, 39.88, 79.309
3162, 39.99, 79.342
3163, 40.04, 79.359
3164, 40.14, 79.392
3165, 40.19, 79.409
3166, 40.28, 79.442
3167, 40.34, 79.459
3168, 40.46, 79.492
3169, 40.52, 79.509
3170, 40.64, 79.542
3171, 40.7, 79.559
3172, 40.81, 79.592
3173, 40.86, 79.609
3174, 40.98, 79.642
3175, 41.04, 79.659
3176, 41.1, 79.676
3177, 41.21, 79.709
3178, 41.26, 79.726
3179, 41.37, 79.759
3180, 41.43, 79.776
3181, 41.54, 79.809
3182, 41.6, 79.826
3183, 41.71, 79.859
3184, 41.74, 79.876
3185, 41.75, 79.909
3186, 41.84, 79.926
3187, 41.89, 79.942
3188, 41.99, 79.976
3189, 42.05, 79.992
3190, 42.16, 80.026
3191, 42.21, 80.042
3192, 42.31, 80.076
3193, 42.36, 80.092
3194, 42.42, 80.109
3195, 42.55, 80.142
3196, 42.6, 80.159
3197, 42.72, 80.192
3198, 42.77, 80.209
3199, 42.88, 80.242
3200, 42.94, 80.259
3201, 43, 80.276
3202, 43.12, 80.309
3203, 43.17, 80.326
3204, 43.28, 80.359
3205, 43.34, 80.376
3206, 43.4, 80.392
3207, 43.5, 80.426
3208, 43.55, 80.442
3209, 43.6, 80.459
3210, 43.71, 80.492
3211, 43.76, 80.509
3212, 43.87, 80.542
3213, 43.92, 80.559
3214, 43.97, 80.576
3215, 44.07, 80.609
3216, 44.13, 80.626
3217, 44.18, 80.642
3218, 44.29, 80.676
3219, 44.35, 80.692
3220, 44.45, 80.726
3221, 44.51, 80.742
3222, 44.56, 80.759
3223, 44.66, 80.792
3224, 44.72, 80.809
3225, 44.77, 80.826
3226, 44.87, 80.859
3227, 44.92, 80.876
3228, 44.97, 80.892
3229, 45.07, 80.926
3230, 45.12, 80.942
3231, 45.17, 80.959
3232, 45.28, 80.992
3233, 45.33, 81.009
3234, 45.38, 81.026
3235, 45.48, 81.059
3236, 45.53, 81.076
3237, 45.58, 81.092
3238, 45.67, 81.126
3239, 45.72, 81.142
3240, 45.77, 81.159
3241, 45.82, 81.176
3242, 45.92, 81.209
3243, 45.97, 81.226
3244, 46.02, 81.242
3245, 46.11, 81.276
3246, 46.16, 81.292
3247, 46.2, 81.309
3248, 46.29, 81.342
3249, 46.34, 81.359
3250, 46.39, 81.376
3251, 46.49, 81.409
3252, 46.54, 81.426
3253, 46.59, 81.442
3254, 46.63, 81.459
3255, 46.73, 81.492
3256, 46.78, 81.509
3257, 46.82, 81.526
3258, 46.91, 81.559
3259, 46.95, 81.576
3260, 46.99, 81.592
3261, 47.04, 81.609
3262, 47.13, 81.642
3263, 47.18, 81.659
3264, 47.23, 81.676
3265, 47.28, 81.692
3266, 47.37, 81.726
3267, 47.41, 81.742
3268, 47.46, 81.759
3269, 47.55, 81.792
3270, 47.6, 81.809
3271, 47.64, 81.826
3272, 47.69, 81.842
3273, 47.77, 81.876
3274, 47.81, 81.892
3275, 47.86, 81.909
3276, 47.9, 81.926
3277, 47.99, 81.959
3278, 48.03, 81.976
3279, 48.08, 81.992
3280, 48.12, 82.009
3281, 48.21, 82.042
3282, 48.26, 82.059
3283, 48.3, 82.076
3284, 48.34, 82.092
3285, 48.43, 82.126
3286, 48.47, 82.142
3287, 48.51, 82.159
3288, 48.55, 82.176
3289, 48.64, 82.209
3290, 48.68, 82.226
3291, 48.72, 82.242
3292, 48.76, 82.259
3293, 48.81, 82.276
3294, 48.89, 82.309
3295, 48.93, 82.326
3296, 48.97, 82.342
3297, 49.01, 82.359
3298, 49.09, 82.392
3299, 49.13, 82.409
3300, 49.17, 82.426
3301, 49.22, 82.442
3302, 49.26, 82.459
3303, 49.34, 82.492
3304, 49.38, 82.509
3305, 49.42, 82.526
3306, 49.46, 82.542
3307, 49.55, 82.576
3308, 49.59, 82.592
3309, 49.63, 82.609
3310, 49.67, 82.626
3311, 49.71, 82.642
3312, 49.79, 82.676
3313, 49.82, 82.692
3314, 49.86, 82.709
3315, 49.9, 82.726
3316, 49.94, 82.742
3317, 50.01, 82.776
3318, 50.05, 82.792
3319, 50.09, 82.809
3320, 50.12, 82.826
3321, 50.16, 82.842
3322, 50.16, 82.876
3323, 50.2, 82.892
3324, 50.25, 82.909
3325, 50.28, 82.926
3326, 50.3, 82.942
3327, 50.38, 82.976
3328, 50.42, 82.992
3329, 50.46, 83.009
3330, 50.5, 83.026
3331, 50.53, 83.042
3332, 50.6, 83.076
3333, 50.64, 83.092
3334, 50.68, 83.109
3335, 50.71, 83.126
3336, 50.75, 83.142
3337, 50.79, 83.159
3338, 50.86, 83.192
3339, 50.89, 83.209
3340, 50.93, 83.226
3341, 50.97, 83.242
3342, 51.01, 83.259
3343, 51.08, 83.292
3344, 51.11, 83.309
3345, 51.15, 83.326
3346, 51.18, 83.342
3347, 51.21, 83.359
3348, 51.24, 83.376
3349, 51.31, 83.409
3350, 51.35, 83.426
3351, 51.39, 83.442
3352, 51.43, 83.459
3353, 51.46, 83.476
3354, 51.49, 83.492
3355, 51.56, 83.526
3356, 51.59, 83.542
3357, 51.63, 83.559
3358, 51.66, 83.576
3359, 51.7, 83.592
3360, 51.73, 83.609
3361, 51.81, 83.642
3362, 51.85, 83.659
3363, 51.88, 83.676
3364, 51.91, 83.692
3365, 51.95, 83.709
3366, 51.98, 83.726
3367, 52.02, 83.742
3368, 52.09, 83.776
3369, 52.12, 83.792
3370, 52.15, 83.809
3371, 52.19, 83.826
3372, 52.22, 83.842
3373, 52.26, 83.859
3374, 52.32, 83.892
3375, 52.35, 83.909
3376, 52.39, 83.926
3377, 52.42, 83.942
3378, 52.46, 83.959
3379, 52.49, 83.976
3380, 52.53, 83.992
3381, 52.59, 84.026
3382, 52.63, 84.042
3383, 52.66, 84.059
3384, 52.7, 84.076
3385, 52.73, 84.092
3386, 52.76, 84.109
3387, 52.8, 84.126
3388, 52.86, 84.159
3389, 52.89, 84.176
3390, 52.92, 84.192
3391, 52.95, 84.209
3392, 52.98, 84.226
3393, 53.01, 84.242
3394, 53.04, 84.259
3395, 53.08, 84.276
3396, 53.15, 84.309
3397, 53.18, 84.326
3398, 53.21, 84.342
3399, 53.24, 84.359
3400, 53.27, 84.376
3401, 53.3, 84.392
3402, 53.33, 84.409
3403, 53.39, 84.442
3404, 53.42, 84.459
3405, 53.46, 84.476
3406, 53.49, 84.492
3407, 53.52, 84.509
3408, 53.55, 84.526
3409, 53.58, 84.542
3410, 53.61, 84.559
3411, 53.64, 84.576
3412, 53.7, 84.609
3413, 53.73, 84.626
3414, 53.77, 84.642
3415, 53.79, 84.659
3416, 53.81, 84.676
3417, 53.84, 84.692
3418, 53.86, 84.709
3419, 53.89, 84.726
3420, 53.95, 84.759
3421, 53.99, 84.776
3422, 54.02, 84.792
3423, 54.05, 84.809
3424, 54.07, 84.826
3425, 54.1, 84.842
3426, 54.13, 84.859
3427, 54.16, 84.876
3428, 54.19, 84.892
3429, 54.24, 84.926
3430, 54.27, 84.942
3431, 54.29, 84.959
3432, 54.32, 84.976
3433, 54.35, 84.992
3434, 54.37, 85.009
3435, 54.4, 85.026
3436, 54.43, 85.042
3437, 54.46, 85.059
3438, 54.51, 85.092
3439, 54.53, 85.109
3440, 54.56, 85.126
3441, 54.59, 85.142
3442, 54.61, 85.159
3443, 54.63, 85.176
3444, 54.66, 85.192
3445, 54.68, 85.209
3446, 54.7, 85.226
3447, 54.73, 85.242
3448, 54.78, 85.276
3449, 54.8, 85.292
3450, 54.83, 85.309
3451, 54.85, 85.326
3452, 54.87, 85.342
3453, 54.9, 85.359
3454, 54.92, 85.376
3455, 54.95, 85.392
3456, 54.97, 85.409
3457, 55, 85.426
3458, 55.04, 85.459
3459, 55.07, 85.476
3460, 55.09, 85.492
3461, 55.11, 85.509
3462, 55.14, 85.526
3463, 55.16, 85.542
3464, 55.18, 85.559
3465, 55.21, 85.576
3466, 55.23, 85.592
3467, 55.25, 85.609
3468, 55.27, 85.626
3469, 55.31, 85.659
3470, 55.34, 85.676
3471, 55.36, 85.692
3472, 55.38, 85.709
3473, 55.4, 85.726
3474, 55.42, 85.742
3475, 55.44, 85.759
3476, 55.46, 85.776
3477, 55.48, 85.792
3478, 55.49, 85.809
3479, 55.51, 85.826
3480, 55.56, 85.859
3481, 55.59, 85.876
3482, 55.61, 85.892
3483, 55.62, 85.909
3484, 55.64, 85.926
3485, 55.65, 85.942
3486, 55.66, 85.959
3487, 55.68, 85.976
3488, 55.7, 85.992
3489, 55.72, 86.009
3490, 55.74, 86.026
3491, 55.77, 86.042
3492, 55.8, 86.076
3493, 55.81, 86.092
3494, 55.83, 86.109
3495, 55.84, 86.126
3496, 55.86, 86.142
3497, 55.88, 86.159
3498, 55.9, 86.176
3499, 55.92, 86.192
3500, 55.94, 86.209
3501, 55.96, 86.226
3502, 55.97, 86.242
3503, 55.99, 86.259
3504, 56, 86.276
3505, 56.04, 86.309
3506, 56.06, 86.326
3507, 56.07, 86.342
3508, 56.09, 86.359
3509, 56.11, 86.376
3510, 56.12, 86.392
3511, 56.14, 86.409
3512, 56.16, 86.426
3513, 56.18, 86.442
3514, 56.2, 86.459
3515, 56.21, 86.476
3516, 56.23, 86.492
3517, 56.25, 86.509
3518, 56.27, 86.526
3519, 56.29, 86.542
3520, 56.3, 86.559
3521, 56.34, 86.592
3522, 56.35, 86.609
3523, 56.37, 86.626
3524, 56.39, 86.642
3525, 56.4, 86.659
3526, 56.42, 86.676
3527, 56.44, 86.692
3528, 56.46, 86.709
3529, 56.48, 86.726
3530, 56.49, 86.742
3531, 56.51, 86.759
3532, 56.53, 86.776
3533, 56.55, 86.792
3534, 56.56, 86.809
3535, 56.58, 86.826
3536, 56.6, 86.842
3537, 56.63, 86.876
3538, 56.65, 86.892
3539, 56.66, 86.909
3540, 56.68, 86.926
3541, 56.69, 86.942
3542, 56.71, 86.959
3543, 56.73, 86.976
3544, 56.74, 86.992
3545, 56.76, 87.009
3546, 56.77, 87.026
3547, 56.79, 87.042
3548, 56.8, 87.059
3549, 56.82, 87.076
3550, 56.84, 87.092
3551, 56.85, 87.109
3552, 56.87, 87.126
3553, 56.88, 87.142
3554, 56.9, 87.159
3555, 56.91, 87.176
3556, 56.94, 87.209
3557, 56.96, 87.226
3558, 56.98, 87.242
3559, 57, 87.259
3560, 57.01, 87.276
3561, 57.03, 87.292
3562, 57.04, 87.309
3563, 57.06, 87.326
3564, 57.08, 87.342
3565, 57.1, 87.359
3566, 57.11, 87.376
3567, 57.13, 87.392
3568, 57.15, 87.409
3569, 57.17, 87.426
3570, 57.18, 87.442
3571, 57.2, 87.459
3572, 57.22, 87.476
3573, 57.23, 87.492
3574, 57.25, 87.509
3575, 57.27, 87.526
3576, 57.29, 87.542
3577, 57.31, 87.559
3578, 57.33, 87.576
3579, 57.37, 87.609
3580, 57.38, 87.626
3581, 57.4, 87.642
3582, 57.42, 87.659
3583, 57.44, 87.676
3584, 57.46, 87.692
3585, 57.48, 87.709
3586, 57.5, 87.726
3587, 57.51, 87.742
3588, 57.53, 87.759
3589, 57.55, 87.776
3590, 57.57, 87.792
3591, 57.59, 87.809
3592, 57.61, 87.826
3593, 57.63, 87.842
3594, 57.66, 87.859
3595, 57.68, 87.876
3596, 57.69, 87.892
3597, 57.71, 87.909
3598, 57.73, 87.926
3599, 57.75, 87.942
3600, 57.76, 87.959
3601, 57.78, 87.976
3602, 57.8, 87.992
3603, 57.82, 88.009
3604, 57.84, 88.026
3605, 57.88, 88.059
3606, 57.89, 88.076
3607, 57.91, 88.092
3608, 57.93, 88.109
3609, 57.95, 88.126
3610, 57.97, 88.142
3611, 57.99, 88.159
3612, 58, 88.176
3613, 58.02, 88.192
3614, 58.04, 88.209
3615, 58.06, 88.226
3616, 58.08, 88.242
3617, 58.1, 88.259
3618, 58.12, 88.276
3619, 58.13, 88.292
3620, 58.15, 88.309
3621, 58.17, 88.326
3622, 58.19, 88.342
3623, 58.21, 88.359
3624, 58.23, 88.376
3625, 58.24, 88.392
3626, 58.26, 88.409
3627, 58.27, 88.426
3628, 58.29, 88.442
3629, 58.3, 88.459
3630, 58.32, 88.476
3631, 58.34, 88.492
3632, 58.36, 88.509
3633, 58.38, 88.526
3634, 58.4, 88.542
3635, 58.41, 88.559
3636, 58.43, 88.576
3637, 58.47, 88.609
3638, 58.48, 88.626
3639, 58.5, 88.642
3640, 58.52, 88.659
3641, 58.54, 88.676
3642, 58.55, 88.692
3643, 58.57, 88.709
3644, 58.59, 88.726
3645, 58.61, 88.742
3646, 58.62, 88.759
3647, 58.64, 88.776
3648, 58.66, 88.792
3649, 58.67, 88.809
3650, 58.69, 88.826
3651, 58.7, 88.842
3652, 58.72, 88.859
3653, 58.74, 88.876
3654, 58.76, 88.892
3655, 58.78, 88.909
3656, 58.79, 88.926
3657, 58.81, 88.942
3658, 58.82, 88.959
3659, 58.84, 88.976
3660, 58.86, 88.992
3661, 58.87, 89.009
3662, 58.89, 89.026
3663, 58.91, 89.042
3664, 58.92, 89.059
3665, 58.94, 89.076
3666, 58.96, 89.092
3667, 58.97, 89.109
3668, 58.98, 89.126
3669, 58.99, 89.142
3670, 59.01, 89.159
3671, 59.03, 89.176
3672, 59.05, 89.192
3673, 59.07, 89.209
3674, 59.08, 89.226
3675, 59.1, 89.242
3676, 59.11, 89.259
3677, 59.13, 89.276
3678, 59.14, 89.292
3679, 59.15, 89.309
3680, 59.17, 89.326
3681, 59.18, 89.342
3682, 59.2, 89.359
3683, 59.21, 89.376
3684, 59.23, 89.392
3685, 59.25, 89.409
3686, 59.26, 89.426
3687, 59.29, 89.459
3688, 59.3, 89.476
3689, 59.32, 89.492
3690, 59.33, 89.509
3691, 59.35, 89.526
3692, 59.36, 89.542
3693, 59.37, 89.559
3694, 59.39, 89.576
3695, 59.4, 89.592
3696, 59.42, 89.609
3697, 59.43, 89.626
3698, 59.44, 89.642
3699, 59.45, 89.659
3700, 59.47, 89.676
3701, 59.49, 89.692
3702, 59.5, 89.709
3703, 59.52, 89.726
3704, 59.53, 89.742
3705, 59.54, 89.759
3706, 59.56, 89.776
3707, 59.57, 89.792
3708, 59.58, 89.809
3709, 59.6, 89.826
3710, 59.61, 89.842
3711, 59.62, 89.859
3712, 59.63, 89.876
3713, 59.64, 89.892
3714, 59.66, 89.909
3715, 59.67, 89.926
3716, 59.68, 89.942
3717, 59.67, 89.959
3718, 59.64, 89.976
3719, 59.68, 89.992
3720, 59.68, 90.009
3721, 59.68, 90.026
3722, 59.69, 90.042
3723, 59.7, 90.059
3724, 59.71, 90.076
3725, 59.72, 90.092
3726, 59.73, 90.109
3727, 59.75, 90.126
3728, 59.76, 90.142
3729, 59.77, 90.159
3730, 59.78, 90.176
3731, 59.79, 90.192
3732, 59.81, 90.209
3733, 59.82, 90.226
3734, 59.83, 90.242
3735, 59.84, 90.259
3736, 59.85, 90.276
3737, 59.86, 90.292
3738, 59.88, 90.309
3739, 59.89, 90.326
3740, 59.9, 90.342
3741, 59.91, 90.359
3742, 59.92, 90.376
3743, 59.93, 90.392
3744, 59.94, 90.409
3745, 59.95, 90.426
3746, 59.96, 90.442
3747, 59.97, 90.459
3748, 59.99, 90.476
3749, 60, 90.492
3750, 60.01, 90.509
3751, 60.02, 90.526
3752, 60.03, 90.542
3753, 60.04, 90.559
3754, 60.05, 90.576
3755, 60.06, 90.592
3756, 60.07, 90.609
3757, 60.09, 90.626
3758, 60.1, 90.642
3759, 60.11, 90.659
3760, 60.12, 90.676
3761, 60.13, 90.692
3762, 60.14, 90.709
3763, 60.15, 90.726
3764, 60.16, 90.742
3765, 60.17, 90.759
3766, 60.18, 90.776
3767, 60.19, 90.792
3768, 60.2, 90.809
3769, 60.21, 90.826
3770, 60.22, 90.842
3771, 60.23, 90.859
3772, 60.24, 90.876
3773, 60.25, 90.892
3774, 60.27, 90.909
3775, 60.28, 90.926
3776, 60.29, 90.942
3777, 60.29, 90.959
3778, 60.3, 90.976
3779, 60.31, 90.992
3780, 60.32, 91.009
3781, 60.33, 91.026
3782, 60.34, 91.042
3783, 60.35, 91.059
3784, 60.36, 91.076
3785, 60.37, 91.092
3786, 60.38, 91.109
3787, 60.39, 91.126
3788, 60.4, 91.142
3789, 60.41, 91.159
3790, 60.42, 91.176
3791, 60.43, 91.192
3792, 60.44, 91.209
3793, 60.45, 91.226
3794, 60.46, 91.242
3795, 60.47, 91.259
3796, 60.48, 91.276
3797, 60.49, 91.292
3798, 60.5, 91.309
3799, 60.51, 91.326
3800, 60.51, 91.342
3801, 60.52, 91.359
3802, 60.53, 91.376
3803, 60.54, 91.392
3804, 60.54, 91.409
3805, 60.55, 91.426
3806, 60.56, 91.442
3807, 60.57, 91.459
3808, 60.58, 91.476
3809, 60.6, 91.492
3810, 60.61, 91.509
3811, 60.62, 91.526
3812, 60.62, 91.542
3813, 60.63, 91.559
3814, 60.63, 91.576
3815, 60.64, 91.592
3816, 60.65, 91.609
3817, 60.66, 91.626
3818, 60.67, 91.642
3819, 60.68, 91.659
3820, 60.68, 91.676
3821, 60.69, 91.692
3822, 60.7, 91.709
3823, 60.71, 91.726
3824, 60.72, 91.742
3825, 60.73, 91.759
3826, 60.74, 91.776
3827, 60.74, 91.792
3828, 60.75, 91.809
3829, 60.75, 91.826
3830, 60.75, 91.826
3831, 60.75, 91.842
3832, 60.76, 91.859
3833, 60.76, 91.876
3834, 60.76, 91.892
3835, 60.75, 91.909
3836, 60.75, 91.926
3837, 60.75, 91.942
3838, 60.74, 91.959
3839, 60.73, 91.976
3840, 60.72, 91.992
3841, 60.71, 92.009
3842, 60.7, 92.026
3843, 60.68, 92.042
3844, 60.66, 92.059
3845, 60.63, 92.076
3846, 60.6, 92.092
3847, 60.57, 92.109
3848, 60.52, 92.126
3849, 60.46, 92.142
3850, 60.39, 92.159
3851, 60.31, 92.176
3852, 60.22, 92.192
3853, 60.11, 92.209
3854, 59.98, 92.226
3855, 59.83, 92.242
3856, 59.66, 92.259
3857, 59.47, 92.276
3858, 59.27, 92.292
3859, 59.05, 92.309
3860, 58.83, 92.326
3861, 58.58, 92.342
3862, 58.34, 92.359
3863, 58.11, 92.376
3864, 57.62, 92.409
3865, 57.37, 92.426
3866, 57.14, 92.442
3867, 56.9, 92.459
3868, 56.66, 92.476
3869, 56.43, 92.492
3870, 56.19, 92.509
3871, 55.95, 92.526
3872, 55.71, 92.542
3873, 55.47, 92.559
3874, 55.23, 92.576
3875, 54.99, 92.592
3876, 54.74, 92.609
3877, 54.5, 92.626
3878, 54.03, 92.659
3879, 53.8, 92.676
3880, 53.57, 92.692
3881, 53.34, 92.709
3882, 53.12, 92.726
3883, 52.91, 92.742
3884, 52.69, 92.759
3885, 52.47, 92.776
3886, 52.01, 92.809
3887, 51.78, 92.826
3888, 51.55, 92.842
3889, 51.33, 92.859
3890, 51.11, 92.876
3891, 50.88, 92.892
3892, 50.46, 92.926
3893, 50.24, 92.942
3894, 50.04, 92.959
3895, 49.83, 92.976
3896, 49.63, 92.992
3897, 49.23, 93.026
3898, 49.03, 93.042
3899, 48.83, 93.059
3900, 48.64, 93.076
3901, 48.25, 93.109
3902, 48.07, 93.126
3903, 47.89, 93.142
3904, 47.71, 93.159
3905, 47.36, 93.192
3906, 47.18, 93.209
3907, 47.01, 93.226
3908, 46.84, 93.242
3909, 46.52, 93.276
3910, 46.35, 93.292
3911, 46.19, 93.309
3912, 45.87, 93.342
3913, 45.71, 93.359
3914, 45.56, 93.376
3915, 45.26, 93.409
3916, 45.11, 93.426
3917, 44.96, 93.442
3918, 44.66, 93.476
3919, 44.51, 93.492
3920, 44.36, 93.509
3921, 44.06, 93.542
3922, 43.91, 93.559
3923, 43.76, 93.576
3924, 43.45, 93.609
3925, 43.31, 93.626
3926, 43.16, 93.642
3927, 42.87, 93.676
3928, 42.73, 93.692
3929, 42.48, 93.726
3930, 42.36, 93.742
3931, 42.15, 93.776
3932, 42.05, 93.792
3933, 41.96, 93.809
3934, 41.77, 93.842
3935, 41.67, 93.859
3936, 41.48, 93.892
3937, 41.38, 93.909
3938, 41.19, 93.942
3939, 41.1, 93.959
3940, 40.9, 93.992
3941, 40.78, 94.009
3942, 40.66, 94.026
3943, 40.46, 94.059
3944, 40.37, 94.076
3945, 40.22, 94.109
3946, 40.15, 94.126
3947, 40.01, 94.159
3948, 39.96, 94.176
3949, 39.88, 94.209
3950, 39.8, 94.242
3951, 39.76, 94.259
3952, 39.69, 94.292
3953, 39.65, 94.309
3954, 39.58, 94.342
3955, 39.54, 94.359
3956, 39.46, 94.392
3957, 39.42, 94.409
3958, 39.35, 94.442
3959, 39.32, 94.459
3960, 39.25, 94.492
3961, 39.21, 94.509
3962, 39.15, 94.542
3963, 39.12, 94.559
3964, 39.05, 94.592
3965, 39.01, 94.609
3966, 38.92, 94.642
3967, 38.87, 94.659
3968, 38.78, 94.692
3969, 38.74, 94.709
3970, 38.67, 94.742
3971, 38.62, 94.776
3972, 38.58, 94.792
3973, 38.52, 94.826
3974, 38.48, 94.842
3975, 38.39, 94.876
3976, 38.34, 94.892
3977, 38.22, 94.926
3978, 38.16, 94.942
3979, 38.06, 94.976
3980, 38.01, 94.992
3981, 37.93, 95.026
3982, 37.87, 95.059
3983, 37.84, 95.076
3984, 37.75, 95.109
3985, 37.7, 95.126
3986, 37.65, 95.159
3987, 37.63, 95.176
3988, 37.57, 95.209
3989, 37.56, 95.242
3990, 37.55, 95.259
3991, 37.55, 95.292
3992, 37.55, 95.309
3993, 37.54, 95.342
3994, 37.51, 95.376
3995, 37.5, 95.392
3996, 37.49, 95.426
3997, 37.49, 95.442
3998, 37.5, 95.476
3999, 37.53, 95.509
4000, 37.54, 95.526
4001, 37.57, 95.559
4002, 37.58, 95.576
4003, 37.61, 95.609
4004, 37.66, 95.642
4005, 37.69, 95.659
4006, 37.77, 95.692
4007, 37.85, 95.726
4008, 37.89, 95.742
4009, 37.97, 95.776
4010, 38.01, 95.792
4011, 38.1, 95.826
4012, 38.15, 95.842
4013, 38.24, 95.876
4014, 38.33, 95.909
4015, 38.37, 95.926
4016, 38.46, 95.959
4017, 38.5, 95.976
4018, 38.58, 96.009
4019, 38.63, 96.026
4020, 38.71, 96.059
4021, 38.76, 96.076
4022, 38.84, 96.109
4023, 38.92, 96.142
4024, 38.97, 96.159
4025, 39.05, 96.192
4026, 39.08, 96.209
4027, 39.14, 96.242
4028, 39.17, 96.259
4029, 39.24, 96.292
4030, 39.28, 96.309
4031, 39.35, 96.342
4032, 39.38, 96.359
4033, 39.44, 96.392
4034, 39.47, 96.409
4035, 39.53, 96.442
4036, 39.56, 96.459
4037, 39.61, 96.492
4038, 39.64, 96.509
4039, 39.7, 96.542
4040, 39.73, 96.559
4041, 39.79, 96.592
4042, 39.81, 96.609
4043, 39.88, 96.642
4044, 39.9, 96.659
4045, 39.96, 96.692
4046, 39.99, 96.709
4047, 40.04, 96.742
4048, 40.07, 96.759
4049, 40.12, 96.792
4050, 40.15, 96.809
4051, 40.19, 96.842
4052, 40.22, 96.859
4053, 40.27, 96.892
4054, 40.3, 96.909
4055, 40.33, 96.942
4056, 40.35, 96.959
4057, 40.39, 96.992
4058, 40.41, 97.009
4059, 40.42, 97.026
4060, 40.46, 97.059
4061, 40.48, 97.076
4062, 40.5, 97.109
4063, 40.5, 97.126
4064, 40.51, 97.159
4065, 40.52, 97.176
4066, 40.55, 97.209
4067, 40.56, 97.226
4068, 40.57, 97.259
4069, 40.58, 97.276
4070, 40.59, 97.309
4071, 40.6, 97.326
4072, 40.6, 97.342
4073, 40.62, 97.376
4074, 40.62, 97.392
4075, 40.63, 97.426
4076, 40.63, 97.442
4077, 40.62, 97.476
4078, 40.61, 97.492
4079, 40.59, 97.526
4080, 40.58, 97.542
4081, 40.57, 97.576
4082, 40.57, 97.592
4083, 40.55, 97.626
4084, 40.53, 97.642
4085, 40.51, 97.676
4086, 40.5, 97.692
4087, 40.5, 97.726
4088, 40.51, 97.742
4089, 40.51, 97.776
4090, 40.5, 97.792
4091, 40.45, 97.826
4092, 40.44, 97.842
4093, 40.48, 97.876
4094, 40.49, 97.892
4095, 40.52, 97.926
4096, 40.53, 97.942
4097, 40.57, 97.976
4098, 40.59, 97.992
4099, 40.63, 98.026
4100, 40.65, 98.042
4101, 40.7, 98.076
4102, 40.73, 98.092
4103, 40.77, 98.126
4104, 40.8, 98.142
4105, 40.82, 98.159
4106, 40.89, 98.192
4107, 40.92, 98.209
4108, 40.96, 98.242
4109, 40.98, 98.259
4110, 41.02, 98.292
4111, 41.07, 98.309
4112, 41.2, 98.342
4113, 41.24, 98.359
4114, 41.27, 98.392
4115, 41.3, 98.409
4116, 41.36, 98.442
4117, 41.38, 98.459
4118, 41.45, 98.492
4119, 41.48, 98.509
4120, 41.52, 98.526
4121, 41.58, 98.559
4122, 41.61, 98.576
4123, 41.69, 98.609
4124, 41.73, 98.626
4125, 41.81, 98.659
4126, 41.85, 98.676
4127, 41.93, 98.709
4128, 41.97, 98.726
4129, 42.01, 98.742
4130, 42.09, 98.776
4131, 42.12, 98.792
4132, 42.19, 98.826
4133, 42.23, 98.842
4134, 42.29, 98.876
4135, 42.33, 98.892
4136, 42.37, 98.909
4137, 42.44, 98.942
4138, 42.48, 98.959
4139, 42.56, 98.992
4140, 42.59, 99.009
4141, 42.65, 99.042
4142, 42.68, 99.059
4143, 42.71, 99.076
4144, 42.8, 99.109
4145, 42.85, 99.126
4146, 42.94, 99.159
4147, 42.98, 99.176
4148, 43.02, 99.192
4149, 43.09, 99.226
4150, 43.13, 99.242
4151, 43.18, 99.276
4152, 43.2, 99.292
4153, 43.21, 99.309
4154, 43.17, 99.342
4155, 43.12, 99.359
4156, 42.98, 99.392
4157, 42.89, 99.409
4158, 42.81, 99.426
4159, 42.61, 99.459
4160, 42.48, 99.476
4161, 42.26, 99.509
4162, 42.15, 99.526
4163, 42.03, 99.542
4164, 41.77, 99.576
4165, 41.64, 99.592
4166, 41.37, 99.626
4167, 41.23, 99.642
4168, 40.94, 99.676
4169, 40.8, 99.692
4170, 40.49, 99.726
4171, 40.33, 99.742
4172, 40.02, 99.776
4173, 39.87, 99.792
4174, 39.57, 99.826
4175, 39.42, 99.842
4176, 39.11, 99.876
4177, 38.96, 99.892
4178, 38.66, 99.926
4179, 38.52, 99.942
4180, 38.25, 99.976
4181, 38.12, 99.992
4182, 37.83, 100.026
4183, 37.59, 100.059
4184, 37.48, 100.076
4185, 37.26, 100.109
4186, 37.14, 100.126
4187, 36.93, 100.159
4188, 36.71, 100.192
4189, 36.6, 100.209
4190, 36.39, 100.242
4191, 36.17, 100.276
4192, 36.07, 100.292
4193, 35.86, 100.326
4194, 35.65, 100.359
4195, 35.55, 100.376
4196, 35.35, 100.409
4197, 35.14, 100.442
4198, 35.04, 100.459
4199, 34.84, 100.492
4200, 34.64, 100.526
4201, 34.43, 100.559
4202, 34.33, 100.576
4203, 34.13, 100.609
4204, 33.93, 100.642
4205, 33.74, 100.676
4206, 33.64, 100.692
4207, 33.45, 100.726
4208, 33.27, 100.759
4209, 33.11, 100.792
4210, 32.96, 100.826
4211, 32.88, 100.842
4212, 32.75, 100.876
4213, 32.66, 100.909
4214, 32.58, 100.942
4215, 32.51, 100.976
4216, 32.48, 100.992
4217, 32.42, 101.026
4218, 32.35, 101.059
4219, 32.28, 101.092
4220, 32.22, 101.126
4221, 32.16, 101.159
4222, 32.13, 101.176
4223, 32.06, 101.209
4224, 32, 101.242
4225, 31.93, 101.276
4226, 31.86, 101.309
4227, 31.78, 101.342
4228, 31.75, 101.359
4229, 31.68, 101.392
4230, 31.61, 101.426
4231, 31.54, 101.459
4232, 31.47, 101.492
4233, 31.38, 101.526
4234, 31.29, 101.559
4235, 31.22, 101.592
4236, 31.17, 101.609
4237, 31.07, 101.642
4238, 30.95, 101.676
4239, 30.82, 101.709
4240, 30.68, 101.742
4241, 30.52, 101.776
4242, 30.37, 101.809
4243, 30.23, 101.842
4244, 30.09, 101.876
4245, 29.94, 101.909
4246, 29.77, 101.942
4247, 29.68, 101.959
4248, 29.49, 101.992
4249, 29.31, 102.026
4250, 29.08, 102.076
4251, 28.96, 102.109
4252, 28.83, 102.142
4253, 28.73, 102.176
4254, 28.61, 102.209
4255, 28.48, 102.242
4256, 28.36, 102.276
4257, 28.24, 102.309
4258, 28.11, 102.342
4259, 27.99, 102.376
4260, 27.87, 102.409
4261, 27.75, 102.442
4262, 27.58, 102.492
4263, 27.48, 102.526
4264, 27.37, 102.559
4265, 27.28, 102.592
4266, 27.19, 102.626
4267, 27.1, 102.659
4268, 27, 102.692
4269, 26.86, 102.742
4270, 26.76, 102.776
4271, 26.66, 102.809
4272, 26.56, 102.842
4273, 26.46, 102.876
4274, 26.31, 102.926
4275, 26.21, 102.959
4276, 26.12, 102.992
4277, 25.95, 103.059
4278, 25.92, 103.076
4279, 25.88, 103.109
4280, 25.84, 103.142
4281, 25.77, 103.192
4282, 25.73, 103.226
4283, 25.69, 103.259
4284, 25.63, 103.309
4285, 25.6, 103.342
4286, 25.57, 103.376
4287, 25.55, 103.426
4288, 25.53, 103.459
4289, 25.51, 103.492
4290, 25.49, 103.526
4291, 25.48, 103.576
4292, 25.48, 103.609
4293, 25.49, 103.642
4294, 25.52, 103.692
4295, 25.53, 103.726
4296, 25.55, 103.759
4297, 25.59, 103.809
4298, 25.6, 103.842
4299, 25.62, 103.876
4300, 25.64, 103.909
4301, 25.71, 103.959
4302, 25.77, 103.992
4303, 25.84, 104.026
4304, 25.99, 104.076
4305, 26.07, 104.109
4306, 26.14, 104.142
4307, 26.22, 104.176
4308, 26.35, 104.226
4309, 26.42, 104.259
4310, 26.49, 104.292
4311, 26.67, 104.342
4312, 26.67, 104.342
4313, 26.94, 104.426
4314, 27, 104.442
4315, 27.13, 104.476
4316, 27.31, 104.526
4317, 27.42, 104.559
4318, 27.54, 104.592
4319, 27.68, 104.626
4320, 27.82, 104.659
4321, 28.02, 104.709
4322, 28.14, 104.742
4323, 28.27, 104.776
4324, 28.4, 104.809
4325, 28.53, 104.842
4326, 28.66, 104.876
4327, 28.8, 104.909
4328, 28.92, 104.942
4329, 29.1, 104.992
4330, 29.22, 105.026
4331, 29.35, 105.059
4332, 29.49, 105.092
4333, 29.62, 105.126
4334, 29.75, 105.159
4335, 29.88, 105.192
4336, 30, 105.226
4337, 30.12, 105.259
4338, 30.25, 105.292
4339, 30.38, 105.326
4340, 30.51, 105.359
4341, 30.64, 105.392
4342, 30.77, 105.426
4343, 30.9, 105.459
4344, 31.03, 105.492
4345, 31.16, 105.526
4346, 31.22, 105.542
4347, 31.35, 105.576
4348, 31.47, 105.609
4349, 31.58, 105.642
4350, 31.7, 105.676
4351, 31.83, 105.709
4352, 31.96, 105.742
4353, 32.09, 105.776
4354, 32.21, 105.809
4355, 32.27, 105.826
4356, 32.39, 105.859
4357, 32.49, 105.892
4358, 32.61, 105.926
4359, 32.72, 105.959
4360, 32.84, 105.992
4361, 32.9, 106.009
4362, 32.93, 106.042
4363, 32.97, 106.076
4364, 33.11, 106.109
4365, 33.21, 106.142
4366, 33.3, 106.176
4367, 33.35, 106.192
4368, 33.46, 106.226
4369, 33.57, 106.259
4370, 33.67, 106.292
4371, 33.79, 106.326
4372, 33.85, 106.342
4373, 33.96, 106.376
4374, 34.04, 106.409
4375, 34.12, 106.442
4376, 34.16, 106.459
4377, 34.22, 106.492
4378, 34.24, 106.526
4379, 34.22, 106.559
4380, 34.2, 106.576
4381, 34.09, 106.609
4382, 33.94, 106.642
4383, 33.75, 106.676
4384, 33.64, 106.692
4385, 33.36, 106.726
4386, 33.03, 106.759
4387, 32.72, 106.792
4388, 32.41, 106.826
4389, 32.1, 106.859
4390, 31.94, 106.876
4391, 31.63, 106.909
4392, 31.34, 106.942
4393, 31.08, 106.976
4394, 30.84, 107.009
4395, 30.59, 107.042
4396, 30.35, 107.076
4397, 30.1, 107.109
4398, 29.86, 107.142
4399, 29.6, 107.176
4400, 29.33, 107.209
4401, 29.03, 107.242
4402, 28.77, 107.276
4403, 28.77, 107.276
4404, 28.36, 107.342
4405, 28.11, 107.392
4406, 27.97, 107.426
4407, 27.85, 107.459
4408, 27.74, 107.492
4409, 27.63, 107.526
4410, 27.53, 107.559
4411, 27.38, 107.609
4412, 27.28, 107.642
4413, 27.2, 107.676
4414, 27.13, 107.709
4415, 27.06, 107.759
4416, 27.02, 107.792
4417, 26.99, 107.826
4418, 26.95, 107.859
4419, 26.91, 107.909
4420, 26.87, 107.942
4421, 26.84, 107.976
4422, 26.81, 108.009
4423, 26.77, 108.059
4424, 26.73, 108.092
4425, 26.7, 108.126
4426, 26.66, 108.176
4427, 26.63, 108.209
4428, 26.59, 108.242
4429, 26.54, 108.292
4430, 26.51, 108.326
4431, 26.48, 108.359
4432, 26.42, 108.409
4433, 26.37, 108.442
4434, 26.32, 108.476
4435, 26.24, 108.526
4436, 26.17, 108.559
4437, 26.11, 108.592
4438, 26.04, 108.642
4439, 25.99, 108.676
4440, 25.94, 108.709
4441, 25.85, 108.759
4442, 25.79, 108.792
4443, 25.73, 108.826
4444, 25.65, 108.876
4445, 25.58, 108.909
4446, 25.52, 108.942
4447, 25.42, 108.992
4448, 25.34, 109.026
4449, 25.25, 109.059
4450, 25.1, 109.109
4451, 25.01, 109.142
4452, 24.92, 109.176
4453, 24.81, 109.226
4454, 24.74, 109.259
4455, 24.62, 109.309
4456, 24.54, 109.342
4457, 24.46, 109.376
4458, 24.33, 109.426
4459, 24.26, 109.459
4460, 24.17, 109.509
4461, 24.11, 109.542
4462, 24.03, 109.592
4463, 24.02, 109.626
4464, 24, 109.676
4465, 24, 109.709
4466, 24.02, 109.759
4467, 24.04, 109.792
4468, 24.11, 109.842
4469, 24.18, 109.876
4470, 24.29, 109.926
4471, 24.37, 109.959
4472, 24.51, 110.009
4473, 24.61, 110.042
4474, 24.79, 110.092
4475, 24.91, 110.126
4476, 25.12, 110.176
4477, 25.26, 110.209
4478, 25.49, 110.259
4479, 25.64, 110.292
4480, 25.86, 110.342
4481, 26.03, 110.376
4482, 26.16, 110.409
4483, 26.36, 110.459
4484, 26.54, 110.492
4485, 26.72, 110.526
4486, 26.96, 110.576
4487, 27.11, 110.609
4488, 27.23, 110.642
4489, 27.43, 110.692
4490, 27.59, 110.726
4491, 27.75, 110.759
4492, 27.93, 110.792
4493, 28.12, 110.826
4494, 28.37, 110.876
4495, 28.51, 110.909
4496, 28.65, 110.942
4497, 28.82, 110.976
4498, 29.01, 111.009
4499, 29.19, 111.042
4500, 29.35, 111.076
4501, 29.5, 111.109
4502, 29.74, 111.159
4503, 29.9, 111.192
4504, 30.07, 111.226
4505, 30.24, 111.259
4506, 30.4, 111.292
4507, 30.56, 111.326
4508, 30.72, 111.359
4509, 30.9, 111.392
4510, 31.07, 111.426
4511, 31.23, 111.459
4512, 31.37, 111.492
4513, 31.53, 111.526
4514, 31.69, 111.559
4515, 31.85, 111.592
4516, 32, 111.626
4517, 32.08, 111.642
4518, 32.23, 111.676
4519, 32.39, 111.709
4520, 32.56, 111.742
4521, 32.72, 111.776
4522, 32.88, 111.809
4523, 33.01, 111.842
4524, 33, 111.876
4525, 33.08, 111.892
4526, 33.25, 111.926
4527, 33.4, 111.959
4528, 33.53, 111.992
4529, 33.68, 112.026
4530, 33.83, 112.059
4531, 33.9, 112.076
4532, 34.06, 112.109
4533, 34.21, 112.142
4534, 34.37, 112.176
4535, 34.44, 112.192
4536, 34.59, 112.226
4537, 34.73, 112.259
4538, 34.89, 112.292
4539, 34.97, 112.309
4540, 35.12, 112.342
4541, 35.27, 112.376
4542, 35.43, 112.409
4543, 35.5, 112.426
4544, 35.64, 112.459
4545, 35.79, 112.492
4546, 35.86, 112.509
4547, 36.02, 112.542
4548, 36.18, 112.576
4549, 36.25, 112.592
4550, 36.4, 112.626
4551, 36.55, 112.659
4552, 36.62, 112.676
4553, 36.77, 112.709
4554, 36.92, 112.742
4555, 36.99, 112.759
4556, 37.13, 112.792
4557, 37.26, 112.826
4558, 37.33, 112.842
4559, 37.46, 112.876
4560, 37.53, 112.892
4561, 37.66, 112.926
4562, 37.78, 112.959
4563, 37.84, 112.976
4564, 37.97, 113.009
4565, 38.03, 113.026
4566, 38.14, 113.059
4567, 38.28, 113.092
4568, 38.36, 113.109
4569, 38.52, 113.142
4570, 38.59, 113.159
4571, 38.71, 113.192
4572, 38.78, 113.209
4573, 38.91, 113.242
4574, 39.04, 113.276
4575, 39.11, 113.292
4576, 39.23, 113.326
4577, 39.3, 113.342
4578, 39.43, 113.376
4579, 39.5, 113.392
4580, 39.61, 113.426
4581, 39.66, 113.442
4582, 39.78, 113.476
4583, 39.84, 113.492
4584, 39.96, 113.526
4585, 40.03, 113.542
4586, 40.14, 113.576
4587, 40.19, 113.592
4588, 40.3, 113.626
4589, 40.36, 113.642
4590, 40.49, 113.676
4591, 40.56, 113.692
4592, 40.67, 113.726
4593, 40.73, 113.742
4594, 40.84, 113.776
4595, 40.89, 113.792
4596, 41, 113.826
4597, 41.06, 113.842
4598, 41.17, 113.876
4599, 41.23, 113.892
4600, 41.34, 113.926
4601, 41.4, 113.942
4602, 41.51, 113.976
4603, 41.56, 113.992
4604, 41.61, 114.009
4605, 41.71, 114.042
4606, 41.77, 114.059
4607, 41.88, 114.092
4608, 41.93, 114.109
4609, 42.02, 114.142
4610, 42.07, 114.159
4611, 42.09, 114.176
4612, 42.11, 114.209
4613, 42.19, 114.226
4614, 42.29, 114.259
4615, 42.35, 114.276
4616, 42.47, 114.309
4617, 42.52, 114.326
4618, 42.58, 114.342
4619, 42.7, 114.376
4620, 42.76, 114.392
4621, 42.87, 114.426
4622, 42.93, 114.442
4623, 43, 114.459
4624, 43.12, 114.492
4625, 43.18, 114.509
4626, 43.3, 114.542
4627, 43.36, 114.559
4628, 43.42, 114.576
4629, 43.53, 114.609
4630, 43.58, 114.626
4631, 43.68, 114.659
4632, 43.73, 114.676
4633, 43.79, 114.692
4634, 43.91, 114.726
4635, 43.98, 114.742
4636, 44.04, 114.759
4637, 44.16, 114.792
4638, 44.22, 114.809
4639, 44.32, 114.842
4640, 44.37, 114.859
4641, 44.43, 114.876
4642, 44.53, 114.909
4643, 44.59, 114.926
4644, 44.64, 114.942
4645, 44.74, 114.976
4646, 44.8, 114.992
4647, 44.86, 115.009
4648, 44.98, 115.042
4649, 45.02, 115.059
4650, 45.07, 115.076
4651, 45.18, 115.109
4652, 45.24, 115.126
4653, 45.31, 115.142
4654, 45.42, 115.176
4655, 45.47, 115.192
4656, 45.52, 115.209
4657, 45.64, 115.242
4658, 45.69, 115.259
4659, 45.74, 115.276
4660, 45.85, 115.309
4661, 45.9, 115.326
4662, 45.97, 115.342
4663, 46.08, 115.376
4664, 46.13, 115.392
4665, 46.18, 115.409
4666, 46.28, 115.442
4667, 46.34, 115.459
4668, 46.39, 115.476
4669, 46.45, 115.492
4670, 46.55, 115.526
4671, 46.61, 115.542
4672, 46.66, 115.559
4673, 46.78, 115.592
4674, 46.83, 115.609
4675, 46.88, 115.626
4676, 46.93, 115.642
4677, 47.04, 115.676
4678, 47.1, 115.692
4679, 47.15, 115.709
4680, 47.24, 115.742
4681, 47.29, 115.759
4682, 47.34, 115.776
4683, 47.39, 115.792
4684, 47.48, 115.826
4685, 47.53, 115.842
4686, 47.58, 115.859
4687, 47.69, 115.892
4688, 47.75, 115.909
4689, 47.81, 115.926
4690, 47.86, 115.942
4691, 47.96, 115.976
4692, 48, 115.992
4693, 48.05, 116.009
4694, 48.1, 116.026
4695, 48.21, 116.059
4696, 48.26, 116.076
4697, 48.31, 116.092
4698, 48.36, 116.109
4699, 48.44, 116.142
4700, 48.48, 116.159
4701, 48.53, 116.176
4702, 48.57, 116.192
4703, 48.67, 116.226
4704, 48.72, 116.242
4705, 48.78, 116.259
4706, 48.83, 116.276
4707, 48.93, 116.309
4708, 48.98, 116.326
4709, 49.03, 116.342
4710, 49.08, 116.359
4711, 49.18, 116.392
4712, 49.23, 116.409
4713, 49.28, 116.426
4714, 49.33, 116.442
4715, 49.37, 116.459
4716, 49.47, 116.492
4717, 49.52, 116.509
4718, 49.56, 116.526
4719, 49.6, 116.542
4720, 49.67, 116.576
4721, 49.69, 116.592
4722, 49.71, 116.609
4723, 49.71, 116.626
4724, 49.71, 116.642
4725, 49.7, 116.676
4726, 49.67, 116.692
4727, 49.64, 116.709
4728, 49.61, 116.726
4729, 49.59, 116.759
4730, 49.58, 116.776
4731, 49.57, 116.792
4732, 49.56, 116.809
4733, 49.55, 116.826
4734, 49.52, 116.859
4735, 49.5, 116.876
4736, 49.49, 116.892
4737, 49.47, 116.909
4738, 49.45, 116.942
4739, 49.44, 116.959
4740, 49.42, 116.976
4741, 49.41, 116.992
4742, 49.4, 117.009
4743, 49.37, 117.042
4744, 49.36, 117.059
4745, 49.35, 117.076
4746, 49.33, 117.092
4747, 49.31, 117.126
4748, 49.29, 117.142
4749, 49.27, 117.159
4750, 49.25, 117.176
4751, 49.22, 117.192
4752, 49.17, 117.226
4753, 49.15, 117.242
4754, 49.14, 117.259
4755, 49.12, 117.276
4756, 49.09, 117.309
4757, 49.07, 117.326
4758, 49.05, 117.342
4759, 49.03, 117.359
4760, 49, 117.392
4761, 48.98, 117.409
4762, 48.95, 117.426
4763, 48.93, 117.442
4764, 48.88, 117.476
4765, 48.85, 117.492
4766, 48.83, 117.509
4767, 48.82, 117.526
4768, 48.78, 117.559
4769, 48.76, 117.576
4770, 48.74, 117.592
4771, 48.73, 117.609
4772, 48.69, 117.642
4773, 48.67, 117.659
4774, 48.66, 117.676
4775, 48.64, 117.692
4776, 48.62, 117.709
4777, 48.59, 117.742
4778, 48.57, 117.759
4779, 48.55, 117.776
4780, 48.52, 117.792
4781, 48.47, 117.826
4782, 48.46, 117.842
4783, 48.44, 117.859
4784, 48.42, 117.876
4785, 48.37, 117.909
4786, 48.34, 117.926
4787, 48.31, 117.942
4788, 48.28, 117.959
4789, 48.21, 117.992
4790, 48.19, 118.009
4791, 48.16, 118.026
4792, 48.14, 118.042
4793, 48.08, 118.076
4794, 48.05, 118.092
4795, 48.01, 118.109
4796, 47.98, 118.126
4797, 47.9, 118.159
4798, 47.87, 118.176
4799, 47.84, 118.192
4800, 47.81, 118.209
4801, 47.76, 118.242
4802, 47.74, 118.259
4803, 47.72, 118.276
4804, 47.7, 118.292
4805, 47.72, 118.326
4806, 47.72, 118.342
4807, 47.73, 118.359
4808, 47.74, 118.376
4809, 47.75, 118.409
4810, 47.76, 118.426
4811, 47.78, 118.442
4812, 47.81, 118.476
4813, 47.83, 118.492
4814, 47.84, 118.509
4815, 47.86, 118.526
4816, 47.9, 118.559
4817, 47.92, 118.576
4818, 47.94, 118.592
4819, 47.96, 118.609
4820, 48.01, 118.642
4821, 48.04, 118.659
4822, 48.06, 118.676
4823, 48.08, 118.692
4824, 48.13, 118.726
4825, 48.16, 118.742
4826, 48.19, 118.759
4827, 48.22, 118.776
4828, 48.29, 118.809
4829, 48.32, 118.826
4830, 48.35, 118.842
4831, 48.37, 118.859
4832, 48.43, 118.892
4833, 48.46, 118.909
4834, 48.5, 118.926
4835, 48.54, 118.942
4836, 48.6, 118.976
4837, 48.63, 118.992
4838, 48.67, 119.009
4839, 48.71, 119.026
4840, 48.77, 119.059
4841, 48.8, 119.076
4842, 48.82, 119.092
4843, 48.85, 119.109
4844, 48.87, 119.126
4845, 48.88, 119.159
4846, 48.9, 119.176
4847, 48.92, 119.192
4848, 48.94, 119.209
4849, 49, 119.242
4850, 49.03, 119.259
4851, 49.07, 119.276
4852, 49.1, 119.292
4853, 49.16, 119.326
4854, 49.19, 119.342
4855, 49.2, 119.359
4856, 49.22, 119.376
4857, 49.24, 119.392
4858, 49.3, 119.426
4859, 49.33, 119.442
4860, 49.36, 119.459
4861, 49.39, 119.476
4862, 49.46, 119.509
4863, 49.49, 119.526
4864, 49.52, 119.542
4865, 49.55, 119.559
4866, 49.58, 119.576
4867, 49.65, 119.609
4868, 49.69, 119.626
4869, 49.73, 119.642
4870, 49.77, 119.659
4871, 49.81, 119.676
4872, 49.88, 119.709
4873, 49.91, 119.726
4874, 49.95, 119.742
4875, 49.99, 119.759
4876, 50.03, 119.776
4877, 50.1, 119.809
4878, 50.13, 119.826
4879, 50.17, 119.842
4880, 50.21, 119.859
4881, 50.24, 119.876
4882, 50.31, 119.909
4883, 50.34, 119.926
4884, 50.38, 119.942
4885, 50.41, 119.959
4886, 50.45, 119.976
4887, 50.51, 120.009
4888, 50.55, 120.026
4889, 50.59, 120.042
4890, 50.62, 120.059
4891, 50.66, 120.076
4892, 50.69, 120.092
4893, 50.66, 120.126
4894, 50.7, 120.142
4895, 50.75, 120.159
4896, 50.77, 120.176
4897, 50.79, 120.192
4898, 50.82, 120.209
4899, 50.89, 120.242
4900, 50.93, 120.259
4901, 50.97, 120.276
4902, 51.01, 120.292
4903, 51.05, 120.309
4904, 51.13, 120.342
4905, 51.17, 120.359
4906, 51.2, 120.376
4907, 51.23, 120.392
4908, 51.27, 120.409
4909, 51.3, 120.426
4910, 51.36, 120.459
4911, 51.39, 120.476
4912, 51.42, 120.492
4913, 51.46, 120.509
4914, 51.5, 120.526
4915, 51.54, 120.542
4916, 51.6, 120.576
4917, 51.64, 120.592
4918, 51.66, 120.609
4919, 51.69, 120.626
4920, 51.72, 120.642
4921, 51.76, 120.659
4922, 51.79, 120.676
4923, 51.85, 120.709
4924, 51.88, 120.726
4925, 51.91, 120.742
4926, 51.94, 120.759
4927, 51.97, 120.776
4928, 52, 120.792
4929, 52.05, 120.826
4930, 52.08, 120.842
4931, 52.1, 120.859
4932, 52.13, 120.876
4933, 52.18, 120.892
4934, 52.23, 120.909
4935, 52.26, 120.926
4936, 52.29, 120.959
4937, 52.32, 120.976
4938, 52.37, 120.992
4939, 52.41, 121.009
4940, 52.45, 121.026
4941, 52.47, 121.042
4942, 52.51, 121.076
4943, 52.55, 121.092
4944, 52.59, 121.109
4945, 52.63, 121.126
4946, 52.68, 121.142
4947, 52.72, 121.159
4948, 52.75, 121.176
4949, 52.82, 121.209
4950, 52.84, 121.226
4951, 52.87, 121.242
4952, 52.9, 121.259
4953, 52.94, 121.276
4954, 52.98, 121.292
4955, 53.02, 121.309
4956, 53.05, 121.326
4957, 53.11, 121.359
4958, 53.14, 121.376
4959, 53.17, 121.392
4960, 53.21, 121.409
4961, 53.25, 121.426
4962, 53.29, 121.442
4963, 53.33, 121.459
4964, 53.39, 121.492
4965, 53.42, 121.509
4966, 53.44, 121.526
4967, 53.47, 121.542
4968, 53.49, 121.559
4969, 53.53, 121.576
4970, 53.57, 121.592
4971, 53.61, 121.609
4972, 53.65, 121.626
4973, 53.71, 121.659
4974, 53.72, 121.676
4975, 53.74, 121.692
4976, 53.76, 121.709
4977, 53.78, 121.726
4978, 53.8, 121.742
4979, 53.83, 121.759
4980, 53.85, 121.776
4981, 53.86, 121.792
4982, 53.9, 121.826
4983, 53.94, 121.842
4984, 53.98, 121.859
4985, 54.04, 121.876
4986, 54.09, 121.892
4987, 54.14, 121.909
4988, 54.17, 121.926
4989, 54.2, 121.942
4990, 54.22, 121.959
4991, 54.28, 121.992
4992, 54.32, 122.009
4993, 54.36, 122.026
4994, 54.39, 122.042
4995, 54.42, 122.059
4996, 54.45, 122.076
4997, 54.47, 122.092
4998, 54.5, 122.109
4999, 54.53, 122.126
5000, 54.56, 122.142
5001, 54.61, 122.176
5002, 54.63, 122.192
5003, 54.66, 122.209
5004, 54.69, 122.226
5005, 54.72, 122.242
5006, 54.75, 122.259
5007, 54.78, 122.276
5008, 54.82, 122.292
5009, 54.86, 122.309
5010, 54.88, 122.326
5011, 54.9, 122.342
5012, 54.95, 122.376
5013, 54.98, 122.392
5014, 55.01, 122.409
5015, 55.04, 122.426
5016, 55.07, 122.442
5017, 55.1, 122.459
5018, 55.13, 122.476
5019, 55.17, 122.492
5020, 55.2, 122.509
5021, 55.23, 122.526
5022, 55.26, 122.542
5023, 55.28, 122.559
5024, 55.32, 122.592
5025, 55.36, 122.609
5026, 55.4, 122.626
5027, 55.43, 122.642
5028, 55.46, 122.659
5029, 55.48, 122.676
5030, 55.5, 122.692
5031, 55.51, 122.709
5032, 55.54, 122.726
5033, 55.57, 122.742
5034, 55.6, 122.759
5035, 55.63, 122.776
5036, 55.67, 122.792
5037, 55.72, 122.826
5038, 55.74, 122.842
5039, 55.76, 122.859
5040, 55.79, 122.876
5041, 55.83, 122.892
5042, 55.86, 122.909
5043, 55.89, 122.926
5044, 55.91, 122.942
5045, 55.93, 122.959
5046, 55.95, 122.976
5047, 55.98, 122.992
5048, 56, 123.009
5049, 56.02, 123.026
5050, 56.03, 123.042
5051, 56.09, 123.076
5052, 56.12, 123.092
5053, 56.15, 123.109
5054, 56.18, 123.126
5055, 56.22, 123.142
5056, 56.25, 123.159
5057, 56.28, 123.176
5058, 56.29, 123.192
5059, 56.32, 123.209
5060, 56.36, 123.226
5061, 56.4, 123.242
5062, 56.43, 123.259
5063, 56.46, 123.276
5064, 56.49, 123.292
5065, 56.51, 123.309
5066, 56.56, 123.342
5067, 56.58, 123.359
5068, 56.61, 123.376
5069, 56.64, 123.392
5070, 56.67, 123.409
5071, 56.69, 123.426
5072, 56.71, 123.442
5073, 56.73, 123.459
5074, 56.75, 123.476
5075, 56.76, 123.492
5076, 56.77, 123.509
5077, 56.78, 123.526
5078, 56.78, 123.542
5079, 56.78, 123.559
5080, 56.77, 123.576
5081, 56.76, 123.592
5082, 56.74, 123.609
5083, 56.64, 123.642
5084, 56.56, 123.659
5085, 56.47, 123.676
5086, 56.37, 123.692
5087, 56.25, 123.709
5088, 56.12, 123.726
5089, 55.98, 123.742
5090, 55.83, 123.759
5091, 55.66, 123.776
5092, 55.49, 123.792
5093, 55.32, 123.809
5094, 55.14, 123.826
5095, 54.95, 123.842
5096, 54.76, 123.859
5097, 54.38, 123.892
5098, 54.18, 123.909
5099, 53.99, 123.926
5100, 53.79, 123.942
5101, 53.6, 123.959
5102, 53.41, 123.976
5103, 53.22, 123.992
5104, 53.04, 124.009
5105, 52.68, 124.042
5106, 52.51, 124.059
5107, 52.33, 124.076
5108, 52.15, 124.092
5109, 51.96, 124.109
5110, 51.77, 124.126
5111, 51.57, 124.142
5112, 51.18, 124.176
5113, 50.99, 124.192
5114, 50.8, 124.209
5115, 50.61, 124.226
5116, 50.42, 124.242
5117, 50.23, 124.259
5118, 49.84, 124.292
5119, 49.64, 124.309
5120, 49.45, 124.326
5121, 49.25, 124.342
5122, 48.84, 124.376
5123, 48.63, 124.392
5124, 48.44, 124.409
5125, 48.25, 124.426
5126, 48.06, 124.442
5127, 47.66, 124.476
5128, 47.47, 124.492
5129, 47.27, 124.509
5130, 46.89, 124.542
5131, 46.7, 124.559
5132, 46.52, 124.576
5133, 46.34, 124.592
5134, 45.99, 124.626
5135, 45.82, 124.642
5136, 45.66, 124.659
5137, 45.28, 124.692
5138, 45.1, 124.709
5139, 44.93, 124.726
5140, 44.55, 124.759
5141, 44.37, 124.776
5142, 44.16, 124.792
5143, 43.77, 124.826
5144, 43.58, 124.842
5145, 43.39, 124.859
5146, 43.05, 124.892
5147, 42.89, 124.909
5148, 42.61, 124.942
5149, 42.48, 124.959
5150, 42.36, 124.976
5151, 42.11, 125.009
5152, 42.02, 125.026
5153, 41.88, 125.059
5154, 41.81, 125.076
5155, 41.7, 125.109
5156, 41.65, 125.126
5157, 41.61, 125.142
5158, 41.56, 125.176
5159, 41.53, 125.192
5160, 41.47, 125.226
5161, 41.44, 125.242
5162, 41.38, 125.276
5163, 41.35, 125.292
5164, 41.29, 125.326
5165, 41.26, 125.342
5166, 41.23, 125.359
5167, 41.17, 125.392
5168, 41.14, 125.409
5169, 41.08, 125.442
5170, 41.04, 125.459
5171, 40.97, 125.492
5172, 40.92, 125.509
5173, 40.83, 125.542
5174, 40.77, 125.559
5175, 40.65, 125.592
5176, 40.59, 125.609
5177, 40.45, 125.642
5178, 40.37, 125.659
5179, 40.23, 125.692
5180, 40.15, 125.709
5181, 39.99, 125.742
5182, 39.9, 125.759
5183, 39.73, 125.792
5184, 39.65, 125.809
5185, 39.47, 125.842
5186, 39.37, 125.859
5187, 39.2, 125.892
5188, 39.13, 125.909
5189, 38.98, 125.942
5190, 38.88, 125.959
5191, 38.69, 125.992
5192, 38.56, 126.009
5193, 38.35, 126.042
5194, 38.16, 126.076
5195, 38.05, 126.092
5196, 37.82, 126.126
5197, 37.69, 126.142
5198, 37.45, 126.176
5199, 37.34, 126.192
5200, 37.09, 126.226
5201, 36.86, 126.259
5202, 36.75, 126.276
5203, 36.52, 126.309
5204, 36.31, 126.342
5205, 36.22, 126.359
5206, 36.05, 126.392
5207, 35.89, 126.426
5208, 35.81, 126.442
5209, 35.66, 126.476
5210, 35.5, 126.509
5211, 35.42, 126.526
5212, 35.25, 126.559
5213, 35.08, 126.592
5214, 34.9, 126.626
5215, 34.82, 126.642
5216, 34.63, 126.676
5217, 34.46, 126.709
5218, 34.38, 126.726
5219, 34.23, 126.759
5220, 34.11, 126.792
5221, 34.03, 126.826
5222, 34, 126.842
5223, 33.93, 126.876
5224, 33.86, 126.909
5225, 33.8, 126.942
5226, 33.77, 126.959
5227, 33.71, 126.992
5228, 33.64, 127.026
5229, 33.57, 127.059
5230, 33.53, 127.076
5231, 33.46, 127.109
5232, 33.38, 127.142
5233, 33.29, 127.176
5234, 33.2, 127.209
5235, 33.16, 127.226
5236, 33.09, 127.259
5237, 33.01, 127.292
5238, 32.93, 127.326
5239, 32.84, 127.359
5240, 32.8, 127.376
5241, 32.69, 127.409
5242, 32.56, 127.442
5243, 32.42, 127.476
5244, 32.29, 127.509
5245, 32.16, 127.542
5246, 32.07, 127.576
5247, 32.02, 127.592
5248, 31.89, 127.626
5249, 31.78, 127.659
5250, 31.69, 127.692
5251, 31.6, 127.726
5252, 31.52, 127.759
5253, 31.45, 127.792
5254, 31.38, 127.826
5255, 31.38, 127.859
5256, 31.38, 127.876
5257, 31.39, 127.909
5258, 31.42, 127.942
5259, 31.46, 127.976
5260, 31.52, 128.009
5261, 31.6, 128.042
5262, 31.69, 128.076
5263, 31.79, 128.109
5264, 31.9, 128.142
5265, 31.99, 128.176
5266, 32.05, 128.192
5267, 32.17, 128.226
5268, 32.28, 128.259
5269, 32.39, 128.292
5270, 32.51, 128.326
5271, 32.63, 128.359
5272, 32.74, 128.392
5273, 32.8, 128.409
5274, 32.83, 128.442
5275, 32.86, 128.476
5276, 32.98, 128.509
5277, 33.08, 128.542
5278, 33.18, 128.576
5279, 33.23, 128.592
5280, 33.34, 128.626
5281, 33.44, 128.659
5282, 33.53, 128.692
5283, 33.63, 128.726
5284, 33.69, 128.742
5285, 33.82, 128.776
5286, 33.92, 128.809
5287, 34.02, 128.842
5288, 34.13, 128.876
5289, 34.19, 128.892
5290, 34.3, 128.926
5291, 34.4, 128.959
5292, 34.5, 128.992
5293, 34.55, 129.009
5294, 34.65, 129.042
5295, 34.76, 129.076
5296, 34.87, 129.109
5297, 34.93, 129.126
5298, 35.05, 129.159
5299, 35.17, 129.192
5300, 35.24, 129.209
5301, 35.35, 129.242
5302, 35.47, 129.276
5303, 35.59, 129.309
5304, 35.65, 129.326
5305, 35.76, 129.359
5306, 35.87, 129.392
5307, 35.93, 129.409
5308, 36.04, 129.442
5309, 36.16, 129.476
5310, 36.22, 129.492
5311, 36.34, 129.526
5312, 36.45, 129.559
5313, 36.51, 129.576
5314, 36.62, 129.609
5315, 36.67, 129.626
5316, 36.77, 129.659
5317, 36.88, 129.692
5318, 36.94, 129.709
5319, 37.05, 129.742
5320, 37.16, 129.776
5321, 37.21, 129.792
5322, 37.32, 129.826
5323, 37.38, 129.842
5324, 37.49, 129.876
5325, 37.59, 129.909
5326, 37.65, 129.926
5327, 37.75, 129.959
5328, 37.8, 129.976
5329, 37.92, 130.009
5330, 38.01, 130.042
5331, 38.05, 130.059
5332, 38.14, 130.092
5333, 38.2, 130.109
5334, 38.31, 130.142
5335, 38.36, 130.159
5336, 38.47, 130.192
5337, 38.52, 130.209
5338, 38.63, 130.242
5339, 38.74, 130.276
5340, 38.79, 130.292
5341, 38.89, 130.326
5342, 38.94, 130.342
5343, 39.05, 130.376
5344, 39.1, 130.392
5345, 39.2, 130.426
5346, 39.25, 130.442
5347, 39.34, 130.476
5348, 39.39, 130.492
5349, 39.49, 130.526
5350, 39.53, 130.542
5351, 39.6, 130.576
5352, 39.64, 130.592
5353, 39.74, 130.626
5354, 39.79, 130.642
5355, 39.89, 130.676
5356, 39.94, 130.692
5357, 40.03, 130.726
5358, 40.08, 130.742
5359, 40.17, 130.776
5360, 40.22, 130.792
5361, 40.32, 130.826
5362, 40.37, 130.842
5363, 40.48, 130.876
5364, 40.52, 130.892
5365, 40.62, 130.926
5366, 40.67, 130.942
5367, 40.77, 130.976
5368, 40.81, 130.992
5369, 40.89, 131.026
5370, 40.93, 131.042
5371, 41.03, 131.076
5372, 41.08, 131.092
5373, 41.16, 131.126
5374, 41.2, 131.142
5375, 41.27, 131.176
5376, 41.29, 131.192
5377, 41.27, 131.226
5378, 41.33, 131.242
5379, 41.37, 131.276
5380, 41.38, 131.292
5381, 41.41, 131.309
5382, 41.47, 131.342
5383, 41.48, 131.359
5384, 41.51, 131.392
5385, 41.52, 131.409
5386, 41.54, 131.442
5387, 41.54, 131.459
5388, 41.56, 131.492
5389, 41.57, 131.509
5390, 41.59, 131.542
5391, 41.61, 131.559
5392, 41.66, 131.592
5393, 41.68, 131.609
5394, 41.7, 131.626
5395, 41.72, 131.659
5396, 41.73, 131.676
5397, 41.75, 131.709
5398, 41.76, 131.726
5399, 41.78, 131.759
5400, 41.81, 131.776
5401, 41.86, 131.809
5402, 41.88, 131.826
5403, 41.91, 131.842
5404, 41.94, 131.876
5405, 41.95, 131.892
5406, 41.97, 131.926
5407, 41.97, 131.942
5408, 41.97, 131.959
5409, 41.93, 131.992
5410, 41.9, 132.009
5411, 41.81, 132.042
5412, 41.75, 132.059
5413, 41.64, 132.092
5414, 41.58, 132.109
5415, 41.51, 132.126
5416, 41.36, 132.159
5417, 41.27, 132.176
5418, 41.09, 132.209
5419, 41, 132.226
5420, 40.81, 132.259
5421, 40.72, 132.276
5422, 40.55, 132.309
5423, 40.46, 132.326
5424, 40.37, 132.342
5425, 40.2, 132.376
5426, 40.12, 132.392
5427, 39.97, 132.426
5428, 39.89, 132.442
5429, 39.75, 132.476
5430, 39.68, 132.492
5431, 39.53, 132.526
5432, 39.46, 132.542
5433, 39.32, 132.576
5434, 39.17, 132.609
5435, 39.09, 132.626
5436, 38.96, 132.659
5437, 38.91, 132.676
5438, 38.83, 132.709
5439, 38.79, 132.726
5440, 38.72, 132.759
5441, 38.69, 132.776
5442, 38.63, 132.809
5443, 38.59, 132.826
5444, 38.53, 132.859
5445, 38.48, 132.892
5446, 38.44, 132.909
5447, 38.38, 132.942
5448, 38.35, 132.959
5449, 38.29, 132.992
5450, 38.22, 133.026
5451, 38.19, 133.042
5452, 38.12, 133.076
5453, 38.09, 133.092
5454, 38.03, 133.126
5455, 38, 133.142
5456, 37.94, 133.176
5457, 37.87, 133.209
5458, 37.84, 133.226
5459, 37.78, 133.259
5460, 37.72, 133.292
5461, 37.69, 133.309
5462, 37.61, 133.342
5463, 37.56, 133.359
5464, 37.48, 133.392
5465, 37.39, 133.426
5466, 37.35, 133.442
5467, 37.27, 133.476
5468, 37.23, 133.492
5469, 37.16, 133.526
5470, 37.1, 133.559
5471, 37.07, 133.576
5472, 37.01, 133.609
5473, 36.98, 133.626
5474, 36.93, 133.659
5475, 36.88, 133.692
5476, 36.85, 133.709
5477, 36.81, 133.742
5478, 36.79, 133.759
5479, 36.73, 133.792
5480, 36.65, 133.826
5481, 36.62, 133.842
5482, 36.54, 133.876
5483, 36.51, 133.892
5484, 36.44, 133.926
5485, 36.36, 133.959
5486, 36.31, 133.976
5487, 36.21, 134.009
5488, 36.16, 134.026
5489, 36.05, 134.059
5490, 35.94, 134.092
5491, 35.88, 134.109
5492, 35.78, 134.142
5493, 35.69, 134.176
5494, 35.65, 134.192
5495, 35.59, 134.226
5496, 35.54, 134.259
5497, 35.51, 134.276
5498, 35.46, 134.309
5499, 35.4, 134.342
5500, 35.33, 134.376
5501, 35.3, 134.392
5502, 35.24, 134.426
5503, 35.19, 134.459
5504, 35.16, 134.476
5505, 35.1, 134.509
5506, 35.05, 134.542
5507, 34.99, 134.576
5508, 34.96, 134.592
5509, 34.9, 134.626
5510, 34.82, 134.659
5511, 34.79, 134.676
5512, 34.71, 134.709
5513, 34.63, 134.742
5514, 34.56, 134.776
5515, 34.52, 134.792
5516, 34.46, 134.826
5517, 34.39, 134.859
5518, 34.31, 134.892
5519, 34.28, 134.909
5520, 34.2, 134.942
5521, 34.12, 134.976
5522, 34.05, 135.009
5523, 34.01, 135.026
5524, 33.94, 135.059
5525, 33.88, 135.092
5526, 33.81, 135.126
5527, 33.81, 135.142
5528, 33.76, 135.176
5529, 33.71, 135.209
5530, 33.69, 135.242
5531, 33.68, 135.276
5532, 33.68, 135.292
5533, 33.69, 135.326
5534, 33.71, 135.359
5535, 33.72, 135.376
5536, 33.74, 135.409
5537, 33.76, 135.442
5538, 33.77, 135.476
5539, 33.77, 135.492
5540, 33.75, 135.526
5541, 33.71, 135.559
5542, 33.69, 135.576
5543, 33.65, 135.609
5544, 33.63, 135.642
5545, 33.64, 135.676
5546, 33.65, 135.692
5547, 33.69, 135.726
5548, 33.72, 135.759
5549, 33.77, 135.792
5550, 33.79, 135.809
5551, 33.85, 135.842
5552, 33.92, 135.876
5553, 33.99, 135.909
5554, 34.03, 135.926
5555, 34.11, 135.959
5556, 34.2, 135.992
5557, 34.29, 136.026
5558, 34.33, 136.042
5559, 34.41, 136.076
5560, 34.49, 136.109
5561, 34.58, 136.142
5562, 34.63, 136.159
5563, 34.72, 136.192
5564, 34.82, 136.226
5565, 34.91, 136.259
5566, 34.96, 136.276
5567, 35.03, 136.309
5568, 35.11, 136.342
5569, 35.2, 136.376
5570, 35.24, 136.392
5571, 35.33, 136.426
5572, 35.43, 136.459
5573, 35.48, 136.476
5574, 35.57, 136.509
5575, 35.66, 136.542
5576, 35.73, 136.576
5577, 35.77, 136.592
5578, 35.86, 136.626
5579, 35.96, 136.659
5580, 36, 136.676
5581, 36.08, 136.709
5582, 36.16, 136.742
5583, 36.21, 136.759
5584, 36.27, 136.792
5585, 36.34, 136.826
5586, 36.38, 136.842
5587, 36.47, 136.876
5588, 36.56, 136.909
5589, 36.61, 136.926
5590, 36.7, 136.959
5591, 36.79, 136.992
5592, 36.85, 137.009
5593, 36.96, 137.042
5594, 37.06, 137.076
5595, 37.12, 137.092
5596, 37.22, 137.126
5597, 37.27, 137.142
5598, 37.38, 137.176
5599, 37.48, 137.209
5600, 37.53, 137.226
5601, 37.64, 137.259
5602, 37.7, 137.276
5603, 37.8, 137.309
5604, 37.9, 137.342
5605, 37.94, 137.359
5606, 38.03, 137.392
5607, 38.08, 137.409
5608, 38.18, 137.442
5609, 38.27, 137.476
5610, 38.32, 137.492
5611, 38.42, 137.526
5612, 38.47, 137.542
5613, 38.57, 137.576
5614, 38.62, 137.592
5615, 38.72, 137.626
5616, 38.82, 137.659
5617, 38.87, 137.676
5618, 38.97, 137.709
5619, 39.02, 137.726
5620, 39.12, 137.759
5621, 39.17, 137.776
5622, 39.26, 137.809
5623, 39.32, 137.826
5624, 39.41, 137.859
5625, 39.45, 137.876
5626, 39.55, 137.909
5627, 39.6, 137.926
5628, 39.69, 137.959
5629, 39.74, 137.976
5630, 39.84, 138.009
5631, 39.89, 138.026
5632, 39.98, 138.059
5633, 40.03, 138.076
5634, 40.12, 138.109
5635, 40.16, 138.126
5636, 40.24, 138.159
5637, 40.27, 138.176
5638, 40.33, 138.209
5639, 40.36, 138.226
5640, 40.4, 138.259
5641, 40.42, 138.276
5642, 40.44, 138.309
5643, 40.45, 138.326
5644, 40.43, 138.359
5645, 40.4, 138.376
5646, 40.28, 138.409
5647, 40.19, 138.426
5648, 39.98, 138.459
5649, 39.86, 138.476
5650, 39.61, 138.509
5651, 39.48, 138.526
5652, 39.17, 138.559
5653, 39.03, 138.576
5654, 38.76, 138.609
5655, 38.61, 138.626
5656, 38.33, 138.659
5657, 38.02, 138.692
5658, 37.87, 138.709
5659, 37.57, 138.742
5660, 37.42, 138.759
5661, 37.11, 138.792
5662, 36.81, 138.826
5663, 36.67, 138.842
5664, 36.41, 138.876
5665, 36.17, 138.909
5666, 36.06, 138.926
5667, 35.85, 138.959
5668, 35.65, 138.992
5669, 35.55, 139.009
5670, 35.37, 139.042
5671, 35.19, 139.076
5672, 35.1, 139.092
5673, 34.93, 139.126
5674, 34.78, 139.159
5675, 34.65, 139.192
5676, 34.58, 139.209
5677, 34.46, 139.242
5678, 34.32, 139.276
5679, 34.26, 139.292
5680, 34.13, 139.326
5681, 34, 139.359
5682, 33.89, 139.392
5683, 33.8, 139.426
5684, 33.75, 139.442
5685, 33.67, 139.476
5686, 33.61, 139.509
5687, 33.55, 139.542
5688, 33.52, 139.559
5689, 33.46, 139.592
5690, 33.4, 139.626
5691, 33.34, 139.659
5692, 33.28, 139.692
5693, 33.24, 139.709
5694, 33.17, 139.742
5695, 33.09, 139.776
5696, 33.01, 139.809
5697, 32.93, 139.842
5698, 32.85, 139.876
5699, 32.8, 139.892
5700, 32.72, 139.926
5701, 32.65, 139.959
5702, 32.58, 139.992
5703, 32.51, 140.026
5704, 32.44, 140.059
5705, 32.41, 140.076
5706, 32.34, 140.109
5707, 32.26, 140.142
5708, 32.19, 140.176
5709, 32.13, 140.209
5710, 32.07, 140.242
5711, 32.01, 140.276
5712, 31.98, 140.292
5713, 31.91, 140.326
5714, 31.84, 140.359
5715, 31.73, 140.392
5716, 31.66, 140.426
5717, 31.6, 140.459
5718, 31.54, 140.492
5719, 31.52, 140.509
5720, 31.46, 140.542
5721, 31.39, 140.576
5722, 31.3, 140.609
5723, 31.19, 140.642
5724, 31.08, 140.676
5725, 30.98, 140.709
5726, 30.89, 140.742
5727, 30.84, 140.776
5728, 30.8, 140.809
5729, 30.75, 140.842
5730, 30.74, 140.859
5731, 30.74, 140.892
5732, 30.74, 140.926
5733, 30.74, 140.959
5734, 30.77, 140.992
5735, 30.81, 141.026
5736, 30.87, 141.059
5737, 30.93, 141.092
5738, 31, 141.126
5739, 31.08, 141.159
5740, 31.17, 141.192
5741, 31.24, 141.226
5742, 31.3, 141.259
5743, 31.33, 141.276
5744, 31.41, 141.309
5745, 31.53, 141.342
5746, 31.65, 141.376
5747, 31.73, 141.409
5748, 31.8, 141.442
5749, 31.87, 141.476
5750, 31.9, 141.492
5751, 31.98, 141.526
5752, 32.05, 141.559
5753, 32.14, 141.592
5754, 32.21, 141.626
5755, 32.26, 141.659
5756, 32.29, 141.676
5757, 32.36, 141.709
5758, 32.45, 141.742
5759, 32.57, 141.776
5760, 32.64, 141.809
5761, 32.69, 141.842
5762, 32.76, 141.859
5763, 32.87, 141.892
5764, 33.02, 141.926
5765, 33.16, 141.959
5766, 33.27, 141.992
5767, 33.39, 142.026
5768, 33.46, 142.042
5769, 33.61, 142.076
5770, 33.75, 142.109
5771, 33.9, 142.142
5772, 34.05, 142.176
5773, 34.12, 142.192
5774, 34.26, 142.226
5775, 34.4, 142.259
5776, 34.54, 142.292
5777, 34.61, 142.309
5778, 34.76, 142.342
5779, 34.9, 142.376
5780, 35.05, 142.409
5781, 35.13, 142.426
5782, 35.3, 142.459
5783, 35.46, 142.492
5784, 35.53, 142.509
5785, 35.67, 142.542
5786, 35.81, 142.576
5787, 35.9, 142.592
5788, 36.07, 142.626
5789, 36.2, 142.659
5790, 36.24, 142.676
5791, 36.32, 142.709
5792, 36.5, 142.742
5793, 36.61, 142.759
5794, 36.75, 142.792
5795, 36.89, 142.826
5796, 36.97, 142.842
5797, 37.12, 142.876
5798, 37.25, 142.909
5799, 37.31, 142.926
5800, 37.44, 142.959
5801, 37.51, 142.976
5802, 37.62, 143.009
5803, 37.74, 143.042
5804, 37.8, 143.059
5805, 37.93, 143.092
5806, 37.99, 143.109
5807, 38.11, 143.142
5808, 38.23, 143.176
5809, 38.29, 143.192
5810, 38.4, 143.226
5811, 38.46, 143.242
5812, 38.57, 143.276
5813, 38.62, 143.292
5814, 38.74, 143.326
5815, 38.79, 143.342
5816, 38.91, 143.376
5817, 39.02, 143.409
5818, 39.07, 143.426
5819, 39.18, 143.459
5820, 39.24, 143.476
5821, 39.35, 143.509
5822, 39.41, 143.526
5823, 39.52, 143.559
5824, 39.58, 143.576
5825, 39.69, 143.609
5826, 39.75, 143.626
5827, 39.87, 143.659
5828, 39.92, 143.676
5829, 40.04, 143.709
5830, 40.1, 143.726
5831, 40.22, 143.759
5832, 40.28, 143.776
5833, 40.39, 143.809
5834, 40.45, 143.826
5835, 40.57, 143.859
5836, 40.63, 143.876
5837, 40.74, 143.909
5838, 40.8, 143.926
5839, 40.91, 143.959
5840, 40.97, 143.976
5841, 41.08, 144.009
5842, 41.14, 144.026
5843, 41.25, 144.059
5844, 41.3, 144.076
5845, 41.41, 144.109
5846, 41.47, 144.126
5847, 41.52, 144.142
5848, 41.63, 144.176
5849, 41.68, 144.192
5850, 41.69, 144.226
5851, 41.7, 144.242
5852, 41.84, 144.276
5853, 41.88, 144.292
5854, 41.92, 144.309
5855, 42.03, 144.342
5856, 42.08, 144.359
5857, 42.18, 144.392
5858, 42.23, 144.409
5859, 42.35, 144.442
5860, 42.4, 144.459
5861, 42.45, 144.476
5862, 42.54, 144.509
5863, 42.59, 144.526
5864, 42.72, 144.559
5865, 42.78, 144.576
5866, 42.88, 144.609
5867, 42.92, 144.626
5868, 42.98, 144.642
5869, 43.08, 144.676
5870, 43.13, 144.692
5871, 43.24, 144.726
5872, 43.3, 144.742
5873, 43.36, 144.759
5874, 43.47, 144.792
5875, 43.53, 144.809
5876, 43.58, 144.826
5877, 43.71, 144.859
5878, 43.77, 144.876
5879, 43.89, 144.909
5880, 43.94, 144.926
5881, 44, 144.942
5882, 44.11, 144.976
5883, 44.16, 144.992
5884, 44.22, 145.009
5885, 44.34, 145.042
5886, 44.39, 145.059
5887, 44.5, 145.092
5888, 44.55, 145.109
5889, 44.6, 145.126
5890, 44.71, 145.159
5891, 44.77, 145.176
5892, 44.82, 145.192
5893, 44.94, 145.226
5894, 44.99, 145.242
5895, 45.05, 145.259
5896, 45.15, 145.292
5897, 45.21, 145.309
5898, 45.26, 145.326
5899, 45.36, 145.359
5900, 45.41, 145.376
5901, 45.47, 145.392
5902, 45.57, 145.426
5903, 45.62, 145.442
5904, 45.67, 145.459
5905, 45.78, 145.492
5906, 45.83, 145.509
5907, 45.88, 145.526
5908, 45.98, 145.559
5909, 46.03, 145.576
5910, 46.08, 145.592
5911, 46.14, 145.609
5912, 46.24, 145.642
5913, 46.29, 145.659
5914, 46.34, 145.676
5915, 46.45, 145.709
5916, 46.5, 145.726
5917, 46.55, 145.742
5918, 46.65, 145.776
5919, 46.7, 145.792
5920, 46.75, 145.809
5921, 46.8, 145.826
5922, 46.91, 145.859
5923, 46.96, 145.876
5924, 47.01, 145.892
5925, 47.11, 145.926
5926, 47.16, 145.942
5927, 47.21, 145.959
5928, 47.26, 145.976
5929, 47.35, 146.009
5930, 47.4, 146.026
5931, 47.45, 146.042
5932, 47.49, 146.059
5933, 47.59, 146.092
5934, 47.64, 146.109
5935, 47.68, 146.126
5936, 47.73, 146.142
5937, 47.83, 146.176
5938, 47.88, 146.192
5939, 47.93, 146.209
5940, 48.02, 146.242
5941, 48.07, 146.259
5942, 48.12, 146.276
5943, 48.16, 146.292
5944, 48.25, 146.326
5945, 48.3, 146.342
5946, 48.34, 146.359
5947, 48.39, 146.376
5948, 48.43, 146.392
5949, 48.52, 146.426
5950, 48.57, 146.442
5951, 48.61, 146.459
5952, 48.66, 146.476
5953, 48.74, 146.509
5954, 48.79, 146.526
5955, 48.83, 146.542
5956, 48.88, 146.559
5957, 48.96, 146.592
5958, 49, 146.609
5959, 49.05, 146.626
5960, 49.09, 146.642
5961, 49.14, 146.659
5962, 49.22, 146.692
5963, 49.26, 146.709
5964, 49.3, 146.726
5965, 49.35, 146.742
5966, 49.43, 146.776
5967, 49.47, 146.792
5968, 49.51, 146.809
5969, 49.55, 146.826
5970, 49.59, 146.842
5971, 49.67, 146.876
5972, 49.71, 146.892
5973, 49.76, 146.909
5974, 49.8, 146.926
5975, 49.84, 146.942
5976, 49.92, 146.976
5977, 49.96, 146.992
5978, 50, 147.009
5979, 50.04, 147.026
5980, 50.08, 147.042
5981, 50.16, 147.076
5982, 50.2, 147.092
5983, 50.24, 147.109
5984, 50.28, 147.126
5985, 50.32, 147.142
5986, 50.39, 147.176
5987, 50.43, 147.192
5988, 50.47, 147.209
5989, 50.5, 147.226
5990, 50.51, 147.242
5991, 50.52, 147.276
5992, 50.58, 147.292
5993, 50.6, 147.309
5994, 50.62, 147.326
5995, 50.65, 147.342
5996, 50.73, 147.376
5997, 50.76, 147.392
5998, 50.79, 147.409
5999, 50.83, 147.426
6000, 50.86, 147.442
6001, 50.9, 147.459
6002, 50.97, 147.492
6003, 51, 147.509
6004, 51.04, 147.526
6005, 51.08, 147.542
6006, 51.11, 147.559
6007, 51.18, 147.592
6008, 51.21, 147.609
6009, 51.25, 147.626
6010, 51.28, 147.642
6011, 51.31, 147.659
6012, 51.35, 147.676
6013, 51.42, 147.709
6014, 51.45, 147.726
6015, 51.48, 147.742
6016, 51.51, 147.759
6017, 51.55, 147.776
6018, 51.58, 147.792
6019, 51.64, 147.826
6020, 51.68, 147.842
6021, 51.71, 147.859
6022, 51.73, 147.876
6023, 51.76, 147.892
6024, 51.8, 147.909
6025, 51.83, 147.926
6026, 51.89, 147.959
6027, 51.92, 147.976
6028, 51.95, 147.992
6029, 51.98, 148.009
6030, 52.01, 148.026
6031, 52.04, 148.042
6032, 52.11, 148.076
6033, 52.14, 148.092
6034, 52.17, 148.109
6035, 52.2, 148.126
6036, 52.23, 148.142
6037, 52.26, 148.159
6038, 52.29, 148.176
6039, 52.35, 148.209
6040, 52.38, 148.226
6041, 52.41, 148.242
6042, 52.44, 148.259
6043, 52.47, 148.276
6044, 52.5, 148.292
6045, 52.52, 148.309
6046, 52.58, 148.342
6047, 52.61, 148.359
6048, 52.64, 148.376
6049, 52.67, 148.392
6050, 52.7, 148.409
6051, 52.72, 148.426
6052, 52.75, 148.442
6053, 52.81, 148.476
6054, 52.84, 148.492
6055, 52.86, 148.509
6056, 52.89, 148.526
6057, 52.92, 148.542
6058, 52.95, 148.559
6059, 52.97, 148.576
6060, 53.03, 148.609
6061, 53.06, 148.626
6062, 53.08, 148.642
6063, 53.11, 148.659
6064, 53.14, 148.676
6065, 53.16, 148.692
6066, 53.19, 148.709
6067, 53.21, 148.726
6068, 53.27, 148.759
6069, 53.29, 148.776
6070, 53.32, 148.792
6071, 53.35, 148.809
6072, 53.37, 148.826
6073, 53.4, 148.842
6074, 53.43, 148.859
6075, 53.46, 148.876
6076, 53.53, 148.909
6077, 53.56, 148.926
6078, 53.59, 148.942
6079, 53.61, 148.959
6080, 53.64, 148.976
6081, 53.67, 148.992
6082, 53.69, 149.009
6083, 53.72, 149.026
6084, 53.75, 149.059
6085, 53.78, 149.076
6086, 53.82, 149.092
6087, 53.85, 149.109
6088, 53.88, 149.126
6089, 53.91, 149.142
6090, 53.94, 149.159
6091, 53.96, 149.176
6092, 53.98, 149.192
6093, 54.03, 149.226
6094, 54.05, 149.242
6095, 54.08, 149.259
6096, 54.11, 149.276
6097, 54.13, 149.292
6098, 54.16, 149.309
6099, 54.18, 149.326
6100, 54.21, 149.342
6101, 54.24, 149.359
6102, 54.29, 149.392
6103, 54.31, 149.409
6104, 54.33, 149.426
6105, 54.36, 149.442
6106, 54.39, 149.459
6107, 54.41, 149.476
6108, 54.44, 149.492
6109, 54.46, 149.509
6110, 54.49, 149.526
6111, 54.52, 149.542
6112, 54.59, 149.576
6113, 54.62, 149.592
6114, 54.65, 149.609
6115, 54.67, 149.626
6116, 54.69, 149.642
6117, 54.71, 149.659
6118, 54.72, 149.676
6119, 54.72, 149.692
6120, 54.73, 149.709
6121, 54.75, 149.726
6122, 54.82, 149.759
6123, 54.89, 149.776
6124, 54.95, 149.792
6125, 54.99, 149.809
6126, 55.02, 149.826
6127, 55.04, 149.842
6128, 55.07, 149.859
6129, 55.09, 149.876
6130, 55.12, 149.892
6131, 55.15, 149.909
6132, 55.18, 149.926
6133, 55.21, 149.959
6134, 55.25, 149.976
6135, 55.32, 149.992
6136, 55.36, 150.009
6137, 55.38, 150.026
6138, 55.4, 150.042
6139, 55.42, 150.059
6140, 55.44, 150.076
6141, 55.47, 150.092
6142, 55.5, 150.109
6143, 55.53, 150.126
6144, 55.57, 150.142
6145, 55.63, 150.176
6146, 55.65, 150.192
6147, 55.68, 150.209
6148, 55.72, 150.226
6149, 55.74, 150.242
6150, 55.77, 150.259
6151, 55.79, 150.276
6152, 55.81, 150.292
6153, 55.83, 150.309
6154, 55.86, 150.326
6155, 55.9, 150.342
6156, 55.95, 150.359
6157, 55.99, 150.376
6158, 56.04, 150.409
6159, 56.07, 150.426
6160, 56.11, 150.442
6161, 56.15, 150.459
6162, 56.19, 150.476
6163, 56.22, 150.492
6164, 56.25, 150.509
6165, 56.29, 150.526
6166, 56.33, 150.542
6167, 56.37, 150.559
6168, 56.4, 150.576
6169, 56.43, 150.592
6170, 56.45, 150.609
6171, 56.49, 150.626
6172, 56.55, 150.659
6173, 56.59, 150.676
6174, 56.62, 150.692
6175, 56.65, 150.709
6176, 56.69, 150.726
6177, 56.72, 150.742
6178, 56.75, 150.759
6179, 56.78, 150.776
6180, 56.81, 150.792
6181, 56.84, 150.809
6182, 56.87, 150.826
6183, 56.9, 150.842
6184, 56.93, 150.859
6185, 56.96, 150.876
6186, 56.99, 150.892
6187, 57.03, 150.909
6188, 57.06, 150.926
6189, 57.09, 150.942
6190, 57.15, 150.976
6191, 57.17, 150.992
6192, 57.2, 151.009
6193, 57.23, 151.026
6194, 57.26, 151.042
6195, 57.29, 151.059
6196, 57.31, 151.076
6197, 57.34, 151.092
6198, 57.37, 151.109
6199, 57.39, 151.126
6200, 57.42, 151.142
6201, 57.44, 151.159
6202, 57.47, 151.176
6203, 57.5, 151.192
6204, 57.52, 151.209
6205, 57.55, 151.226
6206, 57.58, 151.242
6207, 57.61, 151.259
6208, 57.64, 151.276
6209, 57.66, 151.292
6210, 57.69, 151.309
6211, 57.71, 151.326
6212, 57.73, 151.342
6213, 57.75, 151.359
6214, 57.78, 151.376
6215, 57.83, 151.409
6216, 57.85, 151.426
6217, 57.87, 151.442
6218, 57.89, 151.459
6219, 57.91, 151.476
6220, 57.93, 151.492
6221, 57.95, 151.509
6222, 57.98, 151.526
6223, 58.01, 151.542
6224, 58.03, 151.559
6225, 58.05, 151.576
6226, 58.07, 151.592
6227, 58.09, 151.609
6228, 58.11, 151.626
6229, 58.13, 151.642
6230, 58.15, 151.659
6231, 58.16, 151.676
6232, 58.18, 151.692
6233, 58.2, 151.709
6234, 58.22, 151.726
6235, 58.24, 151.742
6236, 58.26, 151.759
6237, 58.27, 151.776
6238, 58.29, 151.792
6239, 58.31, 151.809
6240, 58.32, 151.826
6241, 58.34, 151.842
6242, 58.35, 151.859
6243, 58.36, 151.876
6244, 58.38, 151.892
6245, 58.4, 151.909
6246, 58.41, 151.926
6247, 58.43, 151.942
6248, 58.44, 151.959
6249, 58.46, 151.976
6250, 58.47, 151.992
6251, 58.48, 152.009
6252, 58.49, 152.026
6253, 58.5, 152.042
6254, 58.53, 152.076
6255, 58.55, 152.092
6256, 58.56, 152.109
6257, 58.57, 152.126
6258, 58.59, 152.142
6259, 58.61, 152.159
6260, 58.62, 152.176
6261, 58.64, 152.192
6262, 58.64, 152.209
6263, 58.65, 152.226
6264, 58.66, 152.242
6265, 58.67, 152.259
6266, 58.68, 152.276
6267, 58.69, 152.292
6268, 58.7, 152.309
6269, 58.71, 152.326
6270, 58.72, 152.342
6271, 58.73, 152.359
6272, 58.75, 152.376
6273, 58.76, 152.392
6274, 58.78, 152.409
6275, 58.8, 152.426
6276, 58.81, 152.442
6277, 58.82, 152.459
6278, 58.82, 152.476
6279, 58.83, 152.492
6280, 58.84, 152.509
6281, 58.85, 152.526
6282, 58.86, 152.542
6283, 58.87, 152.559
6284, 58.89, 152.576
6285, 58.91, 152.592
6286, 58.92, 152.609
6287, 58.93, 152.626
6288, 58.93, 152.642
6289, 58.94, 152.659
6290, 58.95, 152.676
6291, 58.96, 152.692
6292, 58.96, 152.709
6293, 58.97, 152.726
6294, 58.98, 152.742
6295, 59, 152.759
6296, 59.01, 152.776
6297, 59.03, 152.792
6298, 59.04, 152.809
6299, 59.04, 152.826
6300, 59.05, 152.859
6301, 59.06, 152.876
6302, 59.06, 152.892
6303, 59.07, 152.909
6304, 59.07, 152.926
6305, 59.08, 152.942
6306, 59.09, 152.959
6307, 59.1, 152.976
6308, 59.11, 152.992
6309, 59.12, 153.009
6310, 59.13, 153.026
6311, 59.13, 153.042
6312, 59.14, 153.059
6313, 59.15, 153.076
6314, 59.15, 153.092
6315, 59.16, 153.109
6316, 59.17, 153.126
6317, 59.17, 153.142
6318, 59.17, 153.159
6319, 59.17, 153.176
6320, 59.17, 153.192
6321, 59.18, 153.209
6322, 59.19, 153.226
6323, 59.19, 153.242
6324, 59.19, 153.259
6325, 59.2, 153.276
6326, 59.2, 153.292
6327, 59.21, 153.309
6328, 59.22, 153.326
6329, 59.22, 153.342
6330, 59.23, 153.359
6331, 59.23, 153.376
6332, 59.23, 153.392
6333, 59.23, 153.409
6334, 59.24, 153.426
6335, 59.24, 153.442
6336, 59.25, 153.459
6337, 59.26, 153.476
6338, 59.26, 153.492
6339, 59.26, 153.509
6340, 59.26, 153.526
6341, 59.26, 153.542
6342, 59.26, 153.559
6343, 59.26, 153.576
6344, 59.26, 153.592
6345, 59.26, 153.609
6346, 59.27, 153.626
6347, 59.27, 153.642
6348, 59.27, 153.659
6349, 59.28, 153.676
6350, 59.28, 153.692
6351, 59.27, 153.709
6352, 59.27, 153.742
6353, 59.27, 153.759
6354, 59.27, 153.776
6355, 59.27, 153.792
6356, 59.27, 153.809
6357, 59.26, 153.826
6358, 59.26, 153.842
6359, 59.25, 153.859
6360, 59.25, 153.876
6361, 59.25, 153.892
6362, 59.25, 153.909
6363, 59.25, 153.926
6364, 59.24, 153.942
6365, 59.24, 153.959
6366, 59.23, 153.976
6367, 59.23, 153.992
6368, 59.22, 154.009
6369, 59.21, 154.026
6370, 59.2, 154.042
6371, 59.2, 154.059
6372, 59.19, 154.076
6373, 59.18, 154.092
6374, 59.17, 154.109
6375, 59.16, 154.126
6376, 59.13, 154.142
6377, 59.09, 154.159
6378, 59.05, 154.176
6379, 59.01, 154.192
6380, 58.96, 154.209
6381, 58.92, 154.226
6382, 58.87, 154.242
6383, 58.83, 154.259
6384, 58.79, 154.276
6385, 58.74, 154.292
6386, 58.7, 154.309
6387, 58.66, 154.326
6388, 58.61, 154.342
6389, 58.53, 154.376
6390, 58.49, 154.392
6391, 58.45, 154.409
6392, 58.41, 154.426
6393, 58.38, 154.442
6394, 58.4, 154.459
6395, 58.42, 154.476
6396, 58.44, 154.492
6397, 58.45, 154.509
6398, 58.46, 154.526
6399, 58.47, 154.542
6400, 58.48, 154.559
6401, 58.49, 154.576
6402, 58.5, 154.592
6403, 58.5, 154.609
6404, 58.5, 154.626
6405, 58.5, 154.642
6406, 58.5, 154.659
6407, 58.5, 154.676
6408, 58.49, 154.692
6409, 58.48, 154.709
6410, 58.45, 154.726
6411, 58.42, 154.742
6412, 58.4, 154.759
6413, 58.39, 154.776
6414, 58.37, 154.792
6415, 58.37, 154.809
6416, 58.36, 154.826
6417, 58.36, 154.842
6418, 58.35, 154.859
6419, 58.35, 154.876
6420, 58.37, 154.892
6421, 58.43, 154.926
6422, 58.45, 154.942
6423, 58.47, 154.959
6424, 58.47, 154.976
6425, 58.48, 154.992
6426, 58.49, 155.009
6427, 58.5, 155.026
6428, 58.51, 155.042
6429, 58.52, 155.059
6430, 58.53, 155.076
6431, 58.55, 155.092
6432, 58.56, 155.109
6433, 58.57, 155.126
6434, 58.58, 155.142
6435, 58.58, 155.159
6436, 58.56, 155.176
6437, 58.54, 155.192
6438, 58.5, 155.209
6439, 58.46, 155.226
6440, 58.41, 155.242
6441, 58.37, 155.259
6442, 58.32, 155.276
6443, 58.27, 155.292
6444, 58.21, 155.309
6445, 58.16, 155.326
6446, 58.11, 155.342
6447, 58.06, 155.359
6448, 58.01, 155.376
6449, 57.97, 155.392
6450, 57.92, 155.409
6451, 57.87, 155.426
6452, 57.82, 155.442
6453, 57.77, 155.459
6454, 57.68, 155.492
6455, 57.63, 155.509
6456, 57.59, 155.526
6457, 57.54, 155.542
6458, 57.5, 155.559
6459, 57.46, 155.576
6460, 57.41, 155.592
6461, 57.37, 155.609
6462, 57.33, 155.626
6463, 57.29, 155.642
6464, 57.24, 155.659
6465, 57.19, 155.676
6466, 57.14, 155.692
6467, 57.1, 155.709
6468, 57.05, 155.726
6469, 57.01, 155.742
6470, 56.96, 155.759
6471, 56.91, 155.776
6472, 56.86, 155.792
6473, 56.81, 155.809
6474, 56.71, 155.842
6475, 56.66, 155.859
6476, 56.62, 155.876
6477, 56.57, 155.892
6478, 56.53, 155.909
6479, 56.5, 155.926
6480, 56.46, 155.942
6481, 56.43, 155.959
6482, 56.39, 155.976
6483, 56.35, 155.992
6484, 56.31, 156.009
6485, 56.27, 156.026
6486, 56.23, 156.042
6487, 56.19, 156.059
6488, 56.15, 156.076
6489, 56.08, 156.109
6490, 56.04, 156.126
6491, 56, 156.142
6492, 55.96, 156.159
6493, 55.92, 156.176
6494, 55.88, 156.192
6495, 55.84, 156.209
6496, 55.8, 156.226
6497, 55.76, 156.242
6498, 55.72, 156.259
6499, 55.68, 156.276
6500, 55.64, 156.292
6501, 55.59, 156.309
6502, 55.5, 156.342
6503, 55.46, 156.359
6504, 55.42, 156.376
6505, 55.37, 156.392
6506, 55.33, 156.409
6507, 55.29, 156.426
6508, 55.24, 156.442
6509, 55.2, 156.459
6510, 55.15, 156.476
6511, 55.11, 156.492
6512, 55.07, 156.509
6513, 54.99, 156.542
6514, 54.96, 156.559
6515, 54.93, 156.576
6516, 54.89, 156.592
6517, 54.85, 156.609
6518, 54.81, 156.626
6519, 54.78, 156.642
6520, 54.76, 156.659
6521, 54.73, 156.676
6522, 54.7, 156.692
6523, 54.67, 156.709
6524, 54.61, 156.742
6525, 54.57, 156.759
6526, 54.53, 156.776
6527, 54.48, 156.792
6528, 54.43, 156.809
6529, 54.38, 156.826
6530, 54.33, 156.842
6531, 54.29, 156.859
6532, 54.24, 156.876
6533, 54.14, 156.909
6534, 54.1, 156.926
6535, 54.06, 156.942
6536, 54.02, 156.959
6537, 53.97, 156.976
6538, 53.93, 156.992
6539, 53.88, 157.009
6540, 53.84, 157.026
6541, 53.79, 157.042
6542, 53.74, 157.059
6543, 53.67, 157.092
6544, 53.64, 157.109
6545, 53.61, 157.126
6546, 53.58, 157.142
6547, 53.56, 157.159
6548, 53.53, 157.176
6549, 53.52, 157.192
6550, 53.5, 157.209
6551, 53.48, 157.226
6552, 53.44, 157.259
6553, 53.43, 157.276
6554, 53.42, 157.292
6555, 53.41, 157.309
6556, 53.41, 157.326
6557, 53.41, 157.342
6558, 53.42, 157.359
6559, 53.42, 157.376
6560, 53.43, 157.392
6561, 53.44, 157.409
6562, 53.45, 157.442
6563, 53.46, 157.459
6564, 53.47, 157.476
6565, 53.48, 157.492
6566, 53.49, 157.509
6567, 53.49, 157.526
6568, 53.5, 157.542
6569, 53.51, 157.559
6570, 53.53, 157.576
6571, 53.55, 157.592
6572, 53.57, 157.626
6573, 53.58, 157.642
6574, 53.59, 157.659
6575, 53.6, 157.676
6576, 53.61, 157.692
6577, 53.63, 157.709
6578, 53.65, 157.726
6579, 53.66, 157.742
6580, 53.68, 157.759
6581, 53.69, 157.776
6582, 53.71, 157.792
6583, 53.76, 157.826
6584, 53.78, 157.842
6585, 53.79, 157.859
6586, 53.81, 157.876
6587, 53.83, 157.892
6588, 53.85, 157.909
6589, 53.87, 157.926
6590, 53.89, 157.942
6591, 53.91, 157.959
6592, 53.93, 157.976
6593, 53.97, 158.009
6594, 53.99, 158.026
6595, 54.01, 158.042
6596, 54.03, 158.059
6597, 54.05, 158.076
6598, 54.09, 158.092
6599, 54.11, 158.109
6600, 54.13, 158.126
6601, 54.15, 158.142
6602, 54.16, 158.159
6603, 54.19, 158.176
6604, 54.24, 158.209
6605, 54.26, 158.226
6606, 54.29, 158.242
6607, 54.32, 158.259
6608, 54.34, 158.276
6609, 54.36, 158.292
6610, 54.38, 158.309
6611, 54.39, 158.326
6612, 54.41, 158.342
6613, 54.42, 158.359
6614, 54.44, 158.376
6615, 54.49, 158.409
6616, 54.51, 158.426
6617, 54.53, 158.442
6618, 54.55, 158.459
6619, 54.57, 158.476
6620, 54.59, 158.492
6621, 54.62, 158.509
6622, 54.64, 158.526
6623, 54.67, 158.542
6624, 54.69, 158.559
6625, 54.72, 158.576
6626, 54.73, 158.592
6627, 54.76, 158.626
6628, 54.78, 158.642
6629, 54.79, 158.659
6630, 54.8, 158.676
6631, 54.83, 158.692
6632, 54.86, 158.709
6633, 54.88, 158.726
6634, 54.89, 158.742
6635, 54.9, 158.759
6636, 54.92, 158.776
6637, 54.94, 158.792
6638, 54.97, 158.826
6639, 54.99, 158.842
6640, 55.01, 158.859
6641, 55.02, 158.876
6642, 55.04, 158.892
6643, 55.06, 158.909
6644, 55.08, 158.926
6645, 55.09, 158.942
6646, 55.1, 158.959
6647, 55.11, 158.976
6648, 55.12, 158.992
6649, 55.15, 159.026
6650, 55.16, 159.042
6651, 55.16, 159.059
6652, 55.17, 159.076
6653, 55.18, 159.092
6654, 55.19, 159.109
6655, 55.2, 159.126
6656, 55.22, 159.142
6657, 55.23, 159.159
6658, 55.24, 159.176
6659, 55.25, 159.192
6660, 55.26, 159.226
6661, 55.26, 159.242
6662, 55.27, 159.259
6663, 55.27, 159.276
6664, 55.29, 159.292
6665, 55.29, 159.309
6666, 55.3, 159.326
6667, 55.3, 159.342
6668, 55.3, 159.359
6669, 55.31, 159.376
6670, 55.31, 159.392
6671, 55.32, 159.409
6672, 55.34, 159.442
6673, 55.35, 159.459
6674, 55.37, 159.476
6675, 55.38, 159.492
6676, 55.39, 159.509
6677, 55.41, 159.526
6678, 55.42, 159.542
6679, 55.44, 159.559
6680, 55.45, 159.576
6681, 55.46, 159.592
6682, 55.48, 159.609
6683, 55.49, 159.626
6684, 55.5, 159.642
6685, 55.53, 159.676
6686, 55.54, 159.692
6687, 55.56, 159.709
6688, 55.57, 159.726
6689, 55.59, 159.742
6690, 55.62, 159.759
6691, 55.64, 159.776
6692, 55.66, 159.792
6693, 55.68, 159.809
6694, 55.69, 159.826
6695, 55.71, 159.842
6696, 55.72, 159.859
6697, 55.74, 159.876
6698, 55.78, 159.909
6699, 55.8, 159.926
6700, 55.81, 159.942
6701, 55.83, 159.959
6702, 55.85, 159.976
6703, 55.88, 159.992
6704, 55.9, 160.009
6705, 55.91, 160.026
6706, 55.93, 160.042
6707, 55.96, 160.059
6708, 55.98, 160.076
6709, 56, 160.092
6710, 56.01, 160.109
6711, 56.06, 160.142
6712, 56.08, 160.159
6713, 56.1, 160.176
6714, 56.12, 160.192
6715, 56.13, 160.209
6716, 56.15, 160.226
6717, 56.17, 160.242
6718, 56.2, 160.259
6719, 56.22, 160.276
6720, 56.23, 160.292
6721, 56.25, 160.309
6722, 56.27, 160.326
6723, 56.29, 160.342
6724, 56.31, 160.359
6725, 56.34, 160.376
6726, 56.38, 160.409
6727, 56.4, 160.426
6728, 56.42, 160.442
6729, 56.45, 160.459
6730, 56.46, 160.476
6731, 56.48, 160.492
6732, 56.5, 160.509
6733, 56.53, 160.526
6734, 56.55, 160.542
6735, 56.58, 160.559
6736, 56.6, 160.576
6737, 56.62, 160.592
6738, 56.64, 160.609
6739, 56.66, 160.626
6740, 56.68, 160.642
6741, 56.71, 160.659
6742, 56.73, 160.676
6743, 56.77, 160.709
6744, 56.79, 160.726
6745, 56.81, 160.742
6746, 56.82, 160.759
6747, 56.84, 160.776
6748, 56.86, 160.792
6749, 56.88, 160.809
6750, 56.9, 160.826
6751, 56.93, 160.842
6752, 56.95, 160.859
6753, 56.96, 160.876
6754, 56.98, 160.892
6755, 57, 160.909
6756, 57.02, 160.926
6757, 57.05, 160.942
6758, 57.07, 160.959
6759, 57.09, 160.976
6760, 57.11, 160.992
6761, 57.14, 161.026
6762, 57.16, 161.042
6763, 57.18, 161.059
6764, 57.2, 161.076
6765, 57.22, 161.092
6766, 57.23, 161.109
6767, 57.25, 161.126
6768, 57.27, 161.142
6769, 57.29, 161.159
6770, 57.31, 161.176
6771, 57.33, 161.192
6772, 57.35, 161.209
6773, 57.36, 161.226
6774, 57.38, 161.242
6775, 57.4, 161.259
6776, 57.42, 161.276
6777, 57.44, 161.292
6778, 57.45, 161.309
6779, 57.47, 161.326
6780, 57.49, 161.342
6781, 57.51, 161.359
6782, 57.53, 161.376
6783, 57.56, 161.409
6784, 57.58, 161.426
6785, 57.6, 161.442
6786, 57.62, 161.459
6787, 57.64, 161.476
6788, 57.65, 161.492
6789, 57.67, 161.509
6790, 57.69, 161.526
6791, 57.71, 161.542
6792, 57.72, 161.559
6793, 57.74, 161.576
6794, 57.76, 161.592
6795, 57.77, 161.609
6796, 57.79, 161.626
6797, 57.8, 161.642
6798, 57.82, 161.659
6799, 57.84, 161.676
6800, 57.86, 161.692
6801, 57.89, 161.709
6802, 57.91, 161.726
6803, 57.93, 161.742
6804, 57.94, 161.759
6805, 57.96, 161.776
6806, 57.97, 161.792
6807, 57.99, 161.809
6808, 58, 161.826
6809, 58.02, 161.842
6810, 58.06, 161.876
6811, 58.07, 161.892
6812, 58.09, 161.909
6813, 58.11, 161.926
6814, 58.13, 161.942
6815, 58.15, 161.959
6816, 58.16, 161.976
6817, 58.18, 161.992
6818, 58.2, 162.009
6819, 58.22, 162.026
6820, 58.24, 162.042
6821, 58.25, 162.059
6822, 58.27, 162.076
6823, 58.28, 162.092
6824, 58.3, 162.109
6825, 58.32, 162.126
6826, 58.34, 162.142
6827, 58.35, 162.159
6828, 58.37, 162.176
6829, 58.38, 162.192
6830, 58.4, 162.209
6831, 58.42, 162.226
6832, 58.44, 162.242
6833, 58.46, 162.259
6834, 58.48, 162.276
6835, 58.51, 162.292
6836, 58.53, 162.309
6837, 58.54, 162.326
6838, 58.56, 162.342
6839, 58.57, 162.359
6840, 58.59, 162.376
6841, 58.61, 162.392
6842, 58.63, 162.409
6843, 58.65, 162.426
6844, 58.7, 162.459
6845, 58.73, 162.476
6846, 58.75, 162.492
6847, 58.77, 162.509
6848, 58.79, 162.526
6849, 58.81, 162.542
6850, 58.83, 162.559
6851, 58.85, 162.576
6852, 58.87, 162.592
6853, 58.89, 162.609
6854, 58.89, 162.626
6855, 58.86, 162.642
6856, 58.9, 162.659
6857, 58.92, 162.676
6858, 58.93, 162.692
6859, 58.94, 162.709
6860, 58.96, 162.726
6861, 58.98, 162.742
6862, 59, 162.759
6863, 59.02, 162.776
6864, 59.04, 162.792
6865, 59.06, 162.809
6866, 59.08, 162.826
6867, 59.1, 162.842
6868, 59.12, 162.859
6869, 59.14, 162.876
6870, 59.16, 162.892
6871, 59.18, 162.909
6872, 59.2, 162.926
6873, 59.22, 162.942
6874, 59.24, 162.959
6875, 59.25, 162.976
6876, 59.27, 162.992
6877, 59.3, 163.009
6878, 59.32, 163.026
6879, 59.34, 163.042
6880, 59.36, 163.059
6881, 59.38, 163.076
6882, 59.4, 163.092
6883, 59.42, 163.109
6884, 59.44, 163.126
6885, 59.45, 163.142
6886, 59.47, 163.159
6887, 59.49, 163.176
6888, 59.51, 163.192
6889, 59.53, 163.209
6890, 59.55, 163.226
6891, 59.57, 163.242
6892, 59.59, 163.259
6893, 59.6, 163.276
6894, 59.62, 163.292
6895, 59.64, 163.309
6896, 59.65, 163.326
6897, 59.67, 163.342
6898, 59.69, 163.359
6899, 59.71, 163.376
6900, 59.72, 163.392
6901, 59.74, 163.409
6902, 59.76, 163.426
6903, 59.78, 163.442
6904, 59.79, 163.459
6905, 59.81, 163.476
6906, 59.83, 163.492
6907, 59.85, 163.509
6908, 59.87, 163.526
6909, 59.88, 163.542
6910, 59.9, 163.559
6911, 59.92, 163.576
6912, 59.93, 163.592
6913, 59.95, 163.609
6914, 59.97, 163.626
6915, 59.98, 163.642
6916, 60, 163.659
6917, 60.02, 163.676
6918, 60.04, 163.692
6919, 60.06, 163.709
6920, 60.07, 163.726
6921, 60.09, 163.742
6922, 60.11, 163.759
6923, 60.12, 163.776
6924, 60.14, 163.792
6925, 60.16, 163.809
6926, 60.17, 163.826
6927, 60.19, 163.842
6928, 60.2, 163.859
6929, 60.22, 163.876
6930, 60.24, 163.892
6931, 60.25, 163.909
6932, 60.26, 163.926
6933, 60.28, 163.942
6934, 60.3, 163.959
6935, 60.32, 163.976
6936, 60.33, 163.992
6937, 60.35, 164.009
6938, 60.36, 164.026
6939, 60.38, 164.042
6940, 60.39, 164.059
6941, 60.4, 164.076
6942, 60.42, 164.092
6943, 60.43, 164.109
6944, 60.45, 164.126
6945, 60.46, 164.142
6946, 60.48, 164.159
6947, 60.49, 164.176
6948, 60.51, 164.192
6949, 60.52, 164.209
6950, 60.54, 164.226
6951, 60.55, 164.242
6952, 60.57, 164.259
6953, 60.58, 164.276
6954, 60.59, 164.292
6955, 60.61, 164.309
6956, 60.62, 164.326
6957, 60.63, 164.342
6958, 60.65, 164.359
6959, 60.67, 164.376
6960, 60.68, 164.392
6961, 60.7, 164.409
6962, 60.71, 164.426
6963, 60.73, 164.442
6964, 60.74, 164.459
6965, 60.75, 164.476
6966, 60.77, 164.492
6967, 60.79, 164.509
6968, 60.81, 164.526
6969, 60.82, 164.542
6970, 60.84, 164.559
6971, 60.86, 164.576
6972, 60.87, 164.592
6973, 60.89, 164.609
6974, 60.91, 164.626
6975, 60.92, 164.642
6976, 60.94, 164.659
6977, 60.96, 164.676
6978, 60.97, 164.692
6979, 60.99, 164.709
6980, 61, 164.726
6981, 61.02, 164.742
6982, 61.04, 164.759
6983, 61.05, 164.776
6984, 61.08, 164.792
6985, 61.1, 164.809
6986, 61.11, 164.826
6987, 61.13, 164.842
6988, 61.14, 164.859
6989, 61.16, 164.876
6990, 61.18, 164.892
6991, 61.19, 164.909
6992, 61.21, 164.926
6993, 61.22, 164.942
6994, 61.24, 164.959
6995, 61.26, 164.976
6996, 61.28, 164.992
6997, 61.3, 165.009
6998, 61.32, 165.026
6999, 61.32, 165.026
7000, 61.33, 165.042
7001, 61.35, 165.059
7002, 61.37, 165.076
7003, 61.38, 165.092
7004, 61.39, 165.109
7005, 61.41, 165.126
7006, 61.42, 165.142
7007, 61.43, 165.159
7008, 61.44, 165.176
7009, 61.46, 165.192
7010, 61.48, 165.209
7011, 61.5, 165.226
7012, 61.52, 165.242
7013, 61.53, 165.259
7014, 61.55, 165.276
7015, 61.57, 165.292
7016, 61.59, 165.309
7017, 61.61, 165.326
7018, 61.64, 165.342
7019, 61.65, 165.359
7020, 61.67, 165.376
7021, 61.68, 165.392
7022, 61.69, 165.409
7023, 61.7, 165.426
7024, 61.71, 165.442
7025, 61.73, 165.459
7026, 61.75, 165.476
7027, 61.77, 165.492
7028, 61.79, 165.509
7029, 61.81, 165.526
7030, 61.82, 165.542
7031, 61.84, 165.559
7032, 61.86, 165.576
7033, 61.88, 165.592
7034, 61.9, 165.609
7035, 61.92, 165.626
7036, 61.94, 165.642
7037, 61.96, 165.659
7038, 61.97, 165.676
7039, 61.97, 165.676
7040, 61.99, 165.692
7041, 62.01, 165.709
7042, 62.03, 165.726
7043, 62.05, 165.742
7044, 62.07, 165.759
7045, 62.08, 165.776
7046, 62.1, 165.792
7047, 62.12, 165.809
7048, 62.14, 165.826
7049, 62.17, 165.842
7050, 62.19, 165.859
7051, 62.2, 165.876
7052, 62.22, 165.892
7053, 62.23, 165.909
7054, 62.25, 165.926
7055, 62.27, 165.942
7056, 62.3, 165.959
7057, 62.33, 165.976
7058, 62.35, 165.992
7059, 62.38, 166.009
7060, 62.4, 166.026
7061, 62.43, 166.042
7062, 62.45, 166.059
7063, 62.47, 166.076
7064, 62.49, 166.092
7065, 62.52, 166.109
7066, 62.54, 166.126
7067, 62.54, 166.126
7068, 62.56, 166.142
7069, 62.58, 166.159
7070, 62.6, 166.176
7071, 62.62, 166.192
7072, 62.64, 166.209
7073, 62.66, 166.226
7074, 62.69, 166.242
7075, 62.71, 166.259
7076, 62.73, 166.276
7077, 62.75, 166.292
7078, 62.78, 166.309
7079, 62.8, 166.326
7080, 62.82, 166.342
7081, 62.84, 166.359
7082, 62.86, 166.376
7083, 62.88, 166.392
7084, 62.91, 166.409
7085, 62.93, 166.426
7086, 62.95, 166.442
7087, 62.98, 166.459
7088, 63, 166.476
7089, 63.02, 166.492
7090, 63.02, 166.492
7091, 63.04, 166.509
7092, 63.06, 166.526
7093, 63.08, 166.542
7094, 63.11, 166.559
7095, 63.13, 166.576
7096, 63.15, 166.592
7097, 63.17, 166.609
7098, 63.19, 166.626
7099, 63.21, 166.642
7100, 63.24, 166.659
7101, 63.26, 166.676
7102, 63.28, 166.692
7103, 63.3, 166.709
7104, 63.33, 166.726
7105, 63.35, 166.742
7106, 63.37, 166.759
7107, 63.38, 166.776
7108, 63.4, 166.792
7109, 63.43, 166.809
7110, 63.43, 166.809
7111, 63.46, 166.826
7112, 63.48, 166.842
7113, 63.51, 166.859
7114, 63.53, 166.876
7115, 63.55, 166.892
7116, 63.56, 166.909
7117, 63.6, 166.926
7118, 63.63, 166.942
7119, 63.65, 166.959
7120, 63.67, 166.976
7121, 63.69, 166.992
7122, 63.72, 167.009
7123, 63.74, 167.026
7124, 63.76, 167.042
7125, 63.78, 167.059
7126, 63.8, 167.076
7127, 63.82, 167.092
7128, 63.82, 167.092
7129, 63.84, 167.109
7130, 63.87, 167.126
7131, 63.88, 167.142
7132, 63.9, 167.159
7133, 63.93, 167.176
7134, 63.96, 167.192
7135, 63.99, 167.209
7136, 64.01, 167.226
7137, 64.03, 167.242
7138, 64.05, 167.259
7139, 64.07, 167.276
7140, 64.11, 167.292
7141, 64.13, 167.309
7142, 64.15, 167.326
7143, 64.17, 167.342
7144, 64.2, 167.359
7145, 64.2, 167.359
7146, 64.22, 167.376
7147, 64.25, 167.392
7148, 64.28, 167.409
7149, 64.31, 167.426
7150, 64.33, 167.442
7151, 64.35, 167.459
7152, 64.37, 167.476
7153, 64.4, 167.492
7154, 64.42, 167.509
7155, 64.45, 167.526
7156, 64.48, 167.542
7157, 64.5, 167.559
7158, 64.53, 167.576
7159, 64.55, 167.592
7160, 64.55, 167.592
7161, 64.58, 167.609
7162, 64.6, 167.626
7163, 64.63, 167.642
7164, 64.66, 167.659
7165, 64.69, 167.676
7166, 64.71, 167.692
7167, 64.74, 167.709
7168, 64.77, 167.726
7169, 64.8, 167.742
7170, 64.83, 167.759
7171, 64.85, 167.776
7172, 64.88, 167.792
7173, 64.9, 167.809
7174, 64.9, 167.809
7175, 64.93, 167.826
7176, 64.96, 167.842
7177, 64.99, 167.859
7178, 65.02, 167.876
7179, 65.05, 167.892
7180, 65.08, 167.909
7181, 65.11, 167.926
7182, 65.13, 167.942
7183, 65.16, 167.959
7184, 65.18, 167.976
7185, 65.2, 167.992
7186, 65.23, 168.009
7187, 65.23, 168.009
7188, 65.26, 168.026
7189, 65.3, 168.042
7190, 65.32, 168.059
7191, 65.35, 168.076
7192, 65.37, 168.092
7193, 65.4, 168.109
7194, 65.43, 168.126
7195, 65.45, 168.142
7196, 65.48, 168.159
7197, 65.51, 168.176
7198, 65.54, 168.192
7199, 65.54, 168.192
7200, 65.56, 168.209
7201, 65.59, 168.226
7202, 65.62, 168.242
7203, 65.65, 168.259
7204, 65.67, 168.276
7205, 65.69, 168.292
7206, 65.71, 168.309
7207, 65.73, 168.326
7208, 65.77, 168.342
7209, 65.81, 168.359
7210, 65.81, 168.359
7211, 65.84, 168.376
7212, 65.86, 168.392
7213, 65.89, 168.409
7214, 65.91, 168.426
7215, 65.93, 168.442
7216, 65.96, 168.459
7217, 65.98, 168.476
7218, 66.01, 168.492
7219, 66.03, 168.509
7220, 66.06, 168.526
7221, 66.09, 168.542
7222, 66.09, 168.542
7223, 66.11, 168.559
7224, 66.14, 168.576
7225, 66.17, 168.592
7226, 66.19, 168.609
7227, 66.22, 168.626
7228, 66.24, 168.642
7229, 66.27, 168.659
7230, 66.3, 168.676
7231, 66.33, 168.692
7232, 66.33, 168.692
7233, 66.35, 168.709
7234, 66.38, 168.726
7235, 66.4, 168.742
7236, 66.43, 168.759
7237, 66.46, 168.776
7238, 66.49, 168.792
7239, 66.52, 168.809
7240, 66.54, 168.826
7241, 66.57, 168.842
7242, 66.6, 168.859
7243, 66.6, 168.859
7244, 66.63, 168.876
7245, 66.66, 168.892
7246, 66.68, 168.909
7247, 66.71, 168.926
7248, 66.73, 168.942
7249, 66.76, 168.959
7250, 66.79, 168.976
7251, 66.82, 168.992
7252, 66.85, 169.009
7253, 66.85, 169.009
7254, 66.87, 169.026
7255, 66.9, 169.042
7256, 66.92, 169.059
7257, 66.95, 169.076
7258, 66.98, 169.092
7259, 67, 169.109
7260, 67.03, 169.126
7261, 67.06, 169.142
7262, 67.08, 169.159
7263, 67.08, 169.159
7264, 67.11, 169.176
7265, 67.13, 169.192
7266, 67.16, 169.209
7267, 67.19, 169.226
7268, 67.22, 169.242
7269, 67.25, 169.259
7270, 67.27, 169.276
7271, 67.3, 169.292
7272, 67.32, 169.309
7273, 67.32, 169.309
7274, 67.35, 169.326
7275, 67.37, 169.342
7276, 67.39, 169.359
7277, 67.42, 169.376
7278, 67.44, 169.392
7279, 67.47, 169.409
7280, 67.51, 169.426
7281, 67.53, 169.442
7282, 67.53, 169.442
7283, 67.55, 169.459
7284, 67.57, 169.476
7285, 67.6, 169.492
7286, 67.62, 169.509
7287, 67.65, 169.526
7288, 67.68, 169.542
7289, 67.71, 169.559
7290, 67.74, 169.576
7291, 67.74, 169.576
7292, 67.76, 169.592
7293, 67.79, 169.609
7294, 67.81, 169.626
7295, 67.84, 169.642
7296, 67.86, 169.659
7297, 67.88, 169.676
7298, 67.9, 169.692
7299, 67.91, 169.709
7300, 67.91, 169.709
7301, 67.93, 169.726
7302, 67.96, 169.742
7303, 67.98, 169.759
7304, 68.01, 169.776
7305, 68.03, 169.792
7306, 68.05, 169.809
7307, 68.06, 169.826
7308, 68.08, 169.842
7309, 68.08, 169.842
7310, 68.1, 169.859
7311, 68.12, 169.876
7312, 68.14, 169.892
7313, 68.16, 169.909
7314, 68.18, 169.926
7315, 68.2, 169.942
7316, 68.22, 169.959
7317, 68.22, 169.959
7318, 68.23, 169.976
7319, 68.25, 169.992
7320, 68.27, 170.009
7321, 68.29, 170.026
7322, 68.31, 170.042
7323, 68.32, 170.059
7324, 68.34, 170.076
7325, 68.34, 170.076
7326, 68.35, 170.092
7327, 68.37, 170.109
7328, 68.39, 170.126
7329, 68.41, 170.142
7330, 68.43, 170.159
7331, 68.45, 170.176
7332, 68.46, 170.192
7333, 68.47, 170.209
7334, 68.47, 170.209
7335, 68.49, 170.226
7336, 68.5, 170.242
7337, 68.52, 170.259
7338, 68.53, 170.276
7339, 68.55, 170.292
7340, 68.56, 170.309
7341, 68.57, 170.326
7342, 68.57, 170.326
7343, 68.58, 170.342
7344, 68.6, 170.359
7345, 68.62, 170.376
7346, 68.63, 170.392
7347, 68.64, 170.409
7348, 68.66, 170.426
7349, 68.67, 170.442
7350, 68.67, 170.442
7351, 68.68, 170.459
7352, 68.69, 170.476
7353, 68.69, 170.492
7354, 68.7, 170.509
7355, 68.71, 170.526
7356, 68.72, 170.542
7357, 68.72, 170.542
7358, 68.73, 170.559
7359, 68.75, 170.576
7360, 68.76, 170.592
7361, 68.78, 170.609
7362, 68.79, 170.626
7363, 68.8, 170.642
7364, 68.82, 170.659
7365, 68.82, 170.659
7366, 68.84, 170.676
7367, 68.84, 170.692
7368, 68.85, 170.709
7369, 68.85, 170.726
7370, 68.86, 170.742
7371, 68.87, 170.759
7372, 68.89, 170.776
7373, 68.89, 170.776
7374, 68.91, 170.792
7375, 68.93, 170.809
7376, 68.93, 170.826
7377, 68.93, 170.842
7378, 68.94, 170.859
7379, 68.95, 170.876
7380, 68.96, 170.892
7381, 68.96, 170.892
7382, 68.98, 170.909
7383, 68.99, 170.926
7384, 69, 170.942
7385, 69, 170.959
7386, 69.01, 170.976
7387, 69.03, 170.992
7388, 69.03, 170.992
7389, 69.04, 171.009
7390, 69.04, 171.026
7391, 69.05, 171.042
7392, 69.06, 171.059
7393, 69.07, 171.076
7394, 69.08, 171.092
7395, 69.09, 171.109
7396, 69.09, 171.109
7397, 69.1, 171.126
7398, 69.11, 171.142
7399, 69.12, 171.159
7400, 69.13, 171.176
7401, 69.14, 171.192
7402, 69.15, 171.209
7403, 69.15, 171.209
7404, 69.16, 171.226
7405, 69.17, 171.242
7406, 69.18, 171.259
7407, 69.19, 171.276
7408, 69.19, 171.292
7409, 69.2, 171.309
7410, 69.21, 171.326
7411, 69.21, 171.326
7412, 69.22, 171.342
7413, 69.23, 171.359
7414, 69.23, 171.376
7415, 69.24, 171.392
7416, 69.24, 171.409
7417, 69.25, 171.426
7418, 69.25, 171.426
7419, 69.26, 171.442
7420, 69.27, 171.459
7421, 69.28, 171.476
7422, 69.29, 171.492
7423, 69.3, 171.509
7424, 69.3, 171.526
7425, 69.31, 171.542
7426, 69.31, 171.542
7427, 69.32, 171.559
7428, 69.33, 171.576
7429, 69.34, 171.592
7430, 69.34, 171.609
7431, 69.35, 171.626
7432, 69.36, 171.642
7433, 69.36, 171.642
7434, 69.37, 171.659
7435, 69.37, 171.676
7436, 69.38, 171.692
7437, 69.39, 171.709
7438, 69.39, 171.726
7439, 69.4, 171.742
7440, 69.41, 171.759
7441, 69.41, 171.759
7442, 69.41, 171.776
7443, 69.42, 171.792
7444, 69.42, 171.809
7445, 69.42, 171.826
7446, 69.42, 171.842
7447, 69.42, 171.859
7448, 69.42, 171.859
7449, 69.42, 171.876
7450, 69.42, 171.892
7451, 69.42, 171.909
7452, 69.43, 171.926
7453, 69.43, 171.942
7454, 69.44, 171.959
7455, 69.44, 171.959
7456, 69.44, 171.976
7457, 69.45, 171.992
7458, 69.45, 172.009
7459, 69.46, 172.026
7460, 69.47, 172.042
7461, 69.47, 172.059
7462, 69.47, 172.076
7463, 69.47, 172.076
7464, 69.47, 172.092
7465, 69.47, 172.109
7466, 69.48, 172.126
7467, 69.48, 172.142
7468, 69.48, 172.159
7469, 69.48, 172.176
7470, 69.48, 172.176
7471, 69.49, 172.192
7472, 69.49, 172.209
7473, 69.5, 172.226
7474, 69.5, 172.242
7475, 69.5, 172.259
7476, 69.5, 172.276
7477, 69.51, 172.292
7478, 69.51, 172.292
7479, 69.51, 172.309
7480, 69.51, 172.326
7481, 69.51, 172.342
7482, 69.51, 172.359
7483, 69.51, 172.376
7484, 69.51, 172.392
7485, 69.51, 172.392
7486, 69.51, 172.409
7487, 69.52, 172.426
7488, 69.52, 172.442
7489, 69.52, 172.459
7490, 69.52, 172.476
7491, 69.52, 172.492
7492, 69.52, 172.492
7493, 69.52, 172.509
7494, 69.52, 172.526
7495, 69.52, 172.542
7496, 69.52, 172.559
7497, 69.53, 172.576
7498, 69.53, 172.592
7499, 69.53, 172.609
7500, 69.53, 172.609
7501, 69.53, 172.626
7502, 69.54, 172.642
7503, 69.54, 172.659
7504, 69.55, 172.676
7505, 69.55, 172.692
7506, 69.55, 172.709
7507, 69.55, 172.709
7508, 69.55, 172.726
7509, 69.55, 172.742
7510, 69.55, 172.759
7511, 69.56, 172.776
7512, 69.57, 172.792
7513, 69.58, 172.809
7514, 69.58, 172.809
7515, 69.59, 172.826
7516, 69.6, 172.842
7517, 69.61, 172.859
7518, 69.62, 172.876
7519, 69.64, 172.892
7520, 69.64, 172.909
7521, 69.64, 172.909
7522, 69.65, 172.926
7523, 69.67, 172.942
7524, 69.67, 172.959
7525, 69.65, 172.976
7526, 69.62, 172.992
7527, 69.59, 173.009
7528, 69.57, 173.026
7529, 69.57, 173.026
7530, 69.55, 173.042
7531, 69.54, 173.059
7532, 69.53, 173.076
7533, 69.51, 173.092
7534, 69.51, 173.109
7535, 69.5, 173.126
7536, 69.5, 173.126
7537, 69.51, 173.142
7538, 69.54, 173.159
7539, 69.57, 173.176
7540, 69.6, 173.192
7541, 69.61, 173.209
7542, 69.62, 173.226
7543, 69.62, 173.226
7544, 69.64, 173.242
7545, 69.65, 173.259
7546, 69.67, 173.276
7547, 69.67, 173.276
7548, 69.69, 173.309
7549, 69.69, 173.309
7550, 69.69, 173.309
7551, 69.71, 173.342
7552, 69.72, 173.359
7553, 69.74, 173.376
7554, 69.75, 173.392
7555, 69.76, 173.409
7556, 69.78, 173.426
7557, 69.79, 173.442
7558, 69.79, 173.442
7559, 69.79, 173.442
7560, 69.81, 173.476
7561, 69.83, 173.492
7562, 69.84, 173.509
7563, 69.84, 173.509
7564, 69.86, 173.542
7565, 69.86, 173.542
7566, 69.87, 173.559
7567, 69.88, 173.576
7568, 69.9, 173.592
7569, 69.91, 173.609
7570, 69.93, 173.626
7571, 69.94, 173.642
7572, 69.94, 173.642
7573, 69.96, 173.659
7574, 69.97, 173.676
7575, 69.98, 173.692
7576, 69.99, 173.709
7577, 70, 173.726
7578, 70.01, 173.742
7579, 70.01, 173.742
7580, 70.02, 173.759
7581, 70.03, 173.776
7582, 70.04, 173.792
7583, 70.05, 173.809
7584, 70.06, 173.826
7585, 70.06, 173.826
7586, 70.06, 173.826
7587, 70.08, 173.859
7588, 70.1, 173.876
7589, 70.11, 173.892
7590, 70.11, 173.892
7591, 70.11, 173.892
7592, 70.11, 173.892
7593, 70.11, 173.892
7594, 70.16, 173.959
7595, 70.17, 173.976
7596, 70.18, 173.992
7597, 70.19, 174.009
7598, 70.2, 174.026
7599, 70.21, 174.042
7600, 70.21, 174.042
7601, 70.23, 174.059
7602, 70.24, 174.076
7603, 70.25, 174.092
7604, 70.26, 174.109
7605, 70.27, 174.126
7606, 70.28, 174.142
7607, 70.28, 174.142
7608, 70.29, 174.159
7609, 70.29, 174.176
7610, 70.3, 174.192
7611, 70.31, 174.209
7612, 70.32, 174.226
7613, 70.32, 174.226
7614, 70.33, 174.242
7615, 70.34, 174.259
7616, 70.35, 174.276
7617, 70.36, 174.292
7618, 70.38, 174.309
7619, 70.39, 174.326
7620, 70.39, 174.326
7621, 70.4, 174.342
7622, 70.4, 174.359
7623, 70.41, 174.376
7624, 70.41, 174.392
7625, 70.41, 174.409
7626, 70.41, 174.426
7627, 70.41, 174.426
7628, 70.41, 174.442
7629, 70.41, 174.459
7630, 70.4, 174.476
7631, 70.39, 174.492
7632, 70.39, 174.509
7633, 70.38, 174.526
7634, 70.38, 174.526
7635, 70.36, 174.542
7636, 70.34, 174.559
7637, 70.32, 174.576
7638, 70.29, 174.592
7639, 70.24, 174.609
7640, 70.24, 174.609
7641, 70.24, 174.609
7642, 70.11, 174.642
7643, 70.03, 174.659
7644, 69.95, 174.676
7645, 69.87, 174.692
7646, 69.76, 174.709
7647, 69.76, 174.709
7648, 69.76, 174.709
7649, 69.58, 174.742
7650, 69.5, 174.759
7651, 69.41, 174.776
7652, 69.32, 174.792
7653, 69.32, 174.792
7654, 69.13, 174.826
7655, 69.13, 174.826
7656, 69.04, 174.842
7657, 68.95, 174.859
7658, 68.86, 174.876
7659, 68.77, 174.892
7660, 68.68, 174.909
7661, 68.6, 174.926
7662, 68.53, 174.942
7663, 68.53, 174.942
7664, 68.47, 174.959
7665, 68.4, 174.976
7666, 68.34, 174.992
7667, 68.29, 175.009
7668, 68.23, 175.026
7669, 68.18, 175.042
7670, 68.13, 175.059
7671, 68.13, 175.059
7672, 68.13, 175.059
7673, 68.13, 175.059
7674, 68.13, 175.059
7675, 67.99, 175.126
7676, 67.96, 175.142
7677, 67.92, 175.159
7678, 67.88, 175.176
7679, 67.84, 175.192
7680, 67.84, 175.192
7681, 67.81, 175.209
7682, 67.78, 175.226
7683, 67.73, 175.242
7684, 67.68, 175.259
7685, 67.61, 175.276
7686, 67.54, 175.292
7687, 67.47, 175.309
7688, 67.41, 175.326
7689, 67.41, 175.326
7690, 67.34, 175.342
7691, 67.27, 175.359
7692, 67.21, 175.376
7693, 67.15, 175.392
7694, 67.08, 175.409
7695, 67.02, 175.426
7696, 66.95, 175.442
7697, 66.89, 175.459
7698, 66.84, 175.476
7699, 66.84, 175.476
7700, 66.79, 175.492
7701, 66.75, 175.509
7702, 66.71, 175.526
7703, 66.67, 175.542
7704, 66.64, 175.559
7705, 66.6, 175.576
7706, 66.56, 175.592
7707, 66.52, 175.609
7708, 66.49, 175.626
7709, 66.49, 175.626
7710, 66.45, 175.642
7711, 66.4, 175.659
7712, 66.36, 175.676
7713, 66.31, 175.692
7714, 66.25, 175.709
7715, 66.2, 175.726
7716, 66.17, 175.742
7717, 66.14, 175.759
7718, 66.11, 175.776
7719, 66.08, 175.792
7720, 66.08, 175.792
7721, 66.05, 175.809
7722, 66.02, 175.826
7723, 65.98, 175.842
7724, 65.94, 175.859
7725, 65.9, 175.876
7726, 65.86, 175.892
7727, 65.82, 175.909
7728, 65.78, 175.926
7729, 65.75, 175.942
7730, 65.71, 175.959
7731, 65.71, 175.959
7732, 65.68, 175.976
7733, 65.64, 175.992
7734, 65.61, 176.009
7735, 65.57, 176.026
7736, 65.54, 176.042
7737, 65.51, 176.059
7738, 65.47, 176.076
7739, 65.44, 176.092
7740, 65.4, 176.109
7741, 65.37, 176.126
7742, 65.33, 176.142
7743, 65.33, 176.142
7744, 65.29, 176.159
7745, 65.26, 176.176
7746, 65.23, 176.192
7747, 65.19, 176.209
7748, 65.16, 176.226
7749, 65.13, 176.242
7750, 65.11, 176.259
7751, 65.08, 176.276
7752, 65.06, 176.292
7753, 65.03, 176.309
7754, 65, 176.326
7755, 65, 176.326
7756, 64.98, 176.342
7757, 64.94, 176.359
7758, 64.91, 176.376
7759, 64.88, 176.392
7760, 64.84, 176.409
7761, 64.81, 176.426
7762, 64.77, 176.442
7763, 64.74, 176.459
7764, 64.71, 176.476
7765, 64.67, 176.492
7766, 64.64, 176.509
7767, 64.61, 176.526
7768, 64.61, 176.526
7769, 64.59, 176.542
7770, 64.56, 176.559
7771, 64.54, 176.576
7772, 64.51, 176.592
7773, 64.49, 176.609
7774, 64.47, 176.626
7775, 64.45, 176.642
7776, 64.42, 176.659
7777, 64.4, 176.676
7778, 64.38, 176.692
7779, 64.36, 176.709
7780, 64.33, 176.726
7781, 64.33, 176.726
7782, 64.31, 176.742
7783, 64.28, 176.759
7784, 64.24, 176.776
7785, 64.22, 176.792
7786, 64.18, 176.809
7787, 64.16, 176.826
7788, 64.14, 176.842
7789, 64.11, 176.859
7790, 64.08, 176.876
7791, 64.06, 176.892
7792, 64.04, 176.909
7793, 64.01, 176.926
7794, 63.98, 176.942
7795, 63.98, 176.942
7796, 63.98, 176.942
7797, 63.91, 176.976
7798, 63.88, 176.992
7799, 63.84, 177.009
7800, 63.81, 177.026
7801, 63.78, 177.042
7802, 63.76, 177.059
7803, 63.73, 177.076
7804, 63.7, 177.092
7805, 63.67, 177.109
7806, 63.64, 177.126
7807, 63.61, 177.142
7808, 63.57, 177.159
7809, 63.54, 177.176
7810, 63.54, 177.176
7811, 63.48, 177.209
7812, 63.45, 177.226
7813, 63.45, 177.226
7814, 63.42, 177.242
7815, 63.39, 177.259
7816, 63.35, 177.276
7817, 63.31, 177.292
7818, 63.27, 177.309
7819, 63.23, 177.326
7820, 63.19, 177.342
7821, 63.16, 177.359
7822, 63.13, 177.376
7823, 63.11, 177.392
7824, 63.08, 177.409
7825, 63.06, 177.426
7826, 63.04, 177.442
7827, 63.01, 177.459
7828, 62.98, 177.476
7829, 62.95, 177.492
7830, 62.92, 177.509
7831, 62.89, 177.526
7832, 62.87, 177.542
7833, 62.85, 177.559
7834, 62.85, 177.559
7835, 62.83, 177.576
7836, 62.81, 177.592
7837, 62.78, 177.609
7838, 62.76, 177.626
7839, 62.74, 177.642
7840, 62.72, 177.659
7841, 62.71, 177.676
7842, 62.7, 177.692
7843, 62.69, 177.709
7844, 62.68, 177.726
7845, 62.68, 177.742
7846, 62.68, 177.759
7847, 62.68, 177.776
7848, 62.68, 177.792
7849, 62.68, 177.809
7850, 62.68, 177.826
7851, 62.68, 177.842
7852, 62.68, 177.842
7853, 62.68, 177.876
7854, 62.68, 177.892
7855, 62.68, 177.909
7856, 62.69, 177.926
7857, 62.7, 177.942
7858, 62.71, 177.959
7859, 62.71, 177.959
7860, 62.71, 177.976
7861, 62.71, 177.992
7862, 62.71, 178.009
7863, 62.72, 178.026
7864, 62.73, 178.042
7865, 62.74, 178.059
7866, 62.76, 178.076
7867, 62.77, 178.092
7868, 62.79, 178.109
7869, 62.81, 178.126
7870, 62.83, 178.142
7871, 62.85, 178.159
7872, 62.88, 178.176
7873, 62.9, 178.192
7874, 62.9, 178.192
7875, 62.93, 178.226
7876, 62.95, 178.242
7877, 62.95, 178.242
7878, 62.98, 178.276
7879, 63, 178.292
7880, 63, 178.292
7881, 63.03, 178.326
7882, 63.03, 178.326
7883, 63.05, 178.342
7884, 63.07, 178.359
7885, 63.09, 178.376
7886, 63.1, 178.392
7887, 63.12, 178.409
7888, 63.14, 178.426
7889, 63.14, 178.426
7890, 63.14, 178.426
7891, 63.14, 178.426
7892, 63.14, 178.426
7893, 63.22, 178.509
7894, 63.24, 178.526
7895, 63.26, 178.542
7896, 63.28, 178.559
7897, 63.3, 178.576
7898, 63.32, 178.592
7899, 63.34, 178.609
7900, 63.36, 178.626
7901, 63.38, 178.642
7902, 63.38, 178.642
7903, 63.4, 178.659
7904, 63.42, 178.676
7905, 63.44, 178.692
7906, 63.46, 178.709
7907, 63.48, 178.726
7908, 63.5, 178.742
7909, 63.51, 178.759
7910, 63.53, 178.776
7911, 63.55, 178.792
7912, 63.56, 178.809
7913, 63.57, 178.826
7914, 63.57, 178.842
7915, 63.56, 178.859
7916, 63.55, 178.876
7917, 63.52, 178.892
7918, 63.5, 178.909
7919, 63.46, 178.926
7920, 63.46, 178.926
7921, 63.4, 178.942
7922, 63.32, 178.959
7923, 63.22, 178.976
7924, 63.1, 178.992
7925, 62.97, 179.009
7926, 62.82, 179.026
7927, 62.67, 179.042
7928, 62.49, 179.059
7929, 62.3, 179.076
7930, 62.12, 179.092
7931, 61.92, 179.109
7932, 61.72, 179.126
7933, 61.5, 179.142
7934, 61.28, 179.159
7935, 61.05, 179.176
7936, 60.82, 179.192
7937, 60.58, 179.209
7938, 60.35, 179.226
7939, 60.13, 179.242
7940, 59.9, 179.259
7941, 59.67, 179.276
7942, 59.45, 179.292
7943, 59.23, 179.309
7944, 59.01, 179.326
7945, 58.8, 179.342
7946, 58.59, 179.359
7947, 58.37, 179.376
7948, 58.16, 179.392
7949, 57.94, 179.409
7950, 57.7, 179.426
7951, 57.46, 179.442
7952, 57.22, 179.459
7953, 56.98, 179.476
7954, 56.74, 179.492
7955, 56.51, 179.509
7956, 56.28, 179.526
7957, 56.05, 179.542
7958, 55.82, 179.559
7959, 55.36, 179.592
7960, 55.13, 179.609
7961, 54.9, 179.626
7962, 54.67, 179.642
7963, 54.43, 179.659
7964, 54.2, 179.676
7965, 53.97, 179.692
7966, 53.76, 179.709
7967, 53.56, 179.726
7968, 53.37, 179.742
7969, 53.02, 179.776
7970, 52.84, 179.792
7971, 52.64, 179.809
7972, 52.43, 179.826
7973, 52.23, 179.842
7974, 52.02, 179.859
7975, 51.82, 179.876
7976, 51.43, 179.909
7977, 51.23, 179.926
7978, 51.04, 179.942
7979, 50.85, 179.959
7980, 50.65, 179.976
7981, 50.25, 180.009
7982, 50.04, 180.026
7983, 49.85, 180.042
7984, 49.65, 180.059
7985, 49.45, 180.076
7986, 49.01, 180.109
7987, 48.8, 180.126
7988, 48.58, 180.142
7989, 48.38, 180.159
7990, 48.17, 180.176
7991, 47.77, 180.209
7992, 47.57, 180.226
7993, 47.35, 180.242
7994, 46.94, 180.276
7995, 46.75, 180.292
7996, 46.56, 180.309
7997, 46.37, 180.326
7998, 46, 180.359
7999, 45.81, 180.376
8000, 45.62, 180.392
8001, 45.24, 180.426
8002, 45.06, 180.442
8003, 44.87, 180.459
8004, 44.5, 180.492
8005, 44.33, 180.509
8006, 44.15, 180.526
8007, 43.82, 180.559
8008, 43.65, 180.576
8009, 43.48, 180.592
8010, 43.11, 180.626
8011, 42.92, 180.642
8012, 42.52, 180.676
8013, 42.33, 180.692
8014, 42.14, 180.709
8015, 41.78, 180.742
8016, 41.61, 180.759
8017, 41.25, 180.792
8018, 41.07, 180.809
8019, 40.72, 180.842
8020, 40.55, 180.859
8021, 40.26, 180.892
8022, 40.11, 180.909
8023, 39.82, 180.942
8024, 39.68, 180.959
8025, 39.4, 180.992
8026, 39.29, 181.009
8027, 39.04, 181.042
8028, 38.91, 181.059
8029, 38.68, 181.092
8030, 38.56, 181.109
8031, 38.32, 181.142
8032, 38.2, 181.159
8033, 37.98, 181.192
8034, 37.86, 181.209
8035, 37.6, 181.242
8036, 37.37, 181.276
8037, 37.25, 181.292
8038, 37.01, 181.326
8039, 36.89, 181.342
8040, 36.68, 181.376
8041, 36.45, 181.409
8042, 36.33, 181.426
8043, 36.1, 181.459
8044, 35.89, 181.492
8045, 35.79, 181.509
8046, 35.56, 181.542
8047, 35.36, 181.576
8048, 35.26, 181.592
8049, 35.07, 181.626
8050, 34.91, 181.659
8051, 34.83, 181.676
8052, 34.67, 181.709
8053, 34.54, 181.742
8054, 34.43, 181.776
8055, 34.37, 181.792
8056, 34.26, 181.826
8057, 34.17, 181.859
8058, 34.13, 181.876
8059, 34.03, 181.909
8060, 33.95, 181.942
8061, 33.87, 181.976
8062, 33.83, 181.992
8063, 33.76, 182.026
8064, 33.68, 182.059
8065, 33.61, 182.092
8066, 33.53, 182.126
8067, 33.5, 182.142
8068, 33.44, 182.176
8069, 33.35, 182.209
8070, 33.27, 182.242
8071, 33.23, 182.259
8072, 33.13, 182.292
8073, 33.03, 182.326
8074, 32.93, 182.359
8075, 32.82, 182.392
8076, 32.69, 182.426
8077, 32.62, 182.442
8078, 32.49, 182.476
8079, 32.36, 182.509
8080, 32.25, 182.542
8081, 32.14, 182.576
8082, 31.97, 182.609
8083, 31.79, 182.642
8084, 31.66, 182.676
8085, 31.6, 182.692
8086, 31.5, 182.726
8087, 31.39, 182.759
8088, 31.25, 182.792
8089, 31.16, 182.826
8090, 31.07, 182.859
8091, 30.98, 182.892
8092, 30.91, 182.926
8093, 30.84, 182.959
8094, 30.77, 182.992
8095, 30.7, 183.026
8096, 30.63, 183.059
8097, 30.57, 183.092
8098, 30.5, 183.126
8099, 30.44, 183.159
8100, 30.38, 183.192
8101, 30.32, 183.226
8102, 30.27, 183.259
8103, 30.21, 183.292
8104, 30.16, 183.326
8105, 30.11, 183.359
8106, 30.06, 183.392
8107, 30.01, 183.426
8108, 29.95, 183.459
8109, 29.9, 183.492
8110, 29.85, 183.526
8111, 29.81, 183.559
8112, 29.76, 183.592
8113, 29.69, 183.642
8114, 29.64, 183.676
8115, 29.59, 183.709
8116, 29.54, 183.742
8117, 29.5, 183.776
8118, 29.45, 183.809
8119, 29.42, 183.842
8120, 29.39, 183.876
8121, 29.37, 183.909
8122, 29.35, 183.942
8123, 29.38, 183.976
8124, 29.41, 184.009
8125, 29.44, 184.042
8126, 29.48, 184.076
8127, 29.54, 184.109
8128, 29.64, 184.159
8129, 29.72, 184.192
8130, 29.81, 184.226
8131, 29.91, 184.259
8132, 30.02, 184.292
8133, 30.13, 184.326
8134, 30.26, 184.359
8135, 30.4, 184.392
8136, 30.55, 184.426
8137, 30.67, 184.459
8138, 30.79, 184.492
8139, 30.93, 184.526
8140, 31.09, 184.559
8141, 31.25, 184.592
8142, 31.41, 184.626
8143, 31.55, 184.659
8144, 31.69, 184.692
8145, 31.84, 184.726
8146, 31.91, 184.742
8147, 32.06, 184.776
8148, 32.22, 184.809
8149, 32.36, 184.842
8150, 32.51, 184.876
8151, 32.66, 184.909
8152, 32.82, 184.942
8153, 32.9, 184.959
8154, 33.05, 184.992
8155, 33.2, 185.026
8156, 33.35, 185.059
8157, 33.4, 185.092
8158, 33.39, 185.109
8159, 33.56, 185.142
8160, 33.71, 185.176
8161, 33.84, 185.209
8162, 33.99, 185.242
8163, 34.06, 185.259
8164, 34.21, 185.292
8165, 34.34, 185.326
8166, 34.48, 185.359
8167, 34.55, 185.376
8168, 34.7, 185.409
8169, 34.85, 185.442
8170, 34.92, 185.459
8171, 35.07, 185.492
8172, 35.22, 185.526
8173, 35.37, 185.559
8174, 35.45, 185.576
8175, 35.6, 185.609
8176, 35.75, 185.642
8177, 35.82, 185.659
8178, 35.96, 185.692
8179, 36.11, 185.726
8180, 36.18, 185.742
8181, 36.32, 185.776
8182, 36.46, 185.809
8183, 36.53, 185.826
8184, 36.67, 185.859
8185, 36.82, 185.892
8186, 36.9, 185.909
8187, 37.04, 185.942
8188, 37.18, 185.976
8189, 37.24, 185.992
8190, 37.38, 186.026
8191, 37.45, 186.042
8192, 37.58, 186.076
8193, 37.71, 186.109
8194, 37.76, 186.126
8195, 37.89, 186.159
8196, 37.95, 186.176
8197, 38.08, 186.209
8198, 38.22, 186.242
8199, 38.29, 186.259
8200, 38.45, 186.292
8201, 38.53, 186.309
8202, 38.67, 186.342
8203, 38.74, 186.359
8204, 38.87, 186.392
8205, 39, 186.426
8206, 39.07, 186.442
8207, 39.2, 186.476
8208, 39.27, 186.492
8209, 39.39, 186.526
8210, 39.45, 186.542
8211, 39.6, 186.576
8212, 39.67, 186.592
8213, 39.79, 186.626
8214, 39.85, 186.642
8215, 39.98, 186.676
8216, 40.05, 186.692
8217, 40.18, 186.726
8218, 40.25, 186.742
8219, 40.38, 186.776
8220, 40.44, 186.792
8221, 40.58, 186.826
8222, 40.64, 186.842
8223, 40.76, 186.876
8224, 40.82, 186.892
8225, 40.94, 186.926
8226, 41, 186.942
8227, 41.11, 186.976
8228, 41.18, 186.992
8229, 41.31, 187.026
8230, 41.38, 187.042
8231, 41.51, 187.076
8232, 41.57, 187.092
8233, 41.7, 187.126
8234, 41.76, 187.142
8235, 41.83, 187.159
8236, 41.95, 187.192
8237, 42.01, 187.209
8238, 42.12, 187.242
8239, 42.18, 187.259
8240, 42.2, 187.292
8241, 42.23, 187.309
8242, 42.38, 187.342
8243, 42.43, 187.359
8244, 42.48, 187.376
8245, 42.6, 187.409
8246, 42.66, 187.426
8247, 42.79, 187.459
8248, 42.85, 187.476
8249, 42.91, 187.492
8250, 43.03, 187.526
8251, 43.09, 187.542
8252, 43.2, 187.576
8253, 43.26, 187.592
8254, 43.32, 187.609
8255, 43.44, 187.642
8256, 43.5, 187.659
8257, 43.6, 187.692
8258, 43.65, 187.709
8259, 43.71, 187.726
8260, 43.83, 187.759
8261, 43.89, 187.776
8262, 43.95, 187.792
8263, 44.07, 187.826
8264, 44.13, 187.842
8265, 44.24, 187.876
8266, 44.29, 187.892
8267, 44.35, 187.909
8268, 44.46, 187.942
8269, 44.52, 187.959
8270, 44.57, 187.976
8271, 44.68, 188.009
8272, 44.74, 188.026
8273, 44.79, 188.042
8274, 44.9, 188.076
8275, 44.96, 188.092
8276, 45.01, 188.109
8277, 45.1, 188.142
8278, 45.15, 188.159
8279, 45.21, 188.176
8280, 45.33, 188.209
8281, 45.39, 188.226
8282, 45.44, 188.242
8283, 45.54, 188.276
8284, 45.59, 188.292
8285, 45.64, 188.309
8286, 45.75, 188.342
8287, 45.8, 188.359
8288, 45.86, 188.376
8289, 45.96, 188.409
8290, 46.01, 188.426
8291, 46.06, 188.442
8292, 46.16, 188.476
8293, 46.21, 188.492
8294, 46.26, 188.509
8295, 46.32, 188.526
8296, 46.43, 188.559
8297, 46.48, 188.576
8298, 46.53, 188.592
8299, 46.63, 188.626
8300, 46.68, 188.642
8301, 46.73, 188.659
8302, 46.78, 188.676
8303, 46.87, 188.709
8304, 46.91, 188.726
8305, 46.96, 188.742
8306, 47.06, 188.776
8307, 47.11, 188.792
8308, 47.16, 188.809
8309, 47.21, 188.826
8310, 47.31, 188.859
8311, 47.36, 188.876
8312, 47.41, 188.892
8313, 47.5, 188.926
8314, 47.54, 188.942
8315, 47.58, 188.959
8316, 47.63, 188.976
8317, 47.73, 189.009
8318, 47.78, 189.026
8319, 47.83, 189.042
8320, 47.88, 189.059
8321, 47.97, 189.092
8322, 48.01, 189.109
8323, 48.05, 189.126
8324, 48.09, 189.142
8325, 48.18, 189.176
8326, 48.23, 189.192
8327, 48.28, 189.209
8328, 48.32, 189.226
8329, 48.41, 189.259
8330, 48.45, 189.276
8331, 48.5, 189.292
8332, 48.54, 189.309
8333, 48.62, 189.342
8334, 48.67, 189.359
8335, 48.72, 189.376
8336, 48.76, 189.392
8337, 48.84, 189.426
8338, 48.88, 189.442
8339, 48.93, 189.459
8340, 48.98, 189.476
8341, 49.03, 189.492
8342, 49.13, 189.526
8343, 49.18, 189.542
8344, 49.22, 189.559
8345, 49.25, 189.576
8346, 49.33, 189.609
8347, 49.37, 189.626
8348, 49.41, 189.642
8349, 49.47, 189.659
8350, 49.52, 189.676
8351, 49.6, 189.709
8352, 49.64, 189.726
8353, 49.7, 189.742
8354, 49.76, 189.759
8355, 49.88, 189.792
8356, 49.93, 189.809
8357, 49.98, 189.826
8358, 50.02, 189.842
8359, 50.07, 189.859
8360, 50.17, 189.892
8361, 50.22, 189.909
8362, 50.26, 189.926
8363, 50.31, 189.942
8364, 50.36, 189.959
8365, 50.46, 189.992
8366, 50.51, 190.009
8367, 50.55, 190.026
8368, 50.6, 190.042
8369, 50.65, 190.059
8370, 50.71, 190.092
8371, 50.7, 190.109
8372, 50.74, 190.126
8373, 50.81, 190.142
8374, 50.85, 190.159
8375, 50.92, 190.192
8376, 50.97, 190.209
8377, 51.01, 190.226
8378, 51.06, 190.242
8379, 51.1, 190.259
8380, 51.15, 190.276
8381, 51.23, 190.309
8382, 51.28, 190.326
8383, 51.32, 190.342
8384, 51.35, 190.359
8385, 51.39, 190.376
8386, 51.42, 190.392
8387, 51.48, 190.426
8388, 51.56, 190.442
8389, 51.65, 190.459
8390, 51.71, 190.476
8391, 51.75, 190.492
8392, 51.78, 190.509
8393, 51.85, 190.542
8394, 51.89, 190.559
8395, 51.94, 190.576
8396, 51.98, 190.592
8397, 52.02, 190.609
8398, 52.07, 190.626
8399, 52.16, 190.659
8400, 52.2, 190.676
8401, 52.24, 190.692
8402, 52.28, 190.709
8403, 52.32, 190.726
8404, 52.36, 190.742
8405, 52.45, 190.776
8406, 52.49, 190.792
8407, 52.54, 190.809
8408, 52.59, 190.826
8409, 52.64, 190.842
8410, 52.68, 190.859
8411, 52.73, 190.876
8412, 52.81, 190.909
8413, 52.85, 190.926
8414, 52.89, 190.942
8415, 52.94, 190.959
8416, 52.98, 190.976
8417, 53.02, 190.992
8418, 53.07, 191.009
8419, 53.12, 191.026
8420, 53.21, 191.059
8421, 53.26, 191.076
8422, 53.31, 191.092
8423, 53.36, 191.109
8424, 53.4, 191.126
8425, 53.44, 191.142
8426, 53.49, 191.159
8427, 53.58, 191.192
8428, 53.62, 191.209
8429, 53.67, 191.226
8430, 53.7, 191.242
8431, 53.74, 191.259
8432, 53.78, 191.276
8433, 53.83, 191.292
8434, 53.88, 191.309
8435, 53.92, 191.326
8436, 54.01, 191.359
8437, 54.06, 191.376
8438, 54.11, 191.392
8439, 54.16, 191.409
8440, 54.21, 191.426
8441, 54.26, 191.442
8442, 54.3, 191.459
8443, 54.34, 191.476
8444, 54.43, 191.509
8445, 54.47, 191.526
8446, 54.52, 191.542
8447, 54.55, 191.559
8448, 54.59, 191.576
8449, 54.63, 191.592
8450, 54.67, 191.609
8451, 54.71, 191.626
8452, 54.75, 191.642
8453, 54.79, 191.659
8454, 54.88, 191.692
8455, 54.92, 191.709
8456, 54.96, 191.726
8457, 55, 191.742
8458, 55.04, 191.759
8459, 55.09, 191.776
8460, 55.13, 191.792
8461, 55.17, 191.809
8462, 55.2, 191.826
8463, 55.23, 191.842
8464, 55.26, 191.859
8465, 55.36, 191.892
8466, 55.41, 191.909
8467, 55.46, 191.926
8468, 55.51, 191.942
8469, 55.54, 191.959
8470, 55.58, 191.976
8471, 55.62, 191.992
8472, 55.66, 192.009
8473, 55.69, 192.026
8474, 55.73, 192.042
8475, 55.77, 192.059
8476, 55.8, 192.076
8477, 55.88, 192.109
8478, 55.91, 192.126
8479, 55.95, 192.142
8480, 55.98, 192.159
8481, 56.02, 192.176
8482, 56.06, 192.192
8483, 56.09, 192.209
8484, 56.13, 192.226
8485, 56.18, 192.242
8486, 56.21, 192.259
8487, 56.24, 192.276
8488, 56.29, 192.292
8489, 56.34, 192.309
8490, 56.4, 192.342
8491, 56.44, 192.359
8492, 56.48, 192.376
8493, 56.52, 192.392
8494, 56.56, 192.409
8495, 56.6, 192.426
8496, 56.65, 192.442
8497, 56.69, 192.459
8498, 56.73, 192.476
8499, 56.76, 192.492
8500, 56.8, 192.509
8501, 56.83, 192.526
8502, 56.87, 192.542
8503, 56.91, 192.559
8504, 56.95, 192.576
8505, 57, 192.592
8506, 57.09, 192.626
8507, 57.13, 192.642
8508, 57.16, 192.659
8509, 57.19, 192.676
8510, 57.22, 192.692
8511, 57.25, 192.709
8512, 57.29, 192.726
8513, 57.33, 192.742
8514, 57.36, 192.759
8515, 57.41, 192.776
8516, 57.45, 192.792
8517, 57.49, 192.809
8518, 57.53, 192.826
8519, 57.57, 192.842
8520, 57.6, 192.859
8521, 57.64, 192.876
8522, 57.69, 192.892
8523, 57.73, 192.909
8524, 57.76, 192.926
8525, 57.8, 192.942
8526, 57.88, 192.976
8527, 57.92, 192.992
8528, 57.96, 193.009
8529, 57.99, 193.026
8530, 58.02, 193.042
8531, 58.05, 193.059
8532, 58.08, 193.076
8533, 58.12, 193.092
8534, 58.17, 193.109
8535, 58.21, 193.126
8536, 58.25, 193.142
8537, 58.28, 193.159
8538, 58.32, 193.176
8539, 58.35, 193.192
8540, 58.38, 193.209
8541, 58.42, 193.226
8542, 58.46, 193.242
8543, 58.5, 193.259
8544, 58.54, 193.276
8545, 58.57, 193.292
8546, 58.6, 193.309
8547, 58.63, 193.326
8548, 58.66, 193.342
8549, 58.69, 193.359
8550, 58.73, 193.376
8551, 58.76, 193.392
8552, 58.79, 193.409
8553, 58.83, 193.426
8554, 58.86, 193.442
8555, 58.9, 193.459
8556, 58.93, 193.476
8557, 58.99, 193.509
8558, 59.02, 193.526
8559, 59.05, 193.542
8560, 59.07, 193.559
8561, 59.1, 193.576
8562, 59.12, 193.592
8563, 59.15, 193.609
8564, 59.18, 193.626
8565, 59.21, 193.642
8566, 59.24, 193.659
8567, 59.28, 193.676
8568, 59.32, 193.692
8569, 59.36, 193.709
8570, 59.4, 193.726
8571, 59.44, 193.742
8572, 59.47, 193.759
8573, 59.5, 193.776
8574, 59.53, 193.792
8575, 59.56, 193.809
8576, 59.59, 193.826
8577, 59.61, 193.842
8578, 59.63, 193.859
8579, 59.63, 193.876
8580, 59.63, 193.892
8581, 59.63, 193.909
8582, 59.65, 193.926
8583, 59.67, 193.942
8584, 59.7, 193.959
8585, 59.74, 193.976
8586, 59.78, 193.992
8587, 59.82, 194.009
8588, 59.85, 194.026
8589, 59.86, 194.042
8590, 59.86, 194.059
8591, 59.94, 194.076
8592, 59.96, 194.092
8593, 59.98, 194.109
8594, 60.01, 194.126
8595, 60.05, 194.142
8596, 60.08, 194.159
8597, 60.12, 194.176
8598, 60.16, 194.192
8599, 60.2, 194.209
8600, 60.24, 194.226
8601, 60.27, 194.242
8602, 60.3, 194.259
8603, 60.33, 194.276
8604, 60.37, 194.292
8605, 60.42, 194.309
8606, 60.47, 194.326
8607, 60.51, 194.342
8608, 60.53, 194.359
8609, 60.56, 194.376
8610, 60.59, 194.392
8611, 60.62, 194.409
8612, 60.66, 194.426
8613, 60.7, 194.442
8614, 60.74, 194.459
8615, 60.77, 194.476
8616, 60.81, 194.492
8617, 60.85, 194.509
8618, 60.9, 194.526
8619, 60.93, 194.542
8620, 60.96, 194.559
8621, 60.99, 194.576
8622, 61.02, 194.592
8623, 61.05, 194.609
8624, 61.09, 194.626
8625, 61.12, 194.642
8626, 61.16, 194.659
8627, 61.2, 194.676
8628, 61.23, 194.692
8629, 61.26, 194.709
8630, 61.29, 194.726
8631, 61.32, 194.742
8632, 61.35, 194.759
8633, 61.38, 194.776
8634, 61.42, 194.792
8635, 61.45, 194.809
8636, 61.49, 194.826
8637, 61.52, 194.842
8638, 61.55, 194.859
8639, 61.55, 194.859
8640, 61.59, 194.876
8641, 61.63, 194.892
8642, 61.67, 194.909
8643, 61.71, 194.926
8644, 61.74, 194.942
8645, 61.77, 194.959
8646, 61.8, 194.976
8647, 61.84, 194.992
8648, 61.87, 195.009
8649, 61.9, 195.026
8650, 61.94, 195.042
8651, 61.97, 195.059
8652, 62.01, 195.076
8653, 62.04, 195.092
8654, 62.08, 195.109
8655, 62.11, 195.126
8656, 62.15, 195.142
8657, 62.18, 195.159
8658, 62.21, 195.176
8659, 62.24, 195.192
8660, 62.27, 195.209
8661, 62.3, 195.226
8662, 62.34, 195.242
8663, 62.37, 195.259
8664, 62.41, 195.276
8665, 62.44, 195.292
8666, 62.47, 195.309
8667, 62.51, 195.326
8668, 62.54, 195.342
8669, 62.58, 195.359
8670, 62.61, 195.376
8671, 62.64, 195.392
8672, 62.68, 195.409
8673, 62.72, 195.426
8674, 62.72, 195.426
8675, 62.75, 195.442
8676, 62.79, 195.459
8677, 62.82, 195.476
8678, 62.85, 195.492
8679, 62.88, 195.509
8680, 62.91, 195.526
8681, 62.94, 195.542
8682, 62.97, 195.559
8683, 63.01, 195.576
8684, 63.05, 195.592
8685, 63.08, 195.609
8686, 63.11, 195.626
8687, 63.16, 195.642
8688, 63.19, 195.659
8689, 63.22, 195.676
8690, 63.24, 195.692
8691, 63.27, 195.709
8692, 63.3, 195.726
8693, 63.34, 195.742
8694, 63.37, 195.759
8695, 63.4, 195.776
8696, 63.43, 195.792
8697, 63.43, 195.792
8698, 63.46, 195.809
8699, 63.49, 195.826
8700, 63.52, 195.842
8701, 63.56, 195.859
8702, 63.59, 195.876
8703, 63.62, 195.892
8704, 63.66, 195.909
8705, 63.69, 195.926
8706, 63.72, 195.942
8707, 63.75, 195.959
8708, 63.78, 195.976
8709, 63.81, 195.992
8710, 63.84, 196.009
8711, 63.86, 196.026
8712, 63.89, 196.042
8713, 63.93, 196.059
8714, 63.96, 196.076
8715, 63.99, 196.092
8716, 63.99, 196.092
8717, 64.02, 196.109
8718, 64.06, 196.126
8719, 64.09, 196.142
8720, 64.12, 196.159
8721, 64.15, 196.176
8722, 64.18, 196.192
8723, 64.22, 196.209
8724, 64.25, 196.226
8725, 64.28, 196.242
8726, 64.31, 196.259
8727, 64.35, 196.276
8728, 64.37, 196.292
8729, 64.4, 196.309
8730, 64.43, 196.326
8731, 64.46, 196.342
8732, 64.49, 196.359
8733, 64.49, 196.359
8734, 64.52, 196.376
8735, 64.55, 196.392
8736, 64.58, 196.409
8737, 64.61, 196.426
8738, 64.64, 196.442
8739, 64.67, 196.459
8740, 64.69, 196.476
8741, 64.72, 196.492
8742, 64.76, 196.509
8743, 64.8, 196.526
8744, 64.84, 196.542
8745, 64.87, 196.559
8746, 64.91, 196.576
8747, 64.94, 196.592
8748, 64.94, 196.592
8749, 64.96, 196.609
8750, 64.99, 196.626
8751, 65.01, 196.642
8752, 65.04, 196.659
8753, 65.07, 196.676
8754, 65.11, 196.692
8755, 65.15, 196.709
8756, 65.18, 196.726
8757, 65.22, 196.742
8758, 65.25, 196.759
8759, 65.28, 196.776
8760, 65.31, 196.792
8761, 65.33, 196.809
8762, 65.33, 196.809
8763, 65.36, 196.826
8764, 65.38, 196.842
8765, 65.41, 196.859
8766, 65.43, 196.876
8767, 65.46, 196.892
8768, 65.5, 196.909
8769, 65.54, 196.926
8770, 65.58, 196.942
8771, 65.61, 196.959
8772, 65.64, 196.976
8773, 65.67, 196.992
8774, 65.7, 197.009
8775, 65.7, 197.009
8776, 65.72, 197.026
8777, 65.75, 197.042
8778, 65.77, 197.059
8779, 65.8, 197.076
8780, 65.82, 197.092
8781, 65.84, 197.109
8782, 65.86, 197.126
8783, 65.89, 197.142
8784, 65.92, 197.159
8785, 65.96, 197.176
8786, 65.99, 197.192
8787, 65.99, 197.192
8788, 66.02, 197.209
8789, 66.05, 197.226
8790, 66.08, 197.242
8791, 66.11, 197.259
8792, 66.14, 197.276
8793, 66.16, 197.292
8794, 66.18, 197.309
8795, 66.2, 197.326
8796, 66.23, 197.342
8797, 66.25, 197.359
8798, 66.25, 197.359
8799, 66.29, 197.376
8800, 66.32, 197.392
8801, 66.35, 197.409
8802, 66.38, 197.426
8803, 66.4, 197.442
8804, 66.43, 197.459
8805, 66.45, 197.476
8806, 66.47, 197.492
8807, 66.48, 197.509
8808, 66.51, 197.526
8809, 66.51, 197.526
8810, 66.55, 197.542
8811, 66.59, 197.559
8812, 66.62, 197.576
8813, 66.64, 197.592
8814, 66.66, 197.609
8815, 66.7, 197.626
8816, 66.73, 197.642
8817, 66.76, 197.659
8818, 66.79, 197.676
8819, 66.82, 197.692
8820, 66.82, 197.692
8821, 66.84, 197.709
8822, 66.87, 197.726
8823, 66.89, 197.742
8824, 66.92, 197.759
8825, 66.94, 197.776
8826, 66.97, 197.792
8827, 66.99, 197.809
8828, 67.02, 197.826
8829, 67.05, 197.842
8830, 67.05, 197.842
8831, 67.07, 197.859
8832, 67.1, 197.876
8833, 67.12, 197.892
8834, 67.16, 197.909
8835, 67.18, 197.926
8836, 67.2, 197.942
8837, 67.23, 197.959
8838, 67.25, 197.976
8839, 67.28, 197.992
8840, 67.28, 197.992
8841, 67.31, 198.009
8842, 67.33, 198.026
8843, 67.36, 198.042
8844, 67.39, 198.059
8845, 67.41, 198.076
8846, 67.44, 198.092
8847, 67.46, 198.109
8848, 67.49, 198.126
8849, 67.49, 198.126
8850, 67.51, 198.142
8851, 67.54, 198.159
8852, 67.56, 198.176
8853, 67.59, 198.192
8854, 67.61, 198.209
8855, 67.63, 198.226
8856, 67.65, 198.242
8857, 67.68, 198.259
8858, 67.68, 198.259
8859, 67.71, 198.276
8860, 67.73, 198.292
8861, 67.76, 198.309
8862, 67.78, 198.326
8863, 67.81, 198.342
8864, 67.83, 198.359
8865, 67.85, 198.376
8866, 67.87, 198.392
8867, 67.89, 198.409
8868, 67.89, 198.409
8869, 67.92, 198.426
8870, 67.94, 198.442
8871, 67.97, 198.459
8872, 67.99, 198.476
8873, 68.02, 198.492
8874, 68.04, 198.509
8875, 68.06, 198.526
8876, 68.06, 198.526
8877, 68.1, 198.542
8878, 68.13, 198.559
8879, 68.14, 198.576
8880, 68.16, 198.592
8881, 68.18, 198.609
8882, 68.2, 198.626
8883, 68.22, 198.642
8884, 68.24, 198.659
8885, 68.24, 198.659
8886, 68.26, 198.676
8887, 68.28, 198.692
8888, 68.3, 198.709
8889, 68.33, 198.726
8890, 68.35, 198.742
8891, 68.37, 198.759
8892, 68.39, 198.776
8893, 68.39, 198.776
8894, 68.41, 198.792
8895, 68.43, 198.809
8896, 68.45, 198.826
8897, 68.46, 198.842
8898, 68.48, 198.859
8899, 68.5, 198.876
8900, 68.52, 198.892
8901, 68.54, 198.909
8902, 68.54, 198.909
8903, 68.57, 198.926
8904, 68.58, 198.942
8905, 68.59, 198.959
8906, 68.61, 198.976
8907, 68.62, 198.992
8908, 68.62, 199.009
8909, 68.65, 199.026
8910, 68.65, 199.026
8911, 68.67, 199.042
8912, 68.69, 199.059
8913, 68.7, 199.076
8914, 68.71, 199.092
8915, 68.72, 199.109
8916, 68.74, 199.126
8917, 68.75, 199.142
8918, 68.75, 199.142
8919, 68.76, 199.159
8920, 68.77, 199.176
8921, 68.78, 199.192
8922, 68.8, 199.209
8923, 68.82, 199.226
8924, 68.84, 199.242
8925, 68.84, 199.259
8926, 68.84, 199.259
8927, 68.85, 199.276
8928, 68.86, 199.292
8929, 68.88, 199.309
8930, 68.89, 199.326
8931, 68.9, 199.342
8932, 68.91, 199.359
8933, 68.91, 199.359
8934, 68.93, 199.376
8935, 68.94, 199.392
8936, 68.95, 199.409
8937, 68.96, 199.426
8938, 68.97, 199.442
8939, 68.98, 199.459
8940, 68.99, 199.476
8941, 68.99, 199.476
8942, 69, 199.492
8943, 69.02, 199.509
8944, 69.03, 199.526
8945, 69.04, 199.542
8946, 69.05, 199.559
8947, 69.06, 199.576
8948, 69.07, 199.592
8949, 69.07, 199.592
8950, 69.08, 199.609
8951, 69.09, 199.626
8952, 69.1, 199.642
8953, 69.11, 199.659
8954, 69.12, 199.676
8955, 69.13, 199.692
8956, 69.14, 199.709
8957, 69.14, 199.709
8958, 69.15, 199.726
8959, 69.15, 199.742
8960, 69.16, 199.759
8961, 69.16, 199.776
8962, 69.17, 199.792
8963, 69.17, 199.809
8964, 69.17, 199.809
8965, 69.18, 199.826
8966, 69.19, 199.842
8967, 69.21, 199.859
8968, 69.22, 199.876
8969, 69.24, 199.892
8970, 69.25, 199.909
8971, 69.26, 199.926
8972, 69.26, 199.926
8973, 69.27, 199.942
8974, 69.27, 199.959
8975, 69.28, 199.976
8976, 69.28, 199.992
8977, 69.28, 200.009
8978, 69.28, 200.026
8979, 69.28, 200.026
8980, 69.28, 200.042
8981, 69.28, 200.059
8982, 69.29, 200.076
8983, 69.29, 200.092
8984, 69.29, 200.109
8985, 69.29, 200.126
8986, 69.29, 200.126
8987, 69.3, 200.142
8988, 69.3, 200.159
8989, 69.3, 200.176
8990, 69.3, 200.192
8991, 69.29, 200.209
8992, 69.29, 200.226
8993, 69.29, 200.226
8994, 69.3, 200.242
8995, 69.3, 200.259
8996, 69.3, 200.276
8997, 69.3, 200.292
8998, 69.3, 200.309
8999, 69.29, 200.326
9000, 69.29, 200.326
9001, 69.28, 200.342
9002, 69.26, 200.359
9003, 69.24, 200.376
9004, 69.21, 200.392
9005, 69.18, 200.409
9006, 69.14, 200.426
9007, 69.08, 200.442
9008, 69.08, 200.442
9009, 69, 200.459
9010, 68.91, 200.476
9011, 68.8, 200.492
9012, 68.7, 200.509
9013, 68.59, 200.526
9014, 68.49, 200.542
9015, 68.49, 200.542
9016, 68.37, 200.559
9017, 68.24, 200.576
9018, 68.13, 200.592
9019, 68.01, 200.609
9020, 67.88, 200.626
9021, 67.74, 200.642
9022, 67.61, 200.659
9023, 67.47, 200.676
9024, 67.47, 200.676
9025, 67.34, 200.692
9026, 67.22, 200.709
9027, 67.1, 200.726
9028, 66.99, 200.742
9029, 66.86, 200.759
9030, 66.74, 200.776
9031, 66.6, 200.792
9032, 66.44, 200.809
9033, 66.3, 200.826
9034, 66.3, 200.826
9035, 66.15, 200.842
9036, 66.01, 200.859
9037, 65.86, 200.876
9038, 65.72, 200.892
9039, 65.58, 200.909
9040, 65.45, 200.926
9041, 65.32, 200.942
9042, 65.2, 200.959
9043, 65.07, 200.976
9044, 64.94, 200.992
9045, 64.82, 201.009
9046, 64.69, 201.026
9047, 64.69, 201.026
9048, 64.57, 201.042
9049, 64.44, 201.059
9050, 64.32, 201.076
9051, 64.19, 201.092
9052, 64.06, 201.109
9053, 63.93, 201.126
9054, 63.8, 201.142
9055, 63.68, 201.159
9056, 63.55, 201.176
9057, 63.42, 201.192
9058, 63.29, 201.209
9059, 63.16, 201.226
9060, 63.03, 201.242
9061, 62.9, 201.259
9062, 62.77, 201.276
9063, 62.64, 201.292
9064, 62.5, 201.309
9065, 62.37, 201.326
9066, 62.23, 201.342
9067, 62.23, 201.342
9068, 62.1, 201.359
9069, 61.97, 201.376
9070, 61.84, 201.392
9071, 61.71, 201.409
9072, 61.58, 201.426
9073, 61.45, 201.442
9074, 61.33, 201.459
9075, 61.21, 201.476
9076, 61.09, 201.492
9077, 60.98, 201.509
9078, 60.86, 201.526
9079, 60.86, 201.526
9080, 60.61, 201.559
9081, 60.49, 201.576
9082, 60.38, 201.592
9083, 60.26, 201.609
9084, 60.13, 201.626
9085, 60.01, 201.642
9086, 59.9, 201.659
9087, 59.78, 201.676
9088, 59.65, 201.692
9089, 59.53, 201.709
9090, 59.41, 201.726
9091, 59.29, 201.742
9092, 59.17, 201.759
9093, 59.05, 201.776
9094, 58.93, 201.792
9095, 58.81, 201.809
9096, 58.69, 201.826
9097, 58.45, 201.859
9098, 58.34, 201.876
9099, 58.22, 201.892
9100, 58.11, 201.909
9101, 58.01, 201.926
9102, 57.91, 201.942
9103, 57.82, 201.959
9104, 57.73, 201.976
9105, 57.64, 201.992
9106, 57.56, 202.009
9107, 57.49, 202.026
9108, 57.42, 202.042
9109, 57.37, 202.059
9110, 57.32, 202.076
9111, 57.27, 202.092
9112, 57.22, 202.109
9113, 57.17, 202.126
9114, 57.13, 202.142
9115, 57.08, 202.159
9116, 57.03, 202.176
9117, 56.98, 202.192
9118, 56.88, 202.226
9119, 56.83, 202.242
9120, 56.79, 202.259
9121, 56.74, 202.276
9122, 56.69, 202.292
9123, 56.64, 202.309
9124, 56.59, 202.326
9125, 56.54, 202.342
9126, 56.49, 202.359
9127, 56.45, 202.376
9128, 56.4, 202.392
9129, 56.36, 202.409
9130, 56.31, 202.426
9131, 56.26, 202.442
9132, 56.21, 202.459
9133, 56.15, 202.476
9134, 56.05, 202.509
9135, 56, 202.526
9136, 55.95, 202.542
9137, 55.9, 202.559
9138, 55.86, 202.576
9139, 55.81, 202.592
9140, 55.77, 202.609
9141, 55.73, 202.626
9142, 55.68, 202.642
9143, 55.64, 202.659
9144, 55.6, 202.676
9145, 55.55, 202.692
9146, 55.51, 202.709
9147, 55.43, 202.742
9148, 55.39, 202.759
9149, 55.35, 202.776
9150, 55.3, 202.792
9151, 55.26, 202.809
9152, 55.21, 202.826
9153, 55.16, 202.842
9154, 55.11, 202.859
9155, 55.05, 202.876
9156, 55, 202.892
9157, 54.94, 202.909
9158, 54.89, 202.926
9159, 54.79, 202.959
9160, 54.74, 202.976
9161, 54.69, 202.992
9162, 54.64, 203.009
9163, 54.59, 203.026
9164, 54.54, 203.042
9165, 54.49, 203.059
9166, 54.44, 203.076
9167, 54.39, 203.092
9168, 54.34, 203.109
9169, 54.24, 203.142
9170, 54.19, 203.159
9171, 54.15, 203.176
9172, 54.11, 203.192
9173, 54.07, 203.209
9174, 54.03, 203.226
9175, 53.99, 203.242
9176, 53.94, 203.259
9177, 53.86, 203.292
9178, 53.82, 203.309
9179, 53.78, 203.326
9180, 53.74, 203.342
9181, 53.7, 203.359
9182, 53.66, 203.376
9183, 53.62, 203.392
9184, 53.58, 203.409
9185, 53.5, 203.442
9186, 53.45, 203.459
9187, 53.41, 203.476
9188, 53.37, 203.492
9189, 53.32, 203.509
9190, 53.27, 203.526
9191, 53.21, 203.542
9192, 53.15, 203.559
9193, 53.03, 203.592
9194, 52.96, 203.609
9195, 52.88, 203.626
9196, 52.8, 203.642
9197, 52.71, 203.659
9198, 52.62, 203.676
9199, 52.51, 203.692
9200, 52.27, 203.726
9201, 52.15, 203.742
9202, 52.02, 203.759
9203, 51.87, 203.776
9204, 51.73, 203.792
9205, 51.58, 203.809
9206, 51.44, 203.826
9207, 51.17, 203.859
9208, 51.02, 203.876
9209, 50.87, 203.892
9210, 50.72, 203.909
9211, 50.56, 203.926
9212, 50.24, 203.959
9213, 50.07, 203.976
9214, 49.9, 203.992
9215, 49.74, 204.009
9216, 49.58, 204.026
9217, 49.25, 204.059
9218, 49.08, 204.076
9219, 48.92, 204.092
9220, 48.77, 204.109
9221, 48.61, 204.126
9222, 48.29, 204.159
9223, 48.13, 204.176
9224, 47.95, 204.192
9225, 47.77, 204.209
9226, 47.42, 204.242
9227, 47.24, 204.259
9228, 47.06, 204.276
9229, 46.7, 204.309
9230, 46.53, 204.326
9231, 46.35, 204.342
9232, 46.18, 204.359
9233, 45.85, 204.392
9234, 45.69, 204.409
9235, 45.53, 204.426
9236, 45.24, 204.459
9237, 45.1, 204.476
9238, 44.96, 204.492
9239, 44.69, 204.526
9240, 44.55, 204.542
9241, 44.41, 204.559
9242, 44.14, 204.592
9243, 44, 204.609
9244, 43.87, 204.626
9245, 43.61, 204.659
9246, 43.48, 204.676
9247, 43.36, 204.692
9248, 43.09, 204.726
9249, 42.95, 204.742
9250, 42.66, 204.776
9251, 42.52, 204.792
9252, 42.39, 204.809
9253, 42.15, 204.842
9254, 42.04, 204.859
9255, 41.86, 204.892
9256, 41.78, 204.909
9257, 41.7, 204.926
9258, 41.57, 204.959
9259, 41.49, 204.976
9260, 41.33, 205.009
9261, 41.26, 205.026
9262, 41.16, 205.059
9263, 41.12, 205.076
9264, 41.07, 205.092
9265, 40.98, 205.126
9266, 40.93, 205.142
9267, 40.84, 205.176
9268, 40.8, 205.192
9269, 40.75, 205.209
9270, 40.65, 205.242
9271, 40.61, 205.259
9272, 40.52, 205.292
9273, 40.49, 205.309
9274, 40.41, 205.342
9275, 40.36, 205.359
9276, 40.27, 205.392
9277, 40.22, 205.409
9278, 40.16, 205.426
9279, 40.07, 205.459
9280, 40.03, 205.476
9281, 39.94, 205.509
9282, 39.9, 205.526
9283, 39.81, 205.559
9284, 39.76, 205.576
9285, 39.66, 205.609
9286, 39.61, 205.626
9287, 39.52, 205.659
9288, 39.47, 205.676
9289, 39.38, 205.709
9290, 39.33, 205.726
9291, 39.24, 205.759
9292, 39.2, 205.776
9293, 39.11, 205.809
9294, 39.06, 205.826
9295, 38.99, 205.859
9296, 38.95, 205.876
9297, 38.87, 205.909
9298, 38.84, 205.926
9299, 38.77, 205.959
9300, 38.74, 205.976
9301, 38.67, 206.009
9302, 38.64, 206.026
9303, 38.6, 206.059
9304, 38.57, 206.076
9305, 38.51, 206.109
9306, 38.48, 206.126
9307, 38.43, 206.159
9308, 38.38, 206.192
9309, 38.35, 206.209
9310, 38.29, 206.242
9311, 38.26, 206.259
9312, 38.2, 206.292
9313, 38.17, 206.309
9314, 38.11, 206.342
9315, 38.08, 206.359
9316, 38.03, 206.392
9317, 37.99, 206.426
9318, 37.97, 206.442
9319, 37.96, 206.476
9320, 37.95, 206.492
9321, 37.96, 206.526
9322, 37.97, 206.542
9323, 38, 206.576
9324, 38.04, 206.609
9325, 38.07, 206.626
9326, 38.12, 206.659
9327, 38.16, 206.676
9328, 38.22, 206.709
9329, 38.26, 206.726
9330, 38.33, 206.759
9331, 38.41, 206.792
9332, 38.45, 206.809
9333, 38.51, 206.842
9334, 38.55, 206.859
9335, 38.64, 206.892
9336, 38.68, 206.909
9337, 38.74, 206.942
9338, 38.77, 206.959
9339, 38.86, 206.992
9340, 38.94, 207.026
9341, 38.96, 207.042
9342, 38.97, 207.076
9343, 38.95, 207.092
9344, 38.85, 207.126
9345, 38.79, 207.142
9346, 38.59, 207.176
9347, 38.49, 207.192
9348, 38.29, 207.226
9349, 38.18, 207.242
9350, 37.95, 207.276
9351, 37.69, 207.309
9352, 37.55, 207.326
9353, 37.28, 207.359
9354, 37.13, 207.376
9355, 36.84, 207.409
9356, 36.54, 207.442
9357, 36.39, 207.459
9358, 36.09, 207.492
9359, 35.8, 207.526
9360, 35.65, 207.542
9361, 35.35, 207.576
9362, 35.07, 207.609
9363, 34.77, 207.642
9364, 34.63, 207.659
9365, 34.34, 207.692
9366, 34.06, 207.726
9367, 33.79, 207.759
9368, 33.66, 207.776
9369, 33.41, 207.809
9370, 33.2, 207.842
9371, 33, 207.876
9372, 32.81, 207.909
9373, 32.7, 207.926
9374, 32.53, 207.959
9375, 32.4, 207.992
9376, 32.29, 208.026
9377, 32.17, 208.059
9378, 32.05, 208.092
9379, 31.94, 208.126
9380, 31.88, 208.142
9381, 31.77, 208.176
9382, 31.66, 208.209
9383, 31.55, 208.242
9384, 31.43, 208.276
9385, 31.31, 208.309
9386, 31.17, 208.342
9387, 31.04, 208.376
9388, 30.9, 208.409
9389, 30.76, 208.442
9390, 30.63, 208.476
9391, 30.48, 208.509
9392, 30.3, 208.542
9393, 30.13, 208.576
9394, 29.95, 208.609
9395, 29.77, 208.642
9396, 29.61, 208.676
9397, 29.45, 208.709
9398, 29.28, 208.742
9399, 29.14, 208.776
9400, 29.01, 208.809
9401, 28.89, 208.842
9402, 28.8, 208.876
9403, 28.73, 208.909
9404, 28.66, 208.942
9405, 28.58, 208.976
9406, 28.5, 209.009
9407, 28.38, 209.059
9408, 28.31, 209.092
9409, 28.23, 209.126
9410, 28.15, 209.159
9411, 28.08, 209.192
9412, 28.01, 209.226
9413, 27.94, 209.259
9414, 27.85, 209.309
9415, 27.77, 209.342
9416, 27.69, 209.376
9417, 27.61, 209.409
9418, 27.53, 209.442
9419, 27.45, 209.476
9420, 27.33, 209.526
9421, 27.24, 209.559
9422, 27.15, 209.592
9423, 27.04, 209.626
9424, 26.93, 209.659
9425, 26.75, 209.709
9426, 26.65, 209.742
9427, 26.55, 209.776
9428, 26.47, 209.809
9429, 26.34, 209.859
9430, 26.24, 209.892
9431, 26.15, 209.926
9432, 26.06, 209.959
9433, 25.91, 210.009
9434, 25.82, 210.042
9435, 25.73, 210.076
9436, 25.59, 210.126
9437, 25.5, 210.159
9438, 25.41, 210.192
9439, 25.27, 210.242
9440, 25.18, 210.276
9441, 25.09, 210.309
9442, 24.97, 210.359
9443, 24.89, 210.392
9444, 24.82, 210.426
9445, 24.74, 210.476
9446, 24.69, 210.509
9447, 24.65, 210.542
9448, 24.63, 210.592
9449, 24.62, 210.626
9450, 24.62, 210.676
9451, 24.63, 210.709
9452, 24.66, 210.759
9453, 24.68, 210.792
9454, 24.7, 210.826
9455, 24.75, 210.876
9456, 24.79, 210.909
9457, 24.87, 210.959
9458, 24.92, 210.992
9459, 25, 211.042
9460, 25.06, 211.076
9461, 25.17, 211.126
9462, 25.24, 211.159
9463, 25.35, 211.209
9464, 25.42, 211.242
9465, 25.5, 211.276
9466, 25.6, 211.326
9467, 25.66, 211.359
9468, 25.77, 211.409
9469, 25.84, 211.442
9470, 25.9, 211.476
9471, 25.96, 211.509
9472, 26.01, 211.542
9473, 26.06, 211.592
9474, 26.08, 211.626
9475, 26.07, 211.659
9476, 26.04, 211.692
9477, 26, 211.726
9478, 25.97, 211.759
9479, 25.93, 211.809
9480, 25.91, 211.842
9481, 25.9, 211.876
9482, 25.9, 211.909
9483, 25.92, 211.942
9484, 25.94, 211.976
9485, 26, 212.026
9486, 26.06, 212.059
9487, 26.11, 212.092
9488, 26.16, 212.126
9489, 26.21, 212.159
9490, 26.24, 212.192
9491, 26.26, 212.226
9492, 26.27, 212.259
9493, 26.27, 212.292
9494, 26.26, 212.326
9495, 26.24, 212.359
9496, 26.22, 212.392
9497, 26.17, 212.426
9498, 26.1, 212.459
9499, 26.05, 212.492
9500, 26.01, 212.526
9501, 25.98, 212.559
9502, 25.95, 212.592
9503, 25.89, 212.642
9504, 25.85, 212.676
9505, 25.83, 212.709
9506, 25.82, 212.742
9507, 25.84, 212.792
9508, 25.87, 212.826
9509, 25.9, 212.859
9510, 25.95, 212.892
9511, 26.04, 212.942
9512, 26.12, 212.976
9513, 26.22, 213.009
9514, 26.37, 213.059
9515, 26.48, 213.092
9516, 26.58, 213.126
9517, 26.69, 213.159
9518, 26.86, 213.209
9519, 26.97, 213.242
9520, 27.08, 213.276
9521, 27.19, 213.309
9522, 27.35, 213.359
9523, 27.46, 213.392
9524, 27.57, 213.426
9525, 27.68, 213.459
9526, 27.8, 213.492
9527, 27.99, 213.542
9528, 28.12, 213.576
9529, 28.26, 213.609
9530, 28.39, 213.642
9531, 28.54, 213.676
9532, 28.69, 213.709
9533, 28.83, 213.742
9534, 28.96, 213.776
9535, 29.19, 213.826
9536, 29.35, 213.859
9537, 29.5, 213.892
9538, 29.65, 213.926
9539, 29.8, 213.959
9540, 29.95, 213.992
9541, 30.09, 214.026
9542, 30.24, 214.059
9543, 30.38, 214.092
9544, 30.52, 214.126
9545, 30.68, 214.159
9546, 30.83, 214.192
9547, 30.95, 214.226
9548, 31.09, 214.259
9549, 31.24, 214.292
9550, 31.42, 214.326
9551, 31.57, 214.359
9552, 31.7, 214.392
9553, 31.76, 214.409
9554, 31.89, 214.442
9555, 32.03, 214.476
9556, 32.17, 214.509
9557, 32.31, 214.542
9558, 32.43, 214.576
9559, 32.56, 214.609
9560, 32.7, 214.642
9561, 32.77, 214.659
9562, 32.91, 214.692
9563, 33.05, 214.726
9564, 33.19, 214.759
9565, 33.33, 214.792
9566, 33.48, 214.826
9567, 33.55, 214.842
9568, 33.68, 214.876
9569, 33.81, 214.909
9570, 33.93, 214.942
9571, 34.04, 214.976
9572, 34.07, 214.992
9573, 34.06, 215.026
9574, 34.24, 215.059
9575, 34.37, 215.092
9576, 34.43, 215.109
9577, 34.57, 215.142
9578, 34.71, 215.176
9579, 34.84, 215.209
9580, 34.91, 215.226
9581, 35.05, 215.259
9582, 35.18, 215.292
9583, 35.31, 215.326
9584, 35.37, 215.342
9585, 35.51, 215.376
9586, 35.64, 215.409
9587, 35.71, 215.426
9588, 35.83, 215.459
9589, 35.94, 215.492
9590, 36, 215.509
9591, 36.13, 215.542
9592, 36.28, 215.576
9593, 36.36, 215.592
9594, 36.48, 215.626
9595, 36.61, 215.659
9596, 36.68, 215.676
9597, 36.82, 215.709
9598, 36.94, 215.742
9599, 37, 215.759
9600, 37.13, 215.792
9601, 37.19, 215.809
9602, 37.39, 215.859
9603, 37.45, 215.876
9604, 37.51, 215.892
9605, 37.63, 215.926
9606, 37.69, 215.942
9607, 37.82, 215.976
9608, 37.94, 216.009
9609, 38, 216.026
9610, 38.12, 216.059
9611, 38.18, 216.076
9612, 38.3, 216.109
9613, 38.43, 216.142
9614, 38.49, 216.159
9615, 38.62, 216.192
9616, 38.68, 216.209
9617, 38.79, 216.242
9618, 38.85, 216.259
9619, 38.97, 216.292
9620, 39.03, 216.309
9621, 39.15, 216.342
9622, 39.21, 216.359
9623, 39.34, 216.392
9624, 39.45, 216.426
9625, 39.51, 216.442
9626, 39.62, 216.476
9627, 39.68, 216.492
9628, 39.8, 216.526
9629, 39.86, 216.542
9630, 39.97, 216.576
9631, 40.03, 216.592
9632, 40.15, 216.626
9633, 40.21, 216.642
9634, 40.33, 216.676
9635, 40.39, 216.692
9636, 40.51, 216.726
9637, 40.57, 216.742
9638, 40.68, 216.776
9639, 40.74, 216.792
9640, 40.85, 216.826
9641, 40.91, 216.842
9642, 40.96, 216.859
9643, 41.08, 216.892
9644, 41.14, 216.909
9645, 41.24, 216.942
9646, 41.29, 216.959
9647, 41.39, 216.992
9648, 41.45, 217.009
9649, 41.56, 217.042
9650, 41.62, 217.059
9651, 41.73, 217.092
9652, 41.78, 217.109
9653, 41.83, 217.126
9654, 41.94, 217.159
9655, 41.99, 217.176
9656, 42.09, 217.209
9657, 42.13, 217.226
9658, 42.22, 217.259
9659, 42.27, 217.276
9660, 42.31, 217.292
9661, 42.39, 217.326
9662, 42.41, 217.342
9663, 42.42, 217.376
9664, 42.51, 217.392
9665, 42.55, 217.409
9666, 42.64, 217.442
9667, 42.69, 217.459
9668, 42.8, 217.492
9669, 42.85, 217.509
9670, 42.9, 217.526
9671, 43, 217.559
9672, 43.06, 217.576
9673, 43.16, 217.609
9674, 43.21, 217.626
9675, 43.26, 217.642
9676, 43.37, 217.676
9677, 43.42, 217.692
9678, 43.52, 217.726
9679, 43.57, 217.742
9680, 43.62, 217.759
9681, 43.72, 217.792
9682, 43.77, 217.809
9683, 43.82, 217.826
9684, 43.93, 217.859
9685, 43.98, 217.876
9686, 44.08, 217.909
9687, 44.13, 217.926
9688, 44.18, 217.942
9689, 44.29, 217.976
9690, 44.34, 217.992
9691, 44.39, 218.009
9692, 44.5, 218.042
9693, 44.55, 218.059
9694, 44.6, 218.076
9695, 44.7, 218.109
9696, 44.75, 218.126
9697, 44.8, 218.142
9698, 44.9, 218.176
9699, 44.95, 218.192
9700, 45, 218.209
9701, 45.1, 218.242
9702, 45.15, 218.259
9703, 45.2, 218.276
9704, 45.29, 218.309
9705, 45.34, 218.326
9706, 45.39, 218.342
9707, 45.49, 218.376
9708, 45.54, 218.392
9709, 45.59, 218.409
9710, 45.69, 218.442
9711, 45.74, 218.459
9712, 45.79, 218.476
9713, 45.88, 218.509
9714, 45.93, 218.526
9715, 45.97, 218.542
9716, 46.02, 218.559
9717, 46.11, 218.592
9718, 46.16, 218.609
9719, 46.21, 218.626
9720, 46.31, 218.659
9721, 46.36, 218.676
9722, 46.4, 218.692
9723, 46.5, 218.726
9724, 46.54, 218.742
9725, 46.59, 218.759
9726, 46.63, 218.776
9727, 46.73, 218.809
9728, 46.77, 218.826
9729, 46.82, 218.842
9730, 46.91, 218.876
9731, 46.95, 218.892
9732, 47, 218.909
9733, 47.05, 218.926
9734, 47.14, 218.959
9735, 47.18, 218.976
9736, 47.23, 218.992
9737, 47.27, 219.009
9738, 47.36, 219.042
9739, 47.4, 219.059
9740, 47.44, 219.076
9741, 47.48, 219.092
9742, 47.57, 219.126
9743, 47.61, 219.142
9744, 47.65, 219.159
9745, 47.73, 219.192
9746, 47.77, 219.209
9747, 47.81, 219.226
9748, 47.85, 219.242
9749, 47.93, 219.276
9750, 47.96, 219.292
9751, 48, 219.309
9752, 48.04, 219.326
9753, 48.12, 219.359
9754, 48.16, 219.376
9755, 48.2, 219.392
9756, 48.24, 219.409
9757, 48.31, 219.442
9758, 48.35, 219.459
9759, 48.39, 219.476
9760, 48.43, 219.492
9761, 48.47, 219.509
9762, 48.55, 219.542
9763, 48.59, 219.559
9764, 48.62, 219.576
9765, 48.66, 219.592
9766, 48.74, 219.626
9767, 48.77, 219.642
9768, 48.81, 219.659
9769, 48.85, 219.676
9770, 48.92, 219.709
9771, 48.96, 219.726
9772, 49, 219.742
9773, 49.04, 219.759
9774, 49.07, 219.776
9775, 49.12, 219.809
9776, 49.08, 219.826
9777, 49.12, 219.842
9778, 49.17, 219.859
9779, 49.21, 219.892
9780, 49.24, 219.909
9781, 49.27, 219.926
9782, 49.31, 219.942
9783, 49.35, 219.959
9784, 49.41, 219.992
9785, 49.45, 220.009
9786, 49.48, 220.026
9787, 49.51, 220.042
9788, 49.54, 220.059
9789, 49.61, 220.092
9790, 49.64, 220.109
9791, 49.68, 220.126
9792, 49.71, 220.142
9793, 49.77, 220.176
9794, 49.81, 220.192
9795, 49.84, 220.209
9796, 49.87, 220.226
9797, 49.9, 220.242
9798, 49.97, 220.276
9799, 50, 220.292
9800, 50.04, 220.309
9801, 50.07, 220.326
9802, 50.11, 220.342
9803, 50.17, 220.376
9804, 50.21, 220.392
9805, 50.24, 220.409
9806, 50.28, 220.426
9807, 50.31, 220.442
9808, 50.34, 220.459
9809, 50.4, 220.492
9810, 50.43, 220.509
9811, 50.47, 220.526
9812, 50.5, 220.542
9813, 50.53, 220.559
9814, 50.59, 220.592
9815, 50.62, 220.609
9816, 50.65, 220.626
9817, 50.68, 220.642
9818, 50.71, 220.659
9819, 50.77, 220.692
9820, 50.81, 220.709
9821, 50.84, 220.726
9822, 50.87, 220.742
9823, 50.9, 220.759
9824, 50.93, 220.776
9825, 50.99, 220.809
9826, 51.02, 220.826
9827, 51.05, 220.842
9828, 51.09, 220.859
9829, 51.12, 220.876
9830, 51.18, 220.909
9831, 51.21, 220.926
9832, 51.24, 220.942
9833, 51.27, 220.959
9834, 51.3, 220.976
9835, 51.33, 220.992
9836, 51.4, 221.026
9837, 51.43, 221.042
9838, 51.46, 221.059
9839, 51.49, 221.076
9840, 51.51, 221.092
9841, 51.54, 221.109
9842, 51.6, 221.142
9843, 51.63, 221.159
9844, 51.66, 221.176
9845, 51.69, 221.192
9846, 51.73, 221.209
9847, 51.77, 221.226
9848, 51.84, 221.259
9849, 51.86, 221.276
9850, 51.89, 221.292
9851, 51.93, 221.309
9852, 51.96, 221.326
9853, 51.99, 221.342
9854, 52.02, 221.359
9855, 52.08, 221.392
9856, 52.11, 221.409
9857, 52.14, 221.426
9858, 52.17, 221.442
9859, 52.2, 221.459
9860, 52.23, 221.476
9861, 52.3, 221.509
9862, 52.33, 221.526
9863, 52.36, 221.542
9864, 52.39, 221.559
9865, 52.42, 221.576
9866, 52.45, 221.592
9867, 52.48, 221.609
9868, 52.54, 221.642
9869, 52.57, 221.659
9870, 52.6, 221.676
9871, 52.64, 221.692
9872, 52.68, 221.709
9873, 52.71, 221.726
9874, 52.75, 221.742
9875, 52.81, 221.776
9876, 52.84, 221.792
9877, 52.87, 221.809
9878, 52.9, 221.826
9879, 52.93, 221.842
9880, 52.97, 221.859
9881, 53, 221.876
9882, 53.04, 221.892
9883, 53.1, 221.926
9884, 53.13, 221.942
9885, 53.16, 221.959
9886, 53.19, 221.976
9887, 53.22, 221.992
9888, 53.25, 222.009
9889, 53.29, 222.026
9890, 53.35, 222.059
9891, 53.37, 222.076
9892, 53.41, 222.092
9893, 53.44, 222.109
9894, 53.48, 222.126
9895, 53.51, 222.142
9896, 53.54, 222.159
9897, 53.57, 222.176
9898, 53.61, 222.192
9899, 53.68, 222.226
9900, 53.71, 222.242
9901, 53.74, 222.259
9902, 53.77, 222.276
9903, 53.8, 222.292
9904, 53.83, 222.309
9905, 53.86, 222.326
9906, 53.89, 222.342
9907, 53.95, 222.376
9908, 53.97, 222.392
9909, 54, 222.409
9910, 54.03, 222.426
9911, 54.06, 222.442
9912, 54.09, 222.459
9913, 54.12, 222.476
9914, 54.15, 222.492
9915, 54.18, 222.509
9916, 54.25, 222.542
9917, 54.28, 222.559
9918, 54.3, 222.576
9919, 54.33, 222.592
9920, 54.36, 222.609
9921, 54.39, 222.626
9922, 54.42, 222.642
9923, 54.44, 222.659
9924, 54.47, 222.676
9925, 54.5, 222.692
9926, 54.56, 222.726
9927, 54.59, 222.742
9928, 54.62, 222.759
9929, 54.64, 222.776
9930, 54.67, 222.792
9931, 54.71, 222.809
9932, 54.74, 222.826
9933, 54.77, 222.842
9934, 54.8, 222.859
9935, 54.83, 222.876
9936, 54.89, 222.909
9937, 54.92, 222.926
9938, 54.95, 222.942
9939, 54.97, 222.959
9940, 55, 222.976
9941, 55.03, 222.992
9942, 55.06, 223.009
9943, 55.09, 223.026
9944, 55.12, 223.042
9945, 55.15, 223.059
9946, 55.18, 223.076
9947, 55.24, 223.109
9948, 55.27, 223.126
9949, 55.29, 223.142
9950, 55.32, 223.159
9951, 55.35, 223.176
9952, 55.38, 223.192
9953, 55.4, 223.209
9954, 55.43, 223.226
9955, 55.46, 223.242
9956, 55.49, 223.259
9957, 55.53, 223.276
9958, 55.56, 223.292
9959, 55.61, 223.326
9960, 55.64, 223.342
9961, 55.66, 223.359
9962, 55.69, 223.376
9963, 55.72, 223.392
9964, 55.75, 223.409
9965, 55.78, 223.426
9966, 55.8, 223.442
9967, 55.83, 223.459
9968, 55.86, 223.476
9969, 55.89, 223.492
9970, 55.92, 223.509
9971, 55.94, 223.526
9972, 55.99, 223.559
9973, 56.02, 223.576
9974, 56.05, 223.592
9975, 56.07, 223.609
9976, 56.1, 223.626
9977, 56.13, 223.642
9978, 56.15, 223.659
9979, 56.18, 223.676
9980, 56.21, 223.692
9981, 56.24, 223.709
9982, 56.27, 223.726
9983, 56.3, 223.742
9984, 56.33, 223.759
9985, 56.36, 223.776
9986, 56.41, 223.809
9987, 56.44, 223.826
9988, 56.47, 223.842
9989, 56.49, 223.859
9990, 56.52, 223.876
9991, 56.55, 223.892
9992, 56.57, 223.909
9993, 56.6, 223.926
9994, 56.63, 223.942
9995, 56.65, 223.959
9996, 56.68, 223.976
9997, 56.71, 223.992
9998, 56.73, 224.009
9999, 56.76, 224.026
10000, 56.79, 224.042
10001, 56.81, 224.059
10002, 56.84, 224.076
10003, 56.89, 224.109
10004, 56.92, 224.126
10005, 56.95, 224.142
10006, 56.98, 224.159
10007, 57, 224.176
10008, 57.02, 224.192
10009, 57.04, 224.209
10010, 57.06, 224.226
10011, 57.08, 224.242
10012, 57.11, 224.259
10013, 57.13, 224.276
10014, 57.16, 224.292
10015, 57.18, 224.309
10016, 57.21, 224.326
10017, 57.23, 224.342
10018, 57.26, 224.359
10019, 57.29, 224.376
10020, 57.32, 224.392
10021, 57.37, 224.426
10022, 57.4, 224.442
10023, 57.43, 224.459
10024, 57.46, 224.476
10025, 57.48, 224.492
10026, 57.5, 224.509
10027, 57.52, 224.526
10028, 57.53, 224.542
10029, 57.55, 224.559
10030, 57.58, 224.576
10031, 57.6, 224.592
10032, 57.63, 224.609
10033, 57.64, 224.626
10034, 57.67, 224.642
10035, 57.71, 224.659
10036, 57.75, 224.676
10037, 57.78, 224.692
10038, 57.81, 224.709
10039, 57.82, 224.726
10040, 57.84, 224.742
10041, 57.86, 224.759
10042, 57.89, 224.776
10043, 57.91, 224.792
10044, 57.96, 224.826
10045, 57.98, 224.842
10046, 58.01, 224.859
10047, 58.04, 224.876
10048, 58.06, 224.892
10049, 58.08, 224.909
10050, 58.11, 224.926
10051, 58.14, 224.942
10052, 58.17, 224.959
10053, 58.2, 224.976
10054, 58.22, 224.992
10055, 58.25, 225.009
10056, 58.27, 225.026
10057, 58.3, 225.042
10058, 58.32, 225.059
10059, 58.35, 225.076
10060, 58.38, 225.092
10061, 58.41, 225.109
10062, 58.44, 225.126
10063, 58.47, 225.142
10064, 58.49, 225.159
10065, 58.52, 225.176
10066, 58.54, 225.192
10067, 58.58, 225.209
10068, 58.61, 225.226
10069, 58.64, 225.242
10070, 58.67, 225.259
10071, 58.69, 225.276
10072, 58.72, 225.292
10073, 58.74, 225.309
10074, 58.76, 225.326
10075, 58.79, 225.342
10076, 58.81, 225.359
10077, 58.86, 225.392
10078, 58.89, 225.409
10079, 58.92, 225.426
10080, 58.95, 225.442
10081, 58.98, 225.459
10082, 59, 225.476
10083, 59.03, 225.492
10084, 59.05, 225.509
10085, 59.08, 225.526
10086, 59.12, 225.542
10087, 59.14, 225.559
10088, 59.17, 225.576
10089, 59.2, 225.592
10090, 59.22, 225.609
10091, 59.25, 225.626
10092, 59.28, 225.642
10093, 59.3, 225.659
10094, 59.33, 225.676
10095, 59.35, 225.692
10096, 59.37, 225.709
10097, 59.39, 225.726
10098, 59.42, 225.742
10099, 59.44, 225.759
10100, 59.46, 225.776
10101, 59.48, 225.792
10102, 59.5, 225.809
10103, 59.51, 225.826
10104, 59.51, 225.842
10105, 59.5, 225.859
10106, 59.47, 225.876
10107, 59.45, 225.892
10108, 59.42, 225.909
10109, 59.38, 225.926
10110, 59.34, 225.942
10111, 59.31, 225.959
10112, 59.28, 225.976
10113, 59.25, 225.992
10114, 59.21, 226.009
10115, 59.18, 226.026
10116, 59.15, 226.042
10117, 59.12, 226.059
10118, 59.09, 226.076
10119, 59.06, 226.092
10120, 59.03, 226.109
10121, 59, 226.126
10122, 58.97, 226.142
10123, 58.93, 226.159
10124, 58.9, 226.176
10125, 58.86, 226.192
10126, 58.82, 226.209
10127, 58.78, 226.226
10128, 58.75, 226.242
10129, 58.72, 226.259
10130, 58.69, 226.276
10131, 58.66, 226.292
10132, 58.63, 226.309
10133, 58.56, 226.342
10134, 58.53, 226.359
10135, 58.5, 226.376
10136, 58.47, 226.392
10137, 58.43, 226.409
10138, 58.4, 226.426
10139, 58.36, 226.442
10140, 58.33, 226.459
10141, 58.29, 226.476
10142, 58.26, 226.492
10143, 58.23, 226.509
10144, 58.19, 226.526
10145, 58.16, 226.542
10146, 58.13, 226.559
10147, 58.09, 226.576
10148, 58.06, 226.592
10149, 58.02, 226.609
10150, 57.98, 226.626
10151, 57.94, 226.642
10152, 57.91, 226.659
10153, 57.87, 226.676
10154, 57.83, 226.692
10155, 57.8, 226.709
10156, 57.76, 226.726
10157, 57.73, 226.742
10158, 57.69, 226.759
10159, 57.65, 226.776
10160, 57.62, 226.792
10161, 57.58, 226.809
10162, 57.54, 226.826
10163, 57.45, 226.859
10164, 57.41, 226.876
10165, 57.37, 226.892
10166, 57.33, 226.909
10167, 57.28, 226.926
10168, 57.24, 226.942
10169, 57.2, 226.959
10170, 57.16, 226.976
10171, 57.12, 226.992
10172, 57.08, 227.009
10173, 57.04, 227.026
10174, 56.99, 227.042
10175, 56.95, 227.059
10176, 56.9, 227.076
10177, 56.86, 227.092
10178, 56.81, 227.109
10179, 56.77, 227.126
10180, 56.72, 227.142
10181, 56.68, 227.159
10182, 56.63, 227.176
10183, 56.59, 227.192
10184, 56.5, 227.226
10185, 56.46, 227.242
10186, 56.42, 227.259
10187, 56.37, 227.276
10188, 56.33, 227.292
10189, 56.28, 227.309
10190, 56.24, 227.326
10191, 56.2, 227.342
10192, 56.15, 227.359
10193, 56.11, 227.376
10194, 56.06, 227.392
10195, 56.01, 227.409
10196, 55.95, 227.426
10197, 55.9, 227.442
10198, 55.84, 227.459
10199, 55.78, 227.476
10200, 55.72, 227.492
10201, 55.67, 227.509
10202, 55.62, 227.526
10203, 55.53, 227.559
10204, 55.49, 227.576
10205, 55.44, 227.592
10206, 55.39, 227.609
10207, 55.33, 227.626
10208, 55.28, 227.642
10209, 55.23, 227.659
10210, 55.18, 227.676
10211, 55.13, 227.692
10212, 55.09, 227.709
10213, 55.05, 227.726
10214, 55.01, 227.742
10215, 54.98, 227.759
10216, 54.9, 227.792
10217, 54.86, 227.809
10218, 54.8, 227.826
10219, 54.75, 227.842
10220, 54.69, 227.859
10221, 54.63, 227.876
10222, 54.57, 227.892
10223, 54.52, 227.909
10224, 54.47, 227.926
10225, 54.42, 227.942
10226, 54.38, 227.959
10227, 54.29, 227.992
10228, 54.24, 228.009
10229, 54.2, 228.026
10230, 54.16, 228.042
10231, 54.11, 228.059
10232, 54.07, 228.076
10233, 54.03, 228.092
10234, 53.98, 228.109
10235, 53.94, 228.126
10236, 53.86, 228.159
10237, 53.82, 228.176
10238, 53.78, 228.192
10239, 53.73, 228.209
10240, 53.69, 228.226
10241, 53.65, 228.242
10242, 53.61, 228.259
10243, 53.57, 228.276
10244, 53.53, 228.292
10245, 53.45, 228.326
10246, 53.42, 228.342
10247, 53.39, 228.359
10248, 53.36, 228.376
10249, 53.32, 228.392
10250, 53.29, 228.409
10251, 53.26, 228.426
10252, 53.23, 228.442
10253, 53.15, 228.476
10254, 53.12, 228.492
10255, 53.09, 228.509
10256, 53.06, 228.526
10257, 53.03, 228.542
10258, 53, 228.559
10259, 52.97, 228.576
10260, 52.94, 228.592
10261, 52.87, 228.626
10262, 52.83, 228.642
10263, 52.79, 228.659
10264, 52.76, 228.676
10265, 52.73, 228.692
10266, 52.7, 228.709
10267, 52.67, 228.726
10268, 52.61, 228.759
10269, 52.58, 228.776
10270, 52.55, 228.792
10271, 52.52, 228.809
10272, 52.49, 228.826
10273, 52.47, 228.842
10274, 52.45, 228.859
10275, 52.45, 228.892
10276, 52.43, 228.909
10277, 52.42, 228.926
10278, 52.42, 228.942
10279, 52.42, 228.959
10280, 52.42, 228.976
10281, 52.43, 228.992
10282, 52.45, 229.026
10283, 52.47, 229.042
10284, 52.49, 229.059
10285, 52.51, 229.076
10286, 52.53, 229.092
10287, 52.56, 229.109
10288, 52.58, 229.126
10289, 52.64, 229.159
10290, 52.67, 229.176
10291, 52.71, 229.192
10292, 52.75, 229.209
10293, 52.79, 229.226
10294, 52.82, 229.242
10295, 52.85, 229.259
10296, 52.86, 229.292
10297, 52.83, 229.309
10298, 52.79, 229.326
10299, 52.75, 229.342
10300, 52.69, 229.359
10301, 52.61, 229.376
10302, 52.54, 229.392
10303, 52.39, 229.426
10304, 52.3, 229.442
10305, 52.21, 229.459
10306, 52.11, 229.476
10307, 52.01, 229.492
10308, 51.89, 229.509
10309, 51.77, 229.526
10310, 51.5, 229.559
10311, 51.34, 229.576
10312, 51.18, 229.592
10313, 51.02, 229.609
10314, 50.85, 229.626
10315, 50.67, 229.642
10316, 50.3, 229.676
10317, 50.12, 229.692
10318, 49.93, 229.709
10319, 49.74, 229.726
10320, 49.55, 229.742
10321, 49.16, 229.776
10322, 48.97, 229.792
10323, 48.78, 229.809
10324, 48.59, 229.826
10325, 48.21, 229.859
10326, 48.02, 229.876
10327, 47.83, 229.892
10328, 47.65, 229.909
10329, 47.31, 229.942
10330, 47.15, 229.959
10331, 46.99, 229.976
10332, 46.83, 229.992
10333, 46.54, 230.026
10334, 46.39, 230.042
10335, 46.24, 230.059
10336, 45.95, 230.092
10337, 45.81, 230.109
10338, 45.67, 230.126
10339, 45.53, 230.142
10340, 45.21, 230.176
10341, 45.07, 230.192
10342, 44.93, 230.209
10343, 44.64, 230.242
10344, 44.49, 230.259
10345, 44.35, 230.276
10346, 44.05, 230.309
10347, 43.89, 230.326
10348, 43.58, 230.359
10349, 43.41, 230.376
10350, 43.25, 230.392
10351, 42.92, 230.426
10352, 42.76, 230.442
10353, 42.43, 230.476
10354, 42.27, 230.492
10355, 42.1, 230.509
10356, 41.78, 230.542
10357, 41.61, 230.559
10358, 41.29, 230.592
10359, 41.12, 230.609
10360, 40.79, 230.642
10361, 40.63, 230.659
10362, 40.26, 230.692
10363, 40.09, 230.709
10364, 39.94, 230.726
10365, 39.63, 230.759
10366, 39.32, 230.792
10367, 39.17, 230.809
10368, 38.88, 230.842
10369, 38.75, 230.859
10370, 38.49, 230.892
10371, 38.37, 230.909
10372, 38.14, 230.942
10373, 38.04, 230.959
10374, 37.83, 230.992
10375, 37.72, 231.009
10376, 37.52, 231.042
10377, 37.31, 231.076
10378, 37.2, 231.092
10379, 36.99, 231.126
10380, 36.89, 231.142
10381, 36.67, 231.176
10382, 36.46, 231.209
10383, 36.35, 231.226
10384, 36.15, 231.259
10385, 36.06, 231.276
10386, 35.89, 231.309
10387, 35.73, 231.342
10388, 35.66, 231.359
10389, 35.52, 231.392
10390, 35.41, 231.426
10391, 35.35, 231.442
10392, 35.25, 231.476
10393, 35.14, 231.509
10394, 35.08, 231.526
10395, 34.96, 231.559
10396, 34.84, 231.592
10397, 34.73, 231.626
10398, 34.67, 231.642
10399, 34.56, 231.676
10400, 34.46, 231.709
10401, 34.41, 231.726
10402, 34.31, 231.759
10403, 34.21, 231.792
10404, 34.16, 231.809
10405, 34.05, 231.842
10406, 33.95, 231.876
10407, 33.88, 231.909
10408, 33.84, 231.926
10409, 33.75, 231.959
10410, 33.64, 231.992
10411, 33.57, 232.009
10412, 33.42, 232.042
10413, 33.26, 232.076
10414, 33.09, 232.109
10415, 32.89, 232.142
10416, 32.78, 232.159
10417, 32.57, 232.192
10418, 32.39, 232.226
10419, 32.24, 232.259
10420, 32.12, 232.292
10421, 32.02, 232.326
10422, 31.93, 232.359
10423, 31.83, 232.392
10424, 31.74, 232.426
10425, 31.64, 232.459
10426, 31.55, 232.492
10427, 31.46, 232.526
10428, 31.42, 232.542
10429, 31.33, 232.576
10430, 31.25, 232.609
10431, 31.16, 232.642
10432, 31.07, 232.676
10433, 30.99, 232.709
10434, 30.91, 232.742
10435, 30.84, 232.776
10436, 30.77, 232.809
10437, 30.71, 232.842
10438, 30.65, 232.876
10439, 30.6, 232.909
10440, 30.58, 232.959
10441, 30.56, 232.992
10442, 30.55, 233.026
10443, 30.55, 233.059
10444, 30.56, 233.092
10445, 30.57, 233.126
10446, 30.59, 233.159
10447, 30.62, 233.192
10448, 30.65, 233.226
10449, 30.69, 233.259
10450, 30.73, 233.292
10451, 30.75, 233.309
10452, 30.8, 233.342
10453, 30.85, 233.376
10454, 30.92, 233.409
10455, 30.99, 233.442
10456, 31.08, 233.476
10457, 31.17, 233.509
10458, 31.27, 233.542
10459, 31.38, 233.576
10460, 31.49, 233.609
10461, 31.62, 233.642
10462, 31.74, 233.676
10463, 31.86, 233.709
10464, 31.99, 233.742
10465, 32.05, 233.759
10466, 32.18, 233.792
10467, 32.31, 233.826
10468, 32.44, 233.859
10469, 32.57, 233.892
10470, 32.69, 233.926
10471, 32.82, 233.959
10472, 32.88, 233.976
10473, 33, 234.009
10474, 33.11, 234.042
10475, 33.21, 234.076
10476, 33.32, 234.109
10477, 33.37, 234.126
10478, 33.46, 234.159
10479, 33.53, 234.192
10480, 33.51, 234.226
10481, 33.65, 234.259
10482, 33.7, 234.276
10483, 33.8, 234.309
10484, 33.9, 234.342
10485, 34.01, 234.376
10486, 34.12, 234.409
10487, 34.18, 234.426
10488, 34.29, 234.459
10489, 34.4, 234.492
10490, 34.5, 234.526
10491, 34.55, 234.542
10492, 34.65, 234.576
10493, 34.75, 234.609
10494, 34.8, 234.626
10495, 34.9, 234.659
10496, 35.01, 234.692
10497, 35.12, 234.726
10498, 35.17, 234.742
10499, 35.27, 234.776
10500, 35.38, 234.809
10501, 35.44, 234.826
10502, 35.55, 234.859
10503, 35.65, 234.892
10504, 35.71, 234.909
10505, 35.81, 234.942
10506, 35.91, 234.976
10507, 36.02, 235.009
10508, 36.07, 235.026
10509, 36.17, 235.059
10510, 36.27, 235.092
10511, 36.32, 235.109
10512, 36.43, 235.142
10513, 36.48, 235.159
10514, 36.59, 235.192
10515, 36.7, 235.226
10516, 36.76, 235.242
10517, 36.88, 235.276
10518, 37, 235.309
10519, 37.07, 235.326
10520, 37.19, 235.359
10521, 37.3, 235.392
10522, 37.35, 235.409
10523, 37.46, 235.442
10524, 37.52, 235.459
10525, 37.62, 235.492
10526, 37.73, 235.526
10527, 37.78, 235.542
10528, 37.89, 235.576
10529, 37.94, 235.592
10530, 38.05, 235.626
10531, 38.16, 235.659
10532, 38.21, 235.676
10533, 38.32, 235.709
10534, 38.38, 235.726
10535, 38.49, 235.759
10536, 38.6, 235.792
10537, 38.65, 235.809
10538, 38.76, 235.842
10539, 38.81, 235.859
10540, 38.92, 235.892
10541, 38.98, 235.909
10542, 39.09, 235.942
10543, 39.14, 235.959
10544, 39.26, 235.992
10545, 39.31, 236.009
10546, 39.43, 236.042
10547, 39.55, 236.076
10548, 39.61, 236.092
10549, 39.73, 236.126
10550, 39.79, 236.142
10551, 39.89, 236.176
10552, 39.95, 236.192
10553, 40.07, 236.226
10554, 40.12, 236.242
10555, 40.23, 236.276
10556, 40.28, 236.292
10557, 40.4, 236.326
10558, 40.46, 236.342
10559, 40.58, 236.376
10560, 40.64, 236.392
10561, 40.76, 236.426
10562, 40.81, 236.442
10563, 40.85, 236.459
10564, 40.84, 236.492
10565, 40.92, 236.509
10566, 41.02, 236.542
10567, 41.07, 236.559
10568, 41.17, 236.592
10569, 41.21, 236.609
10570, 41.29, 236.642
10571, 41.34, 236.659
10572, 41.46, 236.692
10573, 41.52, 236.709
10574, 41.63, 236.742
10575, 41.67, 236.759
10576, 41.72, 236.776
10577, 41.83, 236.809
10578, 41.9, 236.826
10579, 42.03, 236.859
10580, 42.1, 236.876
10581, 42.22, 236.909
10582, 42.27, 236.926
10583, 42.4, 236.959
10584, 42.49, 236.976
10585, 42.57, 236.992
10586, 42.69, 237.026
10587, 42.74, 237.042
10588, 42.84, 237.076
10589, 42.88, 237.092
10590, 42.92, 237.109
10591, 43, 237.142
10592, 43.03, 237.159
10593, 43.08, 237.192
10594, 43.1, 237.209
10595, 43.11, 237.226
10596, 43.11, 237.259
10597, 43.09, 237.276
10598, 43, 237.309
10599, 42.93, 237.326
10600, 42.83, 237.342
10601, 42.58, 237.376
10602, 42.44, 237.392
10603, 42.13, 237.426
10604, 41.96, 237.442
10605, 41.61, 237.476
10606, 41.43, 237.492
10607, 41.26, 237.509
10608, 40.93, 237.542
10609, 40.77, 237.559
10610, 40.43, 237.592
10611, 40.26, 237.609
10612, 39.88, 237.642
10613, 39.69, 237.659
10614, 39.32, 237.692
10615, 39, 237.726
10616, 38.83, 237.742
10617, 38.49, 237.776
10618, 38.33, 237.792
10619, 38.02, 237.826
10620, 37.86, 237.842
10621, 37.57, 237.876
10622, 37.29, 237.909
10623, 37.13, 237.926
10624, 36.87, 237.959
10625, 36.62, 237.992
10626, 36.49, 238.009
10627, 36.27, 238.042
10628, 36.05, 238.076
10629, 35.93, 238.092
10630, 35.71, 238.126
10631, 35.51, 238.159
10632, 35.41, 238.176
10633, 35.21, 238.209
10634, 35.01, 238.242
10635, 34.91, 238.259
10636, 34.71, 238.292
10637, 34.52, 238.326
10638, 34.34, 238.359
10639, 34.25, 238.376
10640, 34.09, 238.409
10641, 33.94, 238.442
10642, 33.78, 238.476
10643, 33.64, 238.509
10644, 33.57, 238.526
10645, 33.45, 238.559
10646, 33.32, 238.592
10647, 33.15, 238.626
10648, 33.01, 238.659
10649, 32.9, 238.692
10650, 32.8, 238.726
10651, 32.74, 238.742
10652, 32.64, 238.776
10653, 32.56, 238.809
10654, 32.5, 238.842
10655, 32.44, 238.876
10656, 32.38, 238.909
10657, 32.32, 238.942
10658, 32.26, 238.976
10659, 32.2, 239.009
10660, 32.16, 239.026
10661, 32.09, 239.059
10662, 32.01, 239.092
10663, 31.94, 239.126
10664, 31.86, 239.159
10665, 31.8, 239.192
10666, 31.73, 239.226
10667, 31.63, 239.259
10668, 31.54, 239.292
10669, 31.44, 239.326
10670, 31.34, 239.359
10671, 31.25, 239.392
10672, 31.2, 239.409
10673, 31.09, 239.442
10674, 30.99, 239.476
10675, 30.89, 239.509
10676, 30.79, 239.542
10677, 30.71, 239.576
10678, 30.66, 239.609
10679, 30.62, 239.642
10680, 30.57, 239.676
10681, 30.53, 239.709
10682, 30.49, 239.742
10683, 30.45, 239.776
10684, 30.43, 239.809
10685, 30.41, 239.842
10686, 30.39, 239.876
10687, 30.43, 239.909
10688, 30.47, 239.942
10689, 30.49, 239.976
10690, 30.51, 240.009
10691, 30.54, 240.042
10692, 30.57, 240.076
10693, 30.6, 240.109
10694, 30.61, 240.142
10695, 30.62, 240.176
10696, 30.62, 240.209
10697, 30.61, 240.242
10698, 30.59, 240.276
10699, 30.57, 240.309
10700, 30.56, 240.326
10701, 30.54, 240.359
10702, 30.51, 240.392
10703, 30.44, 240.426
10704, 30.38, 240.459
10705, 30.36, 240.492
10706, 30.32, 240.526
10707, 30.3, 240.559
10708, 30.3, 240.592
10709, 30.28, 240.626
10710, 30.28, 240.659
10711, 30.29, 240.692
10712, 30.29, 240.726
10713, 30.3, 240.759
10714, 30.31, 240.792
10715, 30.3, 240.826
10716, 30.3, 240.859
10717, 30.31, 240.892
10718, 30.33, 240.926
10719, 30.35, 240.942
10720, 30.39, 240.976
10721, 30.44, 241.009
10722, 30.49, 241.042
10723, 30.55, 241.076
10724, 30.63, 241.109
10725, 30.72, 241.142
10726, 30.77, 241.159
10727, 30.88, 241.192
10728, 31.08, 241.242
10729, 31.14, 241.259
10730, 31.28, 241.292
10731, 31.41, 241.326
10732, 31.47, 241.342
10733, 31.6, 241.376
10734, 31.73, 241.409
10735, 31.87, 241.442
10736, 32, 241.476
10737, 32.14, 241.509
10738, 32.21, 241.526
10739, 32.35, 241.559
10740, 32.5, 241.592
10741, 32.64, 241.626
10742, 32.76, 241.659
10743, 32.86, 241.692
10744, 32.92, 241.709
10745, 33.05, 241.742
10746, 33.18, 241.776
10747, 33.3, 241.809
10748, 33.42, 241.842
10749, 33.52, 241.876
10750, 33.55, 241.892
10751, 33.56, 241.926
10752, 33.74, 241.959
10753, 33.86, 241.992
10754, 33.97, 242.026
10755, 34.03, 242.042
10756, 34.16, 242.076
10757, 34.29, 242.109
10758, 34.39, 242.142
10759, 34.49, 242.176
10760, 34.56, 242.192
10761, 34.73, 242.226
10762, 34.89, 242.259
10763, 35.05, 242.292
10764, 35.15, 242.309
10765, 35.34, 242.342
10766, 35.34, 242.342
10767, 35.51, 242.392
10768, 35.63, 242.426
10769, 35.77, 242.459
10770, 35.84, 242.476
10771, 35.96, 242.509
10772, 36.09, 242.542
10773, 36.24, 242.576
10774, 36.24, 242.576
10775, 36.47, 242.626
10776, 36.62, 242.659
10777, 36.69, 242.676
10778, 36.84, 242.709
10779, 36.92, 242.726
10780, 37.06, 242.759
10781, 37.21, 242.792
10782, 37.29, 242.809
10783, 37.43, 242.842
10784, 37.58, 242.876
10785, 37.65, 242.892
10786, 37.8, 242.926
10787, 37.88, 242.942
10788, 38.03, 242.976
10789, 38.17, 243.009
10790, 38.25, 243.026
10791, 38.4, 243.059
10792, 38.47, 243.076
10793, 38.6, 243.109
10794, 38.67, 243.126
10795, 38.8, 243.159
10796, 38.87, 243.176
10797, 39.01, 243.209
10798, 39.14, 243.242
10799, 39.2, 243.259
10800, 39.32, 243.292
10801, 39.39, 243.309
10802, 39.53, 243.342
10803, 39.66, 243.376
10804, 39.73, 243.392
10805, 39.8, 243.409
10806, 39.93, 243.442
10807, 39.99, 243.459
10808, 40.11, 243.492
10809, 40.18, 243.509
10810, 40.3, 243.542
10811, 40.37, 243.559
10812, 40.49, 243.592
10813, 40.55, 243.609
10814, 40.68, 243.642
10815, 40.74, 243.659
10816, 40.86, 243.692
10817, 40.92, 243.709
10818, 41.04, 243.742
10819, 41.11, 243.759
10820, 41.11, 243.759
10821, 41.29, 243.809
10822, 41.35, 243.826
10823, 41.48, 243.859
10824, 41.54, 243.876
10825, 41.65, 243.909
10826, 41.71, 243.926
10827, 41.83, 243.959
10828, 41.89, 243.976
10829, 41.98, 244.009
10830, 41.96, 244.026
10831, 41.99, 244.042
10832, 42.12, 244.076
10833, 42.18, 244.092
10834, 42.3, 244.126
10835, 42.35, 244.142
10836, 42.47, 244.176
10837, 42.53, 244.192
10838, 42.6, 244.209
10839, 42.72, 244.242
10840, 42.78, 244.259
10841, 42.89, 244.292
10842, 42.89, 244.292
10843, 42.89, 244.292
10844, 43.13, 244.359
10845, 43.19, 244.376
10846, 43.3, 244.409
10847, 43.36, 244.426
10848, 43.41, 244.442
10849, 43.54, 244.476
10850, 43.6, 244.492
10851, 43.7, 244.526
10852, 43.75, 244.542
10853, 43.81, 244.559
10854, 43.94, 244.592
10855, 44, 244.609
10856, 44.05, 244.626
10857, 44.17, 244.659
10858, 44.23, 244.676
10859, 44.29, 244.692
10860, 44.39, 244.726
10861, 44.44, 244.742
10862, 44.54, 244.776
10863, 44.6, 244.792
10864, 44.66, 244.809
10865, 44.77, 244.842
10866, 44.84, 244.859
10867, 44.9, 244.876
10868, 45.02, 244.909
10869, 45.07, 244.926
10870, 45.13, 244.942
10871, 45.25, 244.976
10872, 45.3, 244.992
10873, 45.36, 245.009
10874, 45.47, 245.042
10875, 45.52, 245.059
10876, 45.58, 245.076
10877, 45.68, 245.109
10878, 45.73, 245.126
10879, 45.79, 245.142
10880, 45.89, 245.176
10881, 45.94, 245.192
10882, 45.99, 245.209
10883, 46.05, 245.226
10884, 46.15, 245.259
10885, 46.21, 245.276
10886, 46.26, 245.292
10887, 46.37, 245.326
10888, 46.42, 245.342
10889, 46.46, 245.359
10890, 46.56, 245.392
10891, 46.61, 245.409
10892, 46.66, 245.426
10893, 46.71, 245.442
10894, 46.82, 245.476
10895, 46.87, 245.492
10896, 46.91, 245.509
10897, 46.99, 245.542
10898, 47.02, 245.559
10899, 47.03, 245.576
10900, 47.04, 245.592
10901, 47.03, 245.626
10902, 47.02, 245.642
10903, 47.01, 245.659
10904, 46.97, 245.692
10905, 46.94, 245.709
10906, 46.93, 245.726
10907, 46.92, 245.742
10908, 46.88, 245.776
10909, 46.86, 245.792
10910, 46.84, 245.809
10911, 46.8, 245.842
10912, 46.79, 245.859
10913, 46.77, 245.876
10914, 46.73, 245.909
10915, 46.71, 245.926
10916, 46.69, 245.942
10917, 46.67, 245.959
10918, 46.63, 245.992
10919, 46.61, 246.009
10920, 46.6, 246.026
10921, 46.56, 246.059
10922, 46.54, 246.076
10923, 46.52, 246.092
10924, 46.48, 246.126
10925, 46.46, 246.142
10926, 46.44, 246.159
10927, 46.42, 246.176
10928, 46.39, 246.209
10929, 46.37, 246.226
10930, 46.35, 246.242
10931, 46.31, 246.276
10932, 46.3, 246.292
10933, 46.28, 246.309
10934, 46.27, 246.342
10935, 46.26, 246.359
10936, 46.25, 246.376
10937, 46.23, 246.409
10938, 46.24, 246.426
10939, 46.25, 246.442
10940, 46.26, 246.476
10941, 46.27, 246.492
10942, 46.27, 246.509
10943, 46.28, 246.526
10944, 46.32, 246.559
10945, 46.33, 246.576
10946, 46.34, 246.592
10947, 46.34, 246.626
10948, 46.35, 246.642
10949, 46.36, 246.659
10950, 46.4, 246.692
10951, 46.41, 246.709
10952, 46.41, 246.726
10953, 46.41, 246.759
10954, 46.4, 246.776
10955, 46.39, 246.792
10956, 46.38, 246.826
10957, 46.37, 246.842
10958, 46.36, 246.859
10959, 46.36, 246.892
10960, 46.37, 246.909
10961, 46.37, 246.926
10962, 46.38, 246.942
10963, 46.39, 246.976
10964, 46.37, 246.992
10965, 46.36, 247.009
10966, 46.32, 247.042
10967, 46.31, 247.059
10968, 46.29, 247.076
10969, 46.26, 247.109
10970, 46.24, 247.126
10971, 46.23, 247.142
10972, 46.21, 247.176
10973, 46.2, 247.192
10974, 46.19, 247.209
10975, 46.18, 247.242
10976, 46.17, 247.259
10977, 46.16, 247.276
10978, 46.16, 247.309
10979, 46.16, 247.326
10980, 46.16, 247.342
10981, 46.17, 247.359
10982, 46.17, 247.392
10983, 46.18, 247.409
10984, 46.18, 247.426
10985, 46.19, 247.459
10986, 46.19, 247.476
10987, 46.2, 247.492
10988, 46.22, 247.526
10989, 46.23, 247.542
10990, 46.25, 247.559
10991, 46.28, 247.592
10992, 46.31, 247.609
10993, 46.33, 247.626
10994, 46.4, 247.659
10995, 46.43, 247.676
10996, 46.46, 247.692
10997, 46.49, 247.709
10998, 46.55, 247.742
10999, 46.59, 247.759
11000, 46.63, 247.776
11001, 46.72, 247.809
11002, 46.77, 247.826
11003, 46.83, 247.842
11004, 46.88, 247.859
11005, 46.98, 247.892
11006, 47.03, 247.909
11007, 47.08, 247.926
11008, 47.17, 247.959
11009, 47.17, 247.959
11010, 47.25, 247.992
11011, 47.3, 248.009
11012, 47.38, 248.042
11013, 47.42, 248.059
11014, 47.46, 248.076
11015, 47.51, 248.109
11016, 47.53, 248.126
11017, 47.56, 248.142
11018, 47.58, 248.159
11019, 47.67, 248.192
11020, 47.73, 248.209
11021, 47.8, 248.226
11022, 47.86, 248.242
11023, 47.95, 248.276
11024, 47.99, 248.292
11025, 48.04, 248.309
11026, 48.09, 248.326
11027, 48.19, 248.359
11028, 48.24, 248.376
11029, 48.29, 248.392
11030, 48.34, 248.409
11031, 48.42, 248.442
11032, 48.42, 248.442
11033, 48.5, 248.476
11034, 48.53, 248.492
11035, 48.61, 248.526
11036, 48.65, 248.542
11037, 48.69, 248.559
11038, 48.78, 248.592
11039, 48.83, 248.609
11040, 48.87, 248.626
11041, 48.92, 248.642
11042, 48.92, 248.642
11043, 49, 248.676
11044, 49.08, 248.709
11045, 49.13, 248.726
11046, 49.13, 248.726
11047, 49.22, 248.759
11048, 49.3, 248.792
11049, 49.34, 248.809
11050, 49.36, 248.826
11051, 49.34, 248.842
11052, 49.39, 248.859
11053, 49.49, 248.892
11054, 49.53, 248.909
11055, 49.53, 248.909
11056, 49.53, 248.909
11057, 49.7, 248.976
11058, 49.75, 248.992
11059, 49.79, 249.009
11060, 49.83, 249.026
11061, 49.87, 249.042
11062, 49.96, 249.076
11063, 50, 249.092
11064, 50.05, 249.109
11065, 50.09, 249.126
11066, 50.14, 249.142
11067, 50.22, 249.176
11068, 50.26, 249.192
11069, 50.31, 249.209
11070, 50.36, 249.226
11071, 50.4, 249.242
11072, 50.49, 249.276
11073, 50.53, 249.292
11074, 50.58, 249.309
11075, 50.63, 249.326
11076, 50.68, 249.342
11077, 50.72, 249.359
11078, 50.8, 249.392
11079, 50.84, 249.409
11080, 50.88, 249.426
11081, 50.92, 249.442
11082, 50.96, 249.459
11083, 51.04, 249.492
11084, 51.08, 249.509
11085, 51.11, 249.526
11086, 51.15, 249.542
11087, 51.17, 249.559
11088, 51.2, 249.576
11089, 51.25, 249.609
11090, 51.27, 249.626
11091, 51.29, 249.642
11092, 51.3, 249.659
11093, 51.31, 249.676
11094, 51.31, 249.692
11095, 51.27, 249.726
11096, 51.22, 249.742
11097, 51.16, 249.759
11098, 51.09, 249.776
11099, 51.02, 249.792
11100, 50.85, 249.826
11101, 50.76, 249.842
11102, 50.65, 249.859
11103, 50.55, 249.876
11104, 50.46, 249.892
11105, 50.27, 249.926
11106, 50.18, 249.942
11107, 50.09, 249.959
11108, 50, 249.976
11109, 49.91, 249.992
11110, 49.77, 250.026
11111, 49.69, 250.042
11112, 49.62, 250.059
11113, 49.56, 250.076
11114, 49.51, 250.092
11115, 49.42, 250.126
11116, 49.39, 250.142
11117, 49.37, 250.159
11118, 49.35, 250.176
11119, 49.33, 250.192
11120, 49.3, 250.226
11121, 49.28, 250.242
11122, 49.27, 250.259
11123, 49.25, 250.276
11124, 49.2, 250.309
11125, 49.19, 250.326
11126, 49.18, 250.342
11127, 49.16, 250.359
11128, 49.13, 250.392
11129, 49.11, 250.409
11130, 49.09, 250.426
11131, 49.07, 250.442
11132, 49.05, 250.459
11133, 49.01, 250.492
11134, 49, 250.509
11135, 48.98, 250.526
11136, 48.96, 250.542
11137, 48.92, 250.576
11138, 48.9, 250.592
11139, 48.88, 250.609
11140, 48.87, 250.626
11141, 48.84, 250.659
11142, 48.82, 250.676
11143, 48.8, 250.692
11144, 48.79, 250.709
11145, 48.77, 250.726
11146, 48.73, 250.759
11147, 48.72, 250.776
11148, 48.7, 250.792
11149, 48.68, 250.809
11150, 48.63, 250.842
11151, 48.61, 250.859
11152, 48.59, 250.876
11153, 48.56, 250.892
11154, 48.52, 250.926
11155, 48.49, 250.942
11156, 48.46, 250.959
11157, 48.44, 250.976
11158, 48.39, 251.009
11159, 48.37, 251.026
11160, 48.35, 251.042
11161, 48.33, 251.059
11162, 48.27, 251.092
11163, 48.24, 251.109
11164, 48.21, 251.126
11165, 48.17, 251.142
11166, 48.11, 251.176
11167, 48.07, 251.192
11168, 48.04, 251.209
11169, 48.01, 251.226
11170, 47.95, 251.259
11171, 47.92, 251.276
11172, 47.88, 251.292
11173, 47.85, 251.309
11174, 47.77, 251.342
11175, 47.74, 251.359
11176, 47.7, 251.376
11177, 47.67, 251.392
11178, 47.61, 251.426
11179, 47.58, 251.442
11180, 47.55, 251.459
11181, 47.51, 251.476
11182, 47.44, 251.509
11183, 47.4, 251.526
11184, 47.36, 251.542
11185, 47.29, 251.576
11186, 47.25, 251.592
11187, 47.21, 251.609
11188, 47.18, 251.626
11189, 47.11, 251.659
11190, 47.07, 251.676
11191, 47.03, 251.692
11192, 47, 251.709
11193, 46.93, 251.742
11194, 46.91, 251.759
11195, 46.89, 251.776
11196, 46.85, 251.809
11197, 46.83, 251.826
11198, 46.81, 251.842
11199, 46.79, 251.859
11200, 46.75, 251.892
11201, 46.72, 251.909
11202, 46.69, 251.926
11203, 46.62, 251.959
11204, 46.58, 251.976
11205, 46.55, 251.992
11206, 46.5, 252.026
11207, 46.47, 252.042
11208, 46.45, 252.059
11209, 46.43, 252.076
11210, 46.38, 252.109
11211, 46.36, 252.126
11212, 46.33, 252.142
11213, 46.27, 252.176
11214, 46.23, 252.192
11215, 46.2, 252.209
11216, 46.13, 252.242
11217, 46.1, 252.259
11218, 46.08, 252.276
11219, 46.05, 252.292
11220, 46.01, 252.326
11221, 45.99, 252.342
11222, 45.96, 252.359
11223, 45.9, 252.392
11224, 45.87, 252.409
11225, 45.83, 252.426
11226, 45.78, 252.459
11227, 45.76, 252.476
11228, 45.73, 252.492
11229, 45.69, 252.526
11230, 45.66, 252.542
11231, 45.63, 252.559
11232, 45.56, 252.592
11233, 45.53, 252.609
11234, 45.5, 252.626
11235, 45.45, 252.659
11236, 45.43, 252.676
11237, 45.41, 252.692
11238, 45.38, 252.726
11239, 45.35, 252.742
11240, 45.33, 252.759
11241, 45.33, 252.792
11242, 45.32, 252.809
11243, 45.31, 252.826
11244, 45.31, 252.842
11245, 45.31, 252.876
11246, 45.32, 252.892
11247, 45.32, 252.909
11248, 45.34, 252.942
11249, 45.35, 252.959
11250, 45.36, 252.976
11251, 45.39, 253.009
11252, 45.41, 253.026
11253, 45.43, 253.042
11254, 45.47, 253.076
11255, 45.5, 253.092
11256, 45.53, 253.109
11257, 45.6, 253.142
11258, 45.64, 253.159
11259, 45.67, 253.176
11260, 45.7, 253.192
11261, 45.75, 253.226
11262, 45.78, 253.242
11263, 45.82, 253.259
11264, 45.9, 253.292
11265, 45.93, 253.309
11266, 45.97, 253.326
11267, 46.02, 253.359
11268, 46.04, 253.376
11269, 46.05, 253.392
11270, 46.08, 253.426
11271, 46.09, 253.442
11272, 46.11, 253.459
11273, 46.13, 253.476
11274, 46.16, 253.509
11275, 46.18, 253.526
11276, 46.19, 253.542
11277, 46.21, 253.576
11278, 46.22, 253.592
11279, 46.24, 253.609
11280, 46.24, 253.642
11281, 46.24, 253.659
11282, 46.25, 253.676
11283, 46.25, 253.692
11284, 46.27, 253.726
11285, 46.28, 253.742
11286, 46.3, 253.759
11287, 46.32, 253.792
11288, 46.33, 253.809
11289, 46.35, 253.826
11290, 46.37, 253.842
11291, 46.4, 253.876
11292, 46.42, 253.892
11293, 46.44, 253.909
11294, 46.48, 253.942
11295, 46.5, 253.959
11296, 46.53, 253.976
11297, 46.55, 253.992
11298, 46.6, 254.026
11299, 46.62, 254.042
11300, 46.65, 254.059
11301, 46.71, 254.092
11302, 46.74, 254.109
11303, 46.77, 254.126
11304, 46.81, 254.142
11305, 46.87, 254.176
11306, 46.9, 254.192
11307, 46.93, 254.209
11308, 46.99, 254.242
11309, 47.03, 254.259
11310, 47.06, 254.276
11311, 47.09, 254.292
11312, 47.14, 254.326
11313, 47.17, 254.342
11314, 47.19, 254.359
11315, 47.22, 254.376
11316, 47.27, 254.409
11317, 47.29, 254.426
11318, 47.31, 254.442
11319, 47.34, 254.476
11320, 47.36, 254.492
11321, 47.39, 254.509
11322, 47.41, 254.526
11323, 47.46, 254.559
11324, 47.48, 254.576
11325, 47.5, 254.592
11326, 47.52, 254.609
11327, 47.55, 254.642
11328, 47.57, 254.659
11329, 47.58, 254.676
11330, 47.6, 254.692
11331, 47.64, 254.726
11332, 47.66, 254.742
11333, 47.69, 254.759
11334, 47.72, 254.776
11335, 47.8, 254.809
11336, 47.83, 254.826
11337, 47.85, 254.842
11338, 47.91, 254.876
11339, 47.95, 254.892
11340, 47.99, 254.909
11341, 48.03, 254.926
11342, 48.11, 254.959
11343, 48.14, 254.976
11344, 48.18, 254.992
11345, 48.22, 255.009
11346, 48.3, 255.042
11347, 48.34, 255.059
11348, 48.38, 255.076
11349, 48.42, 255.092
11350, 48.49, 255.126
11351, 48.53, 255.142
11352, 48.57, 255.159
11353, 48.62, 255.176
11354, 48.65, 255.192
11355, 48.73, 255.226
11356, 48.77, 255.242
11357, 48.8, 255.259
11358, 48.84, 255.276
11359, 48.92, 255.309
11360, 48.96, 255.326
11361, 49, 255.342
11362, 49.04, 255.359
11363, 49.12, 255.392
11364, 49.17, 255.409
11365, 49.22, 255.426
11366, 49.27, 255.442
11367, 49.31, 255.459
11368, 49.39, 255.492
11369, 49.42, 255.509
11370, 49.46, 255.526
11371, 49.5, 255.542
11372, 49.58, 255.576
11373, 49.62, 255.592
11374, 49.67, 255.609
11375, 49.71, 255.626
11376, 49.75, 255.642
11377, 49.81, 255.676
11378, 49.79, 255.692
11379, 49.82, 255.709
11380, 49.88, 255.726
11381, 49.91, 255.742
11382, 49.98, 255.776
11383, 50.02, 255.792
11384, 50.06, 255.809
11385, 50.1, 255.826
11386, 50.14, 255.842
11387, 50.23, 255.876
11388, 50.27, 255.892
11389, 50.32, 255.909
11390, 50.36, 255.926
11391, 50.4, 255.942
11392, 50.49, 255.976
11393, 50.53, 255.992
11394, 50.57, 256.009
11395, 50.61, 256.026
11396, 50.65, 256.042
11397, 50.73, 256.076
11398, 50.76, 256.092
11399, 50.8, 256.109
11400, 50.84, 256.126
11401, 50.88, 256.142
11402, 50.97, 256.176
11403, 51.02, 256.192
11404, 51.06, 256.209
11405, 51.11, 256.226
11406, 51.14, 256.242
11407, 51.18, 256.259
11408, 51.26, 256.292
11409, 51.31, 256.309
11410, 51.36, 256.326
11411, 51.4, 256.342
11412, 51.45, 256.359
11413, 51.49, 256.376
11414, 51.57, 256.409
11415, 51.61, 256.426
11416, 51.65, 256.442
11417, 51.69, 256.459
11418, 51.73, 256.476
11419, 51.77, 256.492
11420, 51.86, 256.526
11421, 51.9, 256.542
11422, 51.94, 256.559
11423, 51.99, 256.576
11424, 52.03, 256.592
11425, 52.07, 256.609
11426, 52.15, 256.642
11427, 52.19, 256.659
11428, 52.23, 256.676
11429, 52.27, 256.692
11430, 52.31, 256.709
11431, 52.34, 256.726
11432, 52.37, 256.742
11433, 52.43, 256.776
11434, 52.45, 256.792
11435, 52.47, 256.809
11436, 52.49, 256.826
11437, 52.5, 256.842
11438, 52.51, 256.859
11439, 52.52, 256.876
11440, 52.52, 256.909
11441, 52.52, 256.926
11442, 52.51, 256.942
11443, 52.5, 256.959
11444, 52.49, 256.976
11445, 52.47, 256.992
11446, 52.44, 257.009
11447, 52.37, 257.042
11448, 52.34, 257.059
11449, 52.29, 257.076
11450, 52.24, 257.092
11451, 52.18, 257.109
11452, 52.11, 257.126
11453, 51.92, 257.159
11454, 51.8, 257.176
11455, 51.67, 257.192
11456, 51.52, 257.209
11457, 51.37, 257.226
11458, 51.22, 257.242
11459, 51.06, 257.259
11460, 50.7, 257.292
11461, 50.53, 257.309
11462, 50.35, 257.326
11463, 50.17, 257.342
11464, 49.99, 257.359
11465, 49.64, 257.392
11466, 49.46, 257.409
11467, 49.28, 257.426
11468, 49.09, 257.442
11469, 48.73, 257.476
11470, 48.54, 257.492
11471, 48.36, 257.509
11472, 48.18, 257.526
11473, 48, 257.542
11474, 47.65, 257.576
11475, 47.47, 257.592
11476, 47.3, 257.609
11477, 46.98, 257.642
11478, 46.83, 257.659
11479, 46.68, 257.676
11480, 46.52, 257.692
11481, 46.19, 257.726
11482, 46.01, 257.742
11483, 45.83, 257.759
11484, 45.48, 257.792
11485, 45.31, 257.809
11486, 45.14, 257.826
11487, 44.81, 257.859
11488, 44.64, 257.876
11489, 44.48, 257.892
11490, 44.15, 257.926
11491, 43.98, 257.942
11492, 43.82, 257.959
11493, 43.5, 257.992
11494, 43.33, 258.009
11495, 43.17, 258.026
11496, 42.83, 258.059
11497, 42.66, 258.076
11498, 42.33, 258.109
11499, 42.17, 258.126
11500, 41.85, 258.159
11501, 41.69, 258.176
11502, 41.53, 258.192
11503, 41.24, 258.226
11504, 41.09, 258.242
11505, 40.8, 258.276
11506, 40.66, 258.292
11507, 40.38, 258.326
11508, 40.22, 258.342
11509, 39.9, 258.376
11510, 39.76, 258.392
11511, 39.48, 258.426
11512, 39.34, 258.442
11513, 39.09, 258.476
11514, 38.98, 258.492
11515, 38.78, 258.526
11516, 38.68, 258.542
11517, 38.51, 258.576
11518, 38.34, 258.609
11519, 38.26, 258.626
11520, 38.1, 258.659
11521, 38.02, 258.676
11522, 37.85, 258.709
11523, 37.78, 258.726
11524, 37.61, 258.759
11525, 37.47, 258.792
11526, 37.41, 258.809
11527, 37.3, 258.842
11528, 37.25, 258.859
11529, 37.16, 258.892
11530, 37.09, 258.926
11531, 37.06, 258.942
11532, 37.02, 258.976
11533, 37, 258.992
11534, 36.97, 259.026
11535, 36.94, 259.059
11536, 36.92, 259.076
11537, 36.89, 259.109
11538, 36.86, 259.142
11539, 36.83, 259.159
11540, 36.78, 259.192
11541, 36.74, 259.209
11542, 36.68, 259.242
11543, 36.6, 259.276
11544, 36.56, 259.292
11545, 36.45, 259.326
11546, 36.33, 259.359
11547, 36.25, 259.376
11548, 36.1, 259.409
11549, 36.02, 259.426
11550, 35.85, 259.459
11551, 35.68, 259.492
11552, 35.59, 259.509
11553, 35.4, 259.542
11554, 35.2, 259.576
11555, 35.1, 259.592
11556, 34.87, 259.626
11557, 34.65, 259.659
11558, 34.41, 259.692
11559, 34.28, 259.709
11560, 34.03, 259.742
11561, 33.78, 259.776
11562, 33.51, 259.809
11563, 33.39, 259.826
11564, 33.13, 259.859
11565, 32.88, 259.892
11566, 32.64, 259.926
11567, 32.4, 259.959
11568, 32.28, 259.976
11569, 32.02, 260.009
11570, 31.74, 260.042
11571, 31.47, 260.076
11572, 31.23, 260.109
11573, 30.99, 260.142
11574, 30.76, 260.176
11575, 30.53, 260.209
11576, 30.31, 260.242
11577, 30.08, 260.276
11578, 29.86, 260.309
11579, 29.64, 260.342
11580, 29.41, 260.376
11581, 29.19, 260.409
11582, 28.96, 260.442
11583, 28.74, 260.476
11584, 28.52, 260.509
11585, 28.31, 260.542
11586, 28.11, 260.576
11587, 27.81, 260.626
11588, 27.65, 260.659
11589, 27.5, 260.692
11590, 27.35, 260.726
11591, 27.19, 260.759
11592, 26.95, 260.809
11593, 26.78, 260.842
11594, 26.62, 260.876
11595, 26.32, 260.926
11596, 26.1, 260.959
11597, 25.96, 260.992
11598, 25.79, 261.042
11599, 25.68, 261.076
11600, 25.54, 261.109
11601, 25.24, 261.159
11602, 25.07, 261.192
11603, 24.89, 261.226
11604, 24.62, 261.276
11605, 24.44, 261.309
11606, 24.11, 261.359
11607, 23.88, 261.392
11608, 23.64, 261.442
11609, 23.4, 261.492
11610, 23.24, 261.526
11611, 23.02, 261.576
11612, 22.87, 261.626
11613, 22.7, 261.676
11614, 22.62, 261.709
11615, 22.52, 261.759
11616, 22.44, 261.809
11617, 22.33, 261.859
11618, 22.22, 261.909
11619, 22.14, 261.959
11620, 22.06, 261.992
11621, 21.96, 262.042
11622, 21.88, 262.092
11623, 21.8, 262.142
11624, 21.68, 262.192
11625, 21.59, 262.242
11626, 21.49, 262.292
11627, 21.4, 262.342
11628, 21.36, 262.376
11629, 21.29, 262.426
11630, 21.29, 262.476
11631, 21.31, 262.526
11632, 21.35, 262.576
11633, 21.4, 262.626
11634, 21.47, 262.676
11635, 21.57, 262.726
11636, 21.65, 262.759
11637, 21.79, 262.809
11638, 21.97, 262.859
11639, 22.17, 262.909
11640, 22.38, 262.959
11641, 22.54, 262.992
11642, 22.81, 263.042
11643, 23.08, 263.092
11644, 23.28, 263.126
11645, 23.57, 263.176
11646, 23.76, 263.209
11647, 24.06, 263.259
11648, 24.26, 263.292
11649, 24.55, 263.342
11650, 24.74, 263.376
11651, 25.02, 263.426
11652, 25.21, 263.459
11653, 25.4, 263.492
11654, 25.67, 263.542
11655, 25.87, 263.576
11656, 26.06, 263.609
11657, 26.32, 263.659
11658, 26.49, 263.692
11659, 26.59, 263.726
11660, 26.6, 263.759
11661, 26.93, 263.809
11662, 27.1, 263.842
11663, 27.25, 263.876
11664, 27.44, 263.909
11665, 27.64, 263.942
11666, 27.89, 263.992
11667, 28.06, 264.026
11668, 28.24, 264.059
11669, 28.42, 264.092
11670, 28.59, 264.126
11671, 28.76, 264.159
11672, 28.93, 264.192
11673, 29.09, 264.226
11674, 29.32, 264.276
11675, 29.46, 264.309
11676, 29.59, 264.342
11677, 29.72, 264.376
11678, 29.87, 264.409
11679, 30.02, 264.442
11680, 30.16, 264.476
11681, 30.3, 264.509
11682, 30.43, 264.542
11683, 30.56, 264.576
11684, 30.69, 264.609
11685, 30.81, 264.642
11686, 30.89, 264.659
11687, 31.04, 264.692
11688, 31.17, 264.726
11689, 31.28, 264.759
11690, 31.38, 264.792
11691, 31.48, 264.826
11692, 31.58, 264.859
11693, 31.67, 264.892
11694, 31.78, 264.926
11695, 31.84, 264.942
11696, 31.97, 264.976
11697, 32.09, 265.009
11698, 32.22, 265.042
11699, 32.33, 265.076
11700, 32.42, 265.109
11701, 32.46, 265.126
11702, 32.56, 265.159
11703, 32.65, 265.192
11704, 32.73, 265.226
11705, 32.81, 265.259
11706, 32.85, 265.276
11707, 32.92, 265.309
11708, 32.99, 265.342
11709, 33.07, 265.376
11710, 33.11, 265.392
11711, 33.18, 265.426
11712, 33.26, 265.459
11713, 33.34, 265.492
11714, 33.38, 265.509
11715, 33.47, 265.542
11716, 33.55, 265.576
11717, 33.63, 265.609
11718, 33.67, 265.626
11719, 33.75, 265.659
11720, 33.83, 265.692
11721, 33.85, 265.726
11722, 33.84, 265.742
11723, 34, 265.776
11724, 34.12, 265.809
11725, 34.25, 265.842
11726, 34.31, 265.859
11727, 34.43, 265.892
11728, 34.56, 265.926
11729, 34.69, 265.959
11730, 34.76, 265.976
11731, 34.9, 266.009
11732, 35.03, 266.042
11733, 35.1, 266.059
11734, 35.23, 266.092
11735, 35.37, 266.126
11736, 35.44, 266.142
11737, 35.58, 266.176
11738, 35.71, 266.209
11739, 35.85, 266.242
11740, 35.92, 266.259
11741, 36.05, 266.292
11742, 36.19, 266.326
11743, 36.25, 266.342
11744, 36.38, 266.376
11745, 36.45, 266.392
11746, 36.58, 266.426
11747, 36.71, 266.459
11748, 36.77, 266.476
11749, 36.91, 266.509
11750, 37.04, 266.542
11751, 37.11, 266.559
11752, 37.24, 266.592
11753, 37.31, 266.609
11754, 37.44, 266.642
11755, 37.57, 266.676
11756, 37.64, 266.692
11757, 37.78, 266.726
11758, 37.85, 266.742
11759, 37.98, 266.776
11760, 38.11, 266.809
11761, 38.17, 266.826
11762, 38.29, 266.859
11763, 38.36, 266.876
11764, 38.51, 266.909
11765, 38.59, 266.926
11766, 38.71, 266.959
11767, 38.84, 266.992
11768, 38.9, 267.009
11769, 39.04, 267.042
11770, 39.1, 267.059
11771, 39.23, 267.092
11772, 39.29, 267.109
11773, 39.41, 267.142
11774, 39.48, 267.159
11775, 39.6, 267.192
11776, 39.67, 267.209
11777, 39.81, 267.242
11778, 39.88, 267.259
11779, 40.01, 267.292
11780, 40.07, 267.309
11781, 40.2, 267.342
11782, 40.26, 267.359
11783, 40.38, 267.392
11784, 40.45, 267.409
11785, 40.57, 267.442
11786, 40.63, 267.459
11787, 40.75, 267.492
11788, 40.82, 267.509
11789, 40.95, 267.542
11790, 41.01, 267.559
11791, 41.13, 267.592
11792, 41.19, 267.609
11793, 41.32, 267.642
11794, 41.38, 267.659
11795, 41.51, 267.692
11796, 41.57, 267.709
11797, 41.63, 267.726
11798, 41.75, 267.759
11799, 41.81, 267.776
11800, 41.83, 267.809
11801, 41.85, 267.826
11802, 42.01, 267.859
11803, 42.06, 267.876
11804, 42.14, 267.909
11805, 42.2, 267.926
11806, 42.26, 267.942
11807, 42.37, 267.976
11808, 42.43, 267.992
11809, 42.54, 268.026
11810, 42.6, 268.042
11811, 42.66, 268.059
11812, 42.78, 268.092
11813, 42.84, 268.109
11814, 42.96, 268.142
11815, 43.02, 268.159
11816, 43.08, 268.176
11817, 43.19, 268.209
11818, 43.25, 268.226
11819, 43.36, 268.259
11820, 43.42, 268.276
11821, 43.47, 268.292
11822, 43.59, 268.326
11823, 43.64, 268.342
11824, 43.75, 268.376
11825, 43.8, 268.392
11826, 43.86, 268.409
11827, 43.96, 268.442
11828, 44.02, 268.459
11829, 44.08, 268.476
11830, 44.2, 268.509
11831, 44.26, 268.526
11832, 44.31, 268.542
11833, 44.43, 268.576
11834, 44.48, 268.592
11835, 44.59, 268.626
11836, 44.65, 268.642
11837, 44.71, 268.659
11838, 44.82, 268.692
11839, 44.87, 268.709
11840, 44.93, 268.726
11841, 45.03, 268.759
11842, 45.08, 268.776
11843, 45.14, 268.792
11844, 45.25, 268.826
11845, 45.31, 268.842
11846, 45.36, 268.859
11847, 45.47, 268.892
11848, 45.52, 268.909
11849, 45.57, 268.926
11850, 45.67, 268.959
11851, 45.73, 268.976
11852, 45.78, 268.992
11853, 45.89, 269.026
11854, 45.94, 269.042
11855, 46, 269.059
11856, 46.05, 269.076
11857, 46.16, 269.109
11858, 46.22, 269.126
11859, 46.27, 269.142
11860, 46.39, 269.176
11861, 46.44, 269.192
11862, 46.5, 269.209
11863, 46.6, 269.242
11864, 46.65, 269.259
11865, 46.7, 269.276
11866, 46.75, 269.292
11867, 46.86, 269.326
11868, 46.92, 269.342
11869, 46.97, 269.359
11870, 47.07, 269.392
11871, 47.12, 269.409
11872, 47.17, 269.426
11873, 47.22, 269.442
11874, 47.33, 269.476
11875, 47.38, 269.492
11876, 47.43, 269.509
11877, 47.48, 269.526
11878, 47.58, 269.559
11879, 47.63, 269.576
11880, 47.68, 269.592
11881, 47.78, 269.626
11882, 47.83, 269.642
11883, 47.88, 269.659
11884, 47.93, 269.676
11885, 48.02, 269.709
11886, 48.06, 269.726
11887, 48.11, 269.742
11888, 48.16, 269.759
11889, 48.26, 269.792
11890, 48.31, 269.809
11891, 48.36, 269.826
11892, 48.41, 269.842
11893, 48.5, 269.876
11894, 48.55, 269.892
11895, 48.59, 269.909
11896, 48.64, 269.926
11897, 48.74, 269.959
11898, 48.78, 269.976
11899, 48.83, 269.992
11900, 48.88, 270.009
11901, 48.93, 270.026
11902, 49.02, 270.059
11903, 49.06, 270.076
11904, 49.11, 270.092
11905, 49.15, 270.109
11906, 49.25, 270.142
11907, 49.3, 270.159
11908, 49.34, 270.176
11909, 49.39, 270.192
11910, 49.44, 270.209
11911, 49.53, 270.242
11912, 49.58, 270.259
11913, 49.63, 270.276
11914, 49.68, 270.292
11915, 49.77, 270.326
11916, 49.81, 270.342
11917, 49.85, 270.359
11918, 49.9, 270.376
11919, 49.95, 270.392
11920, 50.04, 270.426
11921, 50.09, 270.442
11922, 50.14, 270.459
11923, 50.18, 270.476
11924, 50.21, 270.492
11925, 50.29, 270.526
11926, 50.33, 270.542
11927, 50.37, 270.559
11928, 50.42, 270.576
11929, 50.46, 270.592
11930, 50.55, 270.626
11931, 50.59, 270.642
11932, 50.64, 270.659
11933, 50.69, 270.676
11934, 50.74, 270.692
11935, 50.82, 270.726
11936, 50.86, 270.742
11937, 50.9, 270.759
11938, 50.94, 270.776
11939, 50.98, 270.792
11940, 51.01, 270.809
11941, 51.08, 270.842
11942, 51.1, 270.859
11943, 51.12, 270.876
11944, 51.14, 270.892
11945, 51.15, 270.909
11946, 51.22, 270.942
11947, 51.26, 270.959
11948, 51.29, 270.976
11949, 51.33, 270.992
11950, 51.36, 271.009
11951, 51.4, 271.026
11952, 51.5, 271.059
11953, 51.55, 271.076
11954, 51.61, 271.092
11955, 51.66, 271.109
11956, 51.71, 271.126
11957, 51.75, 271.142
11958, 51.84, 271.176
11959, 51.87, 271.192
11960, 51.91, 271.209
11961, 51.95, 271.226
11962, 51.99, 271.242
11963, 52.04, 271.259
11964, 52.14, 271.292
11965, 52.19, 271.309
11966, 52.23, 271.326
11967, 52.27, 271.342
11968, 52.3, 271.359
11969, 52.34, 271.376
11970, 52.37, 271.392
11971, 52.45, 271.426
11972, 52.49, 271.442
11973, 52.53, 271.459
11974, 52.58, 271.476
11975, 52.62, 271.492
11976, 52.67, 271.509
11977, 52.71, 271.526
11978, 52.79, 271.559
11979, 52.83, 271.576
11980, 52.87, 271.592
11981, 52.91, 271.609
11982, 52.96, 271.626
11983, 53, 271.642
11984, 53.04, 271.659
11985, 53.12, 271.692
11986, 53.17, 271.709
11987, 53.21, 271.726
11988, 53.25, 271.742
11989, 53.29, 271.759
11990, 53.32, 271.776
11991, 53.35, 271.792
11992, 53.38, 271.809
11993, 53.42, 271.842
11994, 53.44, 271.859
11995, 53.45, 271.876
11996, 53.47, 271.892
11997, 53.47, 271.909
11998, 53.47, 271.926
11999, 53.47, 271.942
12000, 53.46, 271.959
12001, 53.41, 271.992
12002, 53.37, 272.009
12003, 53.31, 272.026
12004, 53.25, 272.042
12005, 53.17, 272.059
12006, 53.07, 272.076
12007, 52.96, 272.092
12008, 52.71, 272.126
12009, 52.57, 272.142
12010, 52.42, 272.159
12011, 52.28, 272.176
12012, 52.13, 272.192
12013, 51.96, 272.209
12014, 51.78, 272.226
12015, 51.38, 272.259
12016, 51.18, 272.276
12017, 50.99, 272.292
12018, 50.8, 272.309
12019, 50.61, 272.326
12020, 50.42, 272.342
12021, 50.04, 272.376
12022, 49.85, 272.392
12023, 49.65, 272.409
12024, 49.46, 272.426
12025, 49.08, 272.459
12026, 48.89, 272.476
12027, 48.7, 272.492
12028, 48.52, 272.509
12029, 48.33, 272.526
12030, 47.97, 272.559
12031, 47.79, 272.576
12032, 47.62, 272.592
12033, 47.45, 272.609
12034, 47.1, 272.642
12035, 46.94, 272.659
12036, 46.76, 272.676
12037, 46.41, 272.709
12038, 46.22, 272.726
12039, 46.04, 272.742
12040, 45.72, 272.776
12041, 45.55, 272.792
12042, 45.39, 272.809
12043, 45.23, 272.826
12044, 44.9, 272.859
12045, 44.75, 272.876
12046, 44.42, 272.909
12047, 44.27, 272.926
12048, 44.11, 272.942
12049, 43.77, 272.976
12050, 43.59, 272.992
12051, 43.43, 273.009
12052, 43.12, 273.042
12053, 42.96, 273.059
12054, 42.66, 273.092
12055, 42.52, 273.109
12056, 42.39, 273.126
12057, 42.13, 273.159
12058, 42, 273.176
12059, 41.74, 273.209
12060, 41.62, 273.226
12061, 41.37, 273.259
12062, 41.24, 273.276
12063, 41.1, 273.292
12064, 40.84, 273.326
12065, 40.71, 273.342
12066, 40.45, 273.376
12067, 40.33, 273.392
12068, 40.1, 273.426
12069, 39.99, 273.442
12070, 39.78, 273.476
12071, 39.68, 273.492
12072, 39.51, 273.526
12073, 39.43, 273.542
12074, 39.27, 273.576
12075, 39.11, 273.609
12076, 39.04, 273.626
12077, 38.9, 273.659
12078, 38.82, 273.676
12079, 38.68, 273.709
12080, 38.6, 273.726
12081, 38.45, 273.759
12082, 38.36, 273.776
12083, 38.21, 273.809
12084, 38.07, 273.842
12085, 38.01, 273.859
12086, 37.92, 273.892
12087, 37.89, 273.909
12088, 37.83, 273.942
12089, 37.77, 273.976
12090, 37.74, 273.992
12091, 37.68, 274.026
12092, 37.64, 274.042
12093, 37.58, 274.076
12094, 37.52, 274.109
12095, 37.49, 274.126
12096, 37.41, 274.159
12097, 37.37, 274.176
12098, 37.27, 274.209
12099, 37.16, 274.242
12100, 37.1, 274.259
12101, 36.97, 274.292
12102, 36.83, 274.326
12103, 36.76, 274.342
12104, 36.62, 274.376
12105, 36.56, 274.392
12106, 36.45, 274.426
12107, 36.36, 274.459
12108, 36.32, 274.476
12109, 36.25, 274.509
12110, 36.17, 274.542
12111, 36.13, 274.559
12112, 36.04, 274.592
12113, 35.96, 274.626
12114, 35.91, 274.642
12115, 35.83, 274.676
12116, 35.76, 274.709
12117, 35.72, 274.726
12118, 35.65, 274.759
12119, 35.57, 274.792
12120, 35.52, 274.809
12121, 35.44, 274.842
12122, 35.35, 274.876
12123, 35.27, 274.909
12124, 35.24, 274.926
12125, 35.16, 274.959
12126, 35.07, 274.992
12127, 34.99, 275.026
12128, 34.94, 275.042
12129, 34.82, 275.076
12130, 34.71, 275.109
12131, 34.62, 275.142
12132, 34.57, 275.159
12133, 34.48, 275.192
12134, 34.41, 275.226
12135, 34.36, 275.259
12136, 34.31, 275.292
12137, 34.27, 275.309
12138, 34.18, 275.342
12139, 34.11, 275.376
12140, 34.04, 275.409
12141, 33.97, 275.442
12142, 33.93, 275.459
12143, 33.85, 275.492
12144, 33.78, 275.526
12145, 33.7, 275.559
12146, 33.62, 275.592
12147, 33.55, 275.626
12148, 33.52, 275.642
12149, 33.45, 275.676
12150, 33.38, 275.709
12151, 33.31, 275.742
12152, 33.24, 275.776
12153, 33.17, 275.809
12154, 33.13, 275.826
12155, 33.05, 275.859
12156, 32.97, 275.892
12157, 32.9, 275.926
12158, 32.84, 275.959
12159, 32.78, 275.992
12160, 32.72, 276.026
12161, 32.66, 276.059
12162, 32.64, 276.076
12163, 32.57, 276.109
12164, 32.51, 276.142
12165, 32.5, 276.176
12166, 32.52, 276.209
12167, 32.56, 276.242
12168, 32.61, 276.276
12169, 32.67, 276.309
12170, 32.72, 276.326
12171, 32.83, 276.359
12172, 32.91, 276.392
12173, 32.99, 276.426
12174, 33.08, 276.459
12175, 33.18, 276.492
12176, 33.28, 276.526
12177, 33.33, 276.542
12178, 33.41, 276.576
12179, 33.48, 276.609
12180, 33.55, 276.642
12181, 33.62, 276.676
12182, 33.7, 276.709
12183, 33.75, 276.726
12184, 33.78, 276.759
12185, 33.83, 276.792
12186, 33.94, 276.826
12187, 34.06, 276.859
12188, 34.12, 276.876
12189, 34.23, 276.909
12190, 34.33, 276.942
12191, 34.47, 276.976
12192, 34.56, 276.992
12193, 34.69, 277.026
12194, 34.8, 277.059
12195, 34.93, 277.092
12196, 35, 277.109
12197, 35.16, 277.142
12198, 35.3, 277.176
12199, 35.42, 277.209
12200, 35.48, 277.226
12201, 35.62, 277.259
12202, 35.77, 277.292
12203, 35.84, 277.309
12204, 35.98, 277.342
12205, 36.12, 277.376
12206, 36.19, 277.392
12207, 36.33, 277.426
12208, 36.45, 277.459
12209, 36.51, 277.476
12210, 36.66, 277.509
12211, 36.74, 277.526
12212, 36.88, 277.559
12213, 37.01, 277.592
12214, 37.07, 277.609
12215, 37.2, 277.642
12216, 37.27, 277.659
12217, 37.41, 277.692
12218, 37.56, 277.726
12219, 37.64, 277.742
12220, 37.77, 277.776
12221, 37.84, 277.792
12222, 37.97, 277.826
12223, 38.12, 277.859
12224, 38.19, 277.876
12225, 38.32, 277.909
12226, 38.38, 277.926
12227, 38.51, 277.959
12228, 38.58, 277.976
12229, 38.71, 278.009
12230, 38.77, 278.026
12231, 38.9, 278.059
12232, 38.95, 278.076
12233, 39.07, 278.109
12234, 39.12, 278.126
12235, 39.24, 278.159
12236, 39.3, 278.176
12237, 39.4, 278.209
12238, 39.45, 278.226
12239, 39.56, 278.259
12240, 39.62, 278.276
12241, 39.73, 278.309
12242, 39.78, 278.326
12243, 39.89, 278.359
12244, 39.94, 278.376
12245, 40.03, 278.409
12246, 40.08, 278.426
12247, 40.17, 278.459
12248, 40.22, 278.476
12249, 40.3, 278.509
12250, 40.35, 278.526
12251, 40.46, 278.559
12252, 40.51, 278.576
12253, 40.59, 278.609
12254, 40.63, 278.626
12255, 40.72, 278.659
12256, 40.77, 278.676
12257, 40.84, 278.709
12258, 40.87, 278.726
12259, 40.9, 278.742
12260, 40.94, 278.776
12261, 40.95, 278.792
12262, 40.94, 278.826
12263, 40.89, 278.842
12264, 40.74, 278.876
12265, 40.66, 278.892
12266, 40.45, 278.926
12267, 40.31, 278.942
12268, 40.07, 278.976
12269, 39.95, 278.992
12270, 39.68, 279.026
12271, 39.53, 279.042
12272, 39.25, 279.076
12273, 39.12, 279.092
12274, 38.87, 279.126
12275, 38.76, 279.142
12276, 38.56, 279.176
12277, 38.39, 279.209
12278, 38.31, 279.226
12279, 38.16, 279.259
12280, 38.09, 279.276
12281, 37.95, 279.309
12282, 37.89, 279.326
12283, 37.78, 279.359
12284, 37.67, 279.392
12285, 37.62, 279.409
12286, 37.52, 279.442
12287, 37.41, 279.476
12288, 37.34, 279.492
12289, 37.23, 279.526
12290, 37.16, 279.542
12291, 37.03, 279.576
12292, 36.89, 279.609
12293, 36.82, 279.626
12294, 36.69, 279.659
12295, 36.57, 279.692
12296, 36.51, 279.709
12297, 36.41, 279.742
12298, 36.32, 279.776
12299, 36.23, 279.809
12300, 36.18, 279.826
12301, 36.08, 279.859
12302, 35.97, 279.892
12303, 35.91, 279.909
12304, 35.8, 279.942
12305, 35.69, 279.976
12306, 35.58, 280.009
12307, 35.53, 280.026
12308, 35.44, 280.059
12309, 35.34, 280.092
12310, 35.28, 280.109
12311, 35.17, 280.142
12312, 35.05, 280.176
12313, 34.93, 280.209
12314, 34.86, 280.226
12315, 34.74, 280.259
12316, 34.64, 280.292
12317, 34.53, 280.326
12318, 34.48, 280.342
12319, 34.36, 280.376
12320, 34.24, 280.409
12321, 34.11, 280.442
12322, 34.05, 280.459
12323, 33.94, 280.492
12324, 33.82, 280.526
12325, 33.7, 280.559
12326, 33.65, 280.576
12327, 33.53, 280.609
12328, 33.41, 280.642
12329, 33.28, 280.676
12330, 33.15, 280.709
12331, 33.09, 280.726
12332, 32.97, 280.759
12333, 32.86, 280.792
12334, 32.76, 280.826
12335, 32.66, 280.859
12336, 32.65, 280.876
12337, 32.61, 280.909
12338, 32.54, 280.942
12339, 32.52, 280.976
12340, 32.52, 281.009
12341, 32.54, 281.042
12342, 32.55, 281.059
12343, 32.58, 281.092
12344, 32.65, 281.126
12345, 32.71, 281.159
12346, 32.77, 281.192
12347, 32.81, 281.226
12348, 32.83, 281.242
12349, 32.86, 281.276
12350, 32.93, 281.309
12351, 33.02, 281.342
12352, 33.15, 281.376
12353, 33.2, 281.392
12354, 33.28, 281.426
12355, 33.35, 281.459
12356, 33.4, 281.492
12357, 33.46, 281.526
12358, 33.52, 281.559
12359, 33.56, 281.576
12360, 33.64, 281.609
12361, 33.73, 281.642
12362, 33.82, 281.676
12363, 33.89, 281.709
12364, 33.93, 281.726
12365, 34, 281.759
12366, 34.08, 281.792
12367, 34.16, 281.826
12368, 34.23, 281.859
12369, 34.26, 281.876
12370, 34.33, 281.909
12371, 34.42, 281.942
12372, 34.55, 281.976
12373, 34.61, 281.992
12374, 34.69, 282.026
12375, 34.77, 282.059
12376, 34.85, 282.092
12377, 34.89, 282.109
12378, 34.95, 282.142
12379, 35.02, 282.176
12380, 35.11, 282.209
12381, 35.16, 282.226
12382, 35.25, 282.259
12383, 35.34, 282.292
12384, 35.39, 282.309
12385, 35.46, 282.342
12386, 35.52, 282.376
12387, 35.61, 282.409
12388, 35.68, 282.426
12389, 35.79, 282.459
12390, 35.87, 282.492
12391, 35.9, 282.509
12392, 35.97, 282.542
12393, 36.04, 282.576
12394, 36.07, 282.592
12395, 36.14, 282.626
12396, 36.19, 282.659
12397, 36.21, 282.676
12398, 36.3, 282.709
12399, 36.4, 282.742
12400, 36.46, 282.759
12401, 36.58, 282.792
12402, 36.65, 282.826
12403, 36.68, 282.842
12404, 36.75, 282.876
12405, 36.85, 282.909
12406, 36.9, 282.926
12407, 37, 282.959
12408, 37.08, 282.992
12409, 37.13, 283.009
12410, 37.24, 283.042
12411, 37.29, 283.059
12412, 37.37, 283.092
12413, 37.46, 283.126
12414, 37.51, 283.142
12415, 37.59, 283.176
12416, 37.66, 283.209
12417, 37.7, 283.226
12418, 37.8, 283.259
12419, 37.86, 283.276
12420, 37.95, 283.309
12421, 37.99, 283.342
12422, 38.01, 283.359
12423, 38.07, 283.392
12424, 38.12, 283.409
12425, 38.23, 283.442
12426, 38.28, 283.459
12427, 38.38, 283.492
12428, 38.48, 283.526
12429, 38.52, 283.542
12430, 38.59, 283.576
12431, 38.63, 283.592
12432, 38.71, 283.626
12433, 38.75, 283.642
12434, 38.84, 283.676
12435, 38.94, 283.709
12436, 38.99, 283.726
12437, 39.07, 283.759
12438, 39.11, 283.776
12439, 39.2, 283.809
12440, 39.25, 283.826
12441, 39.35, 283.859
12442, 39.39, 283.876
12443, 39.48, 283.909
12444, 39.52, 283.926
12445, 39.61, 283.959
12446, 39.65, 283.976
12447, 39.73, 284.009
12448, 39.77, 284.026
12449, 39.85, 284.059
12450, 39.89, 284.076
12451, 39.97, 284.109
12452, 40.01, 284.126
12453, 40.09, 284.159
12454, 40.13, 284.176
12455, 40.22, 284.209
12456, 40.26, 284.226
12457, 40.34, 284.259
12458, 40.39, 284.276
12459, 40.48, 284.309
12460, 40.52, 284.326
12461, 40.6, 284.359
12462, 40.65, 284.376
12463, 40.74, 284.409
12464, 40.79, 284.426
12465, 40.88, 284.459
12466, 40.92, 284.476
12467, 41, 284.509
12468, 41.04, 284.526
12469, 41.13, 284.559
12470, 41.17, 284.576
12471, 41.26, 284.609
12472, 41.3, 284.626
12473, 41.34, 284.642
12474, 41.43, 284.676
12475, 41.47, 284.692
12476, 41.56, 284.726
12477, 41.61, 284.742
12478, 41.69, 284.776
12479, 41.73, 284.792
12480, 41.77, 284.809
12481, 41.85, 284.842
12482, 41.89, 284.859
12483, 41.95, 284.892
12484, 41.92, 284.909
12485, 41.99, 284.942
12486, 42.04, 284.959
12487, 42.11, 284.992
12488, 42.15, 285.009
12489, 42.2, 285.026
12490, 42.29, 285.059
12491, 42.33, 285.076
12492, 42.41, 285.109
12493, 42.45, 285.126
12494, 42.49, 285.142
12495, 42.59, 285.176
12496, 42.64, 285.192
12497, 42.72, 285.226
12498, 42.76, 285.242
12499, 42.81, 285.259
12500, 42.89, 285.292
12501, 42.94, 285.309
12502, 43.03, 285.342
12503, 43.07, 285.359
12504, 43.11, 285.376
12505, 43.2, 285.409
12506, 43.24, 285.426
12507, 43.32, 285.459
12508, 43.37, 285.476
12509, 43.42, 285.492
12510, 43.51, 285.526
12511, 43.55, 285.542
12512, 43.59, 285.559
12513, 43.67, 285.592
12514, 43.72, 285.609
12515, 43.8, 285.642
12516, 43.84, 285.659
12517, 43.89, 285.676
12518, 43.99, 285.709
12519, 44.04, 285.726
12520, 44.1, 285.742
12521, 44.19, 285.776
12522, 44.24, 285.792
12523, 44.32, 285.826
12524, 44.37, 285.842
12525, 44.41, 285.859
12526, 44.51, 285.892
12527, 44.56, 285.909
12528, 44.61, 285.926
12529, 44.71, 285.959
12530, 44.75, 285.976
12531, 44.79, 285.992
12532, 44.88, 286.026
12533, 44.92, 286.042
12534, 44.96, 286.059
12535, 45.04, 286.092
12536, 45.09, 286.109
12537, 45.14, 286.126
12538, 45.24, 286.159
12539, 45.28, 286.176
12540, 45.33, 286.192
12541, 45.42, 286.226
12542, 45.47, 286.242
12543, 45.52, 286.259
12544, 45.61, 286.292
12545, 45.66, 286.309
12546, 45.7, 286.326
12547, 45.75, 286.342
12548, 45.83, 286.376
12549, 45.88, 286.392
12550, 45.93, 286.409
12551, 46.02, 286.442
12552, 46.07, 286.459
12553, 46.12, 286.476
12554, 46.21, 286.509
12555, 46.25, 286.526
12556, 46.29, 286.542
12557, 46.39, 286.576
12558, 46.44, 286.592
12559, 46.48, 286.609
12560, 46.53, 286.626
12561, 46.62, 286.659
12562, 46.67, 286.676
12563, 46.71, 286.692
12564, 46.81, 286.726
12565, 46.85, 286.742
12566, 46.9, 286.759
12567, 46.95, 286.776
12568, 47.04, 286.809
12569, 47.09, 286.826
12570, 47.13, 286.842
12571, 47.18, 286.859
12572, 47.27, 286.892
12573, 47.31, 286.909
12574, 47.36, 286.926
12575, 47.45, 286.959
12576, 47.5, 286.976
12577, 47.55, 286.992
12578, 47.59, 287.009
12579, 47.68, 287.042
12580, 47.73, 287.059
12581, 47.77, 287.076
12582, 47.82, 287.092
12583, 47.9, 287.126
12584, 47.95, 287.142
12585, 48, 287.159
12586, 48.04, 287.176
12587, 48.13, 287.209
12588, 48.18, 287.226
12589, 48.22, 287.242
12590, 48.26, 287.259
12591, 48.35, 287.292
12592, 48.39, 287.309
12593, 48.43, 287.326
12594, 48.47, 287.342
12595, 48.55, 287.376
12596, 48.59, 287.392
12597, 48.63, 287.409
12598, 48.67, 287.426
12599, 48.75, 287.459
12600, 48.78, 287.476
12601, 48.82, 287.492
12602, 48.86, 287.509
12603, 48.9, 287.526
12604, 48.97, 287.559
12605, 49.01, 287.576
12606, 49.06, 287.592
12607, 49.1, 287.609
12608, 49.2, 287.642
12609, 49.24, 287.659
12610, 49.28, 287.676
12611, 49.32, 287.692
12612, 49.36, 287.709
12613, 49.43, 287.742
12614, 49.47, 287.759
12615, 49.51, 287.776
12616, 49.54, 287.792
12617, 49.58, 287.809
12618, 49.67, 287.842
12619, 49.7, 287.859
12620, 49.74, 287.876
12621, 49.78, 287.892
12622, 49.85, 287.926
12623, 49.88, 287.942
12624, 49.91, 287.959
12625, 49.95, 287.976
12626, 49.99, 287.992
12627, 50.06, 288.026
12628, 50.09, 288.042
12629, 50.13, 288.059
12630, 50.16, 288.076
12631, 50.19, 288.092
12632, 50.26, 288.126
12633, 50.3, 288.142
12634, 50.34, 288.159
12635, 50.37, 288.176
12636, 50.4, 288.192
12637, 50.42, 288.209
12638, 50.4, 288.242
12639, 50.43, 288.259
12640, 50.48, 288.276
12641, 50.51, 288.292
12642, 50.53, 288.309
12643, 50.59, 288.342
12644, 50.63, 288.359
12645, 50.67, 288.376
12646, 50.7, 288.392
12647, 50.73, 288.409
12648, 50.79, 288.442
12649, 50.82, 288.459
12650, 50.85, 288.476
12651, 50.88, 288.492
12652, 50.91, 288.509
12653, 50.94, 288.526
12654, 51, 288.559
12655, 51.03, 288.576
12656, 51.06, 288.592
12657, 51.09, 288.609
12658, 51.12, 288.626
12659, 51.15, 288.642
12660, 51.21, 288.676
12661, 51.24, 288.692
12662, 51.27, 288.709
12663, 51.3, 288.726
12664, 51.33, 288.742
12665, 51.39, 288.776
12666, 51.42, 288.792
12667, 51.45, 288.809
12668, 51.48, 288.826
12669, 51.51, 288.842
12670, 51.54, 288.859
12671, 51.59, 288.892
12672, 51.62, 288.909
12673, 51.65, 288.926
12674, 51.66, 288.942
12675, 51.69, 288.959
12676, 51.71, 288.976
12677, 51.74, 288.992
12678, 51.81, 289.026
12679, 51.84, 289.042
12680, 51.87, 289.059
12681, 51.9, 289.076
12682, 51.93, 289.092
12683, 51.96, 289.109
12684, 52.01, 289.142
12685, 52.03, 289.159
12686, 52.06, 289.176
12687, 52.08, 289.192
12688, 52.11, 289.209
12689, 52.13, 289.226
12690, 52.16, 289.242
12691, 52.21, 289.276
12692, 52.24, 289.292
12693, 52.26, 289.309
12694, 52.28, 289.326
12695, 52.31, 289.342
12696, 52.34, 289.359
12697, 52.39, 289.392
12698, 52.42, 289.409
12699, 52.44, 289.426
12700, 52.46, 289.442
12701, 52.48, 289.459
12702, 52.5, 289.476
12703, 52.53, 289.492
12704, 52.57, 289.526
12705, 52.6, 289.542
12706, 52.62, 289.559
12707, 52.64, 289.576
12708, 52.66, 289.592
12709, 52.68, 289.609
12710, 52.7, 289.626
12711, 52.75, 289.659
12712, 52.77, 289.676
12713, 52.8, 289.692
12714, 52.82, 289.709
12715, 52.84, 289.726
12716, 52.87, 289.742
12717, 52.89, 289.759
12718, 52.94, 289.792
12719, 52.96, 289.809
12720, 52.99, 289.826
12721, 53.01, 289.842
12722, 53.04, 289.859
12723, 53.06, 289.876
12724, 53.08, 289.892
12725, 53.1, 289.909
12726, 53.15, 289.942
12727, 53.17, 289.959
12728, 53.19, 289.976
12729, 53.21, 289.992
12730, 53.23, 290.009
12731, 53.26, 290.026
12732, 53.28, 290.042
12733, 53.31, 290.059
12734, 53.38, 290.092
12735, 53.4, 290.109
12736, 53.43, 290.126
12737, 53.46, 290.142
12738, 53.49, 290.159
12739, 53.52, 290.176
12740, 53.54, 290.192
12741, 53.57, 290.209
12742, 53.62, 290.242
12743, 53.65, 290.259
12744, 53.67, 290.276
12745, 53.7, 290.292
12746, 53.73, 290.309
12747, 53.75, 290.326
12748, 53.77, 290.342
12749, 53.8, 290.359
12750, 53.85, 290.392
12751, 53.88, 290.409
12752, 53.91, 290.426
12753, 53.94, 290.442
12754, 53.97, 290.459
12755, 54, 290.476
12756, 54.03, 290.492
12757, 54.06, 290.509
12758, 54.08, 290.526
12759, 54.14, 290.559
12760, 54.16, 290.576
12761, 54.19, 290.592
12762, 54.21, 290.609
12763, 54.24, 290.626
12764, 54.27, 290.642
12765, 54.3, 290.659
12766, 54.33, 290.676
12767, 54.36, 290.692
12768, 54.38, 290.709
12769, 54.44, 290.742
12770, 54.47, 290.759
12771, 54.5, 290.776
12772, 54.52, 290.792
12773, 54.55, 290.809
12774, 54.58, 290.826
12775, 54.61, 290.842
12776, 54.63, 290.859
12777, 54.66, 290.876
12778, 54.69, 290.892
12779, 54.74, 290.926
12780, 54.77, 290.942
12781, 54.79, 290.959
12782, 54.82, 290.976
12783, 54.84, 290.992
12784, 54.87, 291.009
12785, 54.9, 291.026
12786, 54.92, 291.042
12787, 54.95, 291.059
12788, 54.97, 291.076
12789, 55.02, 291.109
12790, 55.05, 291.126
12791, 55.07, 291.142
12792, 55.1, 291.159
12793, 55.13, 291.176
12794, 55.15, 291.192
12795, 55.18, 291.209
12796, 55.21, 291.226
12797, 55.24, 291.242
12798, 55.26, 291.259
12799, 55.29, 291.276
12800, 55.32, 291.292
12801, 55.36, 291.326
12802, 55.38, 291.342
12803, 55.4, 291.359
12804, 55.42, 291.376
12805, 55.45, 291.392
12806, 55.47, 291.409
12807, 55.5, 291.426
12808, 55.53, 291.442
12809, 55.56, 291.459
12810, 55.59, 291.476
12811, 55.61, 291.492
12812, 55.64, 291.509
12813, 55.68, 291.542
12814, 55.7, 291.559
12815, 55.72, 291.576
12816, 55.74, 291.592
12817, 55.77, 291.609
12818, 55.8, 291.626
12819, 55.82, 291.642
12820, 55.84, 291.659
12821, 55.86, 291.676
12822, 55.89, 291.692
12823, 55.91, 291.709
12824, 55.93, 291.726
12825, 55.96, 291.742
12826, 55.97, 291.759
12827, 56, 291.792
12828, 56.03, 291.809
12829, 56.06, 291.826
12830, 56.08, 291.842
12831, 56.1, 291.859
12832, 56.13, 291.876
12833, 56.15, 291.892
12834, 56.18, 291.909
12835, 56.2, 291.926
12836, 56.21, 291.942
12837, 56.23, 291.959
12838, 56.25, 291.976
12839, 56.26, 291.992
12840, 56.28, 292.009
12841, 56.32, 292.042
12842, 56.34, 292.059
12843, 56.36, 292.076
12844, 56.39, 292.092
12845, 56.41, 292.109
12846, 56.42, 292.126
12847, 56.43, 292.142
12848, 56.45, 292.159
12849, 56.47, 292.176
12850, 56.5, 292.192
12851, 56.51, 292.209
12852, 56.52, 292.226
12853, 56.52, 292.242
12854, 56.53, 292.259
12855, 56.54, 292.276
12856, 56.56, 292.292
12857, 56.57, 292.309
12858, 56.62, 292.342
12859, 56.65, 292.359
12860, 56.67, 292.376
12861, 56.69, 292.392
12862, 56.71, 292.409
12863, 56.73, 292.426
12864, 56.75, 292.442
12865, 56.77, 292.459
12866, 56.78, 292.476
12867, 56.79, 292.492
12868, 56.8, 292.509
12869, 56.82, 292.526
12870, 56.84, 292.542
12871, 56.85, 292.559
12872, 56.87, 292.576
12873, 56.9, 292.592
12874, 56.92, 292.609
12875, 56.94, 292.626
12876, 56.95, 292.642
12877, 56.97, 292.676
12878, 56.99, 292.692
12879, 57.02, 292.709
12880, 57.05, 292.726
12881, 57.08, 292.742
12882, 57.1, 292.759
12883, 57.1, 292.776
12884, 57.1, 292.792
12885, 57.1, 292.809
12886, 57.11, 292.826
12887, 57.12, 292.842
12888, 57.12, 292.859
12889, 57.14, 292.876
12890, 57.17, 292.892
12891, 57.22, 292.909
12892, 57.25, 292.926
12893, 57.27, 292.942
12894, 57.29, 292.959
12895, 57.3, 292.976
12896, 57.32, 292.992
12897, 57.37, 293.026
12898, 57.39, 293.042
12899, 57.4, 293.059
12900, 57.42, 293.076
12901, 57.44, 293.092
12902, 57.46, 293.109
12903, 57.5, 293.126
12904, 57.52, 293.142
12905, 57.55, 293.159
12906, 57.57, 293.176
12907, 57.59, 293.192
12908, 57.61, 293.209
12909, 57.64, 293.226
12910, 57.66, 293.242
12911, 57.68, 293.259
12912, 57.7, 293.276
12913, 57.72, 293.292
12914, 57.74, 293.309
12915, 57.75, 293.326
12916, 57.77, 293.342
12917, 57.78, 293.359
12918, 57.8, 293.376
12919, 57.82, 293.392
12920, 57.84, 293.409
12921, 57.86, 293.426
12922, 57.94, 293.459
12923, 57.98, 293.476
12924, 58.01, 293.492
12925, 58.03, 293.509
12926, 58.06, 293.526
12927, 58.07, 293.542
12928, 58.09, 293.559
12929, 58.12, 293.576
12930, 58.15, 293.592
12931, 58.17, 293.609
12932, 58.19, 293.626
12933, 58.21, 293.642
12934, 58.25, 293.659
12935, 58.28, 293.676
12936, 58.31, 293.692
12937, 58.34, 293.709
12938, 58.37, 293.726
12939, 58.38, 293.742
12940, 58.39, 293.759
12941, 58.41, 293.776
12942, 58.44, 293.792
12943, 58.47, 293.809
12944, 58.49, 293.826
12945, 58.52, 293.842
12946, 58.54, 293.859
12947, 58.57, 293.876
12948, 58.6, 293.892
12949, 58.61, 293.909
12950, 58.63, 293.926
12951, 58.64, 293.942
12952, 58.65, 293.959
12953, 58.65, 293.976
12954, 58.66, 293.992
12955, 58.66, 294.009
12956, 58.66, 294.026
12957, 58.66, 294.059
12958, 58.66, 294.076
12959, 58.65, 294.092
12960, 58.63, 294.109
12961, 58.61, 294.126
12962, 58.59, 294.142
12963, 58.55, 294.159
12964, 58.51, 294.176
12965, 58.47, 294.192
12966, 58.42, 294.209
12967, 58.36, 294.226
12968, 58.3, 294.242
12969, 58.21, 294.259
12970, 58.1, 294.276
12971, 57.98, 294.292
12972, 57.84, 294.309
12973, 57.68, 294.326
12974, 57.51, 294.342
12975, 57.33, 294.359
12976, 57.14, 294.376
12977, 56.95, 294.392
12978, 56.75, 294.409
12979, 56.55, 294.426
12980, 56.34, 294.442
12981, 56.13, 294.459
12982, 55.92, 294.476
12983, 55.49, 294.509
12984, 55.28, 294.526
12985, 55.06, 294.542
12986, 54.84, 294.559
12987, 54.64, 294.576
12988, 54.45, 294.592
12989, 54.26, 294.609
12990, 54.07, 294.626
12991, 53.88, 294.642
12992, 53.68, 294.659
12993, 53.29, 294.692
12994, 53.09, 294.709
12995, 52.89, 294.726
12996, 52.69, 294.742
12997, 52.47, 294.759
12998, 52.25, 294.776
12999, 52.04, 294.792
13000, 51.62, 294.826
13001, 51.41, 294.842
13002, 51.21, 294.859
13003, 51.01, 294.876
13004, 50.81, 294.892
13005, 50.61, 294.909
13006, 50.21, 294.942
13007, 50.01, 294.959
13008, 49.81, 294.976
13009, 49.6, 294.992
13010, 49.38, 295.009
13011, 48.94, 295.042
13012, 48.72, 295.059
13013, 48.5, 295.076
13014, 48.28, 295.092
13015, 47.88, 295.126
13016, 47.69, 295.142
13017, 47.5, 295.159
13018, 47.34, 295.176
13019, 47, 295.209
13020, 46.81, 295.226
13021, 46.65, 295.242
13022, 46.48, 295.259
13023, 46.13, 295.292
13024, 45.96, 295.309
13025, 45.77, 295.326
13026, 45.38, 295.359
13027, 45.18, 295.376
13028, 44.98, 295.392
13029, 44.6, 295.426
13030, 44.41, 295.442
13031, 44.21, 295.459
13032, 43.84, 295.492
13033, 43.65, 295.509
13034, 43.46, 295.526
13035, 43.1, 295.559
13036, 42.93, 295.576
13037, 42.6, 295.609
13038, 42.43, 295.626
13039, 42.28, 295.642
13040, 41.97, 295.676
13041, 41.81, 295.692
13042, 41.51, 295.726
13043, 41.35, 295.742
13044, 41.04, 295.776
13045, 40.89, 295.792
13046, 40.56, 295.826
13047, 40.4, 295.842
13048, 40.07, 295.876
13049, 39.9, 295.892
13050, 39.58, 295.926
13051, 39.42, 295.942
13052, 39.11, 295.976
13053, 38.95, 295.992
13054, 38.65, 296.026
13055, 38.51, 296.042
13056, 38.24, 296.076
13057, 38.11, 296.092
13058, 37.85, 296.126
13059, 37.6, 296.159
13060, 37.49, 296.176
13061, 37.29, 296.209
13062, 37.18, 296.226
13063, 36.96, 296.259
13064, 36.77, 296.292
13065, 36.67, 296.309
13066, 36.46, 296.342
13067, 36.25, 296.376
13068, 36.15, 296.392
13069, 35.97, 296.426
13070, 35.8, 296.459
13071, 35.71, 296.476
13072, 35.55, 296.509
13073, 35.39, 296.542
13074, 35.3, 296.559
13075, 35.14, 296.592
13076, 34.97, 296.626
13077, 34.79, 296.659
13078, 34.7, 296.676
13079, 34.53, 296.709
13080, 34.37, 296.742
13081, 34.22, 296.776
13082, 34.15, 296.792
13083, 34.03, 296.826
13084, 33.94, 296.859
13085, 33.87, 296.892
13086, 33.84, 296.909
13087, 33.78, 296.942
13088, 33.73, 296.976
13089, 33.69, 297.009
13090, 33.64, 297.042
13091, 33.62, 297.059
13092, 33.57, 297.092
13093, 33.53, 297.126
13094, 33.48, 297.159
13095, 33.44, 297.192
13096, 33.43, 297.209
13097, 33.4, 297.242
13098, 33.38, 297.276
13099, 33.35, 297.309
13100, 33.33, 297.342
13101, 33.33, 297.359
13102, 33.3, 297.392
13103, 33.27, 297.426
13104, 33.24, 297.459
13105, 33.2, 297.492
13106, 33.16, 297.509
13107, 33.11, 297.542
13108, 33.07, 297.576
13109, 33.03, 297.609
13110, 33, 297.626
13111, 32.95, 297.659
13112, 32.9, 297.692
13113, 32.85, 297.726
13114, 32.79, 297.759
13115, 32.76, 297.776
13116, 32.71, 297.809
13117, 32.65, 297.842
13118, 32.59, 297.876
13119, 32.52, 297.909
13120, 32.49, 297.926
13121, 32.42, 297.959
13122, 32.35, 297.992
13123, 32.28, 298.026
13124, 32.21, 298.059
13125, 32.18, 298.076
13126, 32.11, 298.109
13127, 32.04, 298.142
13128, 31.97, 298.176
13129, 31.89, 298.209
13130, 31.82, 298.242
13131, 31.78, 298.259
13132, 31.7, 298.292
13133, 31.63, 298.326
13134, 31.55, 298.359
13135, 31.48, 298.392
13136, 31.41, 298.426
13137, 31.34, 298.459
13138, 31.26, 298.492
13139, 31.2, 298.526
13140, 31.17, 298.542
13141, 31.11, 298.576
13142, 31.05, 298.609
13143, 31.03, 298.642
13144, 31.01, 298.676
13145, 30.97, 298.709
13146, 30.96, 298.742
13147, 30.96, 298.776
13148, 30.97, 298.809
13149, 30.99, 298.842
13150, 31.01, 298.859
13151, 31.05, 298.892
13152, 31.12, 298.926
13153, 31.19, 298.959
13154, 31.27, 298.992
13155, 31.35, 299.026
13156, 31.43, 299.059
13157, 31.52, 299.092
13158, 31.56, 299.109
13159, 31.64, 299.142
13160, 31.72, 299.176
13161, 31.82, 299.209
13162, 31.9, 299.242
13163, 31.98, 299.276
13164, 32.03, 299.292
13165, 32.11, 299.326
13166, 32.19, 299.359
13167, 32.27, 299.392
13168, 32.35, 299.426
13169, 32.42, 299.459
13170, 32.46, 299.476
13171, 32.53, 299.509
13172, 32.6, 299.542
13173, 32.68, 299.576
13174, 32.76, 299.609
13175, 32.83, 299.642
13176, 32.87, 299.659
13177, 32.95, 299.692
13178, 33.04, 299.726
13179, 33.13, 299.759
13180, 33.22, 299.792
13181, 33.32, 299.826
13182, 33.37, 299.842
13183, 33.46, 299.876
13184, 33.54, 299.909
13185, 33.62, 299.942
13186, 33.71, 299.976
13187, 33.76, 299.992
13188, 33.86, 300.026
13189, 33.96, 300.059
13190, 34.07, 300.092
13191, 34.12, 300.109
13192, 34.22, 300.142
13193, 34.32, 300.176
13194, 34.41, 300.209
13195, 34.46, 300.226
13196, 34.55, 300.259
13197, 34.64, 300.292
13198, 34.75, 300.326
13199, 34.8, 300.342
13200, 34.91, 300.376
13201, 35.01, 300.409
13202, 35.06, 300.426
13203, 35.15, 300.459
13204, 35.24, 300.492
13205, 35.36, 300.526
13206, 35.41, 300.542
13207, 35.51, 300.576
13208, 35.61, 300.609
13209, 35.66, 300.626
13210, 35.77, 300.659
13211, 35.87, 300.692
13212, 35.92, 300.709
13213, 36.02, 300.742
13214, 36.12, 300.776
13215, 36.17, 300.792
13216, 36.27, 300.826
13217, 36.36, 300.859
13218, 36.41, 300.876
13219, 36.5, 300.909
13220, 36.59, 300.942
13221, 36.63, 300.959
13222, 36.73, 300.992
13223, 36.82, 301.026
13224, 36.86, 301.042
13225, 36.95, 301.076
13226, 37, 301.092
13227, 37.1, 301.126
13228, 37.19, 301.159
13229, 37.24, 301.176
13230, 37.34, 301.209
13231, 37.39, 301.226
13232, 37.48, 301.259
13233, 37.57, 301.292
13234, 37.61, 301.309
13235, 37.69, 301.342
13236, 37.73, 301.359
13237, 37.8, 301.392
13238, 37.88, 301.426
13239, 37.92, 301.442
13240, 38, 301.476
13241, 38.04, 301.492
13242, 38.16, 301.526
13243, 38.21, 301.542
13244, 38.31, 301.576
13245, 38.4, 301.609
13246, 38.45, 301.626
13247, 38.54, 301.659
13248, 38.58, 301.676
13249, 38.66, 301.709
13250, 38.7, 301.726
13251, 38.79, 301.759
13252, 38.83, 301.776
13253, 38.9, 301.809
13254, 38.98, 301.842
13255, 39.03, 301.859
13256, 39.13, 301.892
13257, 39.17, 301.909
13258, 39.25, 301.942
13259, 39.29, 301.959
13260, 39.36, 301.992
13261, 39.39, 302.009
13262, 39.47, 302.042
13263, 39.51, 302.059
13264, 39.6, 302.092
13265, 39.64, 302.109
13266, 39.74, 302.142
13267, 39.78, 302.159
13268, 39.86, 302.192
13269, 39.9, 302.209
13270, 39.98, 302.242
13271, 40.02, 302.259
13272, 40.11, 302.292
13273, 40.15, 302.309
13274, 40.23, 302.342
13275, 40.27, 302.359
13276, 40.34, 302.392
13277, 40.39, 302.409
13278, 40.47, 302.442
13279, 40.51, 302.459
13280, 40.59, 302.492
13281, 40.63, 302.509
13282, 40.72, 302.542
13283, 40.76, 302.559
13284, 40.84, 302.592
13285, 40.88, 302.609
13286, 40.96, 302.642
13287, 41, 302.659
13288, 41.08, 302.692
13289, 41.12, 302.709
13290, 41.21, 302.742
13291, 41.25, 302.759
13292, 41.33, 302.792
13293, 41.37, 302.809
13294, 41.41, 302.826
13295, 41.49, 302.859
13296, 41.53, 302.876
13297, 41.6, 302.909
13298, 41.63, 302.926
13299, 41.71, 302.959
13300, 41.75, 302.976
13301, 41.82, 303.009
13302, 41.86, 303.026
13303, 41.89, 303.042
13304, 41.95, 303.076
13305, 41.99, 303.092
13306, 42.05, 303.126
13307, 42.09, 303.142
13308, 42.15, 303.176
13309, 42.18, 303.192
13310, 42.21, 303.209
13311, 42.27, 303.242
13312, 42.29, 303.259
13313, 42.33, 303.292
13314, 42.35, 303.309
13315, 42.39, 303.342
13316, 42.4, 303.359
13317, 42.42, 303.376
13318, 42.46, 303.409
13319, 42.48, 303.426
13320, 42.5, 303.459
13321, 42.45, 303.476
13322, 42.47, 303.492
13323, 42.55, 303.526
13324, 42.58, 303.542
13325, 42.66, 303.576
13326, 42.71, 303.592
13327, 42.74, 303.609
13328, 42.81, 303.642
13329, 42.84, 303.659
13330, 42.91, 303.692
13331, 42.94, 303.709
13332, 43.01, 303.742
13333, 43.05, 303.759
13334, 43.08, 303.776
13335, 43.16, 303.809
13336, 43.2, 303.826
13337, 43.23, 303.842
13338, 43.29, 303.876
13339, 43.32, 303.892
13340, 43.4, 303.926
13341, 43.44, 303.942
13342, 43.49, 303.959
13343, 43.56, 303.992
13344, 43.59, 304.009
13345, 43.65, 304.042
13346, 43.69, 304.059
13347, 43.72, 304.076
13348, 43.79, 304.109
13349, 43.82, 304.126
13350, 43.86, 304.142
13351, 43.94, 304.176
13352, 43.97, 304.192
13353, 44.03, 304.226
13354, 44.06, 304.242
13355, 44.1, 304.259
13356, 44.16, 304.292
13357, 44.19, 304.309
13358, 44.23, 304.326
13359, 44.3, 304.359
13360, 44.34, 304.376
13361, 44.38, 304.392
13362, 44.45, 304.426
13363, 44.48, 304.442
13364, 44.52, 304.459
13365, 44.58, 304.492
13366, 44.61, 304.509
13367, 44.67, 304.542
13368, 44.7, 304.559
13369, 44.73, 304.576
13370, 44.8, 304.609
13371, 44.83, 304.626
13372, 44.87, 304.642
13373, 44.93, 304.676
13374, 44.97, 304.692
13375, 45, 304.709
13376, 45.07, 304.742
13377, 45.1, 304.759
13378, 45.14, 304.776
13379, 45.2, 304.809
13380, 45.23, 304.826
13381, 45.26, 304.842
13382, 45.33, 304.876
13383, 45.37, 304.892
13384, 45.41, 304.909
13385, 45.47, 304.942
13386, 45.49, 304.959
13387, 45.51, 304.976
13388, 45.54, 304.992
13389, 45.6, 305.026
13390, 45.63, 305.042
13391, 45.66, 305.059
13392, 45.73, 305.092
13393, 45.76, 305.109
13394, 45.79, 305.126
13395, 45.86, 305.159
13396, 45.89, 305.176
13397, 45.92, 305.192
13398, 45.98, 305.226
13399, 46.01, 305.242
13400, 46.04, 305.259
13401, 46.08, 305.276
13402, 46.16, 305.309
13403, 46.2, 305.326
13404, 46.25, 305.342
13405, 46.32, 305.376
13406, 46.35, 305.392
13407, 46.38, 305.409
13408, 46.46, 305.442
13409, 46.5, 305.459
13410, 46.53, 305.476
13411, 46.57, 305.492
13412, 46.64, 305.526
13413, 46.68, 305.542
13414, 46.71, 305.559
13415, 46.79, 305.592
13416, 46.82, 305.609
13417, 46.86, 305.626
13418, 46.89, 305.642
13419, 46.97, 305.676
13420, 47, 305.692
13421, 47.04, 305.709
13422, 47.07, 305.726
13423, 47.14, 305.759
13424, 47.17, 305.776
13425, 47.2, 305.792
13426, 47.27, 305.826
13427, 47.31, 305.842
13428, 47.34, 305.859
13429, 47.37, 305.876
13430, 47.44, 305.909
13431, 47.47, 305.926
13432, 47.51, 305.942
13433, 47.54, 305.959
13434, 47.61, 305.992
13435, 47.64, 306.009
13436, 47.68, 306.026
13437, 47.74, 306.059
13438, 47.78, 306.076
13439, 47.81, 306.092
13440, 47.84, 306.109
13441, 47.9, 306.142
13442, 47.93, 306.159
13443, 47.96, 306.176
13444, 47.99, 306.192
13445, 48.05, 306.226
13446, 48.09, 306.242
13447, 48.12, 306.259
13448, 48.15, 306.276
13449, 48.21, 306.309
13450, 48.23, 306.326
13451, 48.26, 306.342
13452, 48.29, 306.359
13453, 48.35, 306.392
13454, 48.38, 306.409
13455, 48.4, 306.426
13456, 48.43, 306.442
13457, 48.47, 306.459
13458, 48.52, 306.492
13459, 48.55, 306.509
13460, 48.58, 306.526
13461, 48.6, 306.542
13462, 48.66, 306.576
13463, 48.69, 306.592
13464, 48.72, 306.609
13465, 48.74, 306.626
13466, 48.79, 306.659
13467, 48.81, 306.676
13468, 48.82, 306.692
13469, 48.84, 306.709
13470, 48.91, 306.742
13471, 48.94, 306.759
13472, 48.97, 306.776
13473, 49, 306.792
13474, 49.03, 306.809
13475, 49.06, 306.842
13476, 49.08, 306.859
13477, 49.09, 306.876
13478, 49.11, 306.892
13479, 49.16, 306.926
13480, 49.18, 306.942
13481, 49.2, 306.959
13482, 49.22, 306.976
13483, 49.24, 306.992
13484, 49.3, 307.026
13485, 49.33, 307.042
13486, 49.36, 307.059
13487, 49.39, 307.076
13488, 49.43, 307.109
13489, 49.45, 307.126
13490, 49.47, 307.142
13491, 49.5, 307.159
13492, 49.52, 307.176
13493, 49.56, 307.209
13494, 49.58, 307.226
13495, 49.61, 307.242
13496, 49.63, 307.259
13497, 49.66, 307.276
13498, 49.71, 307.309
13499, 49.73, 307.326
13500, 49.75, 307.342
13501, 49.77, 307.359
13502, 49.81, 307.392
13503, 49.83, 307.409
13504, 49.86, 307.426
13505, 49.88, 307.442
13506, 49.9, 307.459
13507, 49.94, 307.492
13508, 49.97, 307.509
13509, 50, 307.526
13510, 50.02, 307.542
13511, 50.04, 307.559
13512, 50.09, 307.592
13513, 50.11, 307.609
13514, 50.13, 307.626
13515, 50.15, 307.642
13516, 50.17, 307.659
13517, 50.21, 307.692
13518, 50.24, 307.709
13519, 50.26, 307.726
13520, 50.28, 307.742
13521, 50.3, 307.759
13522, 50.35, 307.792
13523, 50.37, 307.809
13524, 50.39, 307.826
13525, 50.41, 307.842
13526, 50.44, 307.859
13527, 50.47, 307.892
13528, 50.49, 307.909
13529, 50.51, 307.926
13530, 50.54, 307.942
13531, 50.56, 307.959
13532, 50.58, 307.976
13533, 50.61, 308.009
13534, 50.61, 308.026
13535, 50.57, 308.042
13536, 50.58, 308.059
13537, 50.62, 308.076
13538, 50.64, 308.109
13539, 50.66, 308.126
13540, 50.68, 308.142
13541, 50.7, 308.159
13542, 50.72, 308.176
13543, 50.74, 308.192
13544, 50.79, 308.226
13545, 50.81, 308.242
13546, 50.83, 308.259
13547, 50.85, 308.276
13548, 50.87, 308.292
13549, 50.91, 308.326
13550, 50.94, 308.342
13551, 50.96, 308.359
13552, 50.99, 308.376
13553, 51.01, 308.392
13554, 51.03, 308.409
13555, 51.07, 308.442
13556, 51.09, 308.459
13557, 51.11, 308.476
13558, 51.13, 308.492
13559, 51.15, 308.509
13560, 51.19, 308.542
13561, 51.21, 308.559
13562, 51.23, 308.576
13563, 51.25, 308.592
13564, 51.27, 308.609
13565, 51.29, 308.626
13566, 51.33, 308.659
13567, 51.35, 308.676
13568, 51.36, 308.692
13569, 51.38, 308.709
13570, 51.4, 308.726
13571, 51.43, 308.742
13572, 51.47, 308.776
13573, 51.48, 308.792
13574, 51.5, 308.809
13575, 51.52, 308.826
13576, 51.54, 308.842
13577, 51.56, 308.859
13578, 51.61, 308.892
13579, 51.63, 308.909
13580, 51.65, 308.926
13581, 51.67, 308.942
13582, 51.7, 308.959
13583, 51.73, 308.976
13584, 51.79, 309.009
13585, 51.81, 309.026
13586, 51.83, 309.042
13587, 51.86, 309.059
13588, 51.88, 309.076
13589, 51.9, 309.092
13590, 51.92, 309.109
13591, 51.97, 309.142
13592, 51.99, 309.159
13593, 52.02, 309.176
13594, 52.05, 309.192
13595, 52.07, 309.209
13596, 52.09, 309.226
13597, 52.13, 309.259
13598, 52.15, 309.276
13599, 52.17, 309.292
13600, 52.2, 309.309
13601, 52.22, 309.326
13602, 52.24, 309.342
13603, 52.26, 309.359
13604, 52.31, 309.392
13605, 52.33, 309.409
13606, 52.35, 309.426
13607, 52.38, 309.442
13608, 52.4, 309.459
13609, 52.42, 309.476
13610, 52.46, 309.509
13611, 52.48, 309.526
13612, 52.5, 309.542
13613, 52.52, 309.559
13614, 52.55, 309.576
13615, 52.57, 309.592
13616, 52.6, 309.609
13617, 52.65, 309.642
13618, 52.67, 309.659
13619, 52.69, 309.676
13620, 52.72, 309.692
13621, 52.74, 309.709
13622, 52.76, 309.726
13623, 52.78, 309.742
13624, 52.83, 309.776
13625, 52.86, 309.792
13626, 52.89, 309.809
13627, 52.91, 309.826
13628, 52.94, 309.842
13629, 52.96, 309.859
13630, 52.98, 309.876
13631, 53, 309.892
13632, 53.06, 309.926
13633, 53.09, 309.942
13634, 53.11, 309.959
13635, 53.14, 309.976
13636, 53.16, 309.992
13637, 53.18, 310.009
13638, 53.2, 310.026
13639, 53.26, 310.059
13640, 53.29, 310.076
13641, 53.32, 310.092
13642, 53.34, 310.109
13643, 53.36, 310.126
13644, 53.38, 310.142
13645, 53.41, 310.159
13646, 53.44, 310.176
13647, 53.49, 310.209
13648, 53.51, 310.226
13649, 53.53, 310.242
13650, 53.55, 310.259
13651, 53.58, 310.276
13652, 53.6, 310.292
13653, 53.62, 310.309
13654, 53.65, 310.326
13655, 53.69, 310.359
13656, 53.71, 310.376
13657, 53.73, 310.392
13658, 53.76, 310.409
13659, 53.78, 310.426
13660, 53.8, 310.442
13661, 53.82, 310.459
13662, 53.85, 310.476
13663, 53.88, 310.492
13664, 53.91, 310.526
13665, 53.93, 310.542
13666, 53.95, 310.559
13667, 53.97, 310.576
13668, 53.99, 310.592
13669, 54.01, 310.609
13670, 54.04, 310.626
13671, 54.06, 310.642
13672, 54.08, 310.659
13673, 54.13, 310.692
13674, 54.15, 310.709
13675, 54.18, 310.726
13676, 54.2, 310.742
13677, 54.22, 310.759
13678, 54.25, 310.776
13679, 54.27, 310.792
13680, 54.29, 310.809
13681, 54.31, 310.826
13682, 54.36, 310.859
13683, 54.38, 310.876
13684, 54.41, 310.892
13685, 54.43, 310.909
13686, 54.45, 310.926
13687, 54.48, 310.942
13688, 54.5, 310.959
13689, 54.51, 310.976
13690, 54.53, 310.992
13691, 54.55, 311.009
13692, 54.6, 311.042
13693, 54.62, 311.059
13694, 54.64, 311.076
13695, 54.66, 311.092
13696, 54.68, 311.109
13697, 54.69, 311.126
13698, 54.71, 311.142
13699, 54.73, 311.159
13700, 54.75, 311.176
13701, 54.77, 311.192
13702, 54.81, 311.226
13703, 54.83, 311.242
13704, 54.85, 311.259
13705, 54.87, 311.276
13706, 54.89, 311.292
13707, 54.91, 311.309
13708, 54.92, 311.326
13709, 54.94, 311.342
13710, 54.96, 311.359
13711, 54.98, 311.376
13712, 55, 311.392
13713, 55.04, 311.426
13714, 55.05, 311.442
13715, 55.07, 311.459
13716, 55.09, 311.476
13717, 55.11, 311.492
13718, 55.12, 311.509
13719, 55.14, 311.526
13720, 55.16, 311.542
13721, 55.17, 311.559
13722, 55.19, 311.576
13723, 55.21, 311.592
13724, 55.24, 311.626
13725, 55.26, 311.642
13726, 55.28, 311.659
13727, 55.29, 311.676
13728, 55.31, 311.692
13729, 55.32, 311.709
13730, 55.34, 311.726
13731, 55.35, 311.742
13732, 55.37, 311.759
13733, 55.39, 311.776
13734, 55.4, 311.792
13735, 55.44, 311.826
13736, 55.45, 311.842
13737, 55.47, 311.859
13738, 55.48, 311.876
13739, 55.5, 311.892
13740, 55.51, 311.909
13741, 55.53, 311.926
13742, 55.54, 311.942
13743, 55.55, 311.959
13744, 55.57, 311.976
13745, 55.58, 311.992
13746, 55.59, 312.009
13747, 55.62, 312.042
13748, 55.64, 312.059
13749, 55.65, 312.076
13750, 55.67, 312.092
13751, 55.68, 312.109
13752, 55.69, 312.126
13753, 55.71, 312.142
13754, 55.73, 312.159
13755, 55.74, 312.176
13756, 55.75, 312.192
13757, 55.77, 312.209
13758, 55.78, 312.226
13759, 55.79, 312.242
13760, 55.83, 312.276
13761, 55.84, 312.292
13762, 55.85, 312.309
13763, 55.87, 312.326
13764, 55.88, 312.342
13765, 55.9, 312.359
13766, 55.92, 312.376
13767, 55.93, 312.392
13768, 55.95, 312.409
13769, 55.96, 312.426
13770, 55.97, 312.442
13771, 55.99, 312.459
13772, 56, 312.476
13773, 56.03, 312.509
13774, 56.05, 312.526
13775, 56.06, 312.542
13776, 56.08, 312.559
13777, 56.1, 312.576
13778, 56.12, 312.592
13779, 56.13, 312.609
13780, 56.15, 312.626
13781, 56.17, 312.642
13782, 56.18, 312.659
13783, 56.19, 312.676
13784, 56.2, 312.692
13785, 56.21, 312.709
13786, 56.23, 312.726
13787, 56.25, 312.759
13788, 56.27, 312.776
13789, 56.28, 312.792
13790, 56.3, 312.809
13791, 56.31, 312.826
13792, 56.33, 312.842
13793, 56.34, 312.859
13794, 56.36, 312.876
13795, 56.37, 312.892
13796, 56.38, 312.909
13797, 56.39, 312.926
13798, 56.41, 312.942
13799, 56.42, 312.959
13800, 56.43, 312.976
13801, 56.44, 312.992
13802, 56.46, 313.026
13803, 56.48, 313.042
13804, 56.49, 313.059
13805, 56.51, 313.076
13806, 56.52, 313.092
13807, 56.53, 313.109
13808, 56.54, 313.126
13809, 56.55, 313.142
13810, 56.56, 313.159
13811, 56.58, 313.176
13812, 56.59, 313.192
13813, 56.6, 313.209
13814, 56.61, 313.226
13815, 56.62, 313.242
13816, 56.63, 313.259
13817, 56.64, 313.276
13818, 56.67, 313.309
13819, 56.68, 313.326
13820, 56.69, 313.342
13821, 56.7, 313.359
13822, 56.72, 313.376
13823, 56.73, 313.392
13824, 56.74, 313.409
13825, 56.75, 313.426
13826, 56.77, 313.442
13827, 56.78, 313.459
13828, 56.79, 313.476
13829, 56.81, 313.492
13830, 56.82, 313.509
13831, 56.83, 313.526
13832, 56.84, 313.542
13833, 56.85, 313.559
13834, 56.87, 313.576
13835, 56.89, 313.609
13836, 56.9, 313.626
13837, 56.92, 313.642
13838, 56.93, 313.659
13839, 56.95, 313.676
13840, 56.96, 313.692
13841, 56.97, 313.709
13842, 56.98, 313.726
13843, 56.99, 313.742
13844, 57, 313.759
13845, 57.01, 313.776
13846, 57.01, 313.792
13847, 57.02, 313.809
13848, 57.03, 313.826
13849, 57.04, 313.842
13850, 57.06, 313.859
13851, 57.07, 313.876
13852, 57.08, 313.892
13853, 57.1, 313.926
13854, 57.11, 313.942
13855, 57.12, 313.959
13856, 57.13, 313.976
13857, 57.14, 313.992
13858, 57.15, 314.009
13859, 57.16, 314.026
13860, 57.17, 314.042
13861, 57.18, 314.059
13862, 57.2, 314.076
13863, 57.21, 314.092
13864, 57.22, 314.109
13865, 57.23, 314.126
13866, 57.25, 314.142
13867, 57.27, 314.159
13868, 57.3, 314.176
13869, 57.32, 314.192
13870, 57.34, 314.209
13871, 57.36, 314.226
13872, 57.38, 314.242
13873, 57.41, 314.276
13874, 57.43, 314.292
13875, 57.45, 314.309
13876, 57.46, 314.326
13877, 57.47, 314.342
13878, 57.49, 314.359
13879, 57.5, 314.376
13880, 57.52, 314.392
13881, 57.54, 314.409
13882, 57.55, 314.426
13883, 57.57, 314.442
13884, 57.59, 314.459
13885, 57.61, 314.476
13886, 57.62, 314.492
13887, 57.64, 314.509
13888, 57.66, 314.526
13889, 57.67, 314.542
13890, 57.68, 314.559
13891, 57.69, 314.576
13892, 57.71, 314.592
13893, 57.72, 314.609
13894, 57.72, 314.609
13895, 57.76, 314.659
13896, 57.77, 314.676
13897, 57.78, 314.692
13898, 57.79, 314.709
13899, 57.81, 314.726
13900, 57.82, 314.742
13901, 57.83, 314.759
13902, 57.85, 314.776
13903, 57.87, 314.792
13904, 57.89, 314.809
13905, 57.92, 314.826
13906, 57.93, 314.842
13907, 57.96, 314.859
13908, 57.97, 314.876
13909, 57.98, 314.892
13910, 57.99, 314.909
13911, 57.99, 314.926
13912, 58, 314.942
13913, 58.02, 314.959
13914, 58.05, 314.976
13915, 58.07, 314.992
13916, 58.08, 315.009
13917, 58.09, 315.026
13918, 58.11, 315.042
13919, 58.13, 315.059
13920, 58.14, 315.076
13921, 58.15, 315.092
13922, 58.18, 315.126
13923, 58.21, 315.142
13924, 58.23, 315.159
13925, 58.26, 315.176
13926, 58.3, 315.192
13927, 58.33, 315.209
13928, 58.36, 315.226
13929, 58.38, 315.242
13930, 58.4, 315.259
13931, 58.42, 315.276
13932, 58.44, 315.292
13933, 58.47, 315.309
13934, 58.49, 315.326
13935, 58.51, 315.342
13936, 58.53, 315.359
13937, 58.55, 315.376
13938, 58.57, 315.392
13939, 58.59, 315.409
13940, 58.61, 315.426
13941, 58.63, 315.442
13942, 58.64, 315.459
13943, 58.66, 315.476
13944, 58.68, 315.492
13945, 58.69, 315.509
13946, 58.71, 315.526
13947, 58.73, 315.542
13948, 58.75, 315.559
13949, 58.77, 315.576
13950, 58.78, 315.592
13951, 58.78, 315.592
13952, 58.82, 315.626
13953, 58.85, 315.642
13954, 58.87, 315.659
13955, 58.89, 315.676
13956, 58.91, 315.692
13957, 58.94, 315.709
13958, 58.97, 315.726
13959, 58.99, 315.742
13960, 59.01, 315.759
13961, 59.03, 315.776
13962, 59.05, 315.792
13963, 59.08, 315.809
13964, 59.1, 315.826
13965, 59.12, 315.842
13966, 59.16, 315.876
13967, 59.18, 315.892
13968, 59.2, 315.909
13969, 59.23, 315.926
13970, 59.25, 315.942
13971, 59.27, 315.959
13972, 59.27, 315.959
13973, 59.27, 315.959
13974, 59.27, 315.959
13975, 59.27, 315.959
13976, 59.37, 316.042
13977, 59.39, 316.059
13978, 59.41, 316.076
13979, 59.43, 316.092
13980, 59.45, 316.109
13981, 59.47, 316.126
13982, 59.49, 316.142
13983, 59.5, 316.159
13984, 59.52, 316.176
13985, 59.54, 316.192
13986, 59.56, 316.209
13987, 59.58, 316.226
13988, 59.6, 316.242
13989, 59.62, 316.259
13990, 59.64, 316.276
13991, 59.66, 316.292
13992, 59.67, 316.309
13993, 59.69, 316.326
13994, 59.71, 316.342
13995, 59.73, 316.359
13996, 59.75, 316.376
13997, 59.76, 316.392
13998, 59.78, 316.409
13999, 59.8, 316.426
14000, 59.81, 316.442
14001, 59.83, 316.459
14002, 59.85, 316.476
14003, 59.87, 316.492
14004, 59.88, 316.509
14005, 59.9, 316.526
14006, 59.92, 316.542
14007, 59.93, 316.559
14008, 59.94, 316.576
14009, 59.96, 316.592
14010, 59.97, 316.609
14011, 59.98, 316.626
14012, 59.99, 316.642
14013, 60.01, 316.659
14014, 60.02, 316.676
14015, 60.04, 316.692
14016, 60.05, 316.709
14017, 60.07, 316.726
14018, 60.08, 316.742
14019, 60.08, 316.759
14020, 60.09, 316.776
14021, 60.1, 316.792
14022, 60.12, 316.809
14023, 60.13, 316.826
14024, 60.14, 316.842
14025, 60.14, 316.859
14026, 60.14, 316.876
14027, 60.14, 316.892
14028, 60.15, 316.909
14029, 60.16, 316.926
14030, 60.17, 316.942
14031, 60.19, 316.959
14032, 60.19, 316.976
14033, 60.2, 316.992
14034, 60.2, 317.009
14035, 60.21, 317.026
14036, 60.21, 317.042
14037, 60.22, 317.059
14038, 60.23, 317.076
14039, 60.24, 317.092
14040, 60.25, 317.109
14041, 60.26, 317.126
14042, 60.26, 317.142
14043, 60.27, 317.159
14044, 60.28, 317.176
14045, 60.28, 317.192
14046, 60.29, 317.209
14047, 60.29, 317.226
14048, 60.3, 317.242
14049, 60.31, 317.259
14050, 60.32, 317.276
14051, 60.32, 317.292
14052, 60.33, 317.309
14053, 60.33, 317.326
14054, 60.33, 317.342
14055, 60.34, 317.359
14056, 60.34, 317.376
14057, 60.35, 317.392
14058, 60.32, 317.409
14059, 60.28, 317.426
14060, 60.31, 317.442
14061, 60.31, 317.459
14062, 60.31, 317.476
14063, 60.31, 317.492
14064, 60.32, 317.509
14065, 60.33, 317.526
14066, 60.33, 317.542
14067, 60.34, 317.559
14068, 60.35, 317.576
14069, 60.36, 317.592
14070, 60.38, 317.609
14071, 60.38, 317.626
14072, 60.39, 317.642
14073, 60.39, 317.659
14074, 60.41, 317.676
14075, 60.42, 317.692
14076, 60.42, 317.709
14077, 60.43, 317.726
14078, 60.44, 317.742
14079, 60.44, 317.759
14080, 60.45, 317.776
14081, 60.46, 317.792
14082, 60.47, 317.809
14083, 60.48, 317.826
14084, 60.48, 317.842
14085, 60.49, 317.859
14086, 60.51, 317.876
14087, 60.53, 317.892
14088, 60.55, 317.909
14089, 60.56, 317.926
14090, 60.56, 317.942
14091, 60.57, 317.959
14092, 60.57, 317.976
14093, 60.57, 317.992
14094, 60.57, 318.009
14095, 60.57, 318.026
14096, 60.58, 318.042
14097, 60.58, 318.042
14098, 60.59, 318.076
14099, 60.6, 318.092
14100, 60.61, 318.109
14101, 60.62, 318.126
14102, 60.63, 318.142
14103, 60.64, 318.159
14104, 60.65, 318.176
14105, 60.66, 318.192
14106, 60.67, 318.209
14107, 60.68, 318.226
14108, 60.69, 318.242
14109, 60.69, 318.259
14110, 60.7, 318.276
14111, 60.71, 318.292
14112, 60.71, 318.292
14113, 60.71, 318.292
14114, 60.71, 318.292
14115, 60.75, 318.359
14116, 60.75, 318.359
14117, 60.76, 318.376
14118, 60.77, 318.392
14119, 60.78, 318.409
14120, 60.79, 318.426
14121, 60.8, 318.442
14122, 60.81, 318.459
14123, 60.82, 318.476
14124, 60.83, 318.492
14125, 60.84, 318.509
14126, 60.85, 318.526
14127, 60.86, 318.542
14128, 60.86, 318.559
14129, 60.87, 318.576
14130, 60.88, 318.592
14131, 60.89, 318.609
14132, 60.9, 318.626
14133, 60.92, 318.642
14134, 60.93, 318.659
14135, 60.94, 318.676
14136, 60.94, 318.692
14137, 60.95, 318.709
14138, 60.96, 318.726
14139, 60.96, 318.742
14140, 60.97, 318.759
14141, 60.98, 318.776
14142, 60.98, 318.792
14143, 60.99, 318.809
14144, 61, 318.826
14145, 61.01, 318.842
14146, 61.02, 318.859
14147, 61.04, 318.876
14148, 61.06, 318.892
14149, 61.07, 318.909
14150, 61.08, 318.926
14151, 61.09, 318.942
14152, 61.09, 318.959
14153, 61.1, 318.976
14154, 61.11, 318.992
14155, 61.11, 318.992
14156, 61.12, 319.026
14157, 61.12, 319.042
14158, 61.14, 319.059
14159, 61.15, 319.076
14160, 61.17, 319.092
14161, 61.18, 319.109
14162, 61.19, 319.126
14163, 61.2, 319.142
14164, 61.2, 319.159
14165, 61.21, 319.176
14166, 61.22, 319.192
14167, 61.24, 319.209
14168, 61.25, 319.226
14169, 61.26, 319.242
14170, 61.26, 319.259
14171, 61.27, 319.276
14172, 61.27, 319.276
14173, 61.27, 319.276
14174, 61.27, 319.276
14175, 61.3, 319.342
14176, 61.32, 319.359
14177, 61.34, 319.376
14178, 61.35, 319.392
14179, 61.36, 319.409
14180, 61.37, 319.426
14181, 61.37, 319.426
14182, 61.38, 319.442
14183, 61.39, 319.459
14184, 61.4, 319.476
14185, 61.4, 319.492
14186, 61.41, 319.509
14187, 61.41, 319.526
14188, 61.41, 319.542
14189, 61.41, 319.559
14190, 61.42, 319.576
14191, 61.44, 319.592
14192, 61.46, 319.609
14193, 61.48, 319.626
14194, 61.48, 319.642
14195, 61.48, 319.659
14196, 61.49, 319.676
14197, 61.49, 319.692
14198, 61.49, 319.709
14199, 61.5, 319.726
14200, 61.51, 319.742
14201, 61.52, 319.759
14202, 61.54, 319.776
14203, 61.55, 319.792
14204, 61.56, 319.809
14205, 61.57, 319.826
14206, 61.58, 319.842
14207, 61.58, 319.859
14208, 61.59, 319.876
14209, 61.6, 319.892
14210, 61.6, 319.909
14211, 61.61, 319.926
14212, 61.62, 319.942
14213, 61.63, 319.959
14214, 61.64, 319.976
14215, 61.65, 319.992
14216, 61.66, 320.009
14217, 61.67, 320.026
14218, 61.68, 320.042
14219, 61.69, 320.059
14220, 61.7, 320.076
14221, 61.7, 320.092
14222, 61.7, 320.109
14223, 61.71, 320.126
14224, 61.71, 320.126
14225, 61.72, 320.142
14226, 61.73, 320.159
14227, 61.74, 320.176
14228, 61.74, 320.192
14229, 61.74, 320.209
14230, 61.75, 320.226
14231, 61.76, 320.242
14232, 61.77, 320.259
14233, 61.79, 320.276
14234, 61.79, 320.276
14235, 61.81, 320.309
14236, 61.81, 320.326
14237, 61.81, 320.342
14238, 61.82, 320.359
14239, 61.82, 320.359
14240, 61.82, 320.392
14241, 61.83, 320.409
14242, 61.84, 320.426
14243, 61.84, 320.442
14244, 61.85, 320.459
14245, 61.86, 320.476
14246, 61.86, 320.492
14247, 61.87, 320.509
14248, 61.87, 320.526
14249, 61.88, 320.542
14250, 61.89, 320.559
14251, 61.89, 320.576
14252, 61.9, 320.592
14253, 61.9, 320.609
14254, 61.91, 320.626
14255, 61.93, 320.642
14256, 61.93, 320.659
14257, 61.94, 320.676
14258, 61.94, 320.692
14259, 61.95, 320.709
14260, 61.95, 320.726
14261, 61.95, 320.726
14262, 61.95, 320.742
14263, 61.96, 320.759
14264, 61.96, 320.759
14265, 61.96, 320.792
14266, 61.97, 320.809
14267, 61.97, 320.826
14268, 61.98, 320.842
14269, 61.98, 320.859
14270, 61.99, 320.876
14271, 61.99, 320.892
14272, 62, 320.909
14273, 62.01, 320.926
14274, 62.02, 320.942
14275, 62.02, 320.959
14276, 62.03, 320.976
14277, 62.03, 320.992
14278, 62.03, 321.009
14279, 62.04, 321.026
14280, 62.04, 321.042
14281, 62.05, 321.059
14282, 62.06, 321.076
14283, 62.06, 321.092
14284, 62.07, 321.109
14285, 62.08, 321.126
14286, 62.08, 321.142
14287, 62.09, 321.159
14288, 62.09, 321.176
14289, 62.1, 321.192
14290, 62.1, 321.209
14291, 62.1, 321.226
14292, 62.11, 321.242
14293, 62.11, 321.259
14294, 62.11, 321.276
14295, 62.11, 321.276
14296, 62.12, 321.292
14297, 62.12, 321.309
14298, 62.12, 321.326
14299, 62.12, 321.342
14300, 62.13, 321.359
14301, 62.13, 321.376
14302, 62.14, 321.392
14303, 62.15, 321.409
14304, 62.15, 321.426
14305, 62.16, 321.442
14306, 62.17, 321.459
14307, 62.18, 321.476
14308, 62.19, 321.492
14309, 62.19, 321.509
14310, 62.2, 321.526
14311, 62.2, 321.542
14312, 62.21, 321.559
14313, 62.21, 321.576
14314, 62.22, 321.592
14315, 62.23, 321.609
14316, 62.23, 321.626
14317, 62.23, 321.642
14318, 62.24, 321.659
14319, 62.25, 321.676
14320, 62.25, 321.692
14321, 62.26, 321.709
14322, 62.26, 321.726
14323, 62.26, 321.742
14324, 62.27, 321.759
14325, 62.27, 321.776
14326, 62.27, 321.776
14327, 62.28, 321.792
14328, 62.28, 321.809
14329, 62.28, 321.826
14330, 62.28, 321.842
14331, 62.28, 321.859
14332, 62.28, 321.876
14333, 62.28, 321.892
14334, 62.29, 321.909
14335, 62.3, 321.926
14336, 62.3, 321.942
14337, 62.31, 321.959
14338, 62.32, 321.976
14339, 62.32, 321.992
14340, 62.33, 322.009
14341, 62.33, 322.026
14342, 62.34, 322.042
14343, 62.34, 322.059
14344, 62.34, 322.076
14345, 62.35, 322.092
14346, 62.35, 322.109
14347, 62.36, 322.126
14348, 62.36, 322.142
14349, 62.36, 322.142
14350, 62.37, 322.176
14351, 62.37, 322.192
14352, 62.37, 322.209
14353, 62.38, 322.226
14354, 62.38, 322.242
14355, 62.38, 322.242
14356, 62.38, 322.259
14357, 62.39, 322.276
14358, 62.39, 322.292
14359, 62.4, 322.309
14360, 62.4, 322.326
14361, 62.41, 322.342
14362, 62.41, 322.359
14363, 62.41, 322.376
14364, 62.41, 322.392
14365, 62.41, 322.409
14366, 62.41, 322.426
14367, 62.42, 322.442
14368, 62.42, 322.459
14369, 62.43, 322.476
14370, 62.43, 322.492
14371, 62.44, 322.509
14372, 62.44, 322.526
14373, 62.45, 322.542
14374, 62.45, 322.559
14375, 62.45, 322.559
14376, 62.45, 322.592
14377, 62.46, 322.609
14378, 62.46, 322.626
14379, 62.46, 322.642
14380, 62.47, 322.659
14381, 62.47, 322.676
14382, 62.47, 322.692
14383, 62.47, 322.692
14384, 62.47, 322.709
14385, 62.47, 322.726
14386, 62.48, 322.742
14387, 62.48, 322.759
14388, 62.48, 322.776
14389, 62.48, 322.792
14390, 62.49, 322.809
14391, 62.5, 322.826
14392, 62.5, 322.842
14393, 62.5, 322.859
14394, 62.51, 322.876
14395, 62.52, 322.892
14396, 62.53, 322.909
14397, 62.53, 322.926
14398, 62.53, 322.942
14399, 62.54, 322.959
14400, 62.54, 322.976
14401, 62.54, 322.992
14402, 62.54, 323.009
14403, 62.55, 323.026
14404, 62.55, 323.042
14405, 62.56, 323.059
14406, 62.56, 323.076
14407, 62.57, 323.092
14408, 62.57, 323.109
14409, 62.58, 323.126
14410, 62.58, 323.126
14411, 62.59, 323.142
14412, 62.6, 323.159
14413, 62.6, 323.159
14414, 62.61, 323.192
14415, 62.61, 323.209
14416, 62.61, 323.226
14417, 62.62, 323.242
14418, 62.62, 323.259
14419, 62.63, 323.276
14420, 62.63, 323.292
14421, 62.64, 323.309
14422, 62.64, 323.326
14423, 62.65, 323.342
14424, 62.65, 323.359
14425, 62.66, 323.376
14426, 62.67, 323.392
14427, 62.67, 323.409
14428, 62.68, 323.426
14429, 62.68, 323.442
14430, 62.68, 323.459
14431, 62.68, 323.476
14432, 62.69, 323.492
14433, 62.69, 323.509
14434, 62.69, 323.526
14435, 62.7, 323.542
14436, 62.7, 323.542
14437, 62.7, 323.559
14438, 62.7, 323.576
14439, 62.7, 323.592
14440, 62.71, 323.609
14441, 62.71, 323.626
14442, 62.72, 323.642
14443, 62.72, 323.659
14444, 62.72, 323.676
14445, 62.72, 323.692
14446, 62.73, 323.709
14447, 62.73, 323.726
14448, 62.74, 323.742
14449, 62.74, 323.759
14450, 62.75, 323.776
14451, 62.75, 323.792
14452, 62.75, 323.809
14453, 62.75, 323.826
14454, 62.75, 323.842
14455, 62.75, 323.859
14456, 62.75, 323.876
14457, 62.76, 323.892
14458, 62.76, 323.909
14459, 62.76, 323.926
14460, 62.76, 323.942
14461, 62.76, 323.942
14462, 62.76, 323.959
14463, 62.77, 323.976
14464, 62.78, 323.992
14465, 62.78, 324.009
14466, 62.79, 324.026
14467, 62.79, 324.042
14468, 62.79, 324.059
14469, 62.79, 324.076
14470, 62.8, 324.092
14471, 62.8, 324.109
14472, 62.8, 324.126
14473, 62.81, 324.142
14474, 62.81, 324.159
14475, 62.81, 324.176
14476, 62.82, 324.192
14477, 62.82, 324.209
14478, 62.82, 324.226
14479, 62.83, 324.242
14480, 62.83, 324.259
14481, 62.83, 324.276
14482, 62.83, 324.292
14483, 62.84, 324.309
14484, 62.84, 324.326
14485, 62.84, 324.342
14486, 62.84, 324.342
14487, 62.85, 324.359
14488, 62.85, 324.376
14489, 62.86, 324.392
14490, 62.86, 324.409
14491, 62.87, 324.426
14492, 62.87, 324.442
14493, 62.87, 324.459
14494, 62.87, 324.476
14495, 62.87, 324.492
14496, 62.87, 324.509
14497, 62.87, 324.526
14498, 62.87, 324.542
14499, 62.87, 324.559
14500, 62.87, 324.576
14501, 62.87, 324.592
14502, 62.87, 324.609
14503, 62.88, 324.626
14504, 62.88, 324.642
14505, 62.88, 324.659
14506, 62.88, 324.676
14507, 62.89, 324.692
14508, 62.89, 324.709
14509, 62.89, 324.726
14510, 62.88, 324.742
14511, 62.88, 324.742
14512, 62.88, 324.759
14513, 62.88, 324.776
14514, 62.88, 324.792
14515, 62.88, 324.809
14516, 62.88, 324.826
14517, 62.88, 324.842
14518, 62.88, 324.859
14519, 62.87, 324.876
14520, 62.87, 324.892
14521, 62.87, 324.909
14522, 62.87, 324.926
14523, 62.88, 324.942
14524, 62.88, 324.959
14525, 62.88, 324.976
14526, 62.88, 324.992
14527, 62.88, 325.009
14528, 62.88, 325.026
14529, 62.87, 325.042
14530, 62.87, 325.059
14531, 62.87, 325.076
14532, 62.87, 325.092
14533, 62.86, 325.109
14534, 62.86, 325.126
14535, 62.85, 325.142
14536, 62.85, 325.142
14537, 62.85, 325.159
14538, 62.85, 325.176
14539, 62.85, 325.192
14540, 62.84, 325.209
14541, 62.84, 325.226
14542, 62.84, 325.242
14543, 62.84, 325.259
14544, 62.84, 325.276
14545, 62.84, 325.292
14546, 62.83, 325.309
14547, 62.83, 325.326
14548, 62.83, 325.342
14549, 62.83, 325.359
14550, 62.81, 325.376
14551, 62.81, 325.392
14552, 62.8, 325.409
14553, 62.8, 325.426
14554, 62.8, 325.442
14555, 62.8, 325.459
14556, 62.8, 325.476
14557, 62.8, 325.492
14558, 62.8, 325.509
14559, 62.79, 325.526
14560, 62.79, 325.542
14561, 62.79, 325.559
14562, 62.79, 325.576
14563, 62.79, 325.576
14564, 62.79, 325.592
14565, 62.79, 325.609
14566, 62.79, 325.626
14567, 62.79, 325.642
14568, 62.79, 325.659
14569, 62.78, 325.676
14570, 62.77, 325.692
14571, 62.78, 325.709
14572, 62.78, 325.726
14573, 62.78, 325.742
14574, 62.78, 325.759
14575, 62.78, 325.776
14576, 62.78, 325.792
14577, 62.79, 325.809
14578, 62.8, 325.826
14579, 62.8, 325.842
14580, 62.81, 325.859
14581, 62.81, 325.876
14582, 62.81, 325.892
14583, 62.81, 325.909
14584, 62.81, 325.926
14585, 62.81, 325.942
14586, 62.81, 325.959
14587, 62.81, 325.976
14588, 62.81, 325.992
14589, 62.81, 325.992
14590, 62.81, 326.009
14591, 62.82, 326.026
14592, 62.82, 326.042
14593, 62.82, 326.059
14594, 62.82, 326.076
14595, 62.83, 326.092
14596, 62.83, 326.109
14597, 62.83, 326.126
14598, 62.82, 326.142
14599, 62.82, 326.159
14600, 62.82, 326.176
14601, 62.82, 326.192
14602, 62.83, 326.209
14603, 62.83, 326.226
14604, 62.84, 326.242
14605, 62.84, 326.259
14606, 62.85, 326.276
14607, 62.85, 326.292
14608, 62.85, 326.309
14609, 62.85, 326.326
14610, 62.85, 326.342
14611, 62.85, 326.359
14612, 62.86, 326.376
14613, 62.86, 326.392
14614, 62.86, 326.392
14615, 62.86, 326.409
14616, 62.86, 326.426
14617, 62.86, 326.442
14618, 62.87, 326.459
14619, 62.87, 326.476
14620, 62.87, 326.492
14621, 62.87, 326.509
14622, 62.88, 326.526
14623, 62.88, 326.542
14624, 62.88, 326.559
14625, 62.88, 326.576
14626, 62.88, 326.592
14627, 62.88, 326.609
14628, 62.88, 326.626
14629, 62.88, 326.642
14630, 62.88, 326.659
14631, 62.89, 326.676
14632, 62.89, 326.692
14633, 62.89, 326.709
14634, 62.89, 326.726
14635, 62.9, 326.742
14636, 62.9, 326.759
14637, 62.9, 326.776
14638, 62.9, 326.776
14639, 62.9, 326.792
14640, 62.89, 326.809
14641, 62.89, 326.826
14642, 62.9, 326.842
14643, 62.9, 326.859
14644, 62.91, 326.876
14645, 62.92, 326.892
14646, 62.92, 326.909
14647, 62.93, 326.926
14648, 62.93, 326.942
14649, 62.93, 326.959
14650, 62.93, 326.976
14651, 62.93, 326.992
14652, 62.93, 327.009
14653, 62.93, 327.026
14654, 62.93, 327.042
14655, 62.93, 327.059
14656, 62.93, 327.076
14657, 62.93, 327.092
14658, 62.93, 327.109
14659, 62.93, 327.126
14660, 62.92, 327.142
14661, 62.92, 327.159
14662, 62.92, 327.159
14663, 62.92, 327.176
14664, 62.92, 327.192
14665, 62.92, 327.209
14666, 62.92, 327.226
14667, 62.92, 327.242
14668, 62.91, 327.259
14669, 62.91, 327.276
14670, 62.91, 327.292
14671, 62.91, 327.309
14672, 62.9, 327.326
14673, 62.9, 327.342
14674, 62.9, 327.359
14675, 62.9, 327.376
14676, 62.9, 327.392
14677, 62.89, 327.409
14678, 62.89, 327.426
14679, 62.89, 327.442
14680, 62.89, 327.459
14681, 62.89, 327.476
14682, 62.9, 327.492
14683, 62.9, 327.509
14684, 62.89, 327.526
14685, 62.89, 327.542
14686, 62.89, 327.542
14687, 62.89, 327.559
14688, 62.88, 327.576
14689, 62.88, 327.592
14690, 62.87, 327.609
14691, 62.87, 327.626
14692, 62.87, 327.642
14693, 62.87, 327.659
14694, 62.87, 327.676
14695, 62.87, 327.692
14696, 62.87, 327.709
14697, 62.86, 327.726
14698, 62.86, 327.742
14699, 62.86, 327.759
14700, 62.86, 327.776
14701, 62.86, 327.792
14702, 62.86, 327.809
14703, 62.86, 327.826
14704, 62.85, 327.842
14705, 62.85, 327.859
14706, 62.84, 327.876
14707, 62.84, 327.892
14708, 62.84, 327.909
14709, 62.84, 327.909
14710, 62.84, 327.926
14711, 62.84, 327.942
14712, 62.83, 327.959
14713, 62.83, 327.976
14714, 62.83, 327.992
14715, 62.83, 328.009
14716, 62.83, 328.026
14717, 62.82, 328.042
14718, 62.82, 328.059
14719, 62.81, 328.076
14720, 62.81, 328.092
14721, 62.8, 328.109
14722, 62.79, 328.126
14723, 62.79, 328.142
14724, 62.79, 328.159
14725, 62.78, 328.176
14726, 62.78, 328.192
14727, 62.78, 328.209
14728, 62.79, 328.226
14729, 62.79, 328.242
14730, 62.79, 328.259
14731, 62.79, 328.276
14732, 62.79, 328.276
14733, 62.79, 328.292
14734, 62.79, 328.309
14735, 62.78, 328.326
14736, 62.77, 328.342
14737, 62.78, 328.359
14738, 62.78, 328.376
14739, 62.78, 328.392
14740, 62.77, 328.409
14741, 62.77, 328.426
14742, 62.77, 328.442
14743, 62.76, 328.459
14744, 62.76, 328.476
14745, 62.75, 328.492
14746, 62.74, 328.509
14747, 62.74, 328.526
14748, 62.73, 328.542
14749, 62.73, 328.559
14750, 62.73, 328.576
14751, 62.73, 328.592
14752, 62.73, 328.609
14753, 62.73, 328.626
14754, 62.73, 328.642
14755, 62.73, 328.642
14756, 62.73, 328.659
14757, 62.73, 328.676
14758, 62.73, 328.692
14759, 62.73, 328.709
14760, 62.73, 328.726
14761, 62.73, 328.742
14762, 62.73, 328.759
14763, 62.72, 328.776
14764, 62.72, 328.792
14765, 62.71, 328.809
14766, 62.71, 328.826
14767, 62.7, 328.842
14768, 62.69, 328.859
14769, 62.68, 328.876
14770, 62.67, 328.892
14771, 62.68, 328.909
14772, 62.69, 328.926
14773, 62.7, 328.942
14774, 62.71, 328.959
14775, 62.73, 328.976
14776, 62.73, 328.992
14777, 62.74, 329.009
14778, 62.74, 329.026
14779, 62.74, 329.042
14780, 62.74, 329.042
14781, 62.75, 329.059
14782, 62.75, 329.076
14783, 62.76, 329.092
14784, 62.76, 329.109
14785, 62.76, 329.126
14786, 62.77, 329.142
14787, 62.77, 329.159
14788, 62.78, 329.176
14789, 62.78, 329.192
14790, 62.79, 329.209
14791, 62.79, 329.226
14792, 62.79, 329.242
14793, 62.79, 329.259
14794, 62.8, 329.276
14795, 62.8, 329.292
14796, 62.8, 329.309
14797, 62.8, 329.326
14798, 62.81, 329.342
14799, 62.81, 329.359
14800, 62.82, 329.376
14801, 62.82, 329.392
14802, 62.83, 329.409
14803, 62.83, 329.426
14804, 62.84, 329.442
14805, 62.84, 329.442
14806, 62.84, 329.459
14807, 62.84, 329.476
14808, 62.84, 329.492
14809, 62.85, 329.509
14810, 62.85, 329.526
14811, 62.85, 329.542
14812, 62.85, 329.559
14813, 62.85, 329.576
14814, 62.85, 329.592
14815, 62.85, 329.609
14816, 62.86, 329.626
14817, 62.86, 329.642
14818, 62.86, 329.659
14819, 62.86, 329.676
14820, 62.87, 329.692
14821, 62.87, 329.709
14822, 62.87, 329.726
14823, 62.87, 329.742
14824, 62.88, 329.759
14825, 62.88, 329.776
14826, 62.89, 329.792
14827, 62.89, 329.809
14828, 62.89, 329.826
14829, 62.89, 329.826
14830, 62.89, 329.842
14831, 62.9, 329.859
14832, 62.91, 329.876
14833, 62.91, 329.892
14834, 62.91, 329.909
14835, 62.91, 329.926
14836, 62.91, 329.942
14837, 62.91, 329.959
14838, 62.91, 329.976
14839, 62.91, 329.992
14840, 62.92, 330.009
14841, 62.92, 330.026
14842, 62.92, 330.042
14843, 62.92, 330.059
14844, 62.92, 330.076
14845, 62.92, 330.092
14846, 62.93, 330.109
14847, 62.93, 330.126
14848, 62.93, 330.142
14849, 62.93, 330.159
14850, 62.94, 330.176
14851, 62.94, 330.192
14852, 62.95, 330.209
14853, 62.95, 330.209
14854, 62.95, 330.226
14855, 62.95, 330.242
14856, 62.96, 330.259
14857, 62.96, 330.276
14858, 62.96, 330.292
14859, 62.97, 330.309
14860, 62.97, 330.326
14861, 62.97, 330.342
14862, 62.98, 330.359
14863, 62.98, 330.376
14864, 62.98, 330.392
14865, 62.98, 330.409
14866, 62.97, 330.426
14867, 62.96, 330.442
14868, 62.94, 330.459
14869, 62.93, 330.476
14870, 62.92, 330.492
14871, 62.9, 330.509
14872, 62.89, 330.526
14873, 62.87, 330.542
14874, 62.85, 330.559
14875, 62.82, 330.576
14876, 62.79, 330.592
14877, 62.76, 330.609
14878, 62.76, 330.609
14879, 62.72, 330.626
14880, 62.68, 330.642
14881, 62.62, 330.659
14882, 62.55, 330.676
14883, 62.48, 330.692
14884, 62.4, 330.709
14885, 62.31, 330.726
14886, 62.22, 330.742
14887, 62.13, 330.759
14888, 62.03, 330.776
14889, 61.92, 330.792
14890, 61.82, 330.809
14891, 61.73, 330.826
14892, 61.63, 330.842
14893, 61.53, 330.859
14894, 61.44, 330.876
14895, 61.34, 330.892
14896, 61.25, 330.909
14897, 61.15, 330.926
14898, 61.06, 330.942
14899, 60.96, 330.959
14900, 60.86, 330.976
14901, 60.76, 330.992
14902, 60.65, 331.009
14903, 60.54, 331.026
14904, 60.43, 331.042
14905, 60.31, 331.059
14906, 60.2, 331.076
14907, 60.08, 331.092
14908, 59.96, 331.109
14909, 59.85, 331.126
14910, 59.74, 331.142
14911, 59.63, 331.159
14912, 59.52, 331.176
14913, 59.4, 331.192
14914, 59.29, 331.209
14915, 59.18, 331.226
14916, 59.07, 331.242
14917, 58.97, 331.259
14918, 58.87, 331.276
14919, 58.78, 331.292
14920, 58.67, 331.309
14921, 58.58, 331.326
14922, 58.5, 331.342
14923, 58.42, 331.359
14924, 58.35, 331.376
14925, 58.28, 331.392
14926, 58.22, 331.409
14927, 58.16, 331.426
14928, 58.11, 331.442
14929, 58.06, 331.459
14930, 58.02, 331.476
14931, 57.93, 331.509
14932, 57.88, 331.526
14933, 57.84, 331.542
14934, 57.79, 331.559
14935, 57.74, 331.576
14936, 57.7, 331.592
14937, 57.65, 331.609
14938, 57.6, 331.626
14939, 57.56, 331.642
14940, 57.51, 331.659
14941, 57.46, 331.676
14942, 57.42, 331.692
14943, 57.37, 331.709
14944, 57.33, 331.726
14945, 57.28, 331.742
14946, 57.23, 331.759
14947, 57.19, 331.776
14948, 57.15, 331.792
14949, 57.1, 331.809
14950, 57.02, 331.842
14951, 56.99, 331.859
14952, 56.95, 331.876
14953, 56.91, 331.892
14954, 56.87, 331.909
14955, 56.84, 331.926
14956, 56.83, 331.942
14957, 56.8, 331.959
14958, 56.77, 331.976
14959, 56.73, 331.992
14960, 56.7, 332.009
14961, 56.66, 332.026
14962, 56.63, 332.042
14963, 56.6, 332.059
14964, 56.56, 332.076
14965, 56.52, 332.092
14966, 56.42, 332.126
14967, 56.36, 332.142
14968, 56.32, 332.159
14969, 56.28, 332.176
14970, 56.24, 332.192
14971, 56.19, 332.209
14972, 56.15, 332.226
14973, 56.1, 332.242
14974, 56.05, 332.259
14975, 56.01, 332.276
14976, 55.96, 332.292
14977, 55.94, 332.309
14978, 55.88, 332.342
14979, 55.85, 332.359
14980, 55.83, 332.376
14981, 55.8, 332.392
14982, 55.78, 332.409
14983, 55.75, 332.426
14984, 55.71, 332.442
14985, 55.69, 332.459
14986, 55.66, 332.476
14987, 55.63, 332.492
14988, 55.61, 332.509
14989, 55.59, 332.526
14990, 55.54, 332.559
14991, 55.52, 332.576
14992, 55.5, 332.592
14993, 55.48, 332.609
14994, 55.46, 332.626
14995, 55.44, 332.642
14996, 55.42, 332.659
14997, 55.4, 332.676
14998, 55.39, 332.692
14999, 55.37, 332.709
15000, 55.36, 332.726
15001, 55.33, 332.759
15002, 55.32, 332.776
15003, 55.3, 332.792
15004, 55.28, 332.809
15005, 55.26, 332.826
15006, 55.25, 332.842
15007, 55.23, 332.859
15008, 55.21, 332.876
15009, 55.19, 332.892
15010, 55.18, 332.909
15011, 55.16, 332.926
15012, 55.14, 332.959
15013, 55.12, 332.976
15014, 55.11, 332.992
15015, 55.1, 333.009
15016, 55.1, 333.026
15017, 55.09, 333.042
15018, 55.08, 333.059
15019, 55.06, 333.076
15020, 55.05, 333.092
15021, 55.05, 333.109
15022, 55.04, 333.126
15023, 55, 333.159
15024, 54.97, 333.176
15025, 54.94, 333.192
15026, 54.91, 333.209
15027, 54.88, 333.226
15028, 54.85, 333.242
15029, 54.83, 333.259
15030, 54.81, 333.276
15031, 54.8, 333.292
15032, 54.78, 333.309
15033, 54.77, 333.326
15034, 54.75, 333.359
15035, 54.75, 333.376
15036, 54.75, 333.392
15037, 54.74, 333.409
15038, 54.72, 333.426
15039, 54.71, 333.442
15040, 54.7, 333.459
15041, 54.7, 333.476
15042, 54.69, 333.492
15043, 54.69, 333.509
15044, 54.69, 333.542
15045, 54.69, 333.559
15046, 54.69, 333.576
15047, 54.69, 333.592
15048, 54.69, 333.609
15049, 54.69, 333.626
15050, 54.69, 333.642
15051, 54.69, 333.659
15052, 54.68, 333.676
15053, 54.68, 333.692
15054, 54.69, 333.726
15055, 54.7, 333.742
15056, 54.7, 333.759
15057, 54.7, 333.776
15058, 54.69, 333.792
15059, 54.68, 333.809
15060, 54.68, 333.826
15061, 54.69, 333.842
15062, 54.7, 333.859
15063, 54.71, 333.876
15064, 54.69, 333.909
15065, 54.69, 333.926
15066, 54.69, 333.942
15067, 54.69, 333.959
15068, 54.69, 333.976
15069, 54.69, 333.992
15070, 54.7, 334.009
15071, 54.7, 334.026
15072, 54.7, 334.042
15073, 54.7, 334.059
15074, 54.7, 334.092
15075, 54.71, 334.109
15076, 54.71, 334.126
15077, 54.71, 334.142
15078, 54.72, 334.159
15079, 54.72, 334.176
15080, 54.72, 334.192
15081, 54.73, 334.209
15082, 54.74, 334.226
15083, 54.74, 334.259
15084, 54.74, 334.276
15085, 54.74, 334.292
15086, 54.74, 334.309
15087, 54.75, 334.326
15088, 54.76, 334.342
15089, 54.77, 334.359
15090, 54.77, 334.376
15091, 54.77, 334.392
15092, 54.78, 334.409
15093, 54.78, 334.442
15094, 54.78, 334.459
15095, 54.79, 334.476
15096, 54.79, 334.492
15097, 54.79, 334.509
15098, 54.79, 334.526
15099, 54.8, 334.542
15100, 54.81, 334.559
15101, 54.81, 334.576
15102, 54.82, 334.609
15103, 54.83, 334.626
15104, 54.84, 334.642
15105, 54.84, 334.659
15106, 54.84, 334.676
15107, 54.84, 334.692
15108, 54.84, 334.709
15109, 54.84, 334.726
15110, 54.85, 334.742
15111, 54.84, 334.759
15112, 54.85, 334.792
15113, 54.85, 334.809
15114, 54.85, 334.826
15115, 54.85, 334.842
15116, 54.86, 334.859
15117, 54.86, 334.876
15118, 54.86, 334.892
15119, 54.86, 334.909
15120, 54.86, 334.926
15121, 54.86, 334.959
15122, 54.85, 334.976
15123, 54.85, 334.992
15124, 54.86, 335.009
15125, 54.86, 335.026
15126, 54.84, 335.042
15127, 54.83, 335.059
15128, 54.82, 335.076
15129, 54.83, 335.092
15130, 54.85, 335.126
15131, 54.84, 335.142
15132, 54.82, 335.159
15133, 54.8, 335.176
15134, 54.81, 335.192
15135, 54.82, 335.209
15136, 54.83, 335.226
15137, 54.83, 335.242
15138, 54.83, 335.259
15139, 54.84, 335.276
15140, 54.87, 335.309
15141, 54.88, 335.326
15142, 54.89, 335.342
15143, 54.89, 335.359
15144, 54.89, 335.376
15145, 54.89, 335.392
15146, 54.88, 335.409
15147, 54.88, 335.426
15148, 54.88, 335.442
15149, 54.89, 335.476
15150, 54.9, 335.492
15151, 54.91, 335.509
15152, 54.93, 335.526
15153, 54.94, 335.542
15154, 54.96, 335.559
15155, 54.98, 335.576
15156, 54.99, 335.592
15157, 54.99, 335.609
15158, 54.99, 335.626
15159, 55, 335.659
15160, 55.02, 335.676
15161, 55.04, 335.692
15162, 55.06, 335.709
15163, 55.08, 335.726
15164, 55.1, 335.742
15165, 55.1, 335.759
15166, 55.11, 335.776
15167, 55.11, 335.792
15168, 55.12, 335.809
15169, 55.15, 335.842
15170, 55.17, 335.859
15171, 55.18, 335.876
15172, 55.19, 335.892
15173, 55.2, 335.909
15174, 55.21, 335.926
15175, 55.22, 335.942
15176, 55.23, 335.959
15177, 55.23, 335.976
15178, 55.23, 335.992
15179, 55.24, 336.009
15180, 55.26, 336.042
15181, 55.28, 336.059
15182, 55.29, 336.076
15183, 55.3, 336.092
15184, 55.3, 336.109
15185, 55.31, 336.126
15186, 55.33, 336.142
15187, 55.34, 336.159
15188, 55.35, 336.176
15189, 55.35, 336.192
15190, 55.35, 336.209
15191, 55.36, 336.242
15192, 55.38, 336.259
15193, 55.39, 336.276
15194, 55.41, 336.292
15195, 55.42, 336.309
15196, 55.43, 336.326
15197, 55.44, 336.342
15198, 55.45, 336.359
15199, 55.46, 336.376
15200, 55.48, 336.392
15201, 55.49, 336.409
15202, 55.51, 336.442
15203, 55.52, 336.459
15204, 55.54, 336.476
15205, 55.55, 336.492
15206, 55.56, 336.509
15207, 55.58, 336.526
15208, 55.59, 336.542
15209, 55.61, 336.559
15210, 55.62, 336.576
15211, 55.63, 336.592
15212, 55.64, 336.609
15213, 55.67, 336.642
15214, 55.69, 336.659
15215, 55.7, 336.676
15216, 55.72, 336.692
15217, 55.74, 336.709
15218, 55.75, 336.726
15219, 55.77, 336.742
15220, 55.78, 336.759
15221, 55.8, 336.776
15222, 55.81, 336.792
15223, 55.82, 336.809
15224, 55.84, 336.826
15225, 55.86, 336.859
15226, 55.88, 336.876
15227, 55.89, 336.892
15228, 55.9, 336.909
15229, 55.92, 336.926
15230, 55.93, 336.942
15231, 55.95, 336.959
15232, 55.96, 336.976
15233, 55.97, 336.992
15234, 55.99, 337.009
15235, 56, 337.026
15236, 56.01, 337.042
15237, 56.02, 337.059
15238, 56.05, 337.092
15239, 56.06, 337.109
15240, 56.08, 337.126
15241, 56.1, 337.142
15242, 56.11, 337.159
15243, 56.12, 337.176
15244, 56.13, 337.192
15245, 56.14, 337.209
15246, 56.15, 337.226
15247, 56.16, 337.242
15248, 56.17, 337.259
15249, 56.18, 337.276
15250, 56.19, 337.292
15251, 56.2, 337.309
15252, 56.22, 337.342
15253, 56.24, 337.359
15254, 56.25, 337.376
15255, 56.27, 337.392
15256, 56.29, 337.409
15257, 56.31, 337.426
15258, 56.33, 337.442
15259, 56.35, 337.459
15260, 56.37, 337.476
15261, 56.38, 337.492
15262, 56.4, 337.509
15263, 56.42, 337.526
15264, 56.43, 337.542
15265, 56.44, 337.559
15266, 56.47, 337.592
15267, 56.49, 337.609
15268, 56.51, 337.626
15269, 56.53, 337.642
15270, 56.54, 337.659
15271, 56.55, 337.676
15272, 56.56, 337.692
15273, 56.58, 337.709
15274, 56.59, 337.726
15275, 56.6, 337.742
15276, 56.61, 337.759
15277, 56.62, 337.776
15278, 56.64, 337.792
15279, 56.65, 337.809
15280, 56.66, 337.826
15281, 56.67, 337.842
15282, 56.69, 337.876
15283, 56.7, 337.892
15284, 56.72, 337.909
15285, 56.73, 337.926
15286, 56.75, 337.942
15287, 56.76, 337.959
15288, 56.77, 337.976
15289, 56.79, 337.992
15290, 56.8, 338.009
15291, 56.81, 338.026
15292, 56.82, 338.042
15293, 56.83, 338.059
15294, 56.84, 338.076
15295, 56.85, 338.092
15296, 56.86, 338.109
15297, 56.87, 338.126
15298, 56.88, 338.142
15299, 56.9, 338.176
15300, 56.91, 338.192
15301, 56.92, 338.209
15302, 56.93, 338.226
15303, 56.93, 338.242
15304, 56.94, 338.259
15305, 56.95, 338.276
15306, 56.96, 338.292
15307, 56.97, 338.309
15308, 56.97, 338.326
15309, 56.99, 338.342
15310, 57, 338.359
15311, 57.01, 338.376
15312, 57.02, 338.392
15313, 57.03, 338.409
15314, 57.04, 338.426
15315, 57.05, 338.442
15316, 57.07, 338.476
15317, 57.08, 338.492
15318, 57.09, 338.509
15319, 57.1, 338.526
15320, 57.1, 338.542
15321, 57.11, 338.559
15322, 57.12, 338.576
15323, 57.13, 338.592
15324, 57.13, 338.609
15325, 57.14, 338.626
15326, 57.14, 338.642
15327, 57.15, 338.659
15328, 57.16, 338.676
15329, 57.17, 338.692
15330, 57.18, 338.709
15331, 57.2, 338.726
15332, 57.21, 338.742
15333, 57.22, 338.759
15334, 57.23, 338.792
15335, 57.24, 338.809
15336, 57.25, 338.826
15337, 57.25, 338.842
15338, 57.27, 338.859
15339, 57.28, 338.876
15340, 57.29, 338.892
15341, 57.3, 338.909
15342, 57.3, 338.926
15343, 57.31, 338.942
15344, 57.32, 338.959
15345, 57.33, 338.976
15346, 57.34, 338.992
15347, 57.34, 339.009
15348, 57.35, 339.026
15349, 57.36, 339.042
15350, 57.37, 339.059
15351, 57.37, 339.076
15352, 57.37, 339.092
15353, 57.39, 339.126
15354, 57.4, 339.142
15355, 57.41, 339.159
15356, 57.41, 339.176
15357, 57.42, 339.192
15358, 57.41, 339.209
15359, 57.4, 339.226
15360, 57.42, 339.242
15361, 57.41, 339.259
15362, 57.39, 339.276
15363, 57.39, 339.292
15364, 57.4, 339.309
15365, 57.39, 339.326
15366, 57.39, 339.342
15367, 57.38, 339.359
15368, 57.4, 339.376
15369, 57.44, 339.392
15370, 57.5, 339.409
15371, 57.53, 339.426
15372, 57.55, 339.442
15373, 57.57, 339.459
15374, 57.58, 339.476
15375, 57.61, 339.509
15376, 57.63, 339.526
15377, 57.64, 339.542
15378, 57.65, 339.559
15379, 57.66, 339.576
15380, 57.67, 339.592
15381, 57.68, 339.609
15382, 57.7, 339.626
15383, 57.72, 339.642
15384, 57.74, 339.659
15385, 57.76, 339.676
15386, 57.77, 339.692
15387, 57.79, 339.709
15388, 57.8, 339.726
15389, 57.81, 339.742
15390, 57.82, 339.759
15391, 57.84, 339.776
15392, 57.85, 339.792
15393, 57.86, 339.809
15394, 57.87, 339.826
15395, 57.89, 339.842
15396, 57.91, 339.859
15397, 57.92, 339.876
15398, 57.94, 339.892
15399, 57.96, 339.909
15400, 57.99, 339.942
15401, 58, 339.959
15402, 58.01, 339.976
15403, 58.02, 339.992
15404, 58.03, 340.009
15405, 58.04, 340.026
15406, 58.06, 340.042
15407, 58.07, 340.059
15408, 58.08, 340.076
15409, 58.08, 340.092
15410, 58.08, 340.109
15411, 58.08, 340.126
15412, 58.07, 340.142
15413, 58.05, 340.159
15414, 58.03, 340.176
15415, 58, 340.192
15416, 57.97, 340.209
15417, 57.94, 340.226
15418, 57.91, 340.242
15419, 57.87, 340.259
15420, 57.83, 340.276
15421, 57.79, 340.292
15422, 57.73, 340.309
15423, 57.68, 340.326
15424, 57.64, 340.342
15425, 57.6, 340.359
15426, 57.5, 340.392
15427, 57.46, 340.409
15428, 57.42, 340.426
15429, 57.38, 340.442
15430, 57.35, 340.459
15431, 57.31, 340.476
15432, 57.27, 340.492
15433, 57.24, 340.509
15434, 57.2, 340.526
15435, 57.16, 340.542
15436, 57.13, 340.559
15437, 57.09, 340.576
15438, 57.05, 340.592
15439, 57.01, 340.609
15440, 56.97, 340.626
15441, 56.92, 340.642
15442, 56.88, 340.659
15443, 56.83, 340.676
15444, 56.78, 340.692
15445, 56.69, 340.726
15446, 56.64, 340.742
15447, 56.59, 340.759
15448, 56.54, 340.776
15449, 56.49, 340.792
15450, 56.44, 340.809
15451, 56.39, 340.826
15452, 56.34, 340.842
15453, 56.29, 340.859
15454, 56.25, 340.876
15455, 56.2, 340.892
15456, 56.15, 340.909
15457, 56.11, 340.926
15458, 56.06, 340.942
15459, 55.96, 340.976
15460, 55.91, 340.992
15461, 55.86, 341.009
15462, 55.81, 341.026
15463, 55.76, 341.042
15464, 55.71, 341.059
15465, 55.66, 341.076
15466, 55.61, 341.092
15467, 55.56, 341.109
15468, 55.5, 341.126
15469, 55.44, 341.142
15470, 55.39, 341.159
15471, 55.27, 341.192
15472, 55.22, 341.209
15473, 55.17, 341.226
15474, 55.12, 341.242
15475, 55.07, 341.259
15476, 55.02, 341.276
15477, 54.98, 341.292
15478, 54.95, 341.309
15479, 54.92, 341.326
15480, 54.89, 341.342
15481, 54.84, 341.376
15482, 54.82, 341.392
15483, 54.81, 341.409
15484, 54.79, 341.426
15485, 54.77, 341.442
15486, 54.76, 341.459
15487, 54.75, 341.476
15488, 54.75, 341.492
15489, 54.75, 341.509
15490, 54.74, 341.526
15491, 54.73, 341.559
15492, 54.73, 341.576
15493, 54.73, 341.592
15494, 54.73, 341.609
15495, 54.73, 341.626
15496, 54.73, 341.642
15497, 54.74, 341.659
15498, 54.75, 341.676
15499, 54.75, 341.692
15500, 54.76, 341.709
15501, 54.78, 341.742
15502, 54.79, 341.759
15503, 54.8, 341.776
15504, 54.81, 341.792
15505, 54.82, 341.809
15506, 54.83, 341.826
15507, 54.83, 341.842
15508, 54.84, 341.859
15509, 54.85, 341.876
15510, 54.87, 341.909
15511, 54.88, 341.926
15512, 54.9, 341.942
15513, 54.9, 341.959
15514, 54.91, 341.976
15515, 54.93, 341.992
15516, 54.93, 342.009
15517, 54.94, 342.026
15518, 54.95, 342.042
15519, 54.97, 342.059
15520, 55, 342.092
15521, 55.01, 342.109
15522, 55.02, 342.126
15523, 55.03, 342.142
15524, 55.05, 342.159
15525, 55.07, 342.176
15526, 55.09, 342.192
15527, 55.11, 342.209
15528, 55.12, 342.226
15529, 55.14, 342.242
15530, 55.16, 342.259
15531, 55.19, 342.292
15532, 55.21, 342.309
15533, 55.22, 342.326
15534, 55.23, 342.342
15535, 55.25, 342.359
15536, 55.27, 342.376
15537, 55.28, 342.392
15538, 55.29, 342.409
15539, 55.29, 342.426
15540, 55.3, 342.442
15541, 55.32, 342.459
15542, 55.36, 342.492
15543, 55.38, 342.509
15544, 55.41, 342.526
15545, 55.43, 342.542
15546, 55.44, 342.559
15547, 55.44, 342.576
15548, 55.45, 342.592
15549, 55.46, 342.609
15550, 55.47, 342.626
15551, 55.49, 342.642
15552, 55.5, 342.659
15553, 55.52, 342.676
15554, 55.55, 342.709
15555, 55.56, 342.726
15556, 55.57, 342.742
15557, 55.58, 342.759
15558, 55.6, 342.776
15559, 55.61, 342.792
15560, 55.62, 342.809
15561, 55.63, 342.826
15562, 55.64, 342.842
15563, 55.66, 342.859
15564, 55.67, 342.876
15565, 55.68, 342.892
15566, 55.71, 342.926
15567, 55.73, 342.942
15568, 55.74, 342.959
15569, 55.76, 342.976
15570, 55.77, 342.992
15571, 55.79, 343.009
15572, 55.8, 343.026
15573, 55.81, 343.042
15574, 55.82, 343.059
15575, 55.83, 343.076
15576, 55.84, 343.092
15577, 55.85, 343.109
15578, 55.88, 343.142
15579, 55.89, 343.159
15580, 55.91, 343.176
15581, 55.92, 343.192
15582, 55.93, 343.209
15583, 55.94, 343.226
15584, 55.95, 343.242
15585, 55.97, 343.259
15586, 55.98, 343.276
15587, 55.99, 343.292
15588, 56, 343.309
15589, 56.01, 343.326
15590, 56.03, 343.342
15591, 56.04, 343.359
15592, 56.06, 343.392
15593, 56.08, 343.409
15594, 56.09, 343.426
15595, 56.1, 343.442
15596, 56.11, 343.459
15597, 56.12, 343.476
15598, 56.13, 343.492
15599, 56.13, 343.509
15600, 56.14, 343.526
15601, 56.16, 343.542
15602, 56.17, 343.559
15603, 56.18, 343.576
15604, 56.19, 343.592
15605, 56.21, 343.626
15606, 56.23, 343.642
15607, 56.25, 343.659
15608, 56.26, 343.676
15609, 56.27, 343.692
15610, 56.28, 343.709
15611, 56.29, 343.726
15612, 56.29, 343.742
15613, 56.3, 343.759
15614, 56.3, 343.776
15615, 56.3, 343.792
15616, 56.3, 343.809
15617, 56.29, 343.826
15618, 56.29, 343.842
15619, 56.27, 343.876
15620, 56.26, 343.892
15621, 56.25, 343.909
15622, 56.23, 343.926
15623, 56.21, 343.942
15624, 56.18, 343.959
15625, 56.15, 343.976
15626, 56.12, 343.992
15627, 56.07, 344.009
15628, 56.01, 344.026
15629, 55.93, 344.042
15630, 55.84, 344.059
15631, 55.73, 344.076
15632, 55.61, 344.092
15633, 55.34, 344.126
15634, 55.2, 344.142
15635, 55.05, 344.159
15636, 54.87, 344.176
15637, 54.71, 344.192
15638, 54.54, 344.209
15639, 54.37, 344.226
15640, 54.19, 344.242
15641, 54, 344.259
15642, 53.82, 344.276
15643, 53.44, 344.309
15644, 53.26, 344.326
15645, 53.07, 344.342
15646, 52.89, 344.359
15647, 52.72, 344.376
15648, 52.54, 344.392
15649, 52.37, 344.409
15650, 52, 344.442
15651, 51.8, 344.459
15652, 51.61, 344.476
15653, 51.41, 344.492
15654, 51.23, 344.509
15655, 51.05, 344.526
15656, 50.71, 344.559
15657, 50.55, 344.576
15658, 50.4, 344.592
15659, 50.26, 344.609
15660, 50.11, 344.626
15661, 49.8, 344.659
15662, 49.61, 344.676
15663, 49.41, 344.692
15664, 49.21, 344.709
15665, 49.01, 344.726
15666, 48.62, 344.759
15667, 48.42, 344.776
15668, 48.22, 344.792
15669, 48.01, 344.809
15670, 47.62, 344.842
15671, 47.43, 344.859
15672, 47.23, 344.876
15673, 47.04, 344.892
15674, 46.67, 344.926
15675, 46.49, 344.942
15676, 46.31, 344.959
15677, 45.94, 344.992
15678, 45.76, 345.009
15679, 45.58, 345.026
15680, 45.21, 345.059
15681, 45.03, 345.076
15682, 44.84, 345.092
15683, 44.47, 345.126
15684, 44.28, 345.142
15685, 44.09, 345.159
15686, 43.71, 345.192
15687, 43.51, 345.209
15688, 43.31, 345.226
15689, 42.91, 345.259
15690, 42.71, 345.276
15691, 42.31, 345.309
15692, 42.12, 345.326
15693, 41.94, 345.342
15694, 41.56, 345.376
15695, 41.36, 345.392
15696, 40.94, 345.426
15697, 40.72, 345.442
15698, 40.31, 345.476
15699, 40.1, 345.492
15700, 39.69, 345.526
15701, 39.49, 345.542
15702, 39.1, 345.576
15703, 38.92, 345.592
15704, 38.56, 345.626
15705, 38.4, 345.642
15706, 38.09, 345.676
15707, 37.79, 345.709
15708, 37.63, 345.726
15709, 37.27, 345.759
15710, 37.09, 345.776
15711, 36.71, 345.809
15712, 36.36, 345.842
15713, 36.18, 345.859
15714, 35.83, 345.892
15715, 35.49, 345.926
15716, 35.32, 345.942
15717, 35, 345.976
15718, 34.68, 346.009
15719, 34.53, 346.026
15720, 34.23, 346.059
15721, 33.96, 346.092
15722, 33.7, 346.126
15723, 33.47, 346.159
15724, 33.35, 346.176
15725, 33.12, 346.209
15726, 32.89, 346.242
15727, 32.66, 346.276
15728, 32.43, 346.309
15729, 32.19, 346.342
15730, 32.05, 346.359
15731, 31.78, 346.392
15732, 31.52, 346.426
15733, 31.27, 346.459
15734, 31.02, 346.492
15735, 30.77, 346.526
15736, 30.51, 346.559
15737, 30.28, 346.592
15738, 30.07, 346.626
15739, 29.85, 346.659
15740, 29.61, 346.692
15741, 29.41, 346.726
15742, 29.23, 346.759
15743, 29.01, 346.792
15744, 28.83, 346.826
15745, 28.65, 346.859
15746, 28.44, 346.892
15747, 28.23, 346.926
15748, 28.03, 346.959
15749, 27.86, 346.992
15750, 27.63, 347.042
15751, 27.5, 347.076
15752, 27.39, 347.109
15753, 27.3, 347.142
15754, 27.22, 347.176
15755, 27.13, 347.209
15756, 26.99, 347.259
15757, 26.9, 347.292
15758, 26.82, 347.326
15759, 26.72, 347.359
15760, 26.59, 347.409
15761, 26.51, 347.442
15762, 26.43, 347.476
15763, 26.4, 347.509
15764, 26.32, 347.559
15765, 26.26, 347.592
15766, 26.19, 347.626
15767, 26.12, 347.659
15768, 25.98, 347.709
15769, 25.88, 347.742
15770, 25.8, 347.776
15771, 25.7, 347.826
15772, 25.64, 347.859
15773, 25.58, 347.892
15774, 25.57, 347.926
15775, 25.58, 347.976
15776, 25.59, 348.009
15777, 25.63, 348.042
15778, 25.68, 348.076
15779, 25.76, 348.126
15780, 25.82, 348.159
15781, 25.88, 348.192
15782, 25.95, 348.226
15783, 26.04, 348.276
15784, 26.11, 348.309
15785, 26.18, 348.342
15786, 26.24, 348.376
15787, 26.34, 348.426
15788, 26.4, 348.459
15789, 26.44, 348.492
15790, 26.48, 348.526
15791, 26.52, 348.559
15792, 26.57, 348.609
15793, 26.61, 348.642
15794, 26.64, 348.676
15795, 26.68, 348.709
15796, 26.7, 348.742
15797, 26.76, 348.792
15798, 26.82, 348.826
15799, 26.87, 348.859
15800, 26.91, 348.892
15801, 26.95, 348.926
15802, 26.98, 348.959
15803, 27.01, 348.992
15804, 27.06, 349.026
15805, 27.12, 349.076
15806, 27.14, 349.109
15807, 27.18, 349.142
15808, 27.23, 349.176
15809, 27.29, 349.209
15810, 27.36, 349.242
15811, 27.4, 349.276
15812, 27.43, 349.326
15813, 27.47, 349.359
15814, 27.53, 349.392
15815, 27.58, 349.426
15816, 27.63, 349.459
15817, 27.69, 349.492
15818, 27.77, 349.526
15819, 27.92, 349.576
15820, 28.03, 349.609
15821, 28.12, 349.642
15822, 28.23, 349.676
15823, 28.33, 349.709
15824, 28.43, 349.742
15825, 28.53, 349.776
15826, 28.64, 349.809
15827, 28.75, 349.842
15828, 28.88, 349.876
15829, 29.05, 349.926
15830, 29.17, 349.959
15831, 29.29, 349.992
15832, 29.42, 350.026
15833, 29.55, 350.059
15834, 29.67, 350.092
15835, 29.79, 350.126
15836, 29.9, 350.159
15837, 30.02, 350.192
15838, 30.14, 350.226
15839, 30.26, 350.259
15840, 30.38, 350.292
15841, 30.5, 350.326
15842, 30.6, 350.359
15843, 30.73, 350.392
15844, 30.85, 350.426
15845, 30.97, 350.459
15846, 31.09, 350.492
15847, 31.21, 350.526
15848, 31.33, 350.559
15849, 31.45, 350.592
15850, 31.56, 350.626
15851, 31.67, 350.659
15852, 31.78, 350.692
15853, 31.89, 350.726
15854, 31.95, 350.742
15855, 32.05, 350.776
15856, 32.16, 350.809
15857, 32.27, 350.842
15858, 32.37, 350.876
15859, 32.46, 350.909
15860, 32.41, 350.942
15861, 32.52, 350.976
15862, 32.61, 351.009
15863, 32.69, 351.042
15864, 32.73, 351.059
15865, 32.84, 351.092
15866, 32.93, 351.126
15867, 33.01, 351.159
15868, 33.09, 351.192
15869, 33.18, 351.226
15870, 33.27, 351.259
15871, 33.32, 351.276
15872, 33.42, 351.309
15873, 33.52, 351.342
15874, 33.62, 351.376
15875, 33.71, 351.409
15876, 33.76, 351.426
15877, 33.85, 351.459
15878, 33.93, 351.492
15879, 34.02, 351.526
15880, 34.11, 351.559
15881, 34.16, 351.576
15882, 34.25, 351.609
15883, 34.33, 351.642
15884, 34.42, 351.676
15885, 34.52, 351.709
15886, 34.58, 351.726
15887, 34.71, 351.759
15888, 34.82, 351.792
15889, 34.91, 351.826
15890, 34.95, 351.842
15891, 35.05, 351.876
15892, 35.16, 351.909
15893, 35.27, 351.942
15894, 35.33, 351.959
15895, 35.43, 351.992
15896, 35.53, 352.026
15897, 35.58, 352.042
15898, 35.69, 352.076
15899, 35.79, 352.109
15900, 35.89, 352.142
15901, 35.94, 352.159
15902, 36.04, 352.192
15903, 36.15, 352.226
15904, 36.2, 352.242
15905, 36.31, 352.276
15906, 36.42, 352.309
15907, 36.48, 352.326
15908, 36.59, 352.359
15909, 36.69, 352.392
15910, 36.75, 352.409
15911, 36.84, 352.442
15912, 36.89, 352.459
15913, 37, 352.492
15914, 37.1, 352.526
15915, 37.15, 352.542
15916, 37.24, 352.576
15917, 37.33, 352.609
15918, 37.37, 352.626
15919, 37.48, 352.659
15920, 37.53, 352.676
15921, 37.63, 352.709
15922, 37.73, 352.742
15923, 37.77, 352.759
15924, 37.86, 352.792
15925, 37.9, 352.809
15926, 37.98, 352.842
15927, 38.07, 352.876
15928, 38.12, 352.892
15929, 38.21, 352.926
15930, 38.25, 352.942
15931, 38.34, 352.976
15932, 38.38, 352.992
15933, 38.45, 353.026
15934, 38.54, 353.059
15935, 38.58, 353.076
15936, 38.67, 353.109
15937, 38.71, 353.126
15938, 38.78, 353.159
15939, 38.81, 353.176
15940, 38.88, 353.209
15941, 38.91, 353.226
15942, 38.98, 353.259
15943, 39.08, 353.292
15944, 39.12, 353.309
15945, 39.18, 353.342
15946, 39.21, 353.359
15947, 39.31, 353.392
15948, 39.35, 353.409
15949, 39.42, 353.442
15950, 39.45, 353.459
15951, 39.47, 353.492
15952, 39.48, 353.509
15953, 39.52, 353.542
15954, 39.53, 353.559
15955, 39.56, 353.592
15956, 39.57, 353.609
15957, 39.63, 353.642
15958, 39.66, 353.659
15959, 39.76, 353.692
15960, 39.9, 353.726
15961, 39.96, 353.742
15962, 40.05, 353.776
15963, 40.09, 353.792
15964, 40.18, 353.826
15965, 40.22, 353.842
15966, 40.31, 353.876
15967, 40.35, 353.892
15968, 40.4, 353.926
15969, 40.35, 353.942
15970, 40.34, 353.959
15971, 40.34, 353.959
15972, 40.45, 354.009
15973, 40.52, 354.042
15974, 40.55, 354.059
15975, 40.58, 354.092
15976, 40.6, 354.109
15977, 40.67, 354.142
15978, 40.71, 354.159
15979, 40.79, 354.192
15980, 40.82, 354.209
15981, 40.91, 354.242
15982, 40.95, 354.259
15983, 41.03, 354.292
15984, 41.07, 354.309
15985, 41.16, 354.342
15986, 41.19, 354.359
15987, 41.26, 354.392
15988, 41.3, 354.409
15989, 41.34, 354.426
15990, 41.41, 354.459
15991, 41.46, 354.476
15992, 41.52, 354.509
15993, 41.56, 354.526
15994, 41.63, 354.559
15995, 41.66, 354.576
15996, 41.72, 354.609
15997, 41.76, 354.626
15998, 41.79, 354.642
15999, 41.87, 354.676
16000, 41.9, 354.692
16001, 41.96, 354.726
16002, 41.99, 354.742
16003, 42.07, 354.776
16004, 42.11, 354.792
16005, 42.15, 354.809
16006, 42.22, 354.842
16007, 42.26, 354.859
16008, 42.33, 354.892
16009, 42.36, 354.909
16010, 42.44, 354.942
16011, 42.47, 354.959
16012, 42.5, 354.976
16013, 42.57, 355.009
16014, 42.61, 355.026
16015, 42.68, 355.059
16016, 42.72, 355.076
16017, 42.75, 355.092
16018, 42.8, 355.126
16019, 42.84, 355.142
16020, 42.91, 355.176
16021, 42.96, 355.192
16022, 43.03, 355.226
16023, 43.07, 355.242
16024, 43.1, 355.259
16025, 43.18, 355.292
16026, 43.22, 355.309
16027, 43.25, 355.326
16028, 43.31, 355.359
16029, 43.34, 355.376
16030, 43.38, 355.409
16031, 43.42, 355.426
16032, 43.48, 355.442
16033, 43.57, 355.476
16034, 43.61, 355.492
16035, 43.68, 355.526
16036, 43.72, 355.542
16037, 43.75, 355.559
16038, 43.82, 355.592
16039, 43.86, 355.609
16040, 43.89, 355.626
16041, 43.96, 355.659
16042, 43.99, 355.676
16043, 44.06, 355.709
16044, 44.09, 355.726
16045, 44.12, 355.742
16046, 44.2, 355.776
16047, 44.23, 355.792
16048, 44.26, 355.809
16049, 44.32, 355.842
16050, 44.35, 355.859
16051, 44.38, 355.876
16052, 44.45, 355.909
16053, 44.48, 355.926
16054, 44.55, 355.959
16055, 44.58, 355.976
16056, 44.62, 355.992
16057, 44.7, 356.026
16058, 44.73, 356.042
16059, 44.77, 356.059
16060, 44.83, 356.092
16061, 44.87, 356.109
16062, 44.9, 356.126
16063, 44.97, 356.159
16064, 45.01, 356.176
16065, 45.04, 356.192
16066, 45.09, 356.226
16067, 45.11, 356.242
16068, 45.13, 356.259
16069, 45.2, 356.292
16070, 45.23, 356.309
16071, 45.27, 356.326
16072, 45.34, 356.359
16073, 45.37, 356.376
16074, 45.38, 356.392
16075, 45.37, 356.426
16076, 45.34, 356.442
16077, 45.31, 356.459
16078, 45.22, 356.492
16079, 45.17, 356.509
16080, 45.15, 356.526
16081, 45.09, 356.559
16082, 45.05, 356.576
16083, 45.01, 356.592
16084, 44.92, 356.626
16085, 44.87, 356.642
16086, 44.83, 356.659
16087, 44.73, 356.692
16088, 44.68, 356.709
16089, 44.63, 356.726
16090, 44.53, 356.759
16091, 44.48, 356.776
16092, 44.43, 356.792
16093, 44.32, 356.826
16094, 44.26, 356.842
16095, 44.2, 356.859
16096, 44.09, 356.892
16097, 44.03, 356.909
16098, 43.97, 356.926
16099, 43.85, 356.959
16100, 43.78, 356.976
16101, 43.66, 357.009
16102, 43.58, 357.026
16103, 43.51, 357.042
16104, 43.35, 357.076
16105, 43.25, 357.092
16106, 43.05, 357.126
16107, 42.93, 357.142
16108, 42.82, 357.159
16109, 42.57, 357.192
16110, 42.44, 357.209
16111, 42.16, 357.242
16112, 42.01, 357.259
16113, 41.87, 357.276
16114, 41.56, 357.309
16115, 41.39, 357.326
16116, 41.07, 357.359
16117, 40.89, 357.376
16118, 40.54, 357.409
16119, 40.36, 357.426
16120, 40.02, 357.459
16121, 39.85, 357.476
16122, 39.5, 357.509
16123, 39.32, 357.526
16124, 38.96, 357.559
16125, 38.77, 357.576
16126, 38.42, 357.609
16127, 38.23, 357.626
16128, 37.86, 357.659
16129, 37.48, 357.692
16130, 37.3, 357.709
16131, 36.92, 357.742
16132, 36.71, 357.759
16133, 36.32, 357.792
16134, 35.96, 357.826
16135, 35.78, 357.842
16136, 35.4, 357.876
16137, 35.01, 357.909
16138, 34.64, 357.942
16139, 34.45, 357.959
16140, 34.09, 357.992
16141, 33.73, 358.026
16142, 33.4, 358.059
16143, 33.23, 358.076
16144, 32.9, 358.109
16145, 32.55, 358.142
16146, 32.2, 358.176
16147, 31.81, 358.209
16148, 31.44, 358.242
16149, 31.12, 358.276
16150, 30.84, 358.309
16151, 30.56, 358.342
16152, 30.31, 358.376
16153, 30.05, 358.409
16154, 29.75, 358.442
16155, 29.46, 358.476
16156, 29.18, 358.509
16157, 28.93, 358.542
16158, 28.7, 358.576
16159, 28.48, 358.609
16160, 28.29, 358.642
16161, 28.15, 358.676
16162, 27.99, 358.709
16163, 27.82, 358.759
16164, 27.67, 358.792
16165, 27.48, 358.826
16166, 27.25, 358.859
16167, 27.12, 358.892
16168, 26.86, 358.942
16169, 26.68, 358.976
16170, 26.53, 359.009
16171, 26.31, 359.059
16172, 26.13, 359.092
16173, 25.94, 359.142
16174, 25.81, 359.176
16175, 25.68, 359.209
16176, 25.55, 359.259
16177, 25.48, 359.292
16178, 25.35, 359.342
16179, 25.27, 359.376
16180, 25.15, 359.426
16181, 25.06, 359.459
16182, 24.91, 359.509
16183, 24.83, 359.542
16184, 24.73, 359.592
16185, 24.66, 359.626
16186, 24.55, 359.676
16187, 24.54, 359.709
16188, 24.49, 359.759
16189, 24.5, 359.792
16190, 24.53, 359.826
16191, 24.58, 359.876
16192, 24.61, 359.909
16193, 24.66, 359.959
16194, 24.7, 359.992
16195, 24.76, 360.042
16196, 24.82, 360.076
16197, 24.87, 360.109
16198, 24.93, 360.159
16199, 24.98, 360.192
16200, 25.03, 360.226
16201, 25.09, 360.259
16202, 25.14, 360.292
16203, 25.2, 360.342
16204, 25.23, 360.376
16205, 25.25, 360.409
16206, 25.28, 360.442
16207, 25.3, 360.476
16208, 25.31, 360.509
16209, 25.31, 360.526
16210, 25.29, 360.559
16211, 25.27, 360.592
16212, 25.24, 360.642
16213, 25.22, 360.676
16214, 25.2, 360.709
16215, 25.19, 360.742
16216, 25.18, 360.776
16217, 25.17, 360.809
16218, 25.14, 360.842
16219, 25.11, 360.876
16220, 25.06, 360.926
16221, 25.04, 360.959
16222, 25.03, 360.992
16223, 25.01, 361.026
16224, 25, 361.076
16225, 24.99, 361.109
16226, 24.97, 361.142
16227, 24.95, 361.176
16228, 24.92, 361.209
16229, 24.84, 361.259
16230, 24.78, 361.292
16231, 24.66, 361.326
16232, 24.58, 361.359
16233, 24.47, 361.409
16234, 24.42, 361.442
16235, 24.4, 361.476
16236, 24.38, 361.526
16237, 24.39, 361.559
16238, 24.42, 361.592
16239, 24.48, 361.642
16240, 24.51, 361.676
16241, 24.56, 361.709
16242, 24.65, 361.759
16243, 24.69, 361.792
16244, 24.73, 361.826
16245, 24.76, 361.876
16246, 24.76, 361.909
16247, 24.76, 361.942
16248, 24.78, 361.976
16249, 24.78, 362.009
16250, 24.77, 362.059
16251, 24.76, 362.092
16252, 24.74, 362.126
16253, 24.72, 362.159
16254, 24.71, 362.192
16255, 24.72, 362.242
16256, 24.74, 362.276
16257, 24.78, 362.309
16258, 24.84, 362.342
16259, 24.9, 362.376
16260, 24.99, 362.426
16261, 25.06, 362.459
16262, 25.11, 362.492
16263, 25.15, 362.526
16264, 25.21, 362.576
16265, 25.26, 362.609
16266, 25.3, 362.642
16267, 25.34, 362.676
16268, 25.37, 362.709
16269, 25.42, 362.742
16270, 25.51, 362.792
16271, 25.56, 362.826
16272, 25.61, 362.859
16273, 25.68, 362.892
16274, 25.77, 362.926
16275, 25.86, 362.959
16276, 25.97, 362.992
16277, 26.09, 363.026
16278, 26.25, 363.076
16279, 26.38, 363.109
16280, 26.51, 363.142
16281, 26.63, 363.176
16282, 26.74, 363.209
16283, 26.87, 363.242
16284, 27.02, 363.276
16285, 27.23, 363.326
16286, 27.35, 363.359
16287, 27.48, 363.392
16288, 27.62, 363.426
16289, 27.76, 363.459
16290, 27.87, 363.492
16291, 27.94, 363.526
16292, 28.09, 363.576
16293, 28.2, 363.609
16294, 28.28, 363.642
16295, 28.38, 363.676
16296, 28.54, 363.709
16297, 28.74, 363.742
16298, 28.89, 363.776
16299, 28.98, 363.809
16300, 29.14, 363.842
16301, 29.51, 363.909
16302, 29.59, 363.926
16303, 29.75, 363.959
16304, 29.9, 363.992
16305, 30.04, 364.026
16306, 30.15, 364.059
16307, 30.28, 364.092
16308, 30.4, 364.126
16309, 30.51, 364.159
16310, 30.64, 364.192
16311, 30.79, 364.226
16312, 30.95, 364.259
16313, 31.13, 364.292
16314, 31.31, 364.326
16315, 31.47, 364.359
16316, 31.55, 364.376
16317, 31.69, 364.409
16318, 31.83, 364.442
16319, 31.99, 364.476
16320, 32.16, 364.509
16321, 32.31, 364.542
16322, 32.45, 364.576
16323, 32.59, 364.609
16324, 32.76, 364.642
16325, 32.84, 364.659
16326, 33, 364.692
16327, 33.16, 364.726
16328, 33.32, 364.759
16329, 33.47, 364.792
16330, 33.54, 364.809
16331, 33.68, 364.842
16332, 33.78, 364.876
16333, 33.75, 364.909
16334, 33.82, 364.926
16335, 33.99, 364.959
16336, 34.11, 364.992
16337, 34.24, 365.026
16338, 34.31, 365.042
16339, 34.42, 365.076
16340, 34.55, 365.109
16341, 34.69, 365.142
16342, 34.75, 365.159
16343, 34.87, 365.192
16344, 34.98, 365.226
16345, 35.12, 365.259
16346, 35.18, 365.276
16347, 35.31, 365.309
16348, 35.43, 365.342
16349, 35.49, 365.359
16350, 35.61, 365.392
16351, 35.73, 365.426
16352, 35.8, 365.442
16353, 35.92, 365.476
16354, 36.05, 365.509
16355, 36.12, 365.526
16356, 36.25, 365.559
16357, 36.37, 365.592
16358, 36.42, 365.609
16359, 36.54, 365.642
16360, 36.61, 365.659
16361, 36.74, 365.692
16362, 36.87, 365.726
16363, 36.93, 365.742
16364, 37.05, 365.776
16365, 37.17, 365.809
16366, 37.23, 365.826
16367, 37.35, 365.859
16368, 37.41, 365.876
16369, 37.53, 365.909
16370, 37.65, 365.942
16371, 37.72, 365.959
16372, 37.84, 365.992
16373, 37.9, 366.009
16374, 38.02, 366.042
16375, 38.08, 366.059
16376, 38.2, 366.092
16377, 38.32, 366.126
16378, 38.38, 366.142
16379, 38.49, 366.176
16380, 38.55, 366.192
16381, 38.67, 366.226
16382, 38.73, 366.242
16383, 38.85, 366.276
16384, 38.91, 366.292
16385, 39.02, 366.326
16386, 39.08, 366.342
16387, 39.19, 366.376
16388, 39.25, 366.392
16389, 39.37, 366.426
16390, 39.49, 366.459
16391, 39.55, 366.476
16392, 39.67, 366.509
16393, 39.72, 366.526
16394, 39.84, 366.559
16395, 39.9, 366.576
16396, 40.01, 366.609
16397, 40.07, 366.626
16398, 40.17, 366.659
16399, 40.23, 366.676
16400, 40.34, 366.709
16401, 40.39, 366.726
16402, 40.45, 366.742
16403, 40.57, 366.776
16404, 40.62, 366.792
16405, 40.72, 366.826
16406, 40.78, 366.842
16407, 40.88, 366.876
16408, 40.93, 366.892
16409, 41.02, 366.926
16410, 41.08, 366.942
16411, 41.18, 366.976
16412, 41.23, 366.992
16413, 41.33, 367.026
16414, 41.38, 367.042
16415, 41.43, 367.059
16416, 41.41, 367.092
16417, 41.41, 367.109
16418, 41.54, 367.142
16419, 41.58, 367.159
16420, 41.65, 367.192
16421, 41.69, 367.209
16422, 41.78, 367.242
16423, 41.82, 367.259
16424, 41.86, 367.276
16425, 41.95, 367.309
16426, 41.99, 367.326
16427, 42.08, 367.359
16428, 42.12, 367.376
16429, 42.16, 367.392
16430, 42.25, 367.426
16431, 42.29, 367.442
16432, 42.37, 367.476
16433, 42.41, 367.492
16434, 42.5, 367.526
16435, 42.54, 367.542
16436, 42.58, 367.559
16437, 42.67, 367.592
16438, 42.71, 367.609
16439, 42.79, 367.642
16440, 42.82, 367.659
16441, 42.86, 367.676
16442, 42.95, 367.709
16443, 42.99, 367.726
16444, 43.08, 367.759
16445, 43.11, 367.776
16446, 43.15, 367.792
16447, 43.22, 367.826
16448, 43.26, 367.842
16449, 43.3, 367.859
16450, 43.38, 367.892
16451, 43.42, 367.909
16452, 43.5, 367.942
16453, 43.54, 367.959
16454, 43.58, 367.976
16455, 43.65, 368.009
16456, 43.68, 368.026
16457, 43.73, 368.042
16458, 43.8, 368.076
16459, 43.84, 368.092
16460, 43.91, 368.126
16461, 43.94, 368.142
16462, 43.99, 368.159
16463, 44.08, 368.192
16464, 44.11, 368.209
16465, 44.15, 368.226
16466, 44.23, 368.259
16467, 44.27, 368.276
16468, 44.32, 368.292
16469, 44.39, 368.326
16470, 44.43, 368.342
16471, 44.51, 368.376
16472, 44.55, 368.392
16473, 44.59, 368.409
16474, 44.66, 368.442
16475, 44.7, 368.459
16476, 44.74, 368.476
16477, 44.81, 368.509
16478, 44.85, 368.526
16479, 44.89, 368.542
16480, 44.96, 368.576
16481, 45, 368.592
16482, 45.04, 368.609
16483, 45.12, 368.642
16484, 45.16, 368.659
16485, 45.2, 368.676
16486, 45.28, 368.709
16487, 45.31, 368.726
16488, 45.35, 368.742
16489, 45.41, 368.776
16490, 45.45, 368.792
16491, 45.49, 368.809
16492, 45.56, 368.842
16493, 45.6, 368.859
16494, 45.64, 368.876
16495, 45.68, 368.892
16496, 45.75, 368.926
16497, 45.79, 368.942
16498, 45.83, 368.959
16499, 45.9, 368.992
16500, 45.94, 369.009
16501, 45.97, 369.026
16502, 46.04, 369.059
16503, 46.08, 369.076
16504, 46.11, 369.092
16505, 46.19, 369.126
16506, 46.22, 369.142
16507, 46.26, 369.159
16508, 46.3, 369.176
16509, 46.37, 369.209
16510, 46.4, 369.226
16511, 46.44, 369.242
16512, 46.51, 369.276
16513, 46.55, 369.292
16514, 46.59, 369.309
16515, 46.66, 369.342
16516, 46.7, 369.359
16517, 46.74, 369.376
16518, 46.77, 369.392
16519, 46.83, 369.426
16520, 46.85, 369.442
16521, 46.89, 369.459
16522, 46.98, 369.492
16523, 47.02, 369.509
16524, 47.06, 369.526
16525, 47.1, 369.542
16526, 47.16, 369.576
16527, 47.16, 369.576
16528, 47.22, 369.609
16529, 47.25, 369.626
16530, 47.32, 369.659
16531, 47.36, 369.676
16532, 47.39, 369.692
16533, 47.42, 369.709
16534, 47.49, 369.742
16535, 47.52, 369.759
16536, 47.55, 369.776
16537, 47.62, 369.809
16538, 47.65, 369.826
16539, 47.68, 369.842
16540, 47.72, 369.859
16541, 47.8, 369.892
16542, 47.83, 369.909
16543, 47.87, 369.926
16544, 47.9, 369.942
16545, 47.97, 369.976
16546, 48, 369.992
16547, 48.04, 370.009
16548, 48.07, 370.026
16549, 48.14, 370.059
16550, 48.18, 370.076
16551, 48.21, 370.092
16552, 48.24, 370.109
16553, 48.31, 370.142
16554, 48.34, 370.159
16555, 48.38, 370.176
16556, 48.41, 370.192
16557, 48.47, 370.226
16558, 48.5, 370.242
16559, 48.53, 370.259
16560, 48.57, 370.276
16561, 48.63, 370.309
16562, 48.66, 370.326
16563, 48.69, 370.342
16564, 48.73, 370.359
16565, 48.76, 370.376
16566, 48.83, 370.409
16567, 48.86, 370.426
16568, 48.9, 370.442
16569, 48.93, 370.459
16570, 48.99, 370.492
16571, 49.02, 370.509
16572, 49.05, 370.526
16573, 49.07, 370.542
16574, 49.1, 370.559
16575, 49.16, 370.592
16576, 49.19, 370.609
16577, 49.23, 370.626
16578, 49.26, 370.642
16579, 49.34, 370.676
16580, 49.37, 370.692
16581, 49.39, 370.709
16582, 49.42, 370.726
16583, 49.45, 370.742
16584, 49.52, 370.776
16585, 49.55, 370.792
16586, 49.58, 370.809
16587, 49.61, 370.826
16588, 49.64, 370.842
16589, 49.71, 370.876
16590, 49.74, 370.892
16591, 49.77, 370.909
16592, 49.8, 370.926
16593, 49.83, 370.942
16594, 49.89, 370.976
16595, 49.89, 370.976
16596, 49.95, 371.009
16597, 49.98, 371.026
16598, 50.01, 371.042
16599, 50.04, 371.076
16600, 49.99, 371.092
16601, 50.03, 371.109
16602, 50.08, 371.126
16603, 50.08, 371.142
16604, 50.12, 371.176
16605, 50.15, 371.192
16606, 50.16, 371.209
16607, 50.16, 371.226
16608, 50.18, 371.242
16609, 50.22, 371.276
16610, 50.25, 371.292
16611, 50.27, 371.309
16612, 50.29, 371.326
16613, 50.31, 371.342
16614, 50.35, 371.376
16615, 50.37, 371.392
16616, 50.39, 371.409
16617, 50.41, 371.426
16618, 50.43, 371.442
16619, 50.49, 371.476
16620, 50.51, 371.492
16621, 50.53, 371.509
16622, 50.55, 371.526
16623, 50.56, 371.542
16624, 50.6, 371.576
16625, 50.61, 371.592
16626, 50.63, 371.609
16627, 50.64, 371.626
16628, 50.67, 371.642
16629, 50.69, 371.659
16630, 50.72, 371.692
16631, 50.74, 371.709
16632, 50.75, 371.726
16633, 50.77, 371.742
16634, 50.79, 371.759
16635, 50.82, 371.792
16636, 50.84, 371.809
16637, 50.85, 371.826
16638, 50.87, 371.842
16639, 50.89, 371.859
16640, 50.92, 371.892
16641, 50.94, 371.909
16642, 50.95, 371.926
16643, 50.97, 371.942
16644, 50.98, 371.959
16645, 50.99, 371.976
16646, 51.02, 372.009
16647, 51.04, 372.026
16648, 51.05, 372.042
16649, 51.07, 372.059
16650, 51.08, 372.076
16651, 51.09, 372.109
16652, 51.11, 372.126
16653, 51.12, 372.142
16654, 51.13, 372.159
16655, 51.15, 372.176
16656, 51.16, 372.192
16657, 51.2, 372.226
16658, 51.21, 372.242
16659, 51.22, 372.259
16660, 51.24, 372.276
16661, 51.25, 372.292
16662, 51.28, 372.326
16663, 51.29, 372.342
16664, 51.3, 372.359
16665, 51.31, 372.376
16666, 51.32, 372.392
16667, 51.33, 372.409
16668, 51.35, 372.442
16669, 51.36, 372.459
16670, 51.37, 372.476
16671, 51.38, 372.492
16672, 51.39, 372.509
16673, 51.41, 372.542
16674, 51.42, 372.559
16675, 51.42, 372.576
16676, 51.42, 372.592
16677, 51.41, 372.609
16678, 51.42, 372.626
16679, 51.43, 372.659
16680, 51.44, 372.676
16681, 51.45, 372.692
16682, 51.45, 372.709
16683, 51.46, 372.726
16684, 51.48, 372.759
16685, 51.49, 372.776
16686, 51.49, 372.792
16687, 51.5, 372.809
16688, 51.5, 372.826
16689, 51.51, 372.842
16690, 51.52, 372.876
16691, 51.52, 372.876
16692, 51.55, 372.909
16693, 51.56, 372.926
16694, 51.57, 372.942
16695, 51.58, 372.959
16696, 51.6, 372.992
16697, 51.6, 373.009
16698, 51.6, 373.026
16699, 51.61, 373.042
16700, 51.61, 373.059
16701, 51.62, 373.076
16702, 51.62, 373.109
16703, 51.62, 373.126
16704, 51.63, 373.142
16705, 51.64, 373.159
16706, 51.64, 373.176
16707, 51.64, 373.192
16708, 51.63, 373.226
16709, 51.63, 373.242
16710, 51.63, 373.259
16711, 51.64, 373.276
16712, 51.64, 373.292
16713, 51.64, 373.309
16714, 51.64, 373.342
16715, 51.64, 373.359
16716, 51.64, 373.376
16717, 51.64, 373.392
16718, 51.64, 373.409
16719, 51.64, 373.426
16720, 51.65, 373.459
16721, 51.65, 373.476
16722, 51.65, 373.492
16723, 51.66, 373.509
16724, 51.67, 373.526
16725, 51.67, 373.542
16726, 51.67, 373.576
16727, 51.67, 373.592
16728, 51.68, 373.609
16729, 51.68, 373.626
16730, 51.69, 373.642
16731, 51.7, 373.676
16732, 51.7, 373.692
16733, 51.71, 373.709
16734, 51.72, 373.726
16735, 51.72, 373.742
16736, 51.73, 373.759
16737, 51.75, 373.792
16738, 51.76, 373.809
16739, 51.78, 373.826
16740, 51.79, 373.842
16741, 51.8, 373.859
16742, 51.81, 373.876
16743, 51.81, 373.892
16744, 51.83, 373.926
16745, 51.85, 373.942
16746, 51.87, 373.959
16747, 51.89, 373.976
16748, 51.9, 373.992
16749, 51.9, 374.009
16750, 51.94, 374.042
16751, 51.97, 374.059
16752, 51.99, 374.076
16753, 52.01, 374.092
16754, 52.03, 374.109
16755, 52.04, 374.126
16756, 52.07, 374.159
16757, 52.08, 374.176
16758, 52.1, 374.192
16759, 52.12, 374.209
16760, 52.13, 374.226
16761, 52.15, 374.242
16762, 52.16, 374.259
16763, 52.18, 374.292
16764, 52.19, 374.309
16765, 52.21, 374.326
16766, 52.22, 374.342
16767, 52.24, 374.359
16768, 52.27, 374.376
16769, 52.31, 374.409
16770, 52.33, 374.426
16771, 52.35, 374.442
16772, 52.37, 374.459
16773, 52.39, 374.476
16774, 52.41, 374.492
16775, 52.43, 374.509
16776, 52.47, 374.542
16777, 52.49, 374.559
16778, 52.51, 374.576
16779, 52.52, 374.592
16780, 52.54, 374.609
16781, 52.55, 374.626
16782, 52.57, 374.642
16783, 52.61, 374.676
16784, 52.63, 374.692
16785, 52.65, 374.709
16786, 52.67, 374.726
16787, 52.69, 374.742
16788, 52.71, 374.759
16789, 52.72, 374.776
16790, 52.75, 374.809
16791, 52.77, 374.826
16792, 52.79, 374.842
16793, 52.81, 374.859
16794, 52.83, 374.876
16795, 52.85, 374.892
16796, 52.87, 374.909
16797, 52.9, 374.942
16798, 52.91, 374.959
16799, 52.92, 374.976
16800, 52.94, 374.992
16801, 52.96, 375.009
16802, 52.97, 375.026
16803, 52.99, 375.042
16804, 53.03, 375.076
16805, 53.04, 375.092
16806, 53.05, 375.109
16807, 53.06, 375.126
16808, 53.08, 375.142
16809, 53.09, 375.159
16810, 53.11, 375.176
16811, 53.14, 375.209
16812, 53.15, 375.226
16813, 53.17, 375.242
16814, 53.18, 375.259
16815, 53.19, 375.276
16816, 53.21, 375.292
16817, 53.22, 375.309
16818, 53.23, 375.326
16819, 53.26, 375.359
16820, 53.27, 375.376
16821, 53.28, 375.392
16822, 53.29, 375.409
16823, 53.31, 375.426
16824, 53.32, 375.442
16825, 53.34, 375.459
16826, 53.36, 375.492
16827, 53.38, 375.509
16828, 53.39, 375.526
16829, 53.41, 375.542
16830, 53.43, 375.559
16831, 53.44, 375.576
16832, 53.45, 375.592
16833, 53.46, 375.609
16834, 53.49, 375.642
16835, 53.5, 375.659
16836, 53.51, 375.676
16837, 53.52, 375.692
16838, 53.53, 375.709
16839, 53.54, 375.726
16840, 53.55, 375.742
16841, 53.56, 375.759
16842, 53.58, 375.792
16843, 53.6, 375.809
16844, 53.61, 375.826
16845, 53.62, 375.842
16846, 53.63, 375.859
16847, 53.64, 375.876
16848, 53.64, 375.892
16849, 53.64, 375.909
16850, 53.64, 375.942
16851, 53.64, 375.959
16852, 53.63, 375.976
16853, 53.61, 375.992
16854, 53.59, 376.009
16855, 53.57, 376.026
16856, 53.53, 376.042
16857, 53.48, 376.059
16858, 53.33, 376.092
16859, 53.25, 376.109
16860, 53.16, 376.126
16861, 53.07, 376.142
16862, 52.99, 376.159
16863, 52.89, 376.176
16864, 52.78, 376.192
16865, 52.61, 376.226
16866, 52.53, 376.242
16867, 52.44, 376.259
16868, 52.36, 376.276
16869, 52.27, 376.292
16870, 52.19, 376.309
16871, 52.11, 376.326
16872, 51.94, 376.359
16873, 51.86, 376.376
16874, 51.77, 376.392
16875, 51.69, 376.409
16876, 51.6, 376.426
16877, 51.51, 376.442
16878, 51.31, 376.476
16879, 51.21, 376.492
16880, 51.11, 376.509
16881, 51.01, 376.526
16882, 50.91, 376.542
16883, 50.71, 376.576
16884, 50.62, 376.592
16885, 50.53, 376.609
16886, 50.43, 376.626
16887, 50.34, 376.642
16888, 50.16, 376.676
16889, 50.08, 376.692
16890, 49.99, 376.709
16891, 49.9, 376.726
16892, 49.81, 376.742
16893, 49.64, 376.776
16894, 49.54, 376.792
16895, 49.43, 376.809
16896, 49.33, 376.826
16897, 49.16, 376.859
16898, 49.06, 376.876
16899, 48.96, 376.892
16900, 48.87, 376.909
16901, 48.72, 376.942
16902, 48.65, 376.959
16903, 48.6, 376.976
16904, 48.54, 376.992
16905, 48.44, 377.026
16906, 48.39, 377.042
16907, 48.34, 377.059
16908, 48.28, 377.076
16909, 48.15, 377.109
16910, 48.09, 377.126
16911, 48.03, 377.142
16912, 47.98, 377.159
16913, 47.87, 377.192
16914, 47.81, 377.209
16915, 47.76, 377.226
16916, 47.71, 377.242
16917, 47.6, 377.276
16918, 47.55, 377.292
16919, 47.49, 377.309
16920, 47.43, 377.326
16921, 47.32, 377.359
16922, 47.26, 377.376
16923, 47.21, 377.392
16924, 47.11, 377.426
16925, 47.06, 377.442
16926, 47.01, 377.459
16927, 46.96, 377.476
16928, 46.86, 377.509
16929, 46.81, 377.526
16930, 46.75, 377.542
16931, 46.65, 377.576
16932, 46.59, 377.592
16933, 46.53, 377.609
16934, 46.47, 377.626
16935, 46.37, 377.659
16936, 46.33, 377.676
16937, 46.28, 377.692
16938, 46.17, 377.726
16939, 46.11, 377.742
16940, 46.05, 377.759
16941, 45.92, 377.792
16942, 45.86, 377.809
16943, 45.8, 377.826
16944, 45.68, 377.859
16945, 45.62, 377.876
16946, 45.56, 377.892
16947, 45.44, 377.926
16948, 45.38, 377.942
16949, 45.32, 377.959
16950, 45.2, 377.992
16951, 45.14, 378.009
16952, 45.09, 378.026
16953, 44.96, 378.059
16954, 44.9, 378.076
16955, 44.84, 378.092
16956, 44.74, 378.126
16957, 44.68, 378.142
16958, 44.63, 378.159
16959, 44.52, 378.192
16960, 44.47, 378.209
16961, 44.41, 378.226
16962, 44.28, 378.259
16963, 44.22, 378.276
16964, 44.16, 378.292
16965, 44.04, 378.326
16966, 43.98, 378.342
16967, 43.88, 378.376
16968, 43.83, 378.392
16969, 43.79, 378.409
16970, 43.69, 378.442
16971, 43.63, 378.459
16972, 43.51, 378.492
16973, 43.45, 378.509
16974, 43.39, 378.526
16975, 43.28, 378.559
16976, 43.22, 378.576
16977, 43.12, 378.609
16978, 43.07, 378.626
16979, 43.03, 378.642
16980, 42.92, 378.676
16981, 42.87, 378.692
16982, 42.77, 378.726
16983, 42.72, 378.742
16984, 42.63, 378.776
16985, 42.59, 378.792
16986, 42.55, 378.809
16987, 42.51, 378.842
16988, 42.5, 378.859
16989, 42.45, 378.892
16990, 42.43, 378.909
16991, 42.43, 378.942
16992, 42.43, 378.959
16993, 42.43, 378.976
16994, 42.44, 379.009
16995, 42.45, 379.026
16996, 42.46, 379.059
16997, 42.47, 379.076
16998, 42.48, 379.109
16999, 42.49, 379.126
17000, 42.49, 379.142
17001, 42.5, 379.176
17002, 42.51, 379.192
17003, 42.52, 379.226
17004, 42.52, 379.242
17005, 42.51, 379.276
17006, 42.51, 379.292
17007, 42.51, 379.309
17008, 42.53, 379.342
17009, 42.54, 379.359
17010, 42.55, 379.392
17011, 42.54, 379.409
17012, 42.54, 379.426
17013, 42.53, 379.459
17014, 42.52, 379.476
17015, 42.52, 379.509
17016, 42.51, 379.526
17017, 42.51, 379.559
17018, 42.51, 379.576
17019, 42.51, 379.592
17020, 42.51, 379.626
17021, 42.5, 379.642
17022, 42.49, 379.676
17023, 42.49, 379.692
17024, 42.49, 379.726
17025, 42.48, 379.742
17026, 42.48, 379.759
17027, 42.48, 379.792
17028, 42.47, 379.809
17029, 42.46, 379.842
17030, 42.45, 379.859
17031, 42.44, 379.876
17032, 42.43, 379.909
17033, 42.42, 379.926
17034, 42.39, 379.959
17035, 42.37, 379.976
17036, 42.32, 380.009
17037, 42.29, 380.026
17038, 42.26, 380.042
17039, 42.21, 380.076
17040, 42.18, 380.092
17041, 42.13, 380.126
17042, 42.11, 380.142
17043, 42.05, 380.176
17044, 42.02, 380.192
17045, 41.99, 380.209
17046, 41.94, 380.242
17047, 41.91, 380.259
17048, 41.87, 380.292
17049, 41.84, 380.309
17050, 41.8, 380.342
17051, 41.77, 380.359
17052, 41.74, 380.376
17053, 41.69, 380.409
17054, 41.66, 380.426
17055, 41.62, 380.459
17056, 41.61, 380.476
17057, 41.58, 380.509
17058, 41.56, 380.526
17059, 41.53, 380.559
17060, 41.51, 380.576
17061, 41.45, 380.609
17062, 41.42, 380.626
17063, 41.39, 380.642
17064, 41.33, 380.676
17065, 41.3, 380.692
17066, 41.24, 380.726
17067, 41.21, 380.742
17068, 41.15, 380.776
17069, 41.12, 380.792
17070, 41.07, 380.826
17071, 41.05, 380.842
17072, 41.01, 380.876
17073, 41.01, 380.892
17074, 41, 380.926
17075, 41, 380.942
17076, 41.01, 380.976
17077, 41.02, 380.992
17078, 41.04, 381.026
17079, 41.05, 381.042
17080, 41.06, 381.059
17081, 41.09, 381.092
17082, 41.11, 381.109
17083, 41.16, 381.142
17084, 41.19, 381.159
17085, 41.23, 381.192
17086, 41.25, 381.209
17087, 41.29, 381.242
17088, 41.31, 381.259
17089, 41.36, 381.292
17090, 41.39, 381.309
17091, 41.44, 381.342
17092, 41.47, 381.359
17093, 41.54, 381.392
17094, 41.58, 381.409
17095, 41.62, 381.426
17096, 41.68, 381.459
17097, 41.71, 381.476
17098, 41.78, 381.509
17099, 41.81, 381.526
17100, 41.88, 381.559
17101, 41.9, 381.576
17102, 41.94, 381.609
17103, 41.95, 381.626
17104, 41.95, 381.642
17105, 41.89, 381.676
17106, 41.86, 381.692
17107, 41.76, 381.726
17108, 41.71, 381.742
17109, 41.61, 381.776
17110, 41.54, 381.792
17111, 41.38, 381.826
17112, 41.3, 381.842
17113, 41.2, 381.859
17114, 40.99, 381.892
17115, 40.88, 381.909
17116, 40.64, 381.942
17117, 40.51, 381.959
17118, 40.24, 381.992
17119, 40.1, 382.009
17120, 39.82, 382.042
17121, 39.68, 382.059
17122, 39.41, 382.092
17123, 39.28, 382.109
17124, 39.02, 382.142
17125, 38.88, 382.159
17126, 38.62, 382.192
17127, 38.37, 382.226
17128, 38.23, 382.242
17129, 38, 382.276
17130, 37.89, 382.292
17131, 37.68, 382.326
17132, 37.58, 382.342
17133, 37.39, 382.376
17134, 37.19, 382.409
17135, 37.09, 382.426
17136, 36.89, 382.459
17137, 36.65, 382.492
17138, 36.54, 382.509
17139, 36.34, 382.542
17140, 36.23, 382.559
17141, 36.04, 382.592
17142, 35.83, 382.626
17143, 35.72, 382.642
17144, 35.52, 382.676
17145, 35.3, 382.709
17146, 35.08, 382.742
17147, 34.99, 382.759
17148, 34.81, 382.792
17149, 34.61, 382.826
17150, 34.54, 382.842
17151, 34.37, 382.876
17152, 34.2, 382.909
17153, 34.07, 382.942
17154, 34.01, 382.959
17155, 33.91, 382.992
17156, 33.84, 383.026
17157, 33.76, 383.076
17158, 33.73, 383.092
17159, 33.71, 383.109
17160, 33.65, 383.142
17161, 33.59, 383.176
17162, 33.53, 383.209
17163, 33.48, 383.242
17164, 33.41, 383.276
17165, 33.38, 383.292
17166, 33.32, 383.326
17167, 33.26, 383.359
17168, 33.21, 383.392
17169, 33.14, 383.426
17170, 33.11, 383.442
17171, 33.06, 383.476
17172, 33.02, 383.509
17173, 32.98, 383.542
17174, 32.96, 383.576
17175, 32.96, 383.609
17176, 32.96, 383.642
17177, 32.97, 383.659
17178, 32.98, 383.692
17179, 32.98, 383.726
17180, 32.97, 383.759
17181, 32.96, 383.792
17182, 32.97, 383.826
17183, 32.97, 383.842
17184, 32.97, 383.876
17185, 32.95, 383.909
17186, 32.95, 383.942
17187, 32.94, 383.976
17188, 32.94, 384.009
17189, 32.94, 384.026
17190, 32.95, 384.059
17191, 32.95, 384.092
17192, 32.97, 384.126
17193, 32.99, 384.159
17194, 33.02, 384.192
17195, 33.05, 384.209
17196, 33.09, 384.242
17197, 33.09, 384.242
17198, 33.22, 384.309
17199, 33.3, 384.342
17200, 33.37, 384.376
17201, 33.41, 384.392
17202, 33.5, 384.426
17203, 33.6, 384.459
17204, 33.69, 384.492
17205, 33.78, 384.526
17206, 33.83, 384.542
17207, 33.91, 384.576
17208, 34, 384.609
17209, 34.08, 384.642
17210, 34.17, 384.676
17211, 34.22, 384.692
17212, 34.31, 384.726
17213, 34.4, 384.759
17214, 34.49, 384.792
17215, 34.54, 384.809
17216, 34.63, 384.842
17217, 34.73, 384.876
17218, 34.76, 384.892
17219, 34.84, 384.926
17220, 34.94, 384.959
17221, 35.04, 384.992
17222, 35.09, 385.009
17223, 35.18, 385.042
17224, 35.27, 385.076
17225, 35.32, 385.092
17226, 35.41, 385.126
17227, 35.5, 385.159
17228, 35.55, 385.176
17229, 35.65, 385.209
17230, 35.75, 385.242
17231, 35.85, 385.276
17232, 35.9, 385.292
17233, 36, 385.326
17234, 36.11, 385.359
17235, 36.16, 385.376
17236, 36.24, 385.409
17237, 36.36, 385.442
17238, 36.42, 385.459
17239, 36.54, 385.492
17240, 36.59, 385.509
17241, 36.69, 385.542
17242, 36.79, 385.576
17243, 36.83, 385.592
17244, 36.92, 385.626
17245, 37.05, 385.659
17246, 37.12, 385.676
17247, 37.22, 385.709
17248, 37.26, 385.726
17249, 37.35, 385.759
17250, 37.45, 385.792
17251, 37.51, 385.809
17252, 37.62, 385.842
17253, 37.67, 385.859
17254, 37.76, 385.892
17255, 37.86, 385.926
17256, 37.91, 385.942
17257, 38, 385.976
17258, 38.04, 385.992
17259, 38.14, 386.026
17260, 38.18, 386.042
17261, 38.28, 386.076
17262, 38.43, 386.109
17263, 38.5, 386.126
17264, 38.62, 386.159
17265, 38.67, 386.176
17266, 38.78, 386.209
17267, 38.83, 386.226
17268, 38.93, 386.259
17269, 38.98, 386.276
17270, 39.09, 386.309
17271, 39.21, 386.342
17272, 39.27, 386.359
17273, 39.36, 386.392
17274, 39.41, 386.409
17275, 39.5, 386.442
17276, 39.55, 386.459
17277, 39.66, 386.492
17278, 39.72, 386.509
17279, 39.83, 386.542
17280, 39.88, 386.559
17281, 39.97, 386.592
17282, 40.02, 386.609
17283, 40.12, 386.642
17284, 40.18, 386.659
17285, 40.3, 386.692
17286, 40.36, 386.709
17287, 40.45, 386.742
17288, 40.5, 386.759
17289, 40.6, 386.792
17290, 40.66, 386.809
17291, 40.76, 386.842
17292, 40.82, 386.859
17293, 40.92, 386.892
17294, 40.97, 386.909
17295, 41.01, 386.926
17296, 40.98, 386.959
17297, 41.06, 386.976
17298, 41.15, 387.009
17299, 41.19, 387.026
17300, 41.27, 387.059
17301, 41.32, 387.076
17302, 41.43, 387.109
17303, 41.49, 387.126
17304, 41.59, 387.159
17305, 41.64, 387.176
17306, 41.69, 387.192
17307, 41.78, 387.226
17308, 41.83, 387.242
17309, 41.93, 387.276
17310, 41.97, 387.292
17311, 42.06, 387.326
17312, 42.1, 387.342
17313, 42.16, 387.359
17314, 42.25, 387.392
17315, 42.3, 387.409
17316, 42.4, 387.442
17317, 42.44, 387.459
17318, 42.44, 387.459
17319, 42.58, 387.509
17320, 42.63, 387.526
17321, 42.63, 387.526
17322, 42.77, 387.576
17323, 42.86, 387.609
17324, 42.93, 387.626
17325, 42.99, 387.642
17326, 43.08, 387.676
17327, 43.11, 387.692
17328, 43.19, 387.726
17329, 43.23, 387.742
17330, 43.26, 387.759
17331, 43.3, 387.792
17332, 43.35, 387.809
17333, 43.45, 387.842
17334, 43.5, 387.859
17335, 43.57, 387.876
17336, 43.57, 387.876
17337, 43.78, 387.926
17338, 43.84, 387.942
17339, 43.95, 387.976
17340, 44, 387.992
17341, 44.11, 388.026
17342, 44.11, 388.026
17343, 44.2, 388.059
17344, 44.3, 388.092
17345, 44.35, 388.109
17346, 44.4, 388.126
17347, 44.49, 388.159
17348, 44.54, 388.176
17349, 44.6, 388.192
17350, 44.71, 388.226
17351, 44.77, 388.242
17352, 44.83, 388.259
17353, 44.94, 388.292
17354, 44.99, 388.309
17355, 45.04, 388.326
17356, 45.14, 388.359
17357, 45.19, 388.376
17358, 45.19, 388.376
17359, 45.19, 388.376
17360, 45.19, 388.376
17361, 45.46, 388.459
17362, 45.57, 388.492
17363, 45.62, 388.509
17364, 45.67, 388.526
17365, 45.77, 388.559
17366, 45.82, 388.576
17367, 45.86, 388.592
17368, 45.96, 388.626
17369, 46.01, 388.642
17370, 46.05, 388.659
17371, 46.15, 388.692
17372, 46.2, 388.709
17373, 46.25, 388.726
17374, 46.3, 388.742
17375, 46.4, 388.776
17376, 46.44, 388.792
17377, 46.49, 388.809
17378, 46.59, 388.842
17379, 46.63, 388.859
17380, 46.68, 388.876
17381, 46.73, 388.892
17382, 46.82, 388.926
17383, 46.86, 388.942
17384, 46.91, 388.959
17385, 46.99, 388.992
17386, 47.04, 389.009
17387, 47.08, 389.026
17388, 47.13, 389.042
17389, 47.21, 389.076
17390, 47.26, 389.092
17391, 47.3, 389.109
17392, 47.39, 389.142
17393, 47.43, 389.159
17394, 47.48, 389.176
17395, 47.52, 389.192
17396, 47.61, 389.226
17397, 47.66, 389.242
17398, 47.7, 389.259
17399, 47.75, 389.276
17400, 47.84, 389.309
17401, 47.88, 389.326
17402, 47.92, 389.342
17403, 47.97, 389.359
17404, 48.05, 389.392
17405, 48.1, 389.409
17406, 48.14, 389.426
17407, 48.19, 389.442
17408, 48.27, 389.476
17409, 48.31, 389.492
17410, 48.36, 389.509
17411, 48.4, 389.526
17412, 48.49, 389.559
17413, 48.53, 389.576
17414, 48.57, 389.592
17415, 48.62, 389.609
17416, 48.7, 389.642
17417, 48.74, 389.659
17418, 48.78, 389.676
17419, 48.82, 389.692
17420, 48.91, 389.726
17421, 48.94, 389.742
17422, 48.98, 389.759
17423, 49.03, 389.776
17424, 49.12, 389.809
17425, 49.17, 389.826
17426, 49.21, 389.842
17427, 49.25, 389.859
17428, 49.29, 389.876
17429, 49.37, 389.909
17430, 49.41, 389.926
17431, 49.45, 389.942
17432, 49.49, 389.959
17433, 49.54, 389.976
17434, 49.54, 389.976
17435, 49.63, 390.026
17436, 49.65, 390.042
17437, 49.63, 390.076
17438, 49.6, 390.092
17439, 49.56, 390.109
17440, 49.53, 390.126
17441, 49.5, 390.142
17442, 49.44, 390.159
17443, 49.35, 390.192
17444, 49.31, 390.209
17445, 49.28, 390.226
17446, 49.24, 390.242
17447, 49.16, 390.276
17448, 49.12, 390.292
17449, 49.09, 390.309
17450, 49.07, 390.326
17451, 49.05, 390.342
17452, 49, 390.376
17453, 48.98, 390.392
17454, 48.96, 390.409
17455, 48.94, 390.426
17456, 48.89, 390.459
17457, 48.86, 390.476
17458, 48.84, 390.492
17459, 48.82, 390.509
17460, 48.78, 390.542
17461, 48.77, 390.559
17462, 48.75, 390.576
17463, 48.73, 390.592
17464, 48.71, 390.609
17465, 48.67, 390.642
17466, 48.66, 390.659
17467, 48.66, 390.676
17468, 48.64, 390.692
17469, 48.6, 390.726
17470, 48.59, 390.742
17471, 48.57, 390.759
17472, 48.56, 390.776
17473, 48.53, 390.809
17474, 48.52, 390.826
17475, 48.5, 390.842
17476, 48.49, 390.859
17477, 48.47, 390.892
17478, 48.47, 390.909
17479, 48.46, 390.926
17480, 48.45, 390.942
17481, 48.43, 390.976
17482, 48.42, 390.992
17483, 48.42, 390.992
17484, 48.42, 390.992
17485, 48.41, 391.059
17486, 48.42, 391.076
17487, 48.42, 391.092
17488, 48.43, 391.109
17489, 48.44, 391.126
17490, 48.46, 391.159
17491, 48.46, 391.176
17492, 48.47, 391.192
17493, 48.48, 391.209
17494, 48.51, 391.242
17495, 48.52, 391.259
17496, 48.54, 391.276
17497, 48.56, 391.292
17498, 48.59, 391.326
17499, 48.6, 391.342
17500, 48.61, 391.359
17501, 48.62, 391.376
17502, 48.63, 391.409
17503, 48.64, 391.426
17504, 48.65, 391.442
17505, 48.66, 391.459
17506, 48.67, 391.476
17507, 48.68, 391.509
17508, 48.68, 391.526
17509, 48.68, 391.542
17510, 48.68, 391.559
17511, 48.68, 391.592
17512, 48.68, 391.609
17513, 48.68, 391.626
17514, 48.68, 391.642
17515, 48.69, 391.659
17516, 48.7, 391.692
17517, 48.71, 391.709
17518, 48.71, 391.726
17519, 48.72, 391.742
17520, 48.73, 391.776
17521, 48.75, 391.792
17522, 48.76, 391.809
17523, 48.78, 391.826
17524, 48.79, 391.842
17525, 48.83, 391.876
17526, 48.85, 391.892
17527, 48.87, 391.909
17528, 48.88, 391.926
17529, 48.91, 391.959
17530, 48.93, 391.976
17531, 48.96, 391.992
17532, 48.98, 392.009
17533, 49.01, 392.026
17534, 49.08, 392.059
17535, 49.11, 392.076
17536, 49.14, 392.092
17537, 49.17, 392.109
17538, 49.19, 392.126
17539, 49.25, 392.159
17540, 49.28, 392.176
17541, 49.34, 392.192
17542, 49.39, 392.209
17543, 49.45, 392.242
17544, 49.49, 392.259
17545, 49.53, 392.276
17546, 49.57, 392.292
17547, 49.61, 392.309
17548, 49.68, 392.342
17549, 49.72, 392.359
17550, 49.76, 392.376
17551, 49.79, 392.392
17552, 49.82, 392.409
17553, 49.88, 392.442
17554, 49.89, 392.459
17555, 49.89, 392.476
17556, 49.88, 392.492
17557, 49.85, 392.509
17558, 49.76, 392.542
17559, 49.68, 392.559
17560, 49.61, 392.576
17561, 49.56, 392.592
17562, 49.49, 392.609
17563, 49.34, 392.642
17564, 49.26, 392.659
17565, 49.17, 392.676
17566, 49.08, 392.692
17567, 48.88, 392.726
17568, 48.78, 392.742
17569, 48.68, 392.759
17570, 48.58, 392.776
17571, 48.48, 392.792
17572, 48.28, 392.826
17573, 48.19, 392.842
17574, 48.09, 392.859
17575, 47.99, 392.876
17576, 47.79, 392.909
17577, 47.69, 392.926
17578, 47.58, 392.942
17579, 47.4, 392.976
17580, 47.31, 392.992
17581, 47.22, 393.009
17582, 47.14, 393.026
17583, 47, 393.059
17584, 46.93, 393.076
17585, 46.86, 393.092
17586, 46.8, 393.109
17587, 46.69, 393.142
17588, 46.65, 393.159
17589, 46.61, 393.176
17590, 46.55, 393.209
17591, 46.53, 393.226
17592, 46.51, 393.242
17593, 46.5, 393.259
17594, 46.45, 393.292
17595, 46.43, 393.309
17596, 46.41, 393.326
17597, 46.37, 393.359
17598, 46.34, 393.376
17599, 46.31, 393.392
17600, 46.26, 393.426
17601, 46.24, 393.442
17602, 46.22, 393.459
17603, 46.2, 393.476
17604, 46.16, 393.509
17605, 46.14, 393.526
17606, 46.12, 393.542
17607, 46.06, 393.576
17608, 46.03, 393.592
17609, 46, 393.609
17610, 45.94, 393.642
17611, 45.91, 393.659
17612, 45.88, 393.676
17613, 45.82, 393.709
17614, 45.79, 393.726
17615, 45.75, 393.742
17616, 45.72, 393.759
17617, 45.64, 393.792
17618, 45.61, 393.809
17619, 45.57, 393.826
17620, 45.48, 393.859
17621, 45.44, 393.876
17622, 45.41, 393.892
17623, 45.33, 393.926
17624, 45.3, 393.942
17625, 45.27, 393.959
17626, 45.2, 393.992
17627, 45.17, 394.009
17628, 45.13, 394.026
17629, 45.07, 394.059
17630, 45.04, 394.076
17631, 45.01, 394.092
17632, 44.95, 394.126
17633, 44.92, 394.142
17634, 44.89, 394.159
17635, 44.84, 394.192
17636, 44.81, 394.209
17637, 44.79, 394.226
17638, 44.74, 394.259
17639, 44.72, 394.276
17640, 44.7, 394.292
17641, 44.66, 394.326
17642, 44.65, 394.342
17643, 44.61, 394.376
17644, 44.59, 394.392
17645, 44.58, 394.409
17646, 44.54, 394.442
17647, 44.52, 394.459
17648, 44.51, 394.476
17649, 44.48, 394.509
17650, 44.46, 394.526
17651, 44.45, 394.542
17652, 44.42, 394.576
17653, 44.4, 394.592
17654, 44.39, 394.609
17655, 44.37, 394.642
17656, 44.37, 394.659
17657, 44.34, 394.692
17658, 44.33, 394.709
17659, 44.32, 394.726
17660, 44.3, 394.759
17661, 44.29, 394.776
17662, 44.27, 394.792
17663, 44.25, 394.826
17664, 44.24, 394.842
17665, 44.23, 394.859
17666, 44.22, 394.892
17667, 44.22, 394.909
17668, 44.21, 394.942
17669, 44.21, 394.959
17670, 44.21, 394.976
17671, 44.22, 395.009
17672, 44.22, 395.026
17673, 44.23, 395.042
17674, 44.24, 395.076
17675, 44.25, 395.092
17676, 44.27, 395.126
17677, 44.28, 395.142
17678, 44.29, 395.159
17679, 44.31, 395.192
17680, 44.33, 395.209
17681, 44.34, 395.226
17682, 44.38, 395.259
17683, 44.39, 395.276
17684, 44.41, 395.292
17685, 44.45, 395.326
17686, 44.47, 395.342
17687, 44.5, 395.376
17688, 44.52, 395.392
17689, 44.54, 395.409
17690, 44.59, 395.442
17691, 44.61, 395.459
17692, 44.63, 395.476
17693, 44.68, 395.509
17694, 44.7, 395.526
17695, 44.73, 395.542
17696, 44.78, 395.576
17697, 44.8, 395.592
17698, 44.83, 395.609
17699, 44.88, 395.642
17700, 44.9, 395.659
17701, 44.91, 395.676
17702, 44.92, 395.709
17703, 44.93, 395.726
17704, 44.93, 395.742
17705, 44.92, 395.776
17706, 44.91, 395.792
17707, 44.9, 395.826
17708, 44.89, 395.842
17709, 44.88, 395.859
17710, 44.83, 395.892
17711, 44.8, 395.909
17712, 44.78, 395.926
17713, 44.74, 395.959
17714, 44.73, 395.976
17715, 44.7, 395.992
17716, 44.67, 396.026
17717, 44.65, 396.042
17718, 44.63, 396.059
17719, 44.59, 396.092
17720, 44.56, 396.109
17721, 44.53, 396.126
17722, 44.47, 396.159
17723, 44.44, 396.176
17724, 44.41, 396.192
17725, 44.34, 396.226
17726, 44.3, 396.242
17727, 44.27, 396.259
17728, 44.22, 396.292
17729, 44.21, 396.309
17730, 44.2, 396.326
17731, 44.19, 396.359
17732, 44.19, 396.376
17733, 44.19, 396.409
17734, 44.19, 396.426
17735, 44.19, 396.442
17736, 44.18, 396.476
17737, 44.17, 396.492
17738, 44.17, 396.509
17739, 44.16, 396.542
17740, 44.15, 396.559
17741, 44.14, 396.576
17742, 44.1, 396.609
17743, 44.09, 396.626
17744, 44.07, 396.642
17745, 44.03, 396.676
17746, 44.03, 396.692
17747, 44.03, 396.709
17748, 44.05, 396.742
17749, 44.06, 396.759
17750, 44.08, 396.792
17751, 44.08, 396.809
17752, 44.09, 396.826
17753, 44.11, 396.859
17754, 44.11, 396.876
17755, 44.11, 396.892
17756, 44.11, 396.926
17757, 44.11, 396.942
17758, 44.11, 396.976
17759, 44.11, 396.992
17760, 44.11, 397.009
17761, 44.1, 397.042
17762, 44.1, 397.059
17763, 44.09, 397.076
17764, 44.08, 397.109
17765, 44.08, 397.126
17766, 44.1, 397.159
17767, 44.11, 397.176
17768, 44.12, 397.192
17769, 44.15, 397.226
17770, 44.17, 397.242
17771, 44.18, 397.259
17772, 44.22, 397.292
17773, 44.24, 397.309
17774, 44.29, 397.342
17775, 44.31, 397.359
17776, 44.33, 397.376
17777, 44.38, 397.409
17778, 44.41, 397.426
17779, 44.44, 397.442
17780, 44.51, 397.476
17781, 44.55, 397.492
17782, 44.62, 397.526
17783, 44.64, 397.542
17784, 44.67, 397.559
17785, 44.73, 397.592
17786, 44.77, 397.609
17787, 44.8, 397.626
17788, 44.86, 397.659
17789, 44.9, 397.676
17790, 44.93, 397.692
17791, 44.99, 397.726
17792, 45.01, 397.742
17793, 45.03, 397.759
17794, 45.1, 397.792
17795, 45.15, 397.809
17796, 45.19, 397.826
17797, 45.24, 397.859
17798, 45.27, 397.876
17799, 45.31, 397.892
17800, 45.39, 397.926
17801, 45.44, 397.942
17802, 45.5, 397.959
17803, 45.6, 397.992
17804, 45.65, 398.009
17805, 45.71, 398.026
17806, 45.81, 398.059
17807, 45.86, 398.076
17808, 45.92, 398.092
17809, 46.03, 398.126
17810, 46.08, 398.142
17811, 46.14, 398.159
17812, 46.25, 398.192
17813, 46.31, 398.209
17814, 46.36, 398.226
17815, 46.47, 398.259
17816, 46.52, 398.276
17817, 46.57, 398.292
17818, 46.63, 398.309
17819, 46.74, 398.342
17820, 46.79, 398.359
17821, 46.84, 398.376
17822, 46.94, 398.409
17823, 46.99, 398.426
17824, 47.04, 398.442
17825, 47.09, 398.459
17826, 47.2, 398.492
17827, 47.25, 398.509
17828, 47.3, 398.526
17829, 47.37, 398.559
17830, 47.42, 398.576
17831, 47.46, 398.592
17832, 47.5, 398.609
17833, 47.62, 398.642
17834, 47.67, 398.659
17835, 47.7, 398.676
17836, 47.74, 398.692
17837, 47.86, 398.726
17838, 47.91, 398.742
17839, 47.96, 398.759
17840, 48, 398.776
17841, 48.09, 398.809
17842, 48.15, 398.826
17843, 48.2, 398.842
17844, 48.25, 398.859
17845, 48.34, 398.892
17846, 48.36, 398.909
17847, 48.38, 398.926
17848, 48.39, 398.942
17849, 48.39, 398.976
17850, 48.37, 398.992
17851, 48.32, 399.009
17852, 48.25, 399.026
17853, 48.03, 399.059
17854, 47.9, 399.076
17855, 47.77, 399.092
17856, 47.62, 399.109
17857, 47.28, 399.142
17858, 47.12, 399.159
17859, 46.95, 399.176
17860, 46.79, 399.192
17861, 46.44, 399.226
17862, 46.27, 399.242
17863, 46.09, 399.259
17864, 45.74, 399.292
17865, 45.55, 399.309
17866, 45.38, 399.326
17867, 45.01, 399.359
17868, 44.82, 399.376
17869, 44.64, 399.392
17870, 44.28, 399.426
17871, 44.11, 399.442
17872, 43.96, 399.459
17873, 43.66, 399.492
17874, 43.52, 399.509
17875, 43.27, 399.542
17876, 43.16, 399.559
17877, 43.05, 399.576
17878, 42.84, 399.609
17879, 42.74, 399.626
17880, 42.55, 399.659
17881, 42.46, 399.676
17882, 42.38, 399.692
17883, 42.21, 399.726
17884, 42.13, 399.742
17885, 41.93, 399.776
17886, 41.82, 399.792
17887, 41.63, 399.826
17888, 41.55, 399.842
17889, 41.46, 399.859
17890, 41.26, 399.892
17891, 41.17, 399.909
17892, 41.01, 399.942
17893, 40.94, 399.959
17894, 40.8, 399.992
17895, 40.74, 400.009
17896, 40.62, 400.042
17897, 40.56, 400.059
17898, 40.47, 400.092
17899, 40.43, 400.109
17900, 40.35, 400.142
17901, 40.31, 400.159
17902, 40.22, 400.192
17903, 40.18, 400.209
17904, 40.1, 400.242
17905, 40.07, 400.259
17906, 40, 400.292
17907, 39.96, 400.309
17908, 39.89, 400.342
17909, 39.86, 400.359
17910, 39.77, 400.392
17911, 39.73, 400.409
17912, 39.62, 400.442
17913, 39.57, 400.459
17914, 39.46, 400.492
17915, 39.41, 400.509
17916, 39.31, 400.542
17917, 39.27, 400.559
17918, 39.2, 400.592
17919, 39.16, 400.609
17920, 39.07, 400.642
17921, 38.98, 400.676
17922, 38.93, 400.692
17923, 38.83, 400.726
17924, 38.78, 400.742
17925, 38.69, 400.776
17926, 38.65, 400.792
17927, 38.56, 400.826
17928, 38.51, 400.842
17929, 38.41, 400.876
17930, 38.36, 400.892
17931, 38.28, 400.926
17932, 38.23, 400.942
17933, 38.15, 400.976
17934, 38.11, 401.009
17935, 38.09, 401.026
17936, 38.05, 401.059
17937, 38.03, 401.076
17938, 38.01, 401.109
17939, 38.01, 401.126
17940, 37.99, 401.159
17941, 38, 401.192
17942, 38.01, 401.209
17943, 38.03, 401.242
17944, 38.03, 401.259
17945, 38.06, 401.292
17946, 38.08, 401.309
17947, 38.1, 401.342
17948, 38.12, 401.376
17949, 38.13, 401.392
17950, 38.16, 401.426
17951, 38.16, 401.442
17952, 38.19, 401.476
17953, 38.21, 401.492
17954, 38.25, 401.526
17955, 38.3, 401.559
17956, 38.33, 401.576
17957, 38.37, 401.609
17958, 38.4, 401.626
17959, 38.46, 401.659
17960, 38.49, 401.676
17961, 38.52, 401.709
17962, 38.54, 401.726
17963, 38.58, 401.759
17964, 38.64, 401.792
17965, 38.66, 401.809
17966, 38.69, 401.842
17967, 38.7, 401.859
17968, 38.73, 401.892
17969, 38.74, 401.909
17970, 38.75, 401.942
17971, 38.76, 401.959
17972, 38.79, 401.992
17973, 38.81, 402.026
17974, 38.82, 402.042
17975, 38.84, 402.076
17976, 38.84, 402.092
17977, 38.84, 402.126
17978, 38.84, 402.142
17979, 38.84, 402.176
17980, 38.84, 402.192
17981, 38.84, 402.226
17982, 38.86, 402.259
17983, 38.87, 402.276
17984, 38.88, 402.309
17985, 38.89, 402.326
17986, 38.92, 402.359
17987, 38.94, 402.376
17988, 39.02, 402.409
17989, 39.06, 402.426
17990, 39.12, 402.459
17991, 39.14, 402.476
17992, 39.2, 402.509
17993, 39.27, 402.542
17994, 39.3, 402.559
17995, 39.35, 402.592
17996, 39.37, 402.609
17997, 39.42, 402.642
17998, 39.44, 402.659
17999, 39.5, 402.692
18000, 39.54, 402.709
18001, 39.63, 402.742
18002, 39.67, 402.759
18003, 39.75, 402.792
18004, 39.8, 402.809
18005, 39.9, 402.842
18006, 39.95, 402.859
18007, 40.03, 402.892
18008, 40.06, 402.909
18009, 40.14, 402.942
18010, 40.2, 402.959
18011, 40.34, 402.992
18012, 40.39, 403.009
18013, 40.49, 403.042
18014, 40.56, 403.059
18015, 40.68, 403.092
18016, 40.73, 403.109
18017, 40.82, 403.142
18018, 40.88, 403.159
18019, 40.93, 403.192
18020, 40.94, 403.209
18021, 41.05, 403.242
18022, 41.1, 403.259
18023, 41.21, 403.292
18024, 41.26, 403.309
18025, 41.38, 403.342
18026, 41.44, 403.359
18027, 41.49, 403.376
18028, 41.61, 403.409
18029, 41.66, 403.426
18030, 41.79, 403.459
18031, 41.85, 403.476
18032, 41.98, 403.509
18033, 42.04, 403.526
18034, 42.16, 403.559
18035, 42.22, 403.576
18036, 42.27, 403.592
18037, 42.4, 403.626
18038, 42.46, 403.642
18039, 42.57, 403.676
18040, 42.63, 403.692
18041, 42.75, 403.726
18042, 42.8, 403.742
18043, 42.86, 403.759
18044, 42.99, 403.792
18045, 43.06, 403.809
18046, 43.17, 403.842
18047, 43.22, 403.859
18048, 43.28, 403.876
18049, 43.37, 403.909
18050, 43.42, 403.926
18051, 43.48, 403.942
18052, 43.62, 403.976
18053, 43.68, 403.992
18054, 43.81, 404.026
18055, 43.88, 404.042
18056, 43.93, 404.059
18057, 44.02, 404.092
18058, 44.07, 404.109
18059, 44.16, 404.142
18060, 44.19, 404.159
18061, 44.23, 404.176
18062, 44.31, 404.209
18063, 44.35, 404.226
18064, 44.39, 404.242
18065, 44.46, 404.276
18066, 44.49, 404.292
18067, 44.52, 404.309
18068, 44.57, 404.342
18069, 44.6, 404.359
18070, 44.61, 404.376
18071, 44.64, 404.409
18072, 44.65, 404.426
18073, 44.64, 404.459
18074, 44.63, 404.476
18075, 44.6, 404.492
18076, 44.49, 404.526
18077, 44.41, 404.542
18078, 44.31, 404.559
18079, 44.1, 404.592
18080, 43.98, 404.609
18081, 43.87, 404.626
18082, 43.6, 404.659
18083, 43.46, 404.676
18084, 43.2, 404.709
18085, 43.07, 404.726
18086, 42.92, 404.742
18087, 42.63, 404.776
18088, 42.5, 404.792
18089, 42.21, 404.826
18090, 42.07, 404.842
18091, 41.81, 404.876
18092, 41.68, 404.892
18093, 41.56, 404.909
18094, 41.32, 404.942
18095, 41.21, 404.959
18096, 41.01, 404.992
18097, 40.92, 405.009
18098, 40.76, 405.042
18099, 40.68, 405.059
18100, 40.52, 405.092
18101, 40.45, 405.109
18102, 40.33, 405.142
18103, 40.27, 405.159
18104, 40.13, 405.192
18105, 40.08, 405.209
18106, 40.02, 405.242
18107, 39.99, 405.259
18108, 39.95, 405.292
18109, 39.94, 405.309
18110, 39.93, 405.342
18111, 39.92, 405.359
18112, 39.91, 405.392
18113, 39.9, 405.409
18114, 39.89, 405.442
18115, 39.88, 405.476
18116, 39.87, 405.492
18117, 39.86, 405.526
18118, 39.85, 405.542
18119, 39.84, 405.576
18120, 39.83, 405.592
18121, 39.83, 405.626
18122, 39.82, 405.642
18123, 39.81, 405.676
18124, 39.8, 405.692
18125, 39.79, 405.726
18126, 39.78, 405.742
18127, 39.75, 405.776
18128, 39.73, 405.792
18129, 39.67, 405.826
18130, 39.64, 405.842
18131, 39.57, 405.876
18132, 39.53, 405.892
18133, 39.44, 405.926
18134, 39.35, 405.959
18135, 39.3, 405.976
18136, 39.24, 406.009
18137, 39.19, 406.026
18138, 39.09, 406.059
18139, 39.04, 406.076
18140, 38.99, 406.109
18141, 38.97, 406.126
18142, 38.92, 406.159
18143, 38.88, 406.192
18144, 38.85, 406.209
18145, 38.82, 406.242
18146, 38.8, 406.259
18147, 38.76, 406.292
18148, 38.74, 406.309
18149, 38.68, 406.342
18150, 38.65, 406.359
18151, 38.6, 406.392
18152, 38.58, 406.409
18153, 38.52, 406.442
18154, 38.46, 406.476
18155, 38.42, 406.492
18156, 38.35, 406.526
18157, 38.32, 406.542
18158, 38.26, 406.576
18159, 38.23, 406.592
18160, 38.18, 406.626
18161, 38.12, 406.659
18162, 38.09, 406.676
18163, 38.02, 406.709
18164, 37.98, 406.726
18165, 37.92, 406.759
18166, 37.89, 406.776
18167, 37.83, 406.809
18168, 37.77, 406.842
18169, 37.73, 406.859
18170, 37.66, 406.892
18171, 37.63, 406.909
18172, 37.56, 406.942
18173, 37.51, 406.976
18174, 37.49, 406.992
18175, 37.44, 407.026
18176, 37.42, 407.042
18177, 37.39, 407.076
18178, 37.35, 407.109
18179, 37.32, 407.126
18180, 37.26, 407.159
18181, 37.2, 407.192
18182, 37.17, 407.209
18183, 37.13, 407.242
18184, 37.12, 407.259
18185, 37.09, 407.292
18186, 37.05, 407.326
18187, 37.03, 407.342
18188, 36.97, 407.376
18189, 36.93, 407.392
18190, 36.88, 407.426
18191, 36.83, 407.459
18192, 36.81, 407.476
18193, 36.78, 407.509
18194, 36.74, 407.542
18195, 36.71, 407.559
18196, 36.66, 407.592
18197, 36.64, 407.609
18198, 36.58, 407.642
18199, 36.54, 407.676
18200, 36.52, 407.692
18201, 36.46, 407.726
18202, 36.42, 407.759
18203, 36.4, 407.776
18204, 36.36, 407.809
18205, 36.34, 407.826
18206, 36.31, 407.859
18207, 36.27, 407.892
18208, 36.26, 407.909
18209, 36.23, 407.942
18210, 36.2, 407.976
18211, 36.18, 407.992
18212, 36.15, 408.026
18213, 36.15, 408.059
18214, 36.16, 408.076
18215, 36.19, 408.109
18216, 36.23, 408.142
18217, 36.26, 408.159
18218, 36.31, 408.192
18219, 36.38, 408.226
18220, 36.43, 408.242
18221, 36.53, 408.276
18222, 36.64, 408.309
18223, 36.7, 408.326
18224, 36.82, 408.359
18225, 36.87, 408.376
18226, 36.97, 408.409
18227, 37.11, 408.442
18228, 37.18, 408.459
18229, 37.31, 408.492
18230, 37.42, 408.526
18231, 37.49, 408.542
18232, 37.66, 408.576
18233, 37.74, 408.592
18234, 37.89, 408.626
18235, 37.95, 408.642
18236, 38.08, 408.676
18237, 38.21, 408.709
18238, 38.27, 408.726
18239, 38.42, 408.759
18240, 38.49, 408.776
18241, 38.63, 408.809
18242, 38.69, 408.826
18243, 38.81, 408.859
18244, 38.95, 408.892
18245, 39.03, 408.909
18246, 39.16, 408.942
18247, 39.22, 408.959
18248, 39.35, 408.992
18249, 39.41, 409.009
18250, 39.54, 409.042
18251, 39.61, 409.059
18252, 39.74, 409.092
18253, 39.8, 409.109
18254, 39.92, 409.142
18255, 39.98, 409.159
18256, 40.13, 409.192
18257, 40.2, 409.209
18258, 40.33, 409.242
18259, 40.39, 409.259
18260, 40.52, 409.292
18261, 40.57, 409.309
18262, 40.68, 409.342
18263, 40.74, 409.359
18264, 40.85, 409.392
18265, 40.89, 409.409
18266, 40.99, 409.442
18267, 41.05, 409.459
18268, 41.17, 409.492
18269, 41.24, 409.509
18270, 41.29, 409.526
18271, 41.36, 409.559
18272, 41.4, 409.576
18273, 41.51, 409.609
18274, 41.56, 409.626
18275, 41.67, 409.659
18276, 41.73, 409.676
18277, 41.83, 409.709
18278, 41.87, 409.726
18279, 41.9, 409.742
18280, 41.89, 409.776
18281, 41.88, 409.792
18282, 41.84, 409.826
18283, 41.79, 409.842
18284, 41.75, 409.876
18285, 41.75, 409.892
18286, 41.7, 409.926
18287, 41.65, 409.942
18288, 41.6, 409.959
18289, 41.49, 409.992
18290, 41.43, 410.009
18291, 41.29, 410.042
18292, 41.21, 410.059
18293, 41.06, 410.092
18294, 40.98, 410.109
18295, 40.81, 410.142
18296, 40.72, 410.159
18297, 40.54, 410.192
18298, 40.45, 410.209
18299, 40.27, 410.242
18300, 40.18, 410.259
18301, 40.01, 410.292
18302, 39.94, 410.309
18303, 39.83, 410.342
18304, 39.78, 410.359
18305, 39.67, 410.392
18306, 39.62, 410.409
18307, 39.53, 410.442
18308, 39.48, 410.459
18309, 39.36, 410.492
18310, 39.31, 410.509
18311, 39.19, 410.542
18312, 39.13, 410.559
18313, 39, 410.592
18314, 38.95, 410.609
18315, 38.84, 410.642
18316, 38.78, 410.659
18317, 38.7, 410.692
18318, 38.63, 410.726
18319, 38.6, 410.742
18320, 38.55, 410.776
18321, 38.53, 410.792
18322, 38.49, 410.826
18323, 38.46, 410.842
18324, 38.42, 410.876
18325, 38.39, 410.909
18326, 38.36, 410.926
18327, 38.29, 410.959
18328, 38.26, 410.976
18329, 38.21, 411.009
18330, 38.19, 411.026
18331, 38.13, 411.059
18332, 38.09, 411.092
18333, 38.06, 411.109
18334, 38.02, 411.142
18335, 37.99, 411.159
18336, 37.92, 411.192
18337, 37.87, 411.226
18338, 37.84, 411.242
18339, 37.78, 411.276
18340, 37.74, 411.292
18341, 37.63, 411.326
18342, 37.58, 411.342
18343, 37.49, 411.376
18344, 37.4, 411.409
18345, 37.36, 411.426
18346, 37.29, 411.459
18347, 37.27, 411.476
18348, 37.23, 411.509
18349, 37.21, 411.526
18350, 37.16, 411.559
18351, 37.11, 411.592
18352, 37.08, 411.609
18353, 37.03, 411.642
18354, 37, 411.659
18355, 36.95, 411.692
18356, 36.9, 411.726
18357, 36.87, 411.742
18358, 36.81, 411.776
18359, 36.75, 411.809
18360, 36.72, 411.826
18361, 36.66, 411.859
18362, 36.63, 411.876
18363, 36.57, 411.909
18364, 36.51, 411.942
18365, 36.48, 411.959
18366, 36.43, 411.992
18367, 36.37, 412.026
18368, 36.35, 412.042
18369, 36.29, 412.076
18370, 36.26, 412.092
18371, 36.22, 412.126
18372, 36.17, 412.159
18373, 36.15, 412.176
18374, 36.11, 412.209
18375, 36.06, 412.242
18376, 36.04, 412.259
18377, 35.99, 412.292
18378, 35.95, 412.326
18379, 35.93, 412.342
18380, 35.9, 412.376
18381, 35.93, 412.409
18382, 35.94, 412.426
18383, 35.97, 412.459
18384, 36.02, 412.492
18385, 36.06, 412.509
18386, 36.13, 412.542
18387, 36.21, 412.576
18388, 36.25, 412.592
18389, 36.35, 412.626
18390, 36.39, 412.642
18391, 36.5, 412.676
18392, 36.61, 412.709
18393, 36.66, 412.726
18394, 36.77, 412.759
18395, 36.89, 412.792
18396, 36.94, 412.809
18397, 37.07, 412.842
18398, 37.19, 412.876
18399, 37.24, 412.892
18400, 37.36, 412.926
18401, 37.48, 412.959
18402, 37.54, 412.976
18403, 37.65, 413.009
18404, 37.71, 413.026
18405, 37.83, 413.059
18406, 37.93, 413.092
18407, 37.99, 413.109
18408, 38.11, 413.142
18409, 38.18, 413.159
18410, 38.3, 413.192
18411, 38.43, 413.226
18412, 38.49, 413.242
18413, 38.58, 413.276
18414, 38.62, 413.292
18415, 38.76, 413.326
18416, 38.83, 413.342
18417, 38.96, 413.376
18418, 39.01, 413.392
18419, 39.13, 413.426
18420, 39.26, 413.459
18421, 39.33, 413.476
18422, 39.44, 413.509
18423, 39.51, 413.526
18424, 39.63, 413.559
18425, 39.69, 413.576
18426, 39.8, 413.609
18427, 39.86, 413.626
18428, 39.99, 413.659
18429, 40.05, 413.676
18430, 40.18, 413.709
18431, 40.24, 413.726
18432, 40.36, 413.759
18433, 40.41, 413.776
18434, 40.53, 413.809
18435, 40.59, 413.826
18436, 40.71, 413.859
18437, 40.77, 413.876
18438, 40.88, 413.909
18439, 40.94, 413.926
18440, 41.05, 413.959
18441, 41.1, 413.976
18442, 41.2, 414.009
18443, 41.26, 414.026
18444, 41.37, 414.059
18445, 41.43, 414.076
18446, 41.48, 414.092
18447, 41.59, 414.126
18448, 41.64, 414.142
18449, 41.74, 414.176
18450, 41.8, 414.192
18451, 41.9, 414.226
18452, 41.96, 414.242
18453, 42.06, 414.276
18454, 42.11, 414.292
18455, 42.16, 414.309
18456, 42.23, 414.342
18457, 42.2, 414.359
18458, 42.3, 414.392
18459, 42.36, 414.409
18460, 42.4, 414.426
18461, 42.49, 414.459
18462, 42.55, 414.476
18463, 42.64, 414.509
18464, 42.69, 414.526
18465, 42.78, 414.559
18466, 42.84, 414.576
18467, 42.89, 414.592
18468, 42.99, 414.626
18469, 43.04, 414.642
18470, 43.14, 414.676
18471, 43.19, 414.692
18472, 43.24, 414.709
18473, 43.33, 414.742
18474, 43.38, 414.759
18475, 43.43, 414.776
18476, 43.52, 414.809
18477, 43.57, 414.826
18478, 43.66, 414.859
18479, 43.71, 414.876
18480, 43.76, 414.892
18481, 43.85, 414.926
18482, 43.9, 414.942
18483, 43.95, 414.959
18484, 44.04, 414.992
18485, 44.08, 415.009
18486, 44.16, 415.042
18487, 44.19, 415.059
18488, 44.22, 415.076
18489, 44.26, 415.109
18490, 44.28, 415.126
18491, 44.29, 415.142
18492, 44.29, 415.176
18493, 44.27, 415.192
18494, 44.25, 415.209
18495, 44.18, 415.242
18496, 44.13, 415.259
18497, 44.06, 415.276
18498, 43.85, 415.309
18499, 43.72, 415.326
18500, 43.42, 415.359
18501, 43.26, 415.376
18502, 43.09, 415.392
18503, 42.75, 415.426
18504, 42.57, 415.442
18505, 42.21, 415.476
18506, 42.03, 415.492
18507, 41.86, 415.509
18508, 41.51, 415.542
18509, 41.33, 415.559
18510, 40.99, 415.592
18511, 40.82, 415.609
18512, 40.49, 415.642
18513, 40.33, 415.659
18514, 40, 415.692
18515, 39.83, 415.709
18516, 39.5, 415.742
18517, 39.35, 415.759
18518, 39.06, 415.792
18519, 38.91, 415.809
18520, 38.64, 415.842
18521, 38.51, 415.859
18522, 38.27, 415.892
18523, 38.05, 415.926
18524, 37.94, 415.942
18525, 37.72, 415.976
18526, 37.6, 415.992
18527, 37.41, 416.026
18528, 37.24, 416.059
18529, 37.16, 416.076
18530, 37.01, 416.109
18531, 36.95, 416.126
18532, 36.83, 416.159
18533, 36.71, 416.192
18534, 36.66, 416.209
18535, 36.57, 416.242
18536, 36.46, 416.276
18537, 36.4, 416.292
18538, 36.31, 416.326
18539, 36.21, 416.359
18540, 36.17, 416.376
18541, 36.08, 416.409
18542, 36.01, 416.442
18543, 35.98, 416.459
18544, 35.91, 416.492
18545, 35.84, 416.526
18546, 35.81, 416.542
18547, 35.75, 416.576
18548, 35.67, 416.609
18549, 35.64, 416.626
18550, 35.56, 416.659
18551, 35.5, 416.692
18552, 35.47, 416.709
18553, 35.42, 416.742
18554, 35.36, 416.776
18555, 35.35, 416.809
18556, 35.33, 416.826
18557, 35.27, 416.859
18558, 35.2, 416.892
18559, 35.17, 416.909
18560, 35.07, 416.942
18561, 34.97, 416.976
18562, 34.95, 416.992
18563, 34.88, 417.026
18564, 34.79, 417.059
18565, 34.75, 417.076
18566, 34.67, 417.109
18567, 34.59, 417.142
18568, 34.55, 417.159
18569, 34.48, 417.192
18570, 34.41, 417.226
18571, 34.4, 417.242
18572, 34.39, 417.276
18573, 34.35, 417.309
18574, 34.33, 417.326
18575, 34.33, 417.359
18576, 34.32, 417.392
18577, 34.32, 417.409
18578, 34.3, 417.442
18579, 34.26, 417.476
18580, 34.22, 417.492
18581, 34.15, 417.526
18582, 34.07, 417.559
18583, 34.03, 417.576
18584, 33.94, 417.609
18585, 33.84, 417.642
18586, 33.79, 417.659
18587, 33.7, 417.692
18588, 33.61, 417.726
18589, 33.56, 417.742
18590, 33.46, 417.776
18591, 33.37, 417.809
18592, 33.32, 417.826
18593, 33.22, 417.859
18594, 33.13, 417.892
18595, 33.08, 417.909
18596, 32.99, 417.942
18597, 32.92, 417.976
18598, 32.86, 418.009
18599, 32.84, 418.026
18600, 32.8, 418.059
18601, 32.76, 418.092
18602, 32.74, 418.109
18603, 32.72, 418.142
18604, 32.73, 418.176
18605, 32.75, 418.209
18606, 32.76, 418.226
18607, 32.8, 418.259
18608, 32.83, 418.292
18609, 32.87, 418.326
18610, 32.9, 418.342
18611, 32.97, 418.376
18612, 33.04, 418.409
18613, 33.09, 418.442
18614, 33.14, 418.476
18615, 33.17, 418.492
18616, 33.23, 418.526
18617, 33.29, 418.559
18618, 33.36, 418.592
18619, 33.42, 418.626
18620, 33.45, 418.642
18621, 33.51, 418.676
18622, 33.57, 418.709
18623, 33.61, 418.742
18624, 33.67, 418.776
18625, 33.7, 418.792
18626, 33.76, 418.826
18627, 33.82, 418.859
18628, 33.88, 418.892
18629, 33.93, 418.926
18630, 33.96, 418.942
18631, 34.02, 418.976
18632, 34.09, 419.009
18633, 34.14, 419.042
18634, 34.19, 419.076
18635, 34.22, 419.092
18636, 34.27, 419.126
18637, 34.32, 419.159
18638, 34.4, 419.192
18639, 34.45, 419.209
18640, 34.55, 419.242
18641, 34.64, 419.276
18642, 34.72, 419.309
18643, 34.76, 419.326
18644, 34.84, 419.359
18645, 34.93, 419.392
18646, 35.04, 419.426
18647, 35.1, 419.442
18648, 35.19, 419.476
18649, 35.29, 419.509
18650, 35.4, 419.542
18651, 35.46, 419.559
18652, 35.56, 419.592
18653, 35.65, 419.626
18654, 35.69, 419.642
18655, 35.79, 419.676
18656, 35.9, 419.709
18657, 35.95, 419.726
18658, 36.04, 419.759
18659, 36.15, 419.792
18660, 36.2, 419.809
18661, 36.31, 419.842
18662, 36.42, 419.876
18663, 36.47, 419.892
18664, 36.55, 419.926
18665, 36.65, 419.959
18666, 36.71, 419.976
18667, 36.81, 420.009
18668, 36.91, 420.042
18669, 36.97, 420.059
18670, 37.08, 420.092
18671, 37.19, 420.126
18672, 37.23, 420.142
18673, 37.33, 420.176
18674, 37.44, 420.209
18675, 37.49, 420.226
18676, 37.58, 420.259
18677, 37.62, 420.276
18678, 37.71, 420.309
18679, 37.81, 420.342
18680, 37.85, 420.359
18681, 37.93, 420.392
18682, 37.97, 420.409
18683, 38.08, 420.442
18684, 38.13, 420.459
18685, 38.22, 420.492
18686, 38.32, 420.526
18687, 38.37, 420.542
18688, 38.47, 420.576
18689, 38.51, 420.592
18690, 38.62, 420.626
18691, 38.73, 420.659
18692, 38.78, 420.676
18693, 38.88, 420.709
18694, 38.93, 420.726
18695, 39, 420.759
18696, 39.04, 420.776
18697, 39.14, 420.809
18698, 39.18, 420.826
18699, 39.29, 420.859
18700, 39.35, 420.876
18701, 39.45, 420.909
18702, 39.54, 420.942
18703, 39.59, 420.959
18704, 39.67, 420.992
18705, 39.72, 421.009
18706, 39.82, 421.042
18707, 39.89, 421.059
18708, 39.99, 421.092
18709, 40.04, 421.109
18710, 40.13, 421.142
18711, 40.19, 421.159
18712, 40.3, 421.192
18713, 40.35, 421.209
18714, 40.43, 421.242
18715, 40.48, 421.259
18716, 40.59, 421.292
18717, 40.64, 421.309
18718, 40.74, 421.342
18719, 40.8, 421.359
18720, 40.91, 421.392
18721, 40.96, 421.409
18722, 41.06, 421.442
18723, 41.11, 421.459
18724, 41.16, 421.476
18725, 41.26, 421.509
18726, 41.3, 421.526
18727, 41.39, 421.559
18728, 41.44, 421.576
18729, 41.54, 421.609
18730, 41.59, 421.626
18731, 41.68, 421.659
18732, 41.73, 421.676
18733, 41.82, 421.709
18734, 41.84, 421.726
18735, 41.82, 421.742
18736, 41.91, 421.776
18737, 41.95, 421.792
18738, 42.03, 421.826
18739, 42.08, 421.842
18740, 42.17, 421.876
18741, 42.22, 421.892
18742, 42.27, 421.909
18743, 42.37, 421.942
18744, 42.42, 421.959
18745, 42.5, 421.992
18746, 42.55, 422.009
18747, 42.59, 422.026
18748, 42.69, 422.059
18749, 42.73, 422.076
18750, 42.83, 422.109
18751, 42.88, 422.126
18752, 42.92, 422.142
18753, 43.01, 422.176
18754, 43.05, 422.192
18755, 43.12, 422.226
18756, 43.17, 422.242
18757, 43.22, 422.259
18758, 43.32, 422.292
18759, 43.37, 422.309
18760, 43.49, 422.342
18761, 43.54, 422.359
18762, 43.58, 422.376
18763, 43.67, 422.409
18764, 43.72, 422.426
18765, 43.81, 422.459
18766, 43.85, 422.476
18767, 43.9, 422.492
18768, 43.98, 422.526
18769, 44.01, 422.542
18770, 44.04, 422.559
18771, 44.09, 422.592
18772, 44.1, 422.609
18773, 44.12, 422.626
18774, 44.12, 422.659
18775, 44.12, 422.676
18776, 44.05, 422.709
18777, 44.01, 422.726
18778, 43.95, 422.742
18779, 43.8, 422.776
18780, 43.69, 422.792
18781, 43.56, 422.809
18782, 43.27, 422.842
18783, 43.11, 422.859
18784, 42.76, 422.892
18785, 42.58, 422.909
18786, 42.38, 422.926
18787, 41.97, 422.959
18788, 41.78, 422.976
18789, 41.38, 423.009
18790, 41.18, 423.026
18791, 40.78, 423.059
18792, 40.58, 423.076
18793, 40.18, 423.109
18794, 39.98, 423.126
18795, 39.58, 423.159
18796, 39.38, 423.176
18797, 39, 423.209
18798, 38.82, 423.226
18799, 38.46, 423.259
18800, 38.3, 423.276
18801, 37.99, 423.309
18802, 37.69, 423.342
18803, 37.56, 423.359
18804, 37.3, 423.392
18805, 37.16, 423.409
18806, 36.91, 423.442
18807, 36.69, 423.476
18808, 36.57, 423.492
18809, 36.37, 423.526
18810, 36.19, 423.559
18811, 36.09, 423.576
18812, 35.89, 423.609
18813, 35.71, 423.642
18814, 35.62, 423.659
18815, 35.43, 423.692
18816, 35.27, 423.726
18817, 35.11, 423.759
18818, 35.04, 423.776
18819, 34.91, 423.809
18820, 34.79, 423.842
18821, 34.66, 423.876
18822, 34.6, 423.892
18823, 34.48, 423.926
18824, 34.39, 423.959
18825, 34.28, 423.992
18826, 34.23, 424.009
18827, 34.13, 424.042
18828, 34.03, 424.076
18829, 33.93, 424.109
18830, 33.83, 424.142
18831, 33.78, 424.159
18832, 33.68, 424.192
18833, 33.57, 424.226
18834, 33.46, 424.259
18835, 33.36, 424.292
18836, 33.27, 424.326
18837, 33.22, 424.342
18838, 33.14, 424.376
18839, 33.06, 424.409
18840, 32.99, 424.442
18841, 32.98, 424.476
18842, 32.95, 424.509
18843, 32.94, 424.526
18844, 32.92, 424.559
18845, 32.92, 424.592
18846, 32.94, 424.626
18847, 32.97, 424.659
18848, 32.98, 424.676
18849, 33.01, 424.709
18850, 33.02, 424.742
18851, 33.02, 424.776
18852, 33.04, 424.809
18853, 33.06, 424.842
18854, 33.07, 424.859
18855, 33.07, 424.892
18856, 33.07, 424.926
18857, 33.06, 424.959
18858, 33.07, 424.992
18859, 33.07, 425.009
18860, 33.07, 425.042
18861, 33.06, 425.076
18862, 33.03, 425.109
18863, 33.01, 425.126
18864, 33, 425.159
18865, 33, 425.192
18866, 32.97, 425.226
18867, 32.93, 425.259
18868, 32.91, 425.276
18869, 32.86, 425.309
18870, 32.84, 425.342
18871, 32.85, 425.376
18872, 32.86, 425.392
18873, 32.89, 425.426
18874, 32.92, 425.459
18875, 32.94, 425.492
18876, 32.96, 425.509
18877, 33.02, 425.542
18878, 33.09, 425.576
18879, 33.14, 425.609
18880, 33.16, 425.626
18881, 33.21, 425.659
18882, 33.27, 425.692
18883, 33.32, 425.726
18884, 33.33, 425.742
18885, 33.37, 425.776
18886, 33.43, 425.809
18887, 33.52, 425.842
18888, 33.57, 425.859
18889, 33.67, 425.892
18890, 33.75, 425.926
18891, 33.8, 425.959
18892, 33.84, 425.976
18893, 33.91, 426.009
18894, 34, 426.042
18895, 34.07, 426.076
18896, 34.14, 426.109
18897, 34.18, 426.126
18898, 34.27, 426.159
18899, 34.35, 426.192
18900, 34.42, 426.226
18901, 34.46, 426.242
18902, 34.54, 426.276
18903, 34.61, 426.309
18904, 34.65, 426.326
18905, 34.73, 426.359
18906, 34.81, 426.392
18907, 34.88, 426.426
18908, 34.93, 426.442
18909, 35.01, 426.476
18910, 35.1, 426.509
18911, 35.17, 426.542
18912, 35.19, 426.559
18913, 35.28, 426.592
18914, 35.38, 426.626
18915, 35.44, 426.642
18916, 35.57, 426.676
18917, 35.68, 426.709
18918, 35.79, 426.742
18919, 35.84, 426.759
18920, 35.94, 426.792
18921, 36.02, 426.826
18922, 36.07, 426.842
18923, 36.18, 426.876
18924, 36.27, 426.909
18925, 36.31, 426.926
18926, 36.39, 426.959
18927, 36.46, 426.992
18928, 36.5, 427.009
18929, 36.57, 427.042
18930, 36.58, 427.059
18931, 36.64, 427.092
18932, 36.72, 427.126
18933, 36.77, 427.142
18934, 36.89, 427.176
18935, 37, 427.209
18936, 37.05, 427.226
18937, 37.16, 427.259
18938, 37.2, 427.276
18939, 37.26, 427.309
18940, 37.3, 427.342
18941, 37.32, 427.359
18942, 37.37, 427.392
18943, 37.39, 427.409
18944, 37.43, 427.442
18945, 37.45, 427.459
18946, 37.5, 427.492
18947, 37.56, 427.526
18948, 37.61, 427.542
18949, 37.74, 427.576
18950, 37.77, 427.592
18951, 37.82, 427.626
18952, 37.89, 427.659
18953, 37.93, 427.676
18954, 38.01, 427.709
18955, 38.04, 427.726
18956, 38.09, 427.759
18957, 38.12, 427.776
18958, 38.17, 427.809
18959, 38.26, 427.842
18960, 38.32, 427.859
18961, 38.42, 427.892
18962, 38.47, 427.909
18963, 38.57, 427.942
18964, 38.62, 427.959
18965, 38.71, 427.992
18966, 38.81, 428.026
18967, 38.85, 428.042
18968, 38.94, 428.076
18969, 38.98, 428.092
18970, 39.08, 428.126
18971, 39.12, 428.142
18972, 39.2, 428.176
18973, 39.23, 428.192
18974, 39.31, 428.226
18975, 39.38, 428.242
18976, 39.42, 428.276
18977, 39.4, 428.292
18978, 39.48, 428.326
18979, 39.52, 428.342
18980, 39.6, 428.376
18981, 39.68, 428.409
18982, 39.73, 428.426
18983, 39.81, 428.459
18984, 39.85, 428.476
18985, 39.93, 428.509
18986, 39.96, 428.526
18987, 40.04, 428.559
18988, 40.08, 428.576
18989, 40.15, 428.609
18990, 40.19, 428.626
18991, 40.27, 428.659
18992, 40.32, 428.676
18993, 40.43, 428.709
18994, 40.49, 428.726
18995, 40.56, 428.742
18996, 40.68, 428.776
18997, 40.73, 428.792
18998, 40.84, 428.826
18999, 40.89, 428.842
19000, 40.99, 428.876
19001, 41.03, 428.892
19002, 41.13, 428.926
19003, 41.19, 428.942
19004, 41.28, 428.976
19005, 41.33, 428.992
19006, 41.44, 429.026
19007, 41.49, 429.042
19008, 41.58, 429.076
19009, 41.63, 429.092
19010, 41.68, 429.109
19011, 41.78, 429.142
19012, 41.83, 429.159
19013, 41.93, 429.192
19014, 41.98, 429.209
19015, 42.07, 429.242
19016, 42.12, 429.259
19017, 42.17, 429.276
19018, 42.27, 429.309
19019, 42.32, 429.326
19020, 42.42, 429.359
19021, 42.48, 429.376
19022, 42.57, 429.409
19023, 42.61, 429.426
19024, 42.65, 429.442
19025, 42.72, 429.476
19026, 42.76, 429.492
19027, 42.84, 429.526
19028, 42.9, 429.542
19029, 42.96, 429.559
19030, 43.05, 429.592
19031, 43.1, 429.609
19032, 43.2, 429.642
19033, 43.25, 429.659
19034, 43.29, 429.676
19035, 43.37, 429.709
19036, 43.42, 429.726
19037, 43.47, 429.742
19038, 43.56, 429.776
19039, 43.6, 429.792
19040, 43.68, 429.826
19041, 43.73, 429.842
19042, 43.76, 429.859
19043, 43.84, 429.892
19044, 43.88, 429.909
19045, 43.97, 429.942
19046, 44.02, 429.959
19047, 44.07, 429.976
19048, 44.15, 430.009
19049, 44.2, 430.026
19050, 44.25, 430.042
19051, 44.35, 430.076
19052, 44.4, 430.092
19053, 44.45, 430.109
19054, 44.54, 430.142
19055, 44.59, 430.159
19056, 44.64, 430.176
19057, 44.73, 430.209
19058, 44.78, 430.226
19059, 44.83, 430.242
19060, 44.93, 430.276
19061, 44.98, 430.292
19062, 45.06, 430.326
19063, 45.12, 430.342
19064, 45.18, 430.359
19065, 45.3, 430.392
19066, 45.36, 430.409
19067, 45.41, 430.426
19068, 45.46, 430.442
19069, 45.56, 430.476
19070, 45.61, 430.492
19071, 45.67, 430.509
19072, 45.78, 430.542
19073, 45.84, 430.559
19074, 45.9, 430.576
19075, 46.01, 430.609
19076, 46.06, 430.626
19077, 46.11, 430.642
19078, 46.21, 430.676
19079, 46.27, 430.692
19080, 46.33, 430.709
19081, 46.39, 430.726
19082, 46.51, 430.759
19083, 46.57, 430.776
19084, 46.62, 430.792
19085, 46.74, 430.826
19086, 46.79, 430.842
19087, 46.84, 430.859
19088, 46.89, 430.876
19089, 47, 430.909
19090, 47.06, 430.926
19091, 47.11, 430.942
19092, 47.22, 430.976
19093, 47.27, 430.992
19094, 47.33, 431.009
19095, 47.38, 431.026
19096, 47.49, 431.059
19097, 47.54, 431.076
19098, 47.59, 431.092
19099, 47.64, 431.109
19100, 47.75, 431.142
19101, 47.8, 431.159
19102, 47.85, 431.176
19103, 47.9, 431.192
19104, 48, 431.226
19105, 48.04, 431.242
19106, 48.09, 431.259
19107, 48.14, 431.276
19108, 48.25, 431.309
19109, 48.3, 431.326
19110, 48.36, 431.342
19111, 48.42, 431.359
19112, 48.52, 431.392
19113, 48.57, 431.409
19114, 48.62, 431.426
19115, 48.67, 431.442
19116, 48.72, 431.459
19117, 48.83, 431.492
19118, 48.88, 431.509
19119, 48.93, 431.526
19120, 48.98, 431.542
19121, 49.08, 431.576
19122, 49.13, 431.592
19123, 49.17, 431.609
19124, 49.22, 431.626
19125, 49.27, 431.642
19126, 49.37, 431.676
19127, 49.42, 431.692
19128, 49.47, 431.709
19129, 49.52, 431.726
19130, 49.57, 431.742
19131, 49.67, 431.776
19132, 49.72, 431.792
19133, 49.76, 431.809
19134, 49.81, 431.826
19135, 49.85, 431.842
19136, 49.96, 431.876
19137, 50.01, 431.892
19138, 50.07, 431.909
19139, 50.12, 431.926
19140, 50.17, 431.942
19141, 50.26, 431.976
19142, 50.31, 431.992
19143, 50.36, 432.009
19144, 50.41, 432.026
19145, 50.46, 432.042
19146, 50.57, 432.076
19147, 50.62, 432.092
19148, 50.67, 432.109
19149, 50.71, 432.126
19150, 50.76, 432.142
19151, 50.86, 432.176
19152, 50.9, 432.192
19153, 50.95, 432.209
19154, 50.99, 432.226
19155, 51.02, 432.242
19156, 51.06, 432.259
19157, 51.12, 432.292
19158, 51.14, 432.309
19159, 51.17, 432.326
19160, 51.19, 432.342
19161, 51.21, 432.359
19162, 51.22, 432.376
19163, 51.29, 432.409
19164, 51.32, 432.426
19165, 51.34, 432.442
19166, 51.37, 432.459
19167, 51.38, 432.476
19168, 51.41, 432.509
19169, 51.43, 432.526
19170, 51.44, 432.542
19171, 51.46, 432.559
19172, 51.48, 432.576
19173, 51.49, 432.592
19174, 51.51, 432.626
19175, 51.53, 432.642
19176, 51.54, 432.659
19177, 51.56, 432.676
19178, 51.58, 432.692
19179, 51.6, 432.709
19180, 51.62, 432.726
19181, 51.66, 432.759
19182, 51.68, 432.776
19183, 51.7, 432.792
19184, 51.72, 432.809
19185, 51.74, 432.826
19186, 51.76, 432.842
19187, 51.78, 432.876
19188, 51.79, 432.892
19189, 51.81, 432.909
19190, 51.82, 432.926
19191, 51.84, 432.942
19192, 51.86, 432.959
19193, 51.91, 432.992
19194, 51.94, 433.009
19195, 51.97, 433.026
19196, 52, 433.042
19197, 52.03, 433.059
19198, 52.07, 433.076
19199, 52.14, 433.109
19200, 52.18, 433.126
19201, 52.22, 433.142
19202, 52.26, 433.159
19203, 52.3, 433.176
19204, 52.34, 433.192
19205, 52.42, 433.226
19206, 52.46, 433.242
19207, 52.5, 433.259
19208, 52.54, 433.276
19209, 52.59, 433.292
19210, 52.63, 433.309
19211, 52.7, 433.342
19212, 52.74, 433.359
19213, 52.78, 433.376
19214, 52.82, 433.392
19215, 52.86, 433.409
19216, 52.9, 433.426
19217, 52.94, 433.442
19218, 53.03, 433.476
19219, 53.07, 433.492
19220, 53.11, 433.509
19221, 53.15, 433.526
19222, 53.18, 433.542
19223, 53.22, 433.559
19224, 53.26, 433.576
19225, 53.29, 433.592
19226, 53.37, 433.626
19227, 53.41, 433.642
19228, 53.45, 433.659
19229, 53.49, 433.676
19230, 53.53, 433.692
19231, 53.57, 433.709
19232, 53.61, 433.726
19233, 53.65, 433.742
19234, 53.72, 433.776
19235, 53.75, 433.792
19236, 53.78, 433.809
19237, 53.82, 433.826
19238, 53.86, 433.842
19239, 53.91, 433.859
19240, 53.95, 433.876
19241, 53.99, 433.892
19242, 54.03, 433.909
19243, 54.09, 433.942
19244, 54.13, 433.959
19245, 54.17, 433.976
19246, 54.2, 433.992
19247, 54.24, 434.009
19248, 54.28, 434.026
19249, 54.31, 434.042
19250, 54.35, 434.059
19251, 54.38, 434.076
19252, 54.45, 434.109
19253, 54.48, 434.126
19254, 54.52, 434.142
19255, 54.55, 434.159
19256, 54.58, 434.176
19257, 54.61, 434.192
19258, 54.64, 434.209
19259, 54.67, 434.226
19260, 54.7, 434.242
19261, 54.73, 434.259
19262, 54.79, 434.292
19263, 54.82, 434.309
19264, 54.85, 434.326
19265, 54.89, 434.342
19266, 54.92, 434.359
19267, 54.96, 434.376
19268, 55, 434.392
19269, 55.03, 434.409
19270, 55.07, 434.426
19271, 55.1, 434.442
19272, 55.13, 434.459
19273, 55.19, 434.492
19274, 55.21, 434.509
19275, 55.24, 434.526
19276, 55.27, 434.542
19277, 55.29, 434.559
19278, 55.32, 434.576
19279, 55.35, 434.592
19280, 55.37, 434.609
19281, 55.4, 434.626
19282, 55.43, 434.642
19283, 55.47, 434.659
19284, 55.53, 434.692
19285, 55.55, 434.709
19286, 55.58, 434.726
19287, 55.6, 434.742
19288, 55.63, 434.759
19289, 55.66, 434.776
19290, 55.68, 434.792
19291, 55.7, 434.809
19292, 55.73, 434.826
19293, 55.75, 434.842
19294, 55.78, 434.859
19295, 55.81, 434.876
19296, 55.83, 434.892
19297, 55.89, 434.926
19298, 55.92, 434.942
19299, 55.94, 434.959
19300, 55.97, 434.976
19301, 56, 434.992
19302, 56.03, 435.009
19303, 56.06, 435.026
19304, 56.09, 435.042
19305, 56.11, 435.059
19306, 56.14, 435.076
19307, 56.16, 435.092
19308, 56.18, 435.109
19309, 56.2, 435.126
19310, 56.22, 435.142
19311, 56.27, 435.176
19312, 56.28, 435.192
19313, 56.29, 435.209
19314, 56.3, 435.226
19315, 56.32, 435.242
19316, 56.34, 435.259
19317, 56.37, 435.276
19318, 56.42, 435.292
19319, 56.48, 435.309
19320, 56.54, 435.326
19321, 56.59, 435.342
19322, 56.62, 435.359
19323, 56.65, 435.376
19324, 56.67, 435.392
19325, 56.7, 435.409
19326, 56.73, 435.426
19327, 56.78, 435.459
19328, 56.8, 435.476
19329, 56.83, 435.492
19330, 56.86, 435.509
19331, 56.88, 435.526
19332, 56.91, 435.542
19333, 56.94, 435.559
19334, 56.97, 435.576
19335, 56.98, 435.592
19336, 56.99, 435.609
19337, 56.98, 435.626
19338, 56.96, 435.642
19339, 56.94, 435.659
19340, 56.93, 435.676
19341, 56.89, 435.692
19342, 56.85, 435.709
19343, 56.83, 435.726
19344, 56.81, 435.742
19345, 56.78, 435.759
19346, 56.69, 435.792
19347, 56.64, 435.809
19348, 56.59, 435.826
19349, 56.53, 435.842
19350, 56.46, 435.859
19351, 56.41, 435.876
19352, 56.38, 435.892
19353, 56.36, 435.909
19354, 56.34, 435.926
19355, 56.33, 435.942
19356, 56.32, 435.959
19357, 56.31, 435.976
19358, 56.29, 435.992
19359, 56.28, 436.009
19360, 56.27, 436.026
19361, 56.25, 436.059
19362, 56.24, 436.076
19363, 56.23, 436.092
19364, 56.22, 436.109
19365, 56.21, 436.126
19366, 56.2, 436.142
19367, 56.16, 436.159
19368, 56.04, 436.176
19369, 55.94, 436.192
19370, 55.79, 436.209
19371, 55.57, 436.226
19372, 55.32, 436.242
19373, 55.06, 436.259
19374, 54.81, 436.276
19375, 54.57, 436.309
19376, 54.43, 436.326
19377, 54.12, 436.342
19378, 53.69, 436.359
19379, 53.34, 436.376
19380, 53.24, 436.392
19381, 53.02, 436.409
19382, 52.87, 436.426
19383, 52.6, 436.459
19384, 52.48, 436.476
19385, 52.36, 436.492
19386, 52.23, 436.509
19387, 52.1, 436.526
19388, 51.95, 436.542
19389, 51.77, 436.559
19390, 51.46, 436.592
19391, 51.29, 436.609
19392, 51.13, 436.626
19393, 50.93, 436.642
19394, 50.75, 436.659
19395, 50.57, 436.676
19396, 50.23, 436.709
19397, 50.05, 436.726
19398, 49.88, 436.742
19399, 49.72, 436.759
19400, 49.55, 436.776
19401, 49.21, 436.809
19402, 49.04, 436.826
19403, 48.88, 436.842
19404, 48.71, 436.859
19405, 48.38, 436.892
19406, 48.22, 436.909
19407, 48.07, 436.926
19408, 47.92, 436.942
19409, 47.64, 436.976
19410, 47.5, 436.992
19411, 47.35, 437.009
19412, 47.21, 437.026
19413, 46.93, 437.059
19414, 46.79, 437.076
19415, 46.66, 437.092
19416, 46.41, 437.126
19417, 46.3, 437.142
19418, 46.2, 437.159
19419, 46.11, 437.176
19420, 45.93, 437.209
19421, 45.85, 437.226
19422, 45.76, 437.242
19423, 45.59, 437.276
19424, 45.5, 437.292
19425, 45.42, 437.309
19426, 45.33, 437.326
19427, 45.15, 437.359
19428, 45.07, 437.376
19429, 44.99, 437.392
19430, 44.84, 437.426
19431, 44.76, 437.442
19432, 44.69, 437.459
19433, 44.6, 437.492
19434, 44.56, 437.509
19435, 44.51, 437.526
19436, 44.42, 437.559
19437, 44.37, 437.576
19438, 44.32, 437.592
19439, 44.23, 437.626
19440, 44.18, 437.642
19441, 44.14, 437.659
19442, 44.04, 437.692
19443, 43.98, 437.709
19444, 43.93, 437.726
19445, 43.82, 437.759
19446, 43.77, 437.776
19447, 43.72, 437.792
19448, 43.62, 437.826
19449, 43.56, 437.842
19450, 43.44, 437.876
19451, 43.38, 437.892
19452, 43.34, 437.909
19453, 43.24, 437.942
19454, 43.19, 437.959
19455, 43.14, 437.976
19456, 43.06, 438.009
19457, 43.01, 438.026
19458, 42.92, 438.059
19459, 42.88, 438.076
19460, 42.84, 438.092
19461, 42.76, 438.126
19462, 42.72, 438.142
19463, 42.65, 438.176
19464, 42.61, 438.192
19465, 42.55, 438.226
19466, 42.52, 438.242
19467, 42.49, 438.259
19468, 42.44, 438.292
19469, 42.42, 438.309
19470, 42.39, 438.342
19471, 42.38, 438.359
19472, 42.36, 438.392
19473, 42.35, 438.409
19474, 42.36, 438.426
19475, 42.37, 438.459
19476, 42.37, 438.476
19477, 42.38, 438.509
19478, 42.38, 438.526
19479, 42.39, 438.542
19480, 42.42, 438.576
19481, 42.44, 438.592
19482, 42.46, 438.626
19483, 42.47, 438.642
19484, 42.49, 438.676
19485, 42.51, 438.692
19486, 42.52, 438.709
19487, 42.54, 438.742
19488, 42.55, 438.759
19489, 42.57, 438.792
19490, 42.57, 438.809
19491, 42.58, 438.842
19492, 42.58, 438.859
19493, 42.58, 438.876
19494, 42.58, 438.909
19495, 42.58, 438.926
19496, 42.58, 438.959
19497, 42.58, 438.976
19498, 42.58, 439.009
19499, 42.58, 439.026
19500, 42.58, 439.042
19501, 42.58, 439.076
19502, 42.57, 439.092
19503, 42.57, 439.126
19504, 42.57, 439.142
19505, 42.58, 439.159
19506, 42.58, 439.192
19507, 42.58, 439.209
19508, 42.59, 439.242
19509, 42.59, 439.259
19510, 42.6, 439.292
19511, 42.6, 439.309
19512, 42.61, 439.326
19513, 42.62, 439.359
19514, 42.63, 439.376
19515, 42.64, 439.409
19516, 42.64, 439.426
19517, 42.65, 439.442
19518, 42.65, 439.476
19519, 42.66, 439.492
19520, 42.67, 439.526
19521, 42.68, 439.542
19522, 42.68, 439.559
19523, 42.7, 439.592
19524, 42.71, 439.609
19525, 42.73, 439.642
19526, 42.75, 439.659
19527, 42.77, 439.676
19528, 42.8, 439.709
19529, 42.82, 439.726
19530, 42.86, 439.759
19531, 42.88, 439.776
19532, 42.89, 439.792
19533, 42.93, 439.826
19534, 42.94, 439.842
19535, 42.98, 439.876
19536, 43, 439.892
19537, 43.02, 439.909
19538, 43.05, 439.942
19539, 43.07, 439.959
19540, 43.1, 439.992
19541, 43.12, 440.009
19542, 43.13, 440.026
19543, 43.15, 440.059
19544, 43.17, 440.076
19545, 43.2, 440.109
19546, 43.21, 440.126
19547, 43.22, 440.142
19548, 43.24, 440.176
19549, 43.24, 440.192
19550, 43.26, 440.226
19551, 43.26, 440.242
19552, 43.28, 440.259
19553, 43.3, 440.292
19554, 43.31, 440.309
19555, 43.33, 440.342
19556, 43.33, 440.359
19557, 43.34, 440.376
19558, 43.37, 440.409
19559, 43.38, 440.426
19560, 43.39, 440.442
19561, 43.42, 440.476
19562, 43.43, 440.492
19563, 43.45, 440.526
19564, 43.46, 440.542
19565, 43.48, 440.559
19566, 43.51, 440.592
19567, 43.54, 440.609
19568, 43.56, 440.626
19569, 43.59, 440.659
19570, 43.61, 440.676
19571, 43.66, 440.709
19572, 43.68, 440.726
19573, 43.71, 440.742
19574, 43.77, 440.776
19575, 43.8, 440.792
19576, 43.84, 440.809
19577, 43.9, 440.842
19578, 43.93, 440.859
19579, 43.99, 440.892
19580, 44.02, 440.909
19581, 44.06, 440.926
19582, 44.13, 440.959
19583, 44.16, 440.976
19584, 44.19, 440.992
19585, 44.26, 441.026
19586, 44.3, 441.042
19587, 44.33, 441.059
19588, 44.4, 441.092
19589, 44.43, 441.109
19590, 44.5, 441.142
19591, 44.53, 441.159
19592, 44.56, 441.176
19593, 44.63, 441.209
19594, 44.66, 441.226
19595, 44.69, 441.242
19596, 44.76, 441.276
19597, 44.78, 441.292
19598, 44.81, 441.309
19599, 44.88, 441.342
19600, 44.91, 441.359
19601, 44.94, 441.376
19602, 45.02, 441.409
19603, 45.04, 441.426
19604, 45.08, 441.442
19605, 45.16, 441.476
19606, 45.2, 441.492
19607, 45.21, 441.509
19608, 45.25, 441.542
19609, 45.26, 441.559
19610, 45.28, 441.576
19611, 45.35, 441.609
19612, 45.39, 441.626
19613, 45.44, 441.642
19614, 45.47, 441.676
19615, 45.49, 441.692
19616, 45.53, 441.709
19617, 45.63, 441.742
19618, 45.66, 441.759
19619, 45.69, 441.776
19620, 45.75, 441.809
19621, 45.77, 441.826
19622, 45.79, 441.842
19623, 45.8, 441.859
19624, 45.84, 441.892
19625, 45.88, 441.909
19626, 45.92, 441.926
19627, 45.98, 441.959
19628, 46.01, 441.976
19629, 46.05, 441.992
19630, 46.1, 442.026
19631, 46.12, 442.042
19632, 46.14, 442.059
19633, 46.16, 442.092
19634, 46.18, 442.109
19635, 46.19, 442.126
19636, 46.2, 442.142
19637, 46.25, 442.176
19638, 46.25, 442.192
19639, 46.26, 442.209
19640, 46.32, 442.242
19641, 46.36, 442.259
19642, 46.39, 442.276
19643, 46.42, 442.309
19644, 46.44, 442.326
19645, 46.45, 442.342
19646, 46.46, 442.359
19647, 46.48, 442.392
19648, 46.5, 442.409
19649, 46.52, 442.426
19650, 46.57, 442.459
19651, 46.59, 442.476
19652, 46.61, 442.492
19653, 46.63, 442.509
19654, 46.66, 442.542
19655, 46.67, 442.559
19656, 46.69, 442.576
19657, 46.72, 442.609
19658, 46.73, 442.626
19659, 46.74, 442.642
19660, 46.75, 442.659
19661, 46.78, 442.692
19662, 46.79, 442.709
19663, 46.8, 442.726
19664, 46.83, 442.759
19665, 46.83, 442.776
19666, 46.84, 442.792
19667, 46.85, 442.809
19668, 46.89, 442.842
19669, 46.9, 442.859
19670, 46.91, 442.876
19671, 46.93, 442.909
19672, 46.94, 442.926
19673, 46.96, 442.942
19674, 46.98, 442.959
19675, 47, 442.992
19676, 47.01, 443.009
19677, 47.02, 443.026
19678, 47.05, 443.059
19679, 47.06, 443.076
19680, 47.08, 443.092
19681, 47.1, 443.109
19682, 47.15, 443.142
19683, 47.18, 443.159
19684, 47.21, 443.176
19685, 47.23, 443.192
19686, 47.3, 443.226
19687, 47.33, 443.242
19688, 47.37, 443.259
19689, 47.43, 443.292
19690, 47.47, 443.309
19691, 47.5, 443.326
19692, 47.54, 443.342
19693, 47.61, 443.376
19694, 47.64, 443.392
19695, 47.68, 443.409
19696, 47.72, 443.426
19697, 47.79, 443.459
19698, 47.83, 443.476
19699, 47.87, 443.492
19700, 47.91, 443.509
19701, 47.98, 443.542
19702, 48.02, 443.559
19703, 48.06, 443.576
19704, 48.1, 443.592
19705, 48.18, 443.626
19706, 48.21, 443.642
19707, 48.25, 443.659
19708, 48.28, 443.676
19709, 48.35, 443.709
19710, 48.39, 443.726
19711, 48.42, 443.742
19712, 48.45, 443.759
19713, 48.49, 443.776
19714, 48.56, 443.809
19715, 48.6, 443.826
19716, 48.63, 443.842
19717, 48.66, 443.859
19718, 48.73, 443.892
19719, 48.76, 443.909
19720, 48.8, 443.926
19721, 48.83, 443.942
19722, 48.89, 443.976
19723, 48.93, 443.992
19724, 48.96, 444.009
19725, 49, 444.026
19726, 49.07, 444.059
19727, 49.11, 444.076
19728, 49.14, 444.092
19729, 49.17, 444.109
19730, 49.21, 444.126
19731, 49.27, 444.159
19732, 49.31, 444.176
19733, 49.34, 444.192
19734, 49.37, 444.209
19735, 49.44, 444.242
19736, 49.47, 444.259
19737, 49.51, 444.276
19738, 49.54, 444.292
19739, 49.57, 444.309
19740, 49.63, 444.342
19741, 49.66, 444.359
19742, 49.69, 444.376
19743, 49.71, 444.392
19744, 49.74, 444.409
19745, 49.81, 444.442
19746, 49.82, 444.459
19747, 49.8, 444.476
19748, 49.83, 444.492
19749, 49.86, 444.509
19750, 49.92, 444.542
19751, 49.95, 444.559
19752, 49.99, 444.576
19753, 50.02, 444.592
19754, 50.05, 444.609
19755, 50.12, 444.642
19756, 50.14, 444.659
19757, 50.17, 444.676
19758, 50.21, 444.692
19759, 50.24, 444.709
19760, 50.3, 444.742
19761, 50.33, 444.759
19762, 50.37, 444.776
19763, 50.4, 444.792
19764, 50.44, 444.809
19765, 50.51, 444.842
19766, 50.54, 444.859
19767, 50.57, 444.876
19768, 50.61, 444.892
19769, 50.65, 444.909
19770, 50.71, 444.942
19771, 50.75, 444.959
19772, 50.78, 444.976
19773, 50.81, 444.992
19774, 50.84, 445.009
19775, 50.87, 445.026
19776, 50.93, 445.059
19777, 50.96, 445.076
19778, 51, 445.092
19779, 51.03, 445.109
19780, 51.06, 445.126
19781, 51.09, 445.142
19782, 51.15, 445.176
19783, 51.18, 445.192
19784, 51.22, 445.209
19785, 51.26, 445.226
19786, 51.3, 445.242
19787, 51.36, 445.276
19788, 51.4, 445.292
19789, 51.43, 445.309
19790, 51.46, 445.326
19791, 51.49, 445.342
19792, 51.53, 445.359
19793, 51.6, 445.392
19794, 51.63, 445.409
19795, 51.67, 445.426
19796, 51.7, 445.442
19797, 51.73, 445.459
19798, 51.76, 445.476
19799, 51.79, 445.492
19800, 51.84, 445.526
19801, 51.86, 445.542
19802, 51.89, 445.559
19803, 51.9, 445.576
19804, 51.92, 445.592
19805, 51.93, 445.609
19806, 51.93, 445.642
19807, 51.93, 445.659
19808, 51.93, 445.676
19809, 51.93, 445.692
19810, 51.93, 445.709
19811, 51.93, 445.726
19812, 51.93, 445.759
19813, 51.93, 445.776
19814, 51.93, 445.792
19815, 51.92, 445.809
19816, 51.92, 445.826
19817, 51.92, 445.842
19818, 51.92, 445.859
19819, 51.92, 445.892
19820, 51.92, 445.909
19821, 51.93, 445.926
19822, 51.93, 445.942
19823, 51.94, 445.959
19824, 51.95, 445.976
19825, 51.96, 446.009
19826, 51.97, 446.026
19827, 51.97, 446.042
19828, 51.97, 446.059
19829, 51.98, 446.076
19830, 51.98, 446.092
19831, 51.98, 446.109
19832, 51.98, 446.142
19833, 51.98, 446.159
19834, 51.98, 446.176
19835, 51.98, 446.192
19836, 51.98, 446.209
19837, 51.98, 446.226
19838, 51.98, 446.259
19839, 51.98, 446.276
19840, 51.98, 446.292
19841, 51.97, 446.309
19842, 51.97, 446.326
19843, 51.97, 446.342
19844, 51.97, 446.359
19845, 51.96, 446.392
19846, 51.96, 446.409
19847, 51.95, 446.426
19848, 51.95, 446.442
19849, 51.95, 446.459
19850, 51.94, 446.476
19851, 51.94, 446.492
19852, 51.94, 446.526
19853, 51.94, 446.542
19854, 51.94, 446.559
19855, 51.94, 446.576
19856, 51.94, 446.592
19857, 51.94, 446.609
19858, 51.94, 446.642
19859, 51.95, 446.659
19860, 51.95, 446.676
19861, 51.96, 446.692
19862, 51.96, 446.709
19863, 51.97, 446.726
19864, 51.97, 446.742
19865, 51.97, 446.776
19866, 51.99, 446.792
19867, 52.02, 446.809
19868, 52.06, 446.826
19869, 52.1, 446.842
19870, 52.15, 446.859
19871, 52.2, 446.876
19872, 52.29, 446.909
19873, 52.33, 446.926
19874, 52.36, 446.942
19875, 52.39, 446.959
19876, 52.43, 446.976
19877, 52.46, 446.992
19878, 52.52, 447.026
19879, 52.55, 447.042
19880, 52.59, 447.059
19881, 52.62, 447.076
19882, 52.65, 447.092
19883, 52.67, 447.109
19884, 52.71, 447.126
19885, 52.76, 447.159
19886, 52.8, 447.176
19887, 52.84, 447.192
19888, 52.88, 447.209
19889, 52.9, 447.226
19890, 52.93, 447.242
19891, 52.96, 447.259
19892, 53.03, 447.292
19893, 53.06, 447.309
19894, 53.09, 447.326
19895, 53.13, 447.342
19896, 53.16, 447.359
19897, 53.19, 447.376
19898, 53.23, 447.392
19899, 53.26, 447.409
19900, 53.32, 447.442
19901, 53.34, 447.459
19902, 53.36, 447.476
19903, 53.39, 447.492
19904, 53.42, 447.509
19905, 53.46, 447.526
19906, 53.49, 447.542
19907, 53.57, 447.576
19908, 53.6, 447.592
19909, 53.63, 447.609
19910, 53.67, 447.626
19911, 53.71, 447.642
19912, 53.76, 447.659
19913, 53.81, 447.676
19914, 53.86, 447.692
19915, 53.92, 447.709
19916, 54.02, 447.742
19917, 54.07, 447.759
19918, 54.12, 447.776
19919, 54.16, 447.792
19920, 54.21, 447.809
19921, 54.26, 447.826
19922, 54.3, 447.842
19923, 54.35, 447.859
19924, 54.4, 447.876
19925, 54.5, 447.909
19926, 54.55, 447.926
19927, 54.6, 447.942
19928, 54.65, 447.959
19929, 54.69, 447.976
19930, 54.74, 447.992
19931, 54.78, 448.009
19932, 54.82, 448.026
19933, 54.86, 448.042
19934, 54.95, 448.076
19935, 54.99, 448.092
19936, 55.03, 448.109
19937, 55.07, 448.126
19938, 55.11, 448.142
19939, 55.14, 448.159
19940, 55.18, 448.176
19941, 55.22, 448.192
19942, 55.26, 448.209
19943, 55.3, 448.226
19944, 55.34, 448.242
19945, 55.42, 448.276
19946, 55.46, 448.292
19947, 55.49, 448.309
19948, 55.52, 448.326
19949, 55.55, 448.342
19950, 55.56, 448.359
19951, 55.58, 448.376
19952, 55.58, 448.392
19953, 55.58, 448.409
19954, 55.57, 448.426
19955, 55.54, 448.442
19956, 55.51, 448.459
19957, 55.43, 448.492
19958, 55.39, 448.509
19959, 55.34, 448.526
19960, 55.3, 448.542
19961, 55.25, 448.559
19962, 55.19, 448.576
19963, 55.11, 448.592
19964, 55.06, 448.609
19965, 55.01, 448.626
19966, 54.96, 448.642
19967, 54.91, 448.659
19968, 54.8, 448.692
19969, 54.75, 448.709
19970, 54.71, 448.726
19971, 54.67, 448.742
19972, 54.63, 448.759
19973, 54.6, 448.776
19974, 54.57, 448.792
19975, 54.54, 448.809
19976, 54.51, 448.826
19977, 54.47, 448.842
19978, 54.41, 448.876
19979, 54.37, 448.892
19980, 54.33, 448.909
19981, 54.29, 448.926
19982, 54.26, 448.942
19983, 54.22, 448.959
19984, 54.18, 448.976
19985, 54.14, 448.992
19986, 54.1, 449.009
19987, 54.03, 449.042
19988, 53.99, 449.059
19989, 53.95, 449.076
19990, 53.92, 449.092
19991, 53.88, 449.109
19992, 53.84, 449.126
19993, 53.8, 449.142
19994, 53.76, 449.159
19995, 53.72, 449.176
19996, 53.63, 449.209
19997, 53.59, 449.226
19998, 53.55, 449.242
19999, 53.51, 449.259
20000, 53.48, 449.276
20001, 53.44, 449.292
20002, 53.41, 449.309
20003, 53.37, 449.326
20004, 53.3, 449.359
20005, 53.26, 449.376
20006, 53.22, 449.392
20007, 53.19, 449.409
20008, 53.15, 449.426
20009, 53.12, 449.442
20010, 53.08, 449.459
20011, 53.05, 449.476
20012, 52.99, 449.509
20013, 52.96, 449.526
20014, 52.94, 449.542
20015, 52.91, 449.559
20016, 52.89, 449.576
20017, 52.88, 449.592
20018, 52.87, 449.609
20019, 52.83, 449.642
20020, 52.82, 449.659
20021, 52.81, 449.676
20022, 52.8, 449.692
20023, 52.8, 449.709
20024, 52.8, 449.726
20025, 52.79, 449.742
20026, 52.79, 449.759
20027, 52.79, 449.792
20028, 52.8, 449.809
20029, 52.8, 449.826
20030, 52.81, 449.842
20031, 52.81, 449.859
20032, 52.82, 449.876
20033, 52.83, 449.892
20034, 52.84, 449.909
20035, 52.86, 449.942
20036, 52.87, 449.959
20037, 52.89, 449.976
20038, 52.91, 449.992
20039, 52.92, 450.009
20040, 52.94, 450.026
20041, 52.96, 450.042
20042, 53.02, 450.076
20043, 53.04, 450.092
20044, 53.06, 450.109
20045, 53.08, 450.126
20046, 53.1, 450.142
20047, 53.11, 450.159
20048, 53.13, 450.176
20049, 53.15, 450.192
20050, 53.2, 450.226
20051, 53.22, 450.242
20052, 53.24, 450.259
20053, 53.26, 450.276
20054, 53.27, 450.292
20055, 53.29, 450.309
20056, 53.31, 450.326
20057, 53.33, 450.342
20058, 53.38, 450.376
20059, 53.4, 450.392
20060, 53.42, 450.409
20061, 53.44, 450.426
20062, 53.46, 450.442
20063, 53.48, 450.459
20064, 53.5, 450.476
20065, 53.52, 450.492
20066, 53.55, 450.526
20067, 53.58, 450.542
20068, 53.6, 450.559
20069, 53.62, 450.576
20070, 53.64, 450.592
20071, 53.67, 450.609
20072, 53.69, 450.626
20073, 53.72, 450.642
20074, 53.76, 450.676
20075, 53.79, 450.692
20076, 53.81, 450.709
20077, 53.83, 450.726
20078, 53.85, 450.742
20079, 53.87, 450.759
20080, 53.89, 450.776
20081, 53.91, 450.792
20082, 53.92, 450.809
20083, 53.96, 450.842
20084, 53.98, 450.859
20085, 53.99, 450.876
20086, 54.01, 450.892
20087, 54.03, 450.909
20088, 54.05, 450.926
20089, 54.07, 450.942
20090, 54.08, 450.959
20091, 54.1, 450.976
20092, 54.14, 451.009
20093, 54.16, 451.026
20094, 54.19, 451.042
20095, 54.2, 451.059
20096, 54.22, 451.076
20097, 54.23, 451.092
20098, 54.25, 451.109
20099, 54.27, 451.126
20100, 54.29, 451.142
20101, 54.32, 451.176
20102, 54.34, 451.192
20103, 54.38, 451.209
20104, 54.41, 451.226
20105, 54.43, 451.242
20106, 54.45, 451.259
20107, 54.46, 451.276
20108, 54.48, 451.292
20109, 54.49, 451.309
20110, 54.51, 451.326
20111, 54.56, 451.359
20112, 54.58, 451.376
20113, 54.61, 451.392
20114, 54.63, 451.409
20115, 54.65, 451.426
20116, 54.67, 451.442
20117, 54.69, 451.459
20118, 54.71, 451.476
20119, 54.73, 451.492
20120, 54.74, 451.509
20121, 54.75, 451.526
20122, 54.78, 451.559
20123, 54.8, 451.576
20124, 54.81, 451.592
20125, 54.82, 451.609
20126, 54.83, 451.626
20127, 54.84, 451.642
20128, 54.84, 451.659
20129, 54.84, 451.676
20130, 54.84, 451.692
20131, 54.85, 451.709
20132, 54.85, 451.726
20133, 54.86, 451.742
20134, 54.97, 451.776
20135, 55.04, 451.792
20136, 55.09, 451.809
20137, 55.13, 451.826
20138, 55.16, 451.842
20139, 55.19, 451.859
20140, 55.21, 451.876
20141, 55.24, 451.892
20142, 55.26, 451.909
20143, 55.29, 451.926
20144, 55.31, 451.942
20145, 55.37, 451.976
20146, 55.4, 451.992
20147, 55.43, 452.009
20148, 55.45, 452.026
20149, 55.48, 452.042
20150, 55.5, 452.059
20151, 55.52, 452.076
20152, 55.54, 452.092
20153, 55.57, 452.109
20154, 55.6, 452.126
20155, 55.63, 452.142
20156, 55.66, 452.159
20157, 55.71, 452.192
20158, 55.74, 452.209
20159, 55.76, 452.226
20160, 55.78, 452.242
20161, 55.81, 452.259
20162, 55.83, 452.276
20163, 55.85, 452.292
20164, 55.88, 452.309
20165, 55.9, 452.326
20166, 55.93, 452.342
20167, 55.96, 452.359
20168, 55.99, 452.376
20169, 56.02, 452.392
20170, 56.07, 452.426
20171, 56.1, 452.442
20172, 56.13, 452.459
20173, 56.15, 452.476
20174, 56.18, 452.492
20175, 56.21, 452.509
20176, 56.24, 452.526
20177, 56.27, 452.542
20178, 56.3, 452.559
20179, 56.33, 452.576
20180, 56.36, 452.592
20181, 56.38, 452.609
20182, 56.4, 452.626
20183, 56.43, 452.642
20184, 56.49, 452.676
20185, 56.51, 452.692
20186, 56.54, 452.709
20187, 56.57, 452.726
20188, 56.6, 452.742
20189, 56.63, 452.759
20190, 56.65, 452.776
20191, 56.68, 452.792
20192, 56.71, 452.809
20193, 56.73, 452.826
20194, 56.75, 452.842
20195, 56.77, 452.859
20196, 56.79, 452.876
20197, 56.82, 452.892
20198, 56.84, 452.909
20199, 56.86, 452.926
20200, 56.89, 452.942
20201, 56.94, 452.976
20202, 56.97, 452.992
20203, 56.97, 453.009
20204, 56.98, 453.026
20205, 56.99, 453.042
20206, 57.01, 453.059
20207, 57.03, 453.076
20208, 57.04, 453.092
20209, 57.06, 453.109
20210, 57.08, 453.126
20211, 57.12, 453.142
20212, 57.16, 453.159
20213, 57.2, 453.176
20214, 57.23, 453.192
20215, 57.26, 453.209
20216, 57.29, 453.226
20217, 57.32, 453.242
20218, 57.34, 453.259
20219, 57.36, 453.276
20220, 57.41, 453.309
20221, 57.43, 453.326
20222, 57.46, 453.342
20223, 57.48, 453.359
20224, 57.5, 453.376
20225, 57.52, 453.392
20226, 57.55, 453.409
20227, 57.57, 453.426
20228, 57.59, 453.442
20229, 57.61, 453.459
20230, 57.63, 453.476
20231, 57.65, 453.492
20232, 57.67, 453.509
20233, 57.69, 453.526
20234, 57.71, 453.542
20235, 57.73, 453.559
20236, 57.75, 453.576
20237, 57.77, 453.592
20238, 57.78, 453.609
20239, 57.81, 453.626
20240, 57.8, 453.642
20241, 57.78, 453.659
20242, 57.83, 453.692
20243, 57.83, 453.709
20244, 57.84, 453.726
20245, 57.85, 453.742
20246, 57.87, 453.759
20247, 57.89, 453.776
20248, 57.9, 453.792
20249, 57.92, 453.809
20250, 57.93, 453.826
20251, 57.93, 453.842
20252, 57.94, 453.859
20253, 57.95, 453.876
20254, 57.97, 453.892
20255, 57.99, 453.909
20256, 58.01, 453.926
20257, 58.03, 453.942
20258, 58.05, 453.959
20259, 58.07, 453.976
20260, 58.08, 453.992
20261, 58.09, 454.009
20262, 58.1, 454.026
20263, 58.11, 454.042
20264, 58.12, 454.059
20265, 58.13, 454.076
20266, 58.15, 454.092
20267, 58.17, 454.109
20268, 58.17, 454.109
20269, 58.22, 454.142
20270, 58.26, 454.176
20271, 58.27, 454.192
20272, 58.29, 454.209
20273, 58.29, 454.209
20274, 58.33, 454.242
20275, 58.34, 454.259
20276, 58.36, 454.276
20277, 58.39, 454.292
20278, 58.41, 454.309
20279, 58.43, 454.326
20280, 58.45, 454.342
20281, 58.48, 454.359
20282, 58.5, 454.376
20283, 58.51, 454.392
20284, 58.53, 454.409
20285, 58.55, 454.426
20286, 58.58, 454.442
20287, 58.6, 454.459
20288, 58.63, 454.476
20289, 58.65, 454.492
20290, 58.67, 454.509
20291, 58.69, 454.526
20292, 58.71, 454.542
20293, 58.73, 454.559
20294, 58.75, 454.576
20295, 58.77, 454.592
20296, 58.79, 454.609
20297, 58.81, 454.626
20298, 58.82, 454.642
20299, 58.84, 454.659
20300, 58.85, 454.676
20301, 58.87, 454.692
20302, 58.89, 454.709
20303, 58.91, 454.726
20304, 58.94, 454.742
20305, 58.96, 454.759
20306, 58.98, 454.776
20307, 59, 454.792
20308, 59.02, 454.809
20309, 59.03, 454.826
20310, 59.06, 454.842
20311, 59.08, 454.859
20312, 59.1, 454.876
20313, 59.12, 454.892
20314, 59.13, 454.909
20315, 59.16, 454.926
20316, 59.18, 454.942
20317, 59.2, 454.959
20318, 59.22, 454.976
20319, 59.24, 454.992
20320, 59.26, 455.009
20321, 59.29, 455.026
20322, 59.31, 455.042
20323, 59.34, 455.059
20324, 59.38, 455.092
20325, 59.4, 455.109
20326, 59.43, 455.126
20327, 59.45, 455.142
20328, 59.47, 455.159
20329, 59.49, 455.176
20330, 59.52, 455.192
20331, 59.54, 455.209
20332, 59.57, 455.226
20333, 59.59, 455.242
20334, 59.61, 455.259
20335, 59.63, 455.276
20336, 59.65, 455.292
20337, 59.67, 455.309
20338, 59.7, 455.326
20339, 59.73, 455.342
20340, 59.75, 455.359
20341, 59.77, 455.376
20342, 59.8, 455.392
20343, 59.82, 455.409
20344, 59.84, 455.426
20345, 59.86, 455.442
20346, 59.88, 455.459
20347, 59.91, 455.476
20348, 59.93, 455.492
20349, 59.95, 455.509
20350, 59.97, 455.526
20351, 59.99, 455.542
20352, 60.02, 455.559
20353, 60.04, 455.576
20354, 60.06, 455.592
20355, 60.08, 455.609
20356, 60.1, 455.626
20357, 60.12, 455.642
20358, 60.15, 455.659
20359, 60.17, 455.676
20360, 60.2, 455.692
20361, 60.23, 455.709
20362, 60.25, 455.726
20363, 60.27, 455.742
20364, 60.3, 455.759
20365, 60.32, 455.776
20366, 60.34, 455.792
20367, 60.36, 455.809
20368, 60.39, 455.826
20369, 60.41, 455.842
20370, 60.43, 455.859
20371, 60.45, 455.876
20372, 60.47, 455.892
20373, 60.5, 455.909
20374, 60.52, 455.926
20375, 60.54, 455.942
20376, 60.57, 455.959
20377, 60.59, 455.976
20378, 60.61, 455.992
20379, 60.64, 456.009
20380, 60.66, 456.026
20381, 60.68, 456.042
20382, 60.68, 456.042
20383, 60.7, 456.059
20384, 60.72, 456.076
20385, 60.74, 456.092
20386, 60.76, 456.109
20387, 60.79, 456.126
20388, 60.81, 456.142
20389, 60.83, 456.159
20390, 60.86, 456.176
20391, 60.88, 456.192
20392, 60.9, 456.209
20393, 60.92, 456.226
20394, 60.93, 456.242
20395, 60.95, 456.259
20396, 60.97, 456.276
20397, 60.99, 456.292
20398, 61.01, 456.309
20399, 61.04, 456.326
20400, 61.06, 456.342
20401, 61.08, 456.359
20402, 61.1, 456.376
20403, 61.12, 456.392
20404, 61.14, 456.409
20405, 61.16, 456.426
20406, 61.18, 456.442
20407, 61.2, 456.459
20408, 61.21, 456.476
20409, 61.23, 456.492
20410, 61.24, 456.509
20411, 61.26, 456.526
20412, 61.27, 456.542
20413, 61.29, 456.559
20414, 61.31, 456.576
20415, 61.33, 456.592
20416, 61.34, 456.609
20417, 61.36, 456.626
20418, 61.38, 456.642
20419, 61.4, 456.659
20420, 61.41, 456.676
20421, 61.42, 456.692
20422, 61.44, 456.709
20423, 61.45, 456.726
20424, 61.47, 456.742
20425, 61.49, 456.759
20426, 61.5, 456.776
20427, 61.52, 456.792
20428, 61.53, 456.809
20429, 61.53, 456.826
20430, 61.54, 456.842
20431, 61.54, 456.842
20432, 61.56, 456.859
20433, 61.58, 456.876
20434, 61.58, 456.876
20435, 61.61, 456.909
20436, 61.63, 456.926
20437, 61.65, 456.942
20438, 61.67, 456.959
20439, 61.68, 456.976
20440, 61.7, 456.992
20441, 61.71, 457.009
20442, 61.73, 457.026
20443, 61.74, 457.042
20444, 61.76, 457.059
20445, 61.77, 457.076
20446, 61.79, 457.092
20447, 61.8, 457.109
20448, 61.82, 457.126
20449, 61.83, 457.142
20450, 61.85, 457.159
20451, 61.87, 457.176
20452, 61.88, 457.192
20453, 61.9, 457.209
20454, 61.91, 457.226
20455, 61.92, 457.242
20456, 61.94, 457.259
20457, 61.95, 457.276
20458, 61.96, 457.292
20459, 61.98, 457.309
20460, 61.99, 457.326
20461, 62, 457.342
20462, 62.01, 457.359
20463, 62.03, 457.376
20464, 62.04, 457.392
20465, 62.04, 457.392
20466, 62.05, 457.409
20467, 62.06, 457.426
20468, 62.07, 457.442
20469, 62.08, 457.459
20470, 62.09, 457.476
20471, 62.09, 457.492
20472, 62.1, 457.509
20473, 62.11, 457.526
20474, 62.11, 457.542
20475, 62.11, 457.559
20476, 62.12, 457.576
20477, 62.12, 457.592
20478, 62.13, 457.609
20479, 62.13, 457.626
20480, 62.13, 457.642
20481, 62.13, 457.659
20482, 62.13, 457.676
20483, 62.13, 457.692
20484, 62.12, 457.709
20485, 62.11, 457.726
20486, 62.11, 457.742
20487, 62.11, 457.742
20488, 62.11, 457.776
20489, 62.11, 457.792
20490, 62.11, 457.809
20491, 62.11, 457.809
20492, 62.11, 457.809
20493, 62.11, 457.809
20494, 62.11, 457.809
20495, 62.11, 457.809
20496, 62.06, 457.892
20497, 62.05, 457.909
20498, 62.03, 457.926
20499, 62.01, 457.942
20500, 62, 457.959
20501, 61.98, 457.976
20502, 61.96, 457.992
20503, 61.94, 458.009
20504, 61.92, 458.026
20505, 61.9, 458.042
20506, 61.88, 458.059
20507, 61.85, 458.076
20508, 61.82, 458.092
20509, 61.78, 458.109
20510, 61.73, 458.126
20511, 61.67, 458.142
20512, 61.59, 458.159
20513, 61.51, 458.176
20514, 61.42, 458.192
20515, 61.32, 458.209
20516, 61.22, 458.226
20517, 61.11, 458.242
20518, 61, 458.259
20519, 60.87, 458.276
20520, 60.75, 458.292
20521, 60.63, 458.309
20522, 60.51, 458.326
20523, 60.39, 458.342
20524, 60.27, 458.359
20525, 60.15, 458.376
20526, 60.03, 458.392
20527, 59.91, 458.409
20528, 59.79, 458.426
20529, 59.67, 458.442
20530, 59.55, 458.459
20531, 59.44, 458.476
20532, 59.32, 458.492
20533, 59.2, 458.509
20534, 59.09, 458.526
20535, 58.98, 458.542
20536, 58.87, 458.559
20537, 58.77, 458.576
20538, 58.68, 458.592
20539, 58.58, 458.609
20540, 58.49, 458.626
20541, 58.4, 458.642
20542, 58.32, 458.659
20543, 58.24, 458.676
20544, 58.16, 458.692
20545, 58.08, 458.709
20546, 58, 458.726
20547, 57.92, 458.742
20548, 57.85, 458.759
20549, 57.78, 458.776
20550, 57.78, 458.776
20551, 57.63, 458.809
20552, 57.56, 458.826
20553, 57.49, 458.842
20554, 57.42, 458.859
20555, 57.29, 458.892
20556, 57.22, 458.909
20557, 57.15, 458.926
20558, 57.08, 458.942
20559, 57.01, 458.959
20560, 56.94, 458.976
20561, 56.87, 458.992
20562, 56.8, 459.009
20563, 56.73, 459.026
20564, 56.64, 459.042
20565, 56.55, 459.059
20566, 56.55, 459.059
20567, 56.39, 459.092
20568, 56.31, 459.109
20569, 56.22, 459.126
20570, 56.13, 459.142
20571, 56.04, 459.159
20572, 56.04, 459.159
20573, 55.75, 459.209
20574, 55.65, 459.226
20575, 55.56, 459.242
20576, 55.56, 459.242
20577, 55.56, 459.242
20578, 55.56, 459.242
20579, 55.56, 459.242
20580, 55.1, 459.326
20581, 55, 459.342
20582, 54.91, 459.359
20583, 54.73, 459.392
20584, 54.63, 459.409
20585, 54.54, 459.426
20586, 54.45, 459.442
20587, 54.36, 459.459
20588, 54.27, 459.476
20589, 54.18, 459.492
20590, 54.09, 459.509
20591, 54, 459.526
20592, 53.91, 459.542
20593, 53.72, 459.576
20594, 53.63, 459.592
20595, 53.55, 459.609
20596, 53.47, 459.626
20597, 53.4, 459.642
20598, 53.34, 459.659
20599, 53.27, 459.676
20600, 53.21, 459.692
20601, 53.11, 459.726
20602, 53.07, 459.742
20603, 53.02, 459.759
20604, 52.98, 459.776
20605, 52.93, 459.792
20606, 52.89, 459.809
20607, 52.84, 459.826
20608, 52.75, 459.859
20609, 52.7, 459.876
20610, 52.65, 459.892
20611, 52.61, 459.909
20612, 52.57, 459.926
20613, 52.53, 459.942
20614, 52.5, 459.959
20615, 52.43, 459.992
20616, 52.4, 460.009
20617, 52.36, 460.026
20618, 52.33, 460.042
20619, 52.29, 460.059
20620, 52.26, 460.076
20621, 52.23, 460.092
20622, 52.16, 460.126
20623, 52.13, 460.142
20624, 52.1, 460.159
20625, 52.06, 460.176
20626, 52.03, 460.192
20627, 51.99, 460.209
20628, 51.91, 460.242
20629, 51.87, 460.259
20630, 51.83, 460.276
20631, 51.79, 460.292
20632, 51.75, 460.309
20633, 51.72, 460.326
20634, 51.65, 460.359
20635, 51.61, 460.376
20636, 51.57, 460.392
20637, 51.54, 460.409
20638, 51.5, 460.426
20639, 51.41, 460.459
20640, 51.37, 460.476
20641, 51.33, 460.492
20642, 51.29, 460.509
20643, 51.25, 460.526
20644, 51.21, 460.542
20645, 51.14, 460.576
20646, 51.11, 460.592
20647, 51.07, 460.609
20648, 51.03, 460.626
20649, 50.99, 460.642
20650, 50.96, 460.659
20651, 50.88, 460.692
20652, 50.84, 460.709
20653, 50.8, 460.726
20654, 50.76, 460.742
20655, 50.72, 460.759
20656, 50.65, 460.792
20657, 50.61, 460.809
20658, 50.58, 460.826
20659, 50.54, 460.842
20660, 50.51, 460.859
20661, 50.47, 460.876
20662, 50.4, 460.909
20663, 50.36, 460.926
20664, 50.32, 460.942
20665, 50.28, 460.959
20666, 50.24, 460.976
20667, 50.24, 460.976
20668, 50.24, 460.976
20669, 50.07, 461.042
20670, 50.03, 461.059
20671, 49.99, 461.076
20672, 49.95, 461.092
20673, 49.86, 461.126
20674, 49.81, 461.142
20675, 49.77, 461.159
20676, 49.72, 461.176
20677, 49.68, 461.192
20678, 49.59, 461.226
20679, 49.55, 461.242
20680, 49.51, 461.259
20681, 49.48, 461.276
20682, 49.44, 461.292
20683, 49.35, 461.326
20684, 49.31, 461.342
20685, 49.26, 461.359
20686, 49.21, 461.376
20687, 49.12, 461.409
20688, 49.08, 461.426
20689, 49.05, 461.442
20690, 49.01, 461.459
20691, 48.98, 461.476
20692, 48.9, 461.509
20693, 48.86, 461.526
20694, 48.82, 461.542
20695, 48.78, 461.559
20696, 48.69, 461.592
20697, 48.65, 461.609
20698, 48.61, 461.626
20699, 48.57, 461.642
20700, 48.53, 461.659
20701, 48.45, 461.692
20702, 48.41, 461.709
20703, 48.36, 461.726
20704, 48.32, 461.742
20705, 48.23, 461.776
20706, 48.18, 461.792
20707, 48.13, 461.809
20708, 48.09, 461.826
20709, 48, 461.859
20710, 47.96, 461.876
20711, 47.92, 461.892
20712, 47.88, 461.909
20713, 47.8, 461.942
20714, 47.76, 461.959
20715, 47.72, 461.976
20716, 47.63, 462.009
20717, 47.58, 462.026
20718, 47.53, 462.042
20719, 47.47, 462.059
20720, 47.37, 462.092
20721, 47.32, 462.109
20722, 47.26, 462.126
20723, 47.21, 462.142
20724, 47.11, 462.176
20725, 47.05, 462.192
20726, 46.99, 462.209
20727, 46.86, 462.242
20728, 46.8, 462.259
20729, 46.73, 462.276
20730, 46.66, 462.292
20731, 46.5, 462.326
20732, 46.42, 462.342
20733, 46.33, 462.359
20734, 46.15, 462.392
20735, 46.05, 462.409
20736, 45.96, 462.426
20737, 45.96, 462.426
20738, 45.68, 462.476
20739, 45.58, 462.492
20740, 45.48, 462.509
20741, 45.29, 462.542
20742, 45.19, 462.559
20743, 45.09, 462.576
20744, 44.88, 462.609
20745, 44.78, 462.626
20746, 44.68, 462.642
20747, 44.43, 462.676
20748, 44.31, 462.692
20749, 44.09, 462.726
20750, 44.09, 462.726
20751, 43.88, 462.759
20752, 43.68, 462.792
20753, 43.58, 462.809
20754, 43.49, 462.826
20755, 43.29, 462.859
20756, 43.19, 462.876
20757, 42.99, 462.909
20758, 42.89, 462.926
20759, 42.79, 462.942
20760, 42.59, 462.976
20761, 42.49, 462.992
20762, 42.29, 463.026
20763, 42.19, 463.042
20764, 41.99, 463.076
20765, 41.9, 463.092
20766, 41.82, 463.109
20767, 41.65, 463.142
20768, 41.57, 463.159
20769, 41.41, 463.192
20770, 41.33, 463.209
20771, 41.17, 463.242
20772, 41.09, 463.259
20773, 40.92, 463.292
20774, 40.84, 463.309
20775, 40.66, 463.342
20776, 40.57, 463.359
20777, 40.48, 463.376
20778, 40.29, 463.409
20779, 40.2, 463.426
20780, 40.03, 463.459
20781, 39.96, 463.476
20782, 39.79, 463.509
20783, 39.65, 463.542
20784, 39.59, 463.559
20785, 39.51, 463.592
20786, 39.48, 463.609
20787, 39.4, 463.642
20788, 39.36, 463.659
20789, 39.29, 463.692
20790, 39.25, 463.709
20791, 39.18, 463.742
20792, 39.14, 463.759
20793, 39.08, 463.792
20794, 39.04, 463.809
20795, 38.97, 463.842
20796, 38.89, 463.876
20797, 38.86, 463.892
20798, 38.78, 463.926
20799, 38.74, 463.942
20800, 38.67, 463.976
20801, 38.63, 463.992
20802, 38.55, 464.026
20803, 38.51, 464.042
20804, 38.43, 464.076
20805, 38.35, 464.109
20806, 38.31, 464.126
20807, 38.22, 464.159
20808, 38.18, 464.176
20809, 38.1, 464.209
20810, 38.06, 464.226
20811, 37.98, 464.259
20812, 37.91, 464.292
20813, 37.88, 464.309
20814, 37.81, 464.342
20815, 37.77, 464.359
20816, 37.7, 464.392
20817, 37.66, 464.426
20818, 37.63, 464.442
20819, 37.55, 464.476
20820, 37.52, 464.492
20821, 37.44, 464.526
20822, 37.36, 464.559
20823, 37.31, 464.576
20824, 37.18, 464.609
20825, 37.13, 464.626
20826, 37.04, 464.659
20827, 36.95, 464.692
20828, 36.9, 464.709
20829, 36.8, 464.742
20830, 36.75, 464.759
20831, 36.63, 464.792
20832, 36.51, 464.826
20833, 36.45, 464.842
20834, 36.33, 464.876
20835, 36.23, 464.909
20836, 36.18, 464.926
20837, 36.1, 464.959
20838, 36.02, 464.992
20839, 35.99, 465.009
20840, 35.92, 465.042
20841, 35.86, 465.076
20842, 35.83, 465.092
20843, 35.77, 465.126
20844, 35.73, 465.142
20845, 35.65, 465.176
20846, 35.59, 465.209
20847, 35.52, 465.242
20848, 35.48, 465.259
20849, 35.38, 465.292
20850, 35.27, 465.326
20851, 35.22, 465.342
20852, 35.13, 465.376
20853, 35.07, 465.409
20854, 35.05, 465.426
20855, 35.04, 465.459
20856, 35.03, 465.492
20857, 35.02, 465.509
20858, 35.01, 465.542
20859, 34.97, 465.576
20860, 34.95, 465.609
20861, 34.93, 465.642
20862, 34.93, 465.659
20863, 34.95, 465.692
20864, 34.97, 465.726
20865, 34.98, 465.742
20866, 34.99, 465.776
20867, 35, 465.809
20868, 35.02, 465.842
20869, 35.04, 465.859
20870, 35.08, 465.892
20871, 35.12, 465.926
20872, 35.17, 465.959
20873, 35.2, 465.976
20874, 35.26, 466.009
20875, 35.33, 466.042
20876, 35.4, 466.076
20877, 35.44, 466.092
20878, 35.51, 466.126
20879, 35.58, 466.159
20880, 35.61, 466.176
20881, 35.69, 466.209
20882, 35.77, 466.242
20883, 35.85, 466.276
20884, 35.89, 466.292
20885, 35.97, 466.326
20886, 36.05, 466.359
20887, 36.09, 466.376
20888, 36.17, 466.409
20889, 36.25, 466.442
20890, 36.29, 466.459
20891, 36.36, 466.492
20892, 36.43, 466.526
20893, 36.47, 466.542
20894, 36.54, 466.576
20895, 36.62, 466.609
20896, 36.66, 466.626
20897, 36.74, 466.659
20898, 36.8, 466.692
20899, 36.84, 466.709
20900, 36.91, 466.742
20901, 36.98, 466.776
20902, 37.03, 466.792
20903, 37.13, 466.826
20904, 37.23, 466.859
20905, 37.27, 466.876
20906, 37.36, 466.909
20907, 37.4, 466.926
20908, 37.48, 466.959
20909, 37.56, 466.992
20910, 37.6, 467.009
20911, 37.68, 467.042
20912, 37.75, 467.076
20913, 37.79, 467.092
20914, 37.89, 467.126
20915, 37.94, 467.142
20916, 38.07, 467.176
20917, 38.19, 467.209
20918, 38.24, 467.226
20919, 38.34, 467.259
20920, 38.39, 467.276
20921, 38.5, 467.309
20922, 38.56, 467.326
20923, 38.69, 467.359
20924, 38.8, 467.392
20925, 38.86, 467.409
20926, 38.97, 467.442
20927, 39.03, 467.459
20928, 39.13, 467.492
20929, 39.17, 467.509
20930, 39.18, 467.542
20931, 39.18, 467.559
20932, 39.32, 467.592
20933, 39.36, 467.609
20934, 39.44, 467.642
20935, 39.48, 467.659
20936, 39.56, 467.692
20937, 39.66, 467.726
20938, 39.71, 467.742
20939, 39.8, 467.776
20940, 39.84, 467.792
20941, 39.92, 467.826
20942, 39.96, 467.842
20943, 40.06, 467.876
20944, 40.12, 467.892
20945, 40.23, 467.926
20946, 40.28, 467.942
20947, 40.37, 467.976
20948, 40.41, 467.992
20949, 40.51, 468.026
20950, 40.56, 468.042
20951, 40.66, 468.076
20952, 40.71, 468.092
20953, 40.76, 468.109
20954, 40.87, 468.142
20955, 40.92, 468.159
20956, 41.02, 468.192
20957, 41.07, 468.209
20958, 41.17, 468.242
20959, 41.22, 468.259
20960, 41.32, 468.292
20961, 41.37, 468.309
20962, 41.47, 468.342
20963, 41.52, 468.359
20964, 41.62, 468.392
20965, 41.67, 468.409
20966, 41.72, 468.426
20967, 41.82, 468.459
20968, 41.87, 468.476
20969, 41.98, 468.509
20970, 42.03, 468.526
20971, 42.13, 468.559
20972, 42.17, 468.576
20973, 42.22, 468.592
20974, 42.32, 468.626
20975, 42.37, 468.642
20976, 42.47, 468.676
20977, 42.53, 468.692
20978, 42.63, 468.726
20979, 42.68, 468.742
20980, 42.73, 468.759
20981, 42.83, 468.792
20982, 42.88, 468.809
20983, 42.98, 468.842
20984, 43.04, 468.859
20985, 43.09, 468.876
20986, 43.19, 468.909
20987, 43.24, 468.926
20988, 43.33, 468.959
20989, 43.38, 468.976
20990, 43.43, 468.992
20991, 43.52, 469.026
20992, 43.57, 469.042
20993, 43.62, 469.059
20994, 43.72, 469.092
20995, 43.77, 469.109
20996, 43.86, 469.142
20997, 43.91, 469.159
20998, 43.96, 469.176
20999, 44.03, 469.209
21000, 44.07, 469.226
21001, 44.1, 469.242
21002, 44.14, 469.276
21003, 44.16, 469.292
21004, 44.16, 469.309
21005, 44.11, 469.342
21006, 44.05, 469.359
21007, 43.89, 469.392
21008, 43.78, 469.409
21009, 43.67, 469.426
21010, 43.43, 469.459
21011, 43.3, 469.476
21012, 43.15, 469.492
21013, 42.89, 469.526
21014, 42.75, 469.542
21015, 42.47, 469.576
21016, 42.33, 469.592
21017, 42.19, 469.609
21018, 41.91, 469.642
21019, 41.77, 469.659
21020, 41.48, 469.692
21021, 41.34, 469.709
21022, 41.06, 469.742
21023, 40.92, 469.759
21024, 40.62, 469.792
21025, 40.48, 469.809
21026, 40.2, 469.842
21027, 40.06, 469.859
21028, 39.79, 469.892
21029, 39.66, 469.909
21030, 39.38, 469.942
21031, 39.23, 469.959
21032, 39, 469.992
21033, 38.89, 470.009
21034, 38.64, 470.042
21035, 38.52, 470.059
21036, 38.29, 470.092
21037, 38.17, 470.109
21038, 37.95, 470.142
21039, 37.76, 470.176
21040, 37.67, 470.192
21041, 37.5, 470.226
21042, 37.42, 470.242
21043, 37.26, 470.276
21044, 37.11, 470.309
21045, 37.03, 470.326
21046, 36.87, 470.359
21047, 36.79, 470.376
21048, 36.64, 470.409
21049, 36.48, 470.442
21050, 36.4, 470.459
21051, 36.23, 470.492
21052, 36.08, 470.526
21053, 35.98, 470.542
21054, 35.78, 470.576
21055, 35.63, 470.609
21056, 35.55, 470.626
21057, 35.41, 470.659
21058, 35.22, 470.692
21059, 35.12, 470.709
21060, 34.97, 470.742
21061, 34.86, 470.776
21062, 34.76, 470.809
21063, 34.72, 470.826
21064, 34.6, 470.859
21065, 34.52, 470.892
21066, 34.49, 470.909
21067, 34.4, 470.942
21068, 34.31, 470.976
21069, 34.27, 470.992
21070, 34.19, 471.026
21071, 34.12, 471.059
21072, 34.06, 471.092
21073, 34.03, 471.109
21074, 33.95, 471.142
21075, 33.88, 471.176
21076, 33.84, 471.192
21077, 33.77, 471.226
21078, 33.69, 471.259
21079, 33.62, 471.292
21080, 33.58, 471.309
21081, 33.51, 471.342
21082, 33.42, 471.376
21083, 33.32, 471.409
21084, 33.21, 471.442
21085, 33.15, 471.459
21086, 33.04, 471.492
21087, 32.95, 471.526
21088, 32.84, 471.559
21089, 32.74, 471.592
21090, 32.69, 471.609
21091, 32.6, 471.642
21092, 32.5, 471.676
21093, 32.39, 471.709
21094, 32.29, 471.742
21095, 32.24, 471.759
21096, 32.15, 471.792
21097, 32.06, 471.826
21098, 31.98, 471.859
21099, 31.89, 471.892
21100, 31.77, 471.926
21101, 31.65, 471.959
21102, 31.59, 471.976
21103, 31.49, 472.009
21104, 31.42, 472.042
21105, 31.35, 472.076
21106, 31.28, 472.109
21107, 31.27, 472.142
21108, 31.24, 472.176
21109, 31.2, 472.209
21110, 31.18, 472.242
21111, 31.18, 472.276
21112, 31.19, 472.309
21113, 31.21, 472.342
21114, 31.21, 472.376
21115, 31.27, 472.409
21116, 31.37, 472.442
21117, 31.43, 472.476
21118, 31.48, 472.509
21119, 31.53, 472.542
21120, 31.57, 472.576
21121, 31.62, 472.609
21122, 31.69, 472.642
21123, 31.79, 472.676
21124, 31.87, 472.709
21125, 31.91, 472.742
21126, 31.98, 472.776
21127, 32.03, 472.792
21128, 32.12, 472.826
21129, 32.21, 472.859
21130, 32.3, 472.892
21131, 32.38, 472.926
21132, 32.46, 472.959
21133, 32.55, 472.992
21134, 32.6, 473.009
21135, 32.7, 473.042
21136, 32.79, 473.076
21137, 32.88, 473.109
21138, 33, 473.142
21139, 33.11, 473.176
21140, 33.23, 473.209
21141, 33.28, 473.226
21142, 33.41, 473.259
21143, 33.55, 473.292
21144, 33.68, 473.326
21145, 33.8, 473.359
21146, 33.86, 473.376
21147, 33.97, 473.409
21148, 34.07, 473.442
21149, 34.18, 473.476
21150, 34.29, 473.509
21151, 34.35, 473.526
21152, 34.47, 473.559
21153, 34.6, 473.592
21154, 34.74, 473.626
21155, 34.81, 473.642
21156, 34.94, 473.676
21157, 35.05, 473.709
21158, 35.17, 473.742
21159, 35.24, 473.759
21160, 35.37, 473.792
21161, 35.47, 473.826
21162, 35.52, 473.842
21163, 35.63, 473.876
21164, 35.75, 473.909
21165, 35.87, 473.942
21166, 35.93, 473.959
21167, 36.05, 473.992
21168, 36.17, 474.026
21169, 36.23, 474.042
21170, 36.35, 474.076
21171, 36.46, 474.109
21172, 36.52, 474.126
21173, 36.65, 474.159
21174, 36.77, 474.192
21175, 36.82, 474.209
21176, 36.93, 474.242
21177, 37.04, 474.276
21178, 37.09, 474.292
21179, 37.21, 474.326
21180, 37.33, 474.359
21181, 37.38, 474.376
21182, 37.49, 474.409
21183, 37.55, 474.426
21184, 37.66, 474.459
21185, 37.76, 474.492
21186, 37.82, 474.509
21187, 37.93, 474.542
21188, 38.03, 474.576
21189, 38.09, 474.592
21190, 38.19, 474.626
21191, 38.24, 474.642
21192, 38.35, 474.676
21193, 38.4, 474.692
21194, 38.5, 474.726
21195, 38.6, 474.759
21196, 38.66, 474.776
21197, 38.77, 474.809
21198, 38.83, 474.826
21199, 38.93, 474.859
21200, 38.99, 474.876
21201, 39.1, 474.909
21202, 39.16, 474.926
21203, 39.25, 474.959
21204, 39.35, 474.992
21205, 39.39, 475.009
21206, 39.47, 475.042
21207, 39.52, 475.059
21208, 39.62, 475.092
21209, 39.66, 475.109
21210, 39.75, 475.142
21211, 39.8, 475.159
21212, 39.9, 475.192
21213, 39.95, 475.209
21214, 40.06, 475.242
21215, 40.12, 475.259
21216, 40.22, 475.292
21217, 40.27, 475.309
21218, 40.37, 475.342
21219, 40.42, 475.359
21220, 40.5, 475.392
21221, 40.54, 475.409
21222, 40.65, 475.442
21223, 40.72, 475.459
21224, 40.76, 475.492
21225, 40.75, 475.509
21226, 40.9, 475.542
21227, 40.94, 475.559
21228, 40.98, 475.576
21229, 41.09, 475.609
21230, 41.14, 475.626
21231, 41.25, 475.659
21232, 41.3, 475.676
21233, 41.4, 475.709
21234, 41.45, 475.726
21235, 41.55, 475.759
21236, 41.6, 475.776
21237, 41.66, 475.792
21238, 41.76, 475.826
21239, 41.82, 475.842
21240, 41.92, 475.876
21241, 41.97, 475.892
21242, 42.09, 475.926
21243, 42.14, 475.942
21244, 42.2, 475.959
21245, 42.29, 475.992
21246, 42.34, 476.009
21247, 42.44, 476.042
21248, 42.5, 476.059
21249, 42.56, 476.076
21250, 42.66, 476.109
21251, 42.71, 476.126
21252, 42.82, 476.159
21253, 42.87, 476.176
21254, 42.92, 476.192
21255, 43.01, 476.226
21256, 43.06, 476.242
21257, 43.18, 476.276
21258, 43.23, 476.292
21259, 43.29, 476.309
21260, 43.39, 476.342
21261, 43.44, 476.359
21262, 43.52, 476.392
21263, 43.57, 476.409
21264, 43.62, 476.426
21265, 43.73, 476.459
21266, 43.78, 476.476
21267, 43.84, 476.492
21268, 43.95, 476.526
21269, 44, 476.542
21270, 44.1, 476.576
21271, 44.15, 476.592
21272, 44.2, 476.609
21273, 44.29, 476.642
21274, 44.34, 476.659
21275, 44.39, 476.676
21276, 44.48, 476.709
21277, 44.52, 476.726
21278, 44.57, 476.742
21279, 44.67, 476.776
21280, 44.72, 476.792
21281, 44.76, 476.809
21282, 44.85, 476.842
21283, 44.89, 476.859
21284, 44.94, 476.876
21285, 45.02, 476.909
21286, 45.06, 476.926
21287, 45.11, 476.942
21288, 45.18, 476.976
21289, 45.22, 476.992
21290, 45.26, 477.009
21291, 45.36, 477.042
21292, 45.42, 477.059
21293, 45.47, 477.076
21294, 45.55, 477.109
21295, 45.58, 477.126
21296, 45.62, 477.142
21297, 45.69, 477.176
21298, 45.73, 477.192
21299, 45.77, 477.209
21300, 45.85, 477.242
21301, 45.91, 477.259
21302, 45.96, 477.276
21303, 46.01, 477.292
21304, 46.09, 477.326
21305, 46.13, 477.342
21306, 46.17, 477.359
21307, 46.25, 477.392
21308, 46.29, 477.409
21309, 46.32, 477.426
21310, 46.4, 477.459
21311, 46.44, 477.476
21312, 46.48, 477.492
21313, 46.53, 477.509
21314, 46.61, 477.542
21315, 46.65, 477.559
21316, 46.69, 477.576
21317, 46.77, 477.609
21318, 46.81, 477.626
21319, 46.85, 477.642
21320, 46.88, 477.659
21321, 46.96, 477.692
21322, 46.99, 477.709
21323, 47.03, 477.726
21324, 47.07, 477.742
21325, 47.14, 477.776
21326, 47.18, 477.792
21327, 47.22, 477.809
21328, 47.28, 477.842
21329, 47.32, 477.859
21330, 47.35, 477.876
21331, 47.38, 477.892
21332, 47.45, 477.926
21333, 47.49, 477.942
21334, 47.53, 477.959
21335, 47.57, 477.976
21336, 47.64, 478.009
21337, 47.67, 478.026
21338, 47.7, 478.042
21339, 47.72, 478.059
21340, 47.79, 478.092
21341, 47.82, 478.109
21342, 47.85, 478.126
21343, 47.91, 478.159
21344, 47.94, 478.176
21345, 47.98, 478.192
21346, 48.01, 478.209
21347, 48.07, 478.242
21348, 48.09, 478.259
21349, 48.12, 478.276
21350, 48.14, 478.292
21351, 48.2, 478.326
21352, 48.22, 478.342
21353, 48.25, 478.359
21354, 48.28, 478.376
21355, 48.32, 478.409
21356, 48.34, 478.426
21357, 48.36, 478.442
21358, 48.37, 478.459
21359, 48.38, 478.476
21360, 48.39, 478.509
21361, 48.39, 478.526
21362, 48.38, 478.542
21363, 48.36, 478.559
21364, 48.29, 478.592
21365, 48.24, 478.609
21366, 48.18, 478.626
21367, 48.12, 478.642
21368, 48.01, 478.676
21369, 47.92, 478.692
21370, 47.83, 478.709
21371, 47.76, 478.726
21372, 47.63, 478.759
21373, 47.56, 478.776
21374, 47.48, 478.792
21375, 47.33, 478.826
21376, 47.25, 478.842
21377, 47.18, 478.859
21378, 47.11, 478.876
21379, 46.96, 478.909
21380, 46.88, 478.926
21381, 46.81, 478.942
21382, 46.66, 478.976
21383, 46.59, 478.992
21384, 46.52, 479.009
21385, 46.46, 479.026
21386, 46.34, 479.059
21387, 46.29, 479.076
21388, 46.23, 479.092
21389, 46.14, 479.126
21390, 46.09, 479.142
21391, 46.05, 479.159
21392, 45.97, 479.192
21393, 45.94, 479.209
21394, 45.9, 479.226
21395, 45.85, 479.242
21396, 45.77, 479.276
21397, 45.73, 479.292
21398, 45.69, 479.309
21399, 45.62, 479.342
21400, 45.58, 479.359
21401, 45.54, 479.376
21402, 45.45, 479.409
21403, 45.41, 479.426
21404, 45.36, 479.442
21405, 45.26, 479.476
21406, 45.22, 479.492
21407, 45.18, 479.509
21408, 45.09, 479.542
21409, 45.05, 479.559
21410, 45.01, 479.576
21411, 44.92, 479.609
21412, 44.88, 479.626
21413, 44.84, 479.642
21414, 44.75, 479.676
21415, 44.71, 479.692
21416, 44.66, 479.709
21417, 44.56, 479.742
21418, 44.52, 479.759
21419, 44.47, 479.776
21420, 44.37, 479.809
21421, 44.32, 479.826
21422, 44.22, 479.859
21423, 44.17, 479.876
21424, 44.12, 479.892
21425, 44.03, 479.926
21426, 43.98, 479.942
21427, 43.94, 479.959
21428, 43.86, 479.992
21429, 43.82, 480.009
21430, 43.78, 480.026
21431, 43.7, 480.059
21432, 43.64, 480.076
21433, 43.59, 480.092
21434, 43.46, 480.126
21435, 43.39, 480.142
21436, 43.26, 480.176
21437, 43.2, 480.192
21438, 43.15, 480.209
21439, 43.06, 480.242
21440, 43.01, 480.259
21441, 42.98, 480.276
21442, 42.9, 480.309
21443, 42.86, 480.326
21444, 42.8, 480.359
21445, 42.78, 480.376
21446, 42.74, 480.392
21447, 42.69, 480.426
21448, 42.67, 480.442
21449, 42.63, 480.476
21450, 42.62, 480.492
21451, 42.61, 480.509
21452, 42.6, 480.542
21453, 42.6, 480.559
21454, 42.6, 480.592
21455, 42.61, 480.609
21456, 42.63, 480.626
21457, 42.64, 480.659
21458, 42.65, 480.676
21459, 42.7, 480.709
21460, 42.73, 480.726
21461, 42.78, 480.759
21462, 42.82, 480.776
21463, 42.86, 480.792
21464, 42.91, 480.826
21465, 42.93, 480.842
21466, 42.99, 480.876
21467, 43.01, 480.892
21468, 43, 480.909
21469, 43.03, 480.942
21470, 43.06, 480.959
21471, 43.12, 480.992
21472, 43.18, 481.009
21473, 43.22, 481.026
21474, 43.3, 481.059
21475, 43.33, 481.076
21476, 43.37, 481.092
21477, 43.45, 481.126
21478, 43.48, 481.142
21479, 43.54, 481.176
21480, 43.57, 481.192
21481, 43.6, 481.209
21482, 43.67, 481.242
21483, 43.69, 481.259
21484, 43.75, 481.292
21485, 43.78, 481.309
21486, 43.81, 481.326
21487, 43.88, 481.359
21488, 43.91, 481.376
21489, 43.95, 481.392
21490, 44.01, 481.426
21491, 44.04, 481.442
21492, 44.1, 481.476
21493, 44.13, 481.492
21494, 44.16, 481.509
21495, 44.2, 481.542
21496, 44.23, 481.559
21497, 44.25, 481.576
21498, 44.29, 481.609
21499, 44.31, 481.626
21500, 44.33, 481.642
21501, 44.37, 481.676
21502, 44.4, 481.692
21503, 44.45, 481.726
21504, 44.47, 481.742
21505, 44.49, 481.759
21506, 44.53, 481.792
21507, 44.56, 481.809
21508, 44.59, 481.826
21509, 44.64, 481.859
21510, 44.66, 481.876
21511, 44.69, 481.892
21512, 44.74, 481.926
21513, 44.77, 481.942
21514, 44.8, 481.959
21515, 44.86, 481.992
21516, 44.89, 482.009
21517, 44.95, 482.042
21518, 44.99, 482.059
21519, 45.02, 482.076
21520, 45.05, 482.092
21521, 45.12, 482.126
21522, 45.14, 482.142
21523, 45.18, 482.159
21524, 45.25, 482.192
21525, 45.29, 482.209
21526, 45.32, 482.226
21527, 45.39, 482.259
21528, 45.42, 482.276
21529, 45.46, 482.292
21530, 45.52, 482.326
21531, 45.55, 482.342
21532, 45.59, 482.359
21533, 45.65, 482.392
21534, 45.68, 482.409
21535, 45.71, 482.426
21536, 45.77, 482.459
21537, 45.8, 482.476
21538, 45.83, 482.492
21539, 45.9, 482.526
21540, 45.93, 482.542
21541, 45.96, 482.559
21542, 46.04, 482.592
21543, 46.08, 482.609
21544, 46.12, 482.626
21545, 46.15, 482.642
21546, 46.21, 482.676
21547, 46.24, 482.692
21548, 46.28, 482.709
21549, 46.34, 482.742
21550, 46.38, 482.759
21551, 46.41, 482.776
21552, 46.47, 482.809
21553, 46.51, 482.826
21554, 46.55, 482.842
21555, 46.58, 482.859
21556, 46.63, 482.892
21557, 46.66, 482.909
21558, 46.7, 482.926
21559, 46.77, 482.959
21560, 46.8, 482.976
21561, 46.83, 482.992
21562, 46.86, 483.009
21563, 46.94, 483.042
21564, 46.97, 483.059
21565, 46.99, 483.076
21566, 47.07, 483.109
21567, 47.1, 483.126
21568, 47.13, 483.142
21569, 47.16, 483.159
21570, 47.23, 483.192
21571, 47.26, 483.209
21572, 47.29, 483.226
21573, 47.32, 483.242
21574, 47.36, 483.276
21575, 47.39, 483.292
21576, 47.42, 483.309
21577, 47.49, 483.342
21578, 47.52, 483.359
21579, 47.55, 483.376
21580, 47.58, 483.392
21581, 47.64, 483.426
21582, 47.67, 483.442
21583, 47.69, 483.459
21584, 47.72, 483.476
21585, 47.77, 483.509
21586, 47.8, 483.526
21587, 47.82, 483.542
21588, 47.85, 483.559
21589, 47.92, 483.592
21590, 47.95, 483.609
21591, 47.98, 483.626
21592, 48.02, 483.642
21593, 48.08, 483.676
21594, 48.12, 483.692
21595, 48.15, 483.709
21596, 48.18, 483.726
21597, 48.23, 483.759
21598, 48.26, 483.776
21599, 48.28, 483.792
21600, 48.33, 483.826
21601, 48.36, 483.842
21602, 48.39, 483.859
21603, 48.41, 483.876
21604, 48.43, 483.892
21605, 48.46, 483.926
21606, 48.48, 483.942
21607, 48.48, 483.959
21608, 48.48, 483.976
21609, 48.49, 484.009
21610, 48.49, 484.026
21611, 48.49, 484.042
21612, 48.49, 484.059
21613, 48.49, 484.092
21614, 48.49, 484.109
21615, 48.49, 484.126
21616, 48.49, 484.142
21617, 48.5, 484.176
21618, 48.5, 484.192
21619, 48.51, 484.209
21620, 48.51, 484.226
21621, 48.52, 484.259
21622, 48.52, 484.276
21623, 48.52, 484.292
21624, 48.53, 484.309
21625, 48.53, 484.342
21626, 48.53, 484.359
21627, 48.53, 484.376
21628, 48.53, 484.392
21629, 48.54, 484.409
21630, 48.54, 484.442
21631, 48.54, 484.459
21632, 48.54, 484.476
21633, 48.54, 484.492
21634, 48.55, 484.526
21635, 48.55, 484.542
21636, 48.55, 484.559
21637, 48.55, 484.576
21638, 48.55, 484.609
21639, 48.55, 484.626
21640, 48.55, 484.642
21641, 48.54, 484.659
21642, 48.54, 484.692
21643, 48.54, 484.709
21644, 48.54, 484.726
21645, 48.54, 484.742
21646, 48.53, 484.776
21647, 48.53, 484.792
21648, 48.53, 484.809
21649, 48.53, 484.826
21650, 48.53, 484.842
21651, 48.55, 484.876
21652, 48.56, 484.892
21653, 48.56, 484.909
21654, 48.57, 484.926
21655, 48.59, 484.959
21656, 48.6, 484.976
21657, 48.61, 484.992
21658, 48.62, 485.009
21659, 48.65, 485.042
21660, 48.66, 485.059
21661, 48.67, 485.076
21662, 48.68, 485.092
21663, 48.69, 485.126
21664, 48.69, 485.142
21665, 48.69, 485.159
21666, 48.69, 485.176
21667, 48.7, 485.209
21668, 48.7, 485.226
21669, 48.71, 485.242
21670, 48.72, 485.259
21671, 48.73, 485.292
21672, 48.73, 485.309
21673, 48.73, 485.326
21674, 48.73, 485.342
21675, 48.72, 485.376
21676, 48.72, 485.392
21677, 48.72, 485.409
21678, 48.72, 485.426
21679, 48.72, 485.459
21680, 48.72, 485.476
21681, 48.71, 485.492
21682, 48.72, 485.509
21683, 48.72, 485.542
21684, 48.73, 485.559
21685, 48.74, 485.576
21686, 48.75, 485.592
21687, 48.78, 485.626
21688, 48.79, 485.642
21689, 48.81, 485.659
21690, 48.83, 485.676
21691, 48.85, 485.692
21692, 48.89, 485.726
21693, 48.91, 485.742
21694, 48.93, 485.759
21695, 48.95, 485.776
21696, 49, 485.809
21697, 49.02, 485.826
21698, 49.04, 485.842
21699, 49.06, 485.859
21700, 49.11, 485.892
21701, 49.13, 485.909
21702, 49.16, 485.926
21703, 49.18, 485.942
21704, 49.23, 485.976
21705, 49.25, 485.992
21706, 49.27, 486.009
21707, 49.29, 486.026
21708, 49.34, 486.059
21709, 49.37, 486.076
21710, 49.39, 486.092
21711, 49.42, 486.109
21712, 49.48, 486.142
21713, 49.51, 486.159
21714, 49.53, 486.176
21715, 49.56, 486.192
21716, 49.59, 486.209
21717, 49.64, 486.242
21718, 49.67, 486.259
21719, 49.7, 486.276
21720, 49.72, 486.292
21721, 49.78, 486.326
21722, 49.8, 486.342
21723, 49.83, 486.359
21724, 49.86, 486.376
21725, 49.88, 486.392
21726, 49.84, 486.426
21727, 49.86, 486.442
21728, 49.9, 486.459
21729, 49.91, 486.476
21730, 49.94, 486.509
21731, 49.97, 486.526
21732, 49.99, 486.542
21733, 50.02, 486.559
21734, 50.04, 486.576
21735, 50.09, 486.609
21736, 50.12, 486.626
21737, 50.14, 486.642
21738, 50.16, 486.659
21739, 50.19, 486.676
21740, 50.24, 486.709
21741, 50.27, 486.726
21742, 50.29, 486.742
21743, 50.32, 486.759
21744, 50.34, 486.776
21745, 50.39, 486.809
21746, 50.42, 486.826
21747, 50.45, 486.842
21748, 50.47, 486.859
21749, 50.49, 486.876
21750, 50.55, 486.909
21751, 50.58, 486.926
21752, 50.61, 486.942
21753, 50.63, 486.959
21754, 50.66, 486.976
21755, 50.72, 487.009
21756, 50.74, 487.026
21757, 50.77, 487.042
21758, 50.8, 487.059
21759, 50.82, 487.076
21760, 50.88, 487.109
21761, 50.91, 487.126
21762, 50.93, 487.142
21763, 50.96, 487.159
21764, 50.99, 487.176
21765, 51.02, 487.192
21766, 51.08, 487.226
21767, 51.11, 487.242
21768, 51.14, 487.259
21769, 51.17, 487.276
21770, 51.2, 487.292
21771, 51.26, 487.326
21772, 51.28, 487.342
21773, 51.31, 487.359
21774, 51.34, 487.376
21775, 51.37, 487.392
21776, 51.39, 487.409
21777, 51.45, 487.442
21778, 51.47, 487.459
21779, 51.5, 487.476
21780, 51.52, 487.492
21781, 51.55, 487.509
21782, 51.57, 487.526
21783, 51.63, 487.559
21784, 51.65, 487.576
21785, 51.68, 487.592
21786, 51.71, 487.609
21787, 51.73, 487.626
21788, 51.76, 487.642
21789, 51.81, 487.676
21790, 51.83, 487.692
21791, 51.85, 487.709
21792, 51.87, 487.726
21793, 51.9, 487.742
21794, 51.93, 487.759
21795, 51.96, 487.776
21796, 52.02, 487.809
21797, 52.04, 487.826
21798, 52.05, 487.842
21799, 52.09, 487.859
21800, 52.13, 487.876
21801, 52.16, 487.892
21802, 52.19, 487.926
21803, 52.21, 487.942
21804, 52.23, 487.959
21805, 52.25, 487.976
21806, 52.27, 487.992
21807, 52.3, 488.009
21808, 52.33, 488.026
21809, 52.38, 488.059
21810, 52.41, 488.076
21811, 52.43, 488.092
21812, 52.46, 488.109
21813, 52.49, 488.126
21814, 52.52, 488.142
21815, 52.58, 488.176
21816, 52.6, 488.192
21817, 52.62, 488.209
21818, 52.65, 488.226
21819, 52.68, 488.242
21820, 52.71, 488.259
21821, 52.73, 488.276
21822, 52.76, 488.309
21823, 52.79, 488.326
21824, 52.84, 488.342
21825, 52.88, 488.359
21826, 52.91, 488.376
21827, 52.93, 488.392
21828, 52.95, 488.409
21829, 52.97, 488.426
21830, 53.01, 488.459
21831, 53.03, 488.476
21832, 53.05, 488.492
21833, 53.08, 488.509
21834, 53.11, 488.526
21835, 53.14, 488.542
21836, 53.17, 488.559
21837, 53.24, 488.592
21838, 53.27, 488.609
21839, 53.3, 488.626
21840, 53.32, 488.642
21841, 53.34, 488.659
21842, 53.36, 488.676
21843, 53.39, 488.692
21844, 53.43, 488.709
21845, 53.49, 488.742
21846, 53.52, 488.759
21847, 53.55, 488.776
21848, 53.58, 488.792
21849, 53.6, 488.809
21850, 53.63, 488.826
21851, 53.65, 488.842
21852, 53.68, 488.859
21853, 53.71, 488.876
21854, 53.77, 488.909
21855, 53.79, 488.926
21856, 53.81, 488.942
21857, 53.82, 488.959
21858, 53.85, 488.976
21859, 53.88, 488.992
21860, 53.91, 489.009
21861, 53.93, 489.026
21862, 53.98, 489.059
21863, 54.01, 489.076
21864, 54.04, 489.092
21865, 54.07, 489.109
21866, 54.1, 489.126
21867, 54.13, 489.142
21868, 54.16, 489.159
21869, 54.19, 489.176
21870, 54.22, 489.192
21871, 54.25, 489.209
21872, 54.3, 489.242
21873, 54.32, 489.259
21874, 54.35, 489.276
21875, 54.38, 489.292
21876, 54.41, 489.309
21877, 54.43, 489.326
21878, 54.46, 489.342
21879, 54.49, 489.359
21880, 54.52, 489.376
21881, 54.57, 489.409
21882, 54.6, 489.426
21883, 54.63, 489.442
21884, 54.66, 489.459
21885, 54.69, 489.476
21886, 54.71, 489.492
21887, 54.73, 489.509
21888, 54.75, 489.526
21889, 54.77, 489.542
21890, 54.8, 489.559
21891, 54.82, 489.576
21892, 54.88, 489.609
21893, 54.91, 489.626
21894, 54.95, 489.642
21895, 54.98, 489.659
21896, 55.01, 489.676
21897, 55.04, 489.692
21898, 55.07, 489.709
21899, 55.1, 489.726
21900, 55.12, 489.742
21901, 55.15, 489.759
21902, 55.18, 489.776
21903, 55.23, 489.809
21904, 55.26, 489.826
21905, 55.28, 489.842
21906, 55.3, 489.859
21907, 55.32, 489.876
21908, 55.35, 489.892
21909, 55.37, 489.909
21910, 55.4, 489.926
21911, 55.43, 489.942
21912, 55.46, 489.959
21913, 55.49, 489.976
21914, 55.51, 489.992
21915, 55.58, 490.026
21916, 55.61, 490.042
21917, 55.64, 490.059
21918, 55.66, 490.076
21919, 55.68, 490.092
21920, 55.71, 490.109
21921, 55.74, 490.126
21922, 55.76, 490.142
21923, 55.79, 490.159
21924, 55.82, 490.176
21925, 55.85, 490.192
21926, 55.87, 490.209
21927, 55.9, 490.226
21928, 55.94, 490.259
21929, 55.96, 490.276
21930, 55.99, 490.292
21931, 56.02, 490.309
21932, 56.05, 490.326
21933, 56.08, 490.342
21934, 56.1, 490.359
21935, 56.13, 490.376
21936, 56.17, 490.392
21937, 56.19, 490.409
21938, 56.21, 490.426
21939, 56.23, 490.442
21940, 56.25, 490.459
21941, 56.28, 490.476
21942, 56.33, 490.509
21943, 56.35, 490.526
21944, 56.38, 490.542
21945, 56.41, 490.559
21946, 56.44, 490.576
21947, 56.47, 490.592
21948, 56.49, 490.609
21949, 56.51, 490.626
21950, 56.53, 490.642
21951, 56.55, 490.659
21952, 56.57, 490.676
21953, 56.6, 490.692
21954, 56.63, 490.709
21955, 56.66, 490.726
21956, 56.68, 490.742
21957, 56.7, 490.759
21958, 56.76, 490.792
21959, 56.79, 490.809
21960, 56.83, 490.826
21961, 56.86, 490.842
21962, 56.89, 490.859
21963, 56.92, 490.876
21964, 56.95, 490.892
21965, 56.98, 490.909
21966, 56.99, 490.926
21967, 56.99, 490.942
21968, 57, 490.959
21969, 57.03, 490.976
21970, 57.06, 490.992
21971, 57.09, 491.009
21972, 57.12, 491.026
21973, 57.15, 491.042
21974, 57.18, 491.059
21975, 57.21, 491.076
21976, 57.23, 491.092
21977, 57.28, 491.126
21978, 57.3, 491.142
21979, 57.32, 491.159
21980, 57.31, 491.176
21981, 57.32, 491.192
21982, 57.36, 491.209
21983, 57.41, 491.226
21984, 57.45, 491.242
21985, 57.48, 491.259
21986, 57.5, 491.276
21987, 57.53, 491.292
21988, 57.55, 491.309
21989, 57.57, 491.326
21990, 57.59, 491.342
21991, 57.61, 491.359
21992, 57.63, 491.376
21993, 57.64, 491.392
21994, 57.66, 491.409
21995, 57.68, 491.426
21996, 57.71, 491.442
21997, 57.74, 491.459
21998, 57.76, 491.476
21999, 57.78, 491.492
22000, 57.82, 491.526
22001, 57.84, 491.542
22002, 57.86, 491.559
22003, 57.9, 491.576
22004, 57.93, 491.592
22005, 57.96, 491.609
22006, 57.98, 491.626
22007, 58.01, 491.642
22008, 58.03, 491.659
22009, 58.05, 491.676
22010, 58.07, 491.692
22011, 58.1, 491.709
22012, 58.12, 491.726
22013, 58.15, 491.742
22014, 58.18, 491.759
22015, 58.2, 491.776
22016, 58.23, 491.792
22017, 58.25, 491.809
22018, 58.27, 491.826
22019, 58.3, 491.842
22020, 58.32, 491.859
22021, 58.34, 491.876
22022, 58.36, 491.892
22023, 58.37, 491.909
22024, 58.4, 491.926
22025, 58.42, 491.942
22026, 58.44, 491.959
22027, 58.47, 491.976
22028, 58.49, 491.992
22029, 58.52, 492.009
22030, 58.54, 492.026
22031, 58.56, 492.042
22032, 58.59, 492.059
22033, 58.63, 492.092
22034, 58.65, 492.109
22035, 58.67, 492.126
22036, 58.7, 492.142
22037, 58.72, 492.159
22038, 58.74, 492.176
22039, 58.76, 492.192
22040, 58.78, 492.209
22041, 58.8, 492.226
22042, 58.83, 492.242
22043, 58.85, 492.259
22044, 58.87, 492.276
22045, 58.89, 492.292
22046, 58.91, 492.309
22047, 58.93, 492.326
22048, 58.95, 492.342
22049, 58.97, 492.359
22050, 58.99, 492.376
22051, 59.02, 492.392
22052, 59.04, 492.409
22053, 59.07, 492.426
22054, 59.09, 492.442
22055, 59.11, 492.459
22056, 59.14, 492.476
22057, 59.16, 492.492
22058, 59.19, 492.509
22059, 59.21, 492.526
22060, 59.23, 492.542
22061, 59.25, 492.559
22062, 59.27, 492.576
22063, 59.29, 492.592
22064, 59.31, 492.609
22065, 59.33, 492.626
22066, 59.35, 492.642
22067, 59.37, 492.659
22068, 59.39, 492.676
22069, 59.41, 492.692
22070, 59.43, 492.709
22071, 59.45, 492.726
22072, 59.48, 492.742
22073, 59.5, 492.759
22074, 59.53, 492.776
22075, 59.55, 492.792
22076, 59.57, 492.809
22077, 59.59, 492.826
22078, 59.61, 492.842
22079, 59.64, 492.859
22080, 59.66, 492.876
22081, 59.68, 492.892
22082, 59.7, 492.909
22083, 59.73, 492.926
22084, 59.75, 492.942
22085, 59.77, 492.959
22086, 59.79, 492.976
22087, 59.8, 492.992
22088, 59.82, 493.009
22089, 59.83, 493.026
22090, 59.85, 493.042
22091, 59.88, 493.059
22092, 59.91, 493.076
22093, 59.93, 493.092
22094, 59.96, 493.109
22095, 59.98, 493.126
22096, 60, 493.142
22097, 60.02, 493.159
22098, 60.04, 493.176
22099, 60.07, 493.192
22100, 60.09, 493.209
22101, 60.11, 493.226
22102, 60.13, 493.242
22103, 60.16, 493.259
22104, 60.18, 493.276
22105, 60.19, 493.292
22106, 60.21, 493.309
22107, 60.23, 493.326
22108, 60.25, 493.342
22109, 60.27, 493.359
22110, 60.29, 493.376
22111, 60.32, 493.392
22112, 60.34, 493.409
22113, 60.36, 493.426
22114, 60.38, 493.442
22115, 60.4, 493.459
22116, 60.43, 493.476
22117, 60.45, 493.492
22118, 60.47, 493.509
22119, 60.49, 493.526
22120, 60.51, 493.542
22121, 60.5, 493.559
22122, 60.48, 493.576
22123, 60.52, 493.592
22124, 60.54, 493.609
22125, 60.55, 493.626
22126, 60.56, 493.642
22127, 60.58, 493.659
22128, 60.6, 493.676
22129, 60.63, 493.692
22130, 60.66, 493.709
22131, 60.68, 493.726
22132, 60.69, 493.742
22133, 60.71, 493.759
22134, 60.73, 493.776
22135, 60.75, 493.792
22136, 60.78, 493.809
22137, 60.81, 493.826
22138, 60.83, 493.842
22139, 60.85, 493.859
22140, 60.87, 493.876
22141, 60.89, 493.892
22142, 60.91, 493.909
22143, 60.94, 493.926
22144, 60.96, 493.942
22145, 60.98, 493.959
22146, 61, 493.976
22147, 61.01, 493.992
22148, 61.03, 494.009
22149, 61.05, 494.026
22150, 61.08, 494.042
22151, 61.1, 494.059
22152, 61.12, 494.076
22153, 61.15, 494.092
22154, 61.17, 494.109
22155, 61.2, 494.126
22156, 61.22, 494.142
22157, 61.24, 494.159
22158, 61.26, 494.176
22159, 61.29, 494.192
22160, 61.31, 494.209
22161, 61.33, 494.226
22162, 61.35, 494.242
22163, 61.37, 494.259
22164, 61.39, 494.276
22165, 61.39, 494.276
22166, 61.41, 494.292
22167, 61.44, 494.309
22168, 61.46, 494.326
22169, 61.48, 494.342
22170, 61.5, 494.359
22171, 61.52, 494.376
22172, 61.54, 494.392
22173, 61.56, 494.409
22174, 61.58, 494.426
22175, 61.6, 494.442
22176, 61.62, 494.459
22177, 61.64, 494.476
22178, 61.66, 494.492
22179, 61.68, 494.509
22180, 61.7, 494.526
22181, 61.72, 494.542
22182, 61.74, 494.559
22183, 61.76, 494.576
22184, 61.78, 494.592
22185, 61.8, 494.609
22186, 61.82, 494.626
22187, 61.84, 494.642
22188, 61.85, 494.659
22189, 61.87, 494.676
22190, 61.89, 494.692
22191, 61.92, 494.709
22192, 61.94, 494.726
22193, 61.96, 494.742
22194, 61.99, 494.759
22195, 62.01, 494.776
22196, 62.03, 494.792
22197, 62.05, 494.809
22198, 62.07, 494.826
22199, 62.09, 494.842
22200, 62.09, 494.842
22201, 62.11, 494.859
22202, 62.14, 494.876
22203, 62.16, 494.892
22204, 62.18, 494.909
22205, 62.2, 494.926
22206, 62.22, 494.942
22207, 62.23, 494.959
22208, 62.24, 494.976
22209, 62.26, 494.992
22210, 62.28, 495.009
22211, 62.3, 495.026
22212, 62.33, 495.042
22213, 62.36, 495.059
22214, 62.38, 495.076
22215, 62.41, 495.092
22216, 62.42, 495.109
22217, 62.44, 495.126
22218, 62.46, 495.142
22219, 62.48, 495.159
22220, 62.5, 495.176
22221, 62.51, 495.192
22222, 62.53, 495.209
22223, 62.55, 495.226
22224, 62.57, 495.242
22225, 62.59, 495.259
22226, 62.59, 495.259
22227, 62.61, 495.276
22228, 62.64, 495.292
22229, 62.67, 495.309
22230, 62.69, 495.326
22231, 62.7, 495.342
22232, 62.71, 495.359
22233, 62.73, 495.376
22234, 62.75, 495.392
22235, 62.77, 495.409
22236, 62.79, 495.426
22237, 62.81, 495.442
22238, 62.83, 495.459
22239, 62.85, 495.476
22240, 62.87, 495.492
22241, 62.89, 495.509
22242, 62.91, 495.526
22243, 62.93, 495.542
22244, 62.95, 495.559
22245, 62.97, 495.576
22246, 62.98, 495.592
22247, 62.99, 495.609
22248, 63.01, 495.626
22249, 63.01, 495.626
22250, 63.03, 495.642
22251, 63.05, 495.659
22252, 63.08, 495.676
22253, 63.09, 495.692
22254, 63.11, 495.709
22255, 63.13, 495.726
22256, 63.16, 495.742
22257, 63.18, 495.759
22258, 63.19, 495.776
22259, 63.21, 495.792
22260, 63.23, 495.809
22261, 63.24, 495.826
22262, 63.26, 495.842
22263, 63.27, 495.859
22264, 63.29, 495.876
22265, 63.31, 495.892
22266, 63.34, 495.909
22267, 63.36, 495.926
22268, 63.36, 495.926
22269, 63.38, 495.942
22270, 63.39, 495.959
22271, 63.41, 495.976
22272, 63.43, 495.992
22273, 63.44, 496.009
22274, 63.45, 496.026
22275, 63.46, 496.042
22276, 63.48, 496.059
22277, 63.5, 496.076
22278, 63.52, 496.092
22279, 63.54, 496.109
22280, 63.57, 496.126
22281, 63.59, 496.142
22282, 63.61, 496.159
22283, 63.62, 496.176
22284, 63.63, 496.192
22285, 63.64, 496.209
22286, 63.64, 496.209
22287, 63.65, 496.226
22288, 63.66, 496.242
22289, 63.68, 496.259
22290, 63.7, 496.276
22291, 63.73, 496.292
22292, 63.75, 496.309
22293, 63.77, 496.326
22294, 63.78, 496.342
22295, 63.8, 496.359
22296, 63.81, 496.376
22297, 63.82, 496.392
22298, 63.84, 496.409
22299, 63.85, 496.426
22300, 63.86, 496.442
22301, 63.87, 496.459
22302, 63.89, 496.476
22303, 63.89, 496.476
22304, 63.91, 496.492
22305, 63.93, 496.509
22306, 63.95, 496.526
22307, 63.97, 496.542
22308, 63.99, 496.559
22309, 64, 496.576
22310, 64.01, 496.592
22311, 64.02, 496.609
22312, 64.04, 496.626
22313, 64.05, 496.642
22314, 64.06, 496.659
22315, 64.08, 496.676
22316, 64.09, 496.692
22317, 64.11, 496.709
22318, 64.14, 496.726
22319, 64.14, 496.726
22320, 64.16, 496.742
22321, 64.17, 496.759
22322, 64.19, 496.776
22323, 64.2, 496.792
22324, 64.21, 496.809
22325, 64.22, 496.826
22326, 64.24, 496.842
22327, 64.25, 496.859
22328, 64.26, 496.876
22329, 64.28, 496.892
22330, 64.29, 496.909
22331, 64.31, 496.926
22332, 64.32, 496.942
22333, 64.34, 496.959
22334, 64.34, 496.959
22335, 64.35, 496.976
22336, 64.37, 496.992
22337, 64.38, 497.009
22338, 64.39, 497.026
22339, 64.4, 497.042
22340, 64.42, 497.059
22341, 64.43, 497.076
22342, 64.45, 497.092
22343, 64.46, 497.109
22344, 64.48, 497.126
22345, 64.49, 497.142
22346, 64.5, 497.159
22347, 64.52, 497.176
22348, 64.53, 497.192
22349, 64.53, 497.192
22350, 64.54, 497.209
22351, 64.56, 497.226
22352, 64.58, 497.242
22353, 64.6, 497.259
22354, 64.61, 497.276
22355, 64.62, 497.292
22356, 64.63, 497.309
22357, 64.65, 497.326
22358, 64.66, 497.342
22359, 64.67, 497.359
22360, 64.68, 497.376
22361, 64.7, 497.392
22362, 64.71, 497.409
22363, 64.71, 497.409
22364, 64.73, 497.426
22365, 64.74, 497.442
22366, 64.75, 497.459
22367, 64.76, 497.476
22368, 64.77, 497.492
22369, 64.78, 497.509
22370, 64.8, 497.526
22371, 64.81, 497.542
22372, 64.82, 497.559
22373, 64.83, 497.576
22374, 64.85, 497.592
22375, 64.87, 497.609
22376, 64.87, 497.609
22377, 64.88, 497.626
22378, 64.9, 497.642
22379, 64.91, 497.659
22380, 64.92, 497.676
22381, 64.93, 497.692
22382, 64.94, 497.709
22383, 64.95, 497.726
22384, 64.96, 497.742
22385, 64.97, 497.759
22386, 64.99, 497.776
22387, 65, 497.792
22388, 65.01, 497.809
22389, 65.01, 497.809
22390, 65.03, 497.826
22391, 65.04, 497.842
22392, 65.05, 497.859
22393, 65.07, 497.876
22394, 65.08, 497.892
22395, 65.09, 497.909
22396, 65.1, 497.926
22397, 65.11, 497.942
22398, 65.12, 497.959
22399, 65.14, 497.976
22400, 65.15, 497.992
22401, 65.16, 498.009
22402, 65.16, 498.009
22403, 65.18, 498.026
22404, 65.19, 498.042
22405, 65.2, 498.059
22406, 65.21, 498.076
22407, 65.21, 498.092
22408, 65.22, 498.109
22409, 65.23, 498.126
22410, 65.24, 498.142
22411, 65.26, 498.159
22412, 65.27, 498.176
22413, 65.28, 498.192
22414, 65.3, 498.209
22415, 65.3, 498.209
22416, 65.31, 498.226
22417, 65.32, 498.242
22418, 65.33, 498.259
22419, 65.35, 498.276
22420, 65.36, 498.292
22421, 65.37, 498.309
22422, 65.38, 498.326
22423, 65.4, 498.342
22424, 65.41, 498.359
22425, 65.42, 498.376
22426, 65.43, 498.392
22427, 65.43, 498.392
22428, 65.43, 498.409
22429, 65.44, 498.426
22430, 65.45, 498.442
22431, 65.47, 498.459
22432, 65.49, 498.476
22433, 65.5, 498.492
22434, 65.51, 498.509
22435, 65.52, 498.526
22436, 65.53, 498.542
22437, 65.54, 498.559
22438, 65.56, 498.576
22439, 65.56, 498.576
22440, 65.57, 498.592
22441, 65.58, 498.609
22442, 65.59, 498.626
22443, 65.6, 498.642
22444, 65.61, 498.659
22445, 65.62, 498.676
22446, 65.63, 498.692
22447, 65.64, 498.709
22448, 65.65, 498.726
22449, 65.66, 498.742
22450, 65.67, 498.759
22451, 65.67, 498.759
22452, 65.69, 498.776
22453, 65.7, 498.792
22454, 65.71, 498.809
22455, 65.72, 498.826
22456, 65.74, 498.842
22457, 65.75, 498.859
22458, 65.76, 498.876
22459, 65.77, 498.892
22460, 65.78, 498.909
22461, 65.79, 498.926
22462, 65.79, 498.926
22463, 65.8, 498.942
22464, 65.81, 498.959
22465, 65.82, 498.976
22466, 65.83, 498.992
22467, 65.84, 499.009
22468, 65.85, 499.026
22469, 65.86, 499.042
22470, 65.87, 499.059
22471, 65.88, 499.076
22472, 65.89, 499.092
22473, 65.89, 499.092
22474, 65.91, 499.109
22475, 65.92, 499.126
22476, 65.93, 499.142
22477, 65.94, 499.159
22478, 65.95, 499.176
22479, 65.96, 499.192
22480, 65.97, 499.209
22481, 65.98, 499.226
22482, 66, 499.242
22483, 66.01, 499.259
22484, 66.01, 499.259
22485, 66.02, 499.276
22486, 66.03, 499.292
22487, 66.04, 499.309
22488, 66.05, 499.326
22489, 66.05, 499.342
22490, 66.05, 499.359
22491, 66.07, 499.376
22492, 66.08, 499.392
22493, 66.1, 499.409
22494, 66.11, 499.426
22495, 66.11, 499.426
22496, 66.12, 499.442
22497, 66.14, 499.459
22498, 66.15, 499.476
22499, 66.16, 499.492
22500, 66.17, 499.509
22501, 66.18, 499.526
22502, 66.19, 499.542
22503, 66.2, 499.559
22504, 66.21, 499.576
22505, 66.21, 499.592
22506, 66.21, 499.592
22507, 66.22, 499.609
22508, 66.23, 499.626
22509, 66.24, 499.642
22510, 66.25, 499.659
22511, 66.26, 499.676
22512, 66.27, 499.692
22513, 66.28, 499.709
22514, 66.29, 499.726
22515, 66.3, 499.742
22516, 66.31, 499.759
22517, 66.31, 499.759
22518, 66.33, 499.776
22519, 66.34, 499.792
22520, 66.35, 499.809
22521, 66.36, 499.826
22522, 66.37, 499.842
22523, 66.38, 499.859
22524, 66.39, 499.876
22525, 66.4, 499.892
22526, 66.41, 499.909
22527, 66.41, 499.909
22528, 66.42, 499.926
22529, 66.43, 499.942
22530, 66.44, 499.959
22531, 66.45, 499.976
22532, 66.46, 499.992
22533, 66.47, 500.009
22534, 66.48, 500.026
22535, 66.49, 500.042
22536, 66.5, 500.059
22537, 66.5, 500.059
22538, 66.51, 500.076
22539, 66.52, 500.092
22540, 66.53, 500.109
22541, 66.54, 500.126
22542, 66.55, 500.142
22543, 66.56, 500.159
22544, 66.56, 500.176
22545, 66.58, 500.192
22546, 66.59, 500.209
22547, 66.6, 500.226
22548, 66.6, 500.226
22549, 66.6, 500.242
22550, 66.61, 500.259
22551, 66.62, 500.276
22552, 66.64, 500.292
22553, 66.65, 500.309
22554, 66.66, 500.326
22555, 66.67, 500.342
22556, 66.68, 500.359
22557, 66.69, 500.376
22558, 66.69, 500.376
22559, 66.7, 500.392
22560, 66.71, 500.409
22561, 66.72, 500.426
22562, 66.73, 500.442
22563, 66.74, 500.459
22564, 66.75, 500.476
22565, 66.76, 500.492
22566, 66.77, 500.509
22567, 66.77, 500.509
22568, 66.78, 500.526
22569, 66.78, 500.542
22570, 66.79, 500.559
22571, 66.8, 500.576
22572, 66.81, 500.592
22573, 66.82, 500.609
22574, 66.84, 500.626
22575, 66.85, 500.642
22576, 66.86, 500.659
22577, 66.86, 500.659
22578, 66.86, 500.676
22579, 66.87, 500.692
22580, 66.88, 500.709
22581, 66.89, 500.726
22582, 66.89, 500.742
22583, 66.9, 500.759
22584, 66.91, 500.776
22585, 66.92, 500.792
22586, 66.93, 500.809
22587, 66.93, 500.809
22588, 66.94, 500.826
22589, 66.95, 500.842
22590, 66.96, 500.859
22591, 66.97, 500.876
22592, 66.98, 500.892
22593, 66.99, 500.909
22594, 67, 500.926
22595, 67.01, 500.942
22596, 67.01, 500.942
22597, 67.02, 500.959
22598, 67.03, 500.976
22599, 67.04, 500.992
22600, 67.05, 501.009
22601, 67.06, 501.026
22602, 67.07, 501.042
22603, 67.08, 501.059
22604, 67.09, 501.076
22605, 67.09, 501.092
22606, 67.09, 501.092
22607, 67.1, 501.109
22608, 67.11, 501.126
22609, 67.11, 501.142
22610, 67.12, 501.159
22611, 67.13, 501.176
22612, 67.15, 501.192
22613, 67.16, 501.209
22614, 67.17, 501.226
22615, 67.17, 501.226
22616, 67.18, 501.242
22617, 67.19, 501.259
22618, 67.2, 501.276
22619, 67.2, 501.292
22620, 67.2, 501.309
22621, 67.21, 501.326
22622, 67.21, 501.342
22623, 67.22, 501.359
22624, 67.23, 501.376
22625, 67.23, 501.376
22626, 67.25, 501.392
22627, 67.26, 501.409
22628, 67.28, 501.426
22629, 67.29, 501.442
22630, 67.3, 501.459
22631, 67.31, 501.476
22632, 67.32, 501.492
22633, 67.33, 501.509
22634, 67.33, 501.509
22635, 67.33, 501.526
22636, 67.34, 501.542
22637, 67.35, 501.559
22638, 67.36, 501.576
22639, 67.36, 501.592
22640, 67.37, 501.609
22641, 67.38, 501.626
22642, 67.39, 501.642
22643, 67.39, 501.642
22644, 67.4, 501.659
22645, 67.41, 501.676
22646, 67.42, 501.692
22647, 67.42, 501.709
22648, 67.43, 501.726
22649, 67.44, 501.742
22650, 67.45, 501.759
22651, 67.46, 501.776
22652, 67.46, 501.776
22653, 67.48, 501.792
22654, 67.48, 501.809
22655, 67.49, 501.826
22656, 67.5, 501.842
22657, 67.51, 501.859
22658, 67.52, 501.876
22659, 67.53, 501.892
22660, 67.53, 501.909
22661, 67.53, 501.909
22662, 67.54, 501.926
22663, 67.55, 501.942
22664, 67.56, 501.959
22665, 67.57, 501.976
22666, 67.59, 501.992
22667, 67.6, 502.009
22668, 67.61, 502.026
22669, 67.61, 502.042
22670, 67.61, 502.042
22671, 67.61, 502.059
22672, 67.61, 502.076
22673, 67.61, 502.092
22674, 67.62, 502.109
22675, 67.63, 502.126
22676, 67.65, 502.142
22677, 67.66, 502.159
22678, 67.67, 502.176
22679, 67.67, 502.176
22680, 67.68, 502.192
22681, 67.69, 502.209
22682, 67.7, 502.226
22683, 67.71, 502.242
22684, 67.72, 502.259
22685, 67.72, 502.276
22686, 67.73, 502.292
22687, 67.73, 502.309
22688, 67.73, 502.309
22689, 67.73, 502.326
22690, 67.74, 502.342
22691, 67.76, 502.359
22692, 67.77, 502.376
22693, 67.78, 502.392
22694, 67.79, 502.409
22695, 67.79, 502.426
22696, 67.79, 502.426
22697, 67.8, 502.442
22698, 67.81, 502.459
22699, 67.82, 502.476
22700, 67.83, 502.492
22701, 67.84, 502.509
22702, 67.85, 502.526
22703, 67.86, 502.542
22704, 67.87, 502.559
22705, 67.87, 502.559
22706, 67.88, 502.576
22707, 67.88, 502.592
22708, 67.89, 502.609
22709, 67.9, 502.626
22710, 67.91, 502.642
22711, 67.91, 502.659
22712, 67.92, 502.676
22713, 67.93, 502.692
22714, 67.93, 502.692
22715, 67.94, 502.709
22716, 67.94, 502.726
22717, 67.95, 502.742
22718, 67.96, 502.759
22719, 67.97, 502.776
22720, 67.98, 502.792
22721, 67.99, 502.809
22722, 67.99, 502.809
22723, 68, 502.826
22724, 68.01, 502.842
22725, 68.02, 502.859
22726, 68.02, 502.876
22727, 68.03, 502.892
22728, 68.03, 502.909
22729, 68.04, 502.926
22730, 68.04, 502.942
22731, 68.04, 502.942
22732, 68.05, 502.959
22733, 68.06, 502.976
22734, 68.06, 502.992
22735, 68.07, 503.009
22736, 68.09, 503.026
22737, 68.1, 503.042
22738, 68.11, 503.059
22739, 68.11, 503.059
22740, 68.12, 503.076
22741, 68.13, 503.092
22742, 68.14, 503.109
22743, 68.14, 503.126
22744, 68.15, 503.142
22745, 68.16, 503.159
22746, 68.17, 503.176
22747, 68.17, 503.176
22748, 68.18, 503.192
22749, 68.19, 503.209
22750, 68.19, 503.226
22751, 68.2, 503.242
22752, 68.21, 503.259
22753, 68.21, 503.276
22754, 68.22, 503.292
22755, 68.23, 503.309
22756, 68.23, 503.309
22757, 68.24, 503.326
22758, 68.26, 503.342
22759, 68.27, 503.359
22760, 68.27, 503.376
22761, 68.28, 503.392
22762, 68.28, 503.409
22763, 68.29, 503.426
22764, 68.29, 503.426
22765, 68.29, 503.442
22766, 68.29, 503.459
22767, 68.3, 503.476
22768, 68.31, 503.492
22769, 68.32, 503.509
22770, 68.33, 503.526
22771, 68.34, 503.542
22772, 68.34, 503.542
22773, 68.35, 503.559
22774, 68.37, 503.576
22775, 68.37, 503.592
22776, 68.38, 503.609
22777, 68.38, 503.626
22778, 68.39, 503.642
22779, 68.39, 503.659
22780, 68.39, 503.659
22781, 68.4, 503.676
22782, 68.4, 503.692
22783, 68.41, 503.709
22784, 68.42, 503.726
22785, 68.43, 503.742
22786, 68.44, 503.759
22787, 68.45, 503.776
22788, 68.46, 503.792
22789, 68.46, 503.792
22790, 68.47, 503.809
22791, 68.48, 503.826
22792, 68.49, 503.842
22793, 68.49, 503.859
22794, 68.49, 503.876
22795, 68.48, 503.892
22796, 68.49, 503.909
22797, 68.49, 503.909
22798, 68.51, 503.926
22799, 68.52, 503.942
22800, 68.54, 503.959
22801, 68.55, 503.976
22802, 68.55, 503.992
22803, 68.55, 504.009
22804, 68.56, 504.026
22805, 68.56, 504.026
22806, 68.56, 504.042
22807, 68.56, 504.059
22808, 68.57, 504.076
22809, 68.58, 504.092
22810, 68.59, 504.109
22811, 68.6, 504.126
22812, 68.6, 504.142
22813, 68.6, 504.142
22814, 68.61, 504.159
22815, 68.62, 504.176
22816, 68.63, 504.192
22817, 68.64, 504.209
22818, 68.65, 504.226
22819, 68.66, 504.242
22820, 68.67, 504.259
22821, 68.67, 504.259
22822, 68.68, 504.276
22823, 68.68, 504.292
22824, 68.68, 504.309
22825, 68.69, 504.326
22826, 68.7, 504.342
22827, 68.7, 504.359
22828, 68.71, 504.376
22829, 68.71, 504.376
22830, 68.71, 504.392
22831, 68.72, 504.409
22832, 68.73, 504.426
22833, 68.73, 504.442
22834, 68.74, 504.459
22835, 68.75, 504.476
22836, 68.75, 504.476
22837, 68.76, 504.492
22838, 68.77, 504.509
22839, 68.78, 504.526
22840, 68.79, 504.542
22841, 68.8, 504.559
22842, 68.81, 504.576
22843, 68.81, 504.592
22844, 68.81, 504.592
22845, 68.82, 504.609
22846, 68.83, 504.626
22847, 68.84, 504.642
22848, 68.85, 504.659
22849, 68.85, 504.676
22850, 68.85, 504.692
22851, 68.86, 504.709
22852, 68.86, 504.709
22853, 68.86, 504.726
22854, 68.87, 504.742
22855, 68.88, 504.759
22856, 68.89, 504.776
22857, 68.9, 504.792
22858, 68.91, 504.809
22859, 68.91, 504.826
22860, 68.91, 504.826
22861, 68.92, 504.842
22862, 68.93, 504.859
22863, 68.93, 504.876
22864, 68.94, 504.892
22865, 68.94, 504.909
22866, 68.95, 504.926
22867, 68.95, 504.926
22868, 68.96, 504.942
22869, 68.98, 504.959
22870, 68.99, 504.976
22871, 69, 504.992
22872, 69, 505.009
22873, 69.01, 505.026
22874, 69.02, 505.042
22875, 69.02, 505.042
22876, 69.02, 505.059
22877, 69.02, 505.076
22878, 69.02, 505.092
22879, 69.02, 505.109
22880, 69.03, 505.126
22881, 69.04, 505.142
22882, 69.05, 505.159
22883, 69.05, 505.159
22884, 69.07, 505.176
22885, 69.07, 505.192
22886, 69.08, 505.209
22887, 69.08, 505.226
22888, 69.08, 505.242
22889, 69.08, 505.259
22890, 69.08, 505.259
22891, 69.08, 505.276
22892, 69.09, 505.292
22893, 69.1, 505.309
22894, 69.11, 505.326
22895, 69.12, 505.342
22896, 69.11, 505.359
22897, 69.12, 505.376
22898, 69.12, 505.376
22899, 69.12, 505.392
22900, 69.13, 505.409
22901, 69.15, 505.426
22902, 69.15, 505.442
22903, 69.16, 505.459
22904, 69.16, 505.476
22905, 69.16, 505.492
22906, 69.16, 505.492
22907, 69.17, 505.509
22908, 69.18, 505.526
22909, 69.18, 505.542
22910, 69.19, 505.559
22911, 69.2, 505.576
22912, 69.21, 505.592
22913, 69.21, 505.592
22914, 69.22, 505.609
22915, 69.22, 505.626
22916, 69.23, 505.642
22917, 69.23, 505.659
22918, 69.24, 505.676
22919, 69.24, 505.692
22920, 69.25, 505.709
22921, 69.25, 505.709
22922, 69.26, 505.726
22923, 69.26, 505.742
22924, 69.26, 505.759
22925, 69.27, 505.776
22926, 69.28, 505.792
22927, 69.28, 505.809
22928, 69.28, 505.809
22929, 69.28, 505.826
22930, 69.29, 505.842
22931, 69.29, 505.859
22932, 69.3, 505.876
22933, 69.31, 505.892
22934, 69.31, 505.909
22935, 69.31, 505.909
22936, 69.32, 505.926
22937, 69.33, 505.942
22938, 69.33, 505.959
22939, 69.34, 505.976
22940, 69.34, 505.992
22941, 69.34, 506.009
22942, 69.35, 506.026
22943, 69.35, 506.026
22944, 69.35, 506.042
22945, 69.35, 506.059
22946, 69.36, 506.076
22947, 69.36, 506.092
22948, 69.37, 506.109
22949, 69.38, 506.126
22950, 69.38, 506.126
22951, 69.38, 506.142
22952, 69.39, 506.159
22953, 69.39, 506.176
22954, 69.39, 506.192
22955, 69.39, 506.209
22956, 69.4, 506.226
22957, 69.4, 506.242
22958, 69.4, 506.242
22959, 69.41, 506.259
22960, 69.41, 506.276
22961, 69.41, 506.292
22962, 69.41, 506.309
22963, 69.41, 506.326
22964, 69.42, 506.342
22965, 69.42, 506.342
22966, 69.42, 506.359
22967, 69.43, 506.376
22968, 69.43, 506.392
22969, 69.44, 506.409
22970, 69.45, 506.426
22971, 69.46, 506.442
22972, 69.46, 506.442
22973, 69.46, 506.459
22974, 69.47, 506.476
22975, 69.47, 506.492
22976, 69.48, 506.509
22977, 69.48, 506.526
22978, 69.48, 506.542
22979, 69.49, 506.559
22980, 69.49, 506.559
22981, 69.49, 506.576
22982, 69.5, 506.592
22983, 69.5, 506.609
22984, 69.5, 506.626
22985, 69.51, 506.642
22986, 69.51, 506.659
22987, 69.51, 506.659
22988, 69.51, 506.676
22989, 69.51, 506.692
22990, 69.52, 506.709
22991, 69.52, 506.726
22992, 69.53, 506.742
22993, 69.53, 506.759
22994, 69.53, 506.759
22995, 69.53, 506.776
22996, 69.54, 506.792
22997, 69.54, 506.809
22998, 69.55, 506.826
22999, 69.55, 506.842
23000, 69.55, 506.859
23001, 69.55, 506.876
23002, 69.55, 506.876
23003, 69.56, 506.892
23004, 69.56, 506.909
23005, 69.56, 506.926
23006, 69.56, 506.942
23007, 69.56, 506.959
23008, 69.57, 506.976
23009, 69.57, 506.976
23010, 69.57, 506.992
23011, 69.57, 507.009
23012, 69.58, 507.026
23013, 69.58, 507.042
23014, 69.58, 507.059
23015, 69.59, 507.076
23016, 69.59, 507.076
23017, 69.59, 507.092
23018, 69.6, 507.109
23019, 69.6, 507.126
23020, 69.6, 507.142
23021, 69.6, 507.159
23022, 69.6, 507.176
23023, 69.6, 507.192
23024, 69.6, 507.192
23025, 69.6, 507.209
23026, 69.61, 507.226
23027, 69.61, 507.242
23028, 69.61, 507.259
23029, 69.62, 507.276
23030, 69.62, 507.292
23031, 69.62, 507.292
23032, 69.62, 507.309
23033, 69.63, 507.326
23034, 69.63, 507.342
23035, 69.63, 507.359
23036, 69.63, 507.376
23037, 69.62, 507.392
23038, 69.62, 507.392
23039, 69.62, 507.409
23040, 69.63, 507.426
23041, 69.63, 507.442
23042, 69.64, 507.459
23043, 69.65, 507.476
23044, 69.65, 507.492
23045, 69.65, 507.492
23046, 69.65, 507.509
23047, 69.65, 507.526
23048, 69.65, 507.542
23049, 69.65, 507.559
23050, 69.65, 507.576
23051, 69.65, 507.592
23052, 69.65, 507.609
23053, 69.65, 507.609
23054, 69.65, 507.626
23055, 69.65, 507.642
23056, 69.66, 507.659
23057, 69.66, 507.676
23058, 69.66, 507.692
23059, 69.66, 507.709
23060, 69.66, 507.709
23061, 69.66, 507.726
23062, 69.66, 507.742
23063, 69.66, 507.759
23064, 69.67, 507.776
23065, 69.67, 507.792
23066, 69.67, 507.809
23067, 69.67, 507.809
23068, 69.68, 507.826
23069, 69.68, 507.842
23070, 69.69, 507.859
23071, 69.69, 507.876
23072, 69.69, 507.892
23073, 69.69, 507.909
23074, 69.69, 507.909
23075, 69.69, 507.926
23076, 69.69, 507.942
23077, 69.69, 507.959
23078, 69.69, 507.976
23079, 69.7, 507.992
23080, 69.7, 508.009
23081, 69.7, 508.026
23082, 69.7, 508.026
23083, 69.7, 508.042
23084, 69.7, 508.059
23085, 69.69, 508.076
23086, 69.69, 508.092
23087, 69.69, 508.109
23088, 69.7, 508.126
23089, 69.7, 508.126
23090, 69.69, 508.142
23091, 69.69, 508.159
23092, 69.69, 508.176
23093, 69.7, 508.192
23094, 69.7, 508.209
23095, 69.7, 508.226
23096, 69.7, 508.226
23097, 69.71, 508.242
23098, 69.71, 508.259
23099, 69.71, 508.276
23100, 69.71, 508.292
23101, 69.71, 508.309
23102, 69.71, 508.326
23103, 69.71, 508.326
23104, 69.7, 508.342
23105, 69.7, 508.359
23106, 69.7, 508.376
23107, 69.7, 508.392
23108, 69.7, 508.409
23109, 69.7, 508.426
23110, 69.7, 508.426
23111, 69.7, 508.442
23112, 69.7, 508.459
23113, 69.71, 508.476
23114, 69.71, 508.492
23115, 69.71, 508.509
23116, 69.71, 508.526
23117, 69.71, 508.542
23118, 69.71, 508.542
23119, 69.71, 508.559
23120, 69.7, 508.576
23121, 69.7, 508.592
23122, 69.71, 508.609
23123, 69.71, 508.626
23124, 69.71, 508.642
23125, 69.71, 508.642
23126, 69.7, 508.659
23127, 69.7, 508.676
23128, 69.7, 508.692
23129, 69.69, 508.709
23130, 69.69, 508.726
23131, 69.7, 508.742
23132, 69.7, 508.742
23133, 69.7, 508.759
23134, 69.7, 508.776
23135, 69.7, 508.792
23136, 69.71, 508.809
23137, 69.71, 508.826
23138, 69.71, 508.842
23139, 69.71, 508.842
23140, 69.7, 508.859
23141, 69.7, 508.876
23142, 69.7, 508.892
23143, 69.69, 508.909
23144, 69.69, 508.926
23145, 69.69, 508.942
23146, 69.69, 508.942
23147, 69.69, 508.959
23148, 69.68, 508.976
23149, 69.68, 508.992
23150, 69.69, 509.009
23151, 69.69, 509.026
23152, 69.69, 509.042
23153, 69.69, 509.059
23154, 69.69, 509.059
23155, 69.69, 509.076
23156, 69.69, 509.092
23157, 69.68, 509.109
23158, 69.69, 509.126
23159, 69.69, 509.142
23160, 69.69, 509.159
23161, 69.69, 509.159
23162, 69.68, 509.176
23163, 69.68, 509.192
23164, 69.68, 509.209
23165, 69.67, 509.226
23166, 69.68, 509.242
23167, 69.68, 509.259
23168, 69.68, 509.259
23169, 69.68, 509.276
23170, 69.67, 509.292
23171, 69.67, 509.309
23172, 69.67, 509.326
23173, 69.66, 509.342
23174, 69.66, 509.359
23175, 69.66, 509.359
23176, 69.66, 509.376
23177, 69.67, 509.392
23178, 69.67, 509.409
23179, 69.66, 509.426
23180, 69.66, 509.442
23181, 69.65, 509.459
23182, 69.65, 509.476
23183, 69.65, 509.476
23184, 69.65, 509.492
23185, 69.65, 509.509
23186, 69.65, 509.526
23187, 69.65, 509.542
23188, 69.64, 509.559
23189, 69.64, 509.576
23190, 69.64, 509.576
23191, 69.64, 509.592
23192, 69.63, 509.609
23193, 69.63, 509.626
23194, 69.63, 509.642
23195, 69.63, 509.659
23196, 69.64, 509.676
23197, 69.64, 509.676
23198, 69.64, 509.692
23199, 69.63, 509.709
23200, 69.63, 509.726
23201, 69.63, 509.742
23202, 69.63, 509.759
23203, 69.63, 509.776
23204, 69.63, 509.776
23205, 69.63, 509.792
23206, 69.62, 509.809
23207, 69.61, 509.826
23208, 69.61, 509.842
23209, 69.61, 509.859
23210, 69.61, 509.876
23211, 69.61, 509.892
23212, 69.61, 509.892
23213, 69.62, 509.909
23214, 69.61, 509.926
23215, 69.61, 509.942
23216, 69.6, 509.959
23217, 69.6, 509.976
23218, 69.6, 509.992
23219, 69.6, 509.992
23220, 69.6, 510.009
23221, 69.6, 510.026
23222, 69.6, 510.042
23223, 69.6, 510.059
23224, 69.6, 510.076
23225, 69.59, 510.092
23226, 69.59, 510.092
23227, 69.59, 510.109
23228, 69.59, 510.126
23229, 69.59, 510.142
23230, 69.59, 510.159
23231, 69.59, 510.176
23232, 69.59, 510.192
23233, 69.59, 510.209
23234, 69.59, 510.209
23235, 69.59, 510.226
23236, 69.58, 510.242
23237, 69.58, 510.259
23238, 69.58, 510.276
23239, 69.57, 510.292
23240, 69.57, 510.309
23241, 69.57, 510.309
23242, 69.57, 510.326
23243, 69.57, 510.342
23244, 69.57, 510.359
23245, 69.57, 510.376
23246, 69.56, 510.392
23247, 69.56, 510.409
23248, 69.56, 510.409
23249, 69.55, 510.426
23250, 69.55, 510.442
23251, 69.55, 510.459
23252, 69.55, 510.476
23253, 69.55, 510.492
23254, 69.56, 510.509
23255, 69.56, 510.526
23256, 69.56, 510.526
23257, 69.56, 510.542
23258, 69.55, 510.559
23259, 69.55, 510.576
23260, 69.55, 510.592
23261, 69.54, 510.609
23262, 69.54, 510.626
23263, 69.54, 510.626
23264, 69.54, 510.642
23265, 69.53, 510.659
23266, 69.53, 510.676
23267, 69.53, 510.692
23268, 69.53, 510.709
23269, 69.53, 510.726
23270, 69.53, 510.742
23271, 69.53, 510.742
23272, 69.53, 510.759
23273, 69.52, 510.776
23274, 69.52, 510.792
23275, 69.53, 510.809
23276, 69.53, 510.826
23277, 69.53, 510.842
23278, 69.53, 510.842
23279, 69.53, 510.859
23280, 69.53, 510.876
23281, 69.53, 510.892
23282, 69.53, 510.909
23283, 69.53, 510.926
23284, 69.53, 510.942
23285, 69.53, 510.942
23286, 69.52, 510.959
23287, 69.52, 510.976
23288, 69.51, 510.992
23289, 69.51, 511.009
23290, 69.51, 511.026
23291, 69.51, 511.042
23292, 69.51, 511.059
23293, 69.51, 511.059
23294, 69.51, 511.076
23295, 69.51, 511.092
23296, 69.51, 511.109
23297, 69.51, 511.126
23298, 69.51, 511.142
23299, 69.51, 511.159
23300, 69.51, 511.159
23301, 69.51, 511.176
23302, 69.51, 511.192
23303, 69.51, 511.209
23304, 69.5, 511.226
23305, 69.5, 511.242
23306, 69.49, 511.259
23307, 69.48, 511.276
23308, 69.48, 511.276
23309, 69.48, 511.292
23310, 69.48, 511.309
23311, 69.48, 511.326
23312, 69.48, 511.342
23313, 69.49, 511.359
23314, 69.49, 511.376
23315, 69.49, 511.376
23316, 69.49, 511.392
23317, 69.49, 511.409
23318, 69.49, 511.426
23319, 69.5, 511.442
23320, 69.5, 511.459
23321, 69.49, 511.476
23322, 69.49, 511.476
23323, 69.49, 511.492
23324, 69.49, 511.509
23325, 69.49, 511.526
23326, 69.49, 511.542
23327, 69.49, 511.559
23328, 69.48, 511.576
23329, 69.47, 511.592
23330, 69.47, 511.592
23331, 69.47, 511.609
23332, 69.47, 511.626
23333, 69.48, 511.642
23334, 69.48, 511.659
23335, 69.48, 511.676
23336, 69.49, 511.692
23337, 69.49, 511.692
23338, 69.49, 511.709
23339, 69.49, 511.726
23340, 69.49, 511.742
23341, 69.48, 511.759
23342, 69.48, 511.776
23343, 69.48, 511.792
23344, 69.48, 511.809
23345, 69.48, 511.809
23346, 69.48, 511.826
23347, 69.47, 511.842
23348, 69.47, 511.859
23349, 69.48, 511.876
23350, 69.48, 511.892
23351, 69.48, 511.909
23352, 69.48, 511.909
23353, 69.47, 511.926
23354, 69.46, 511.942
23355, 69.45, 511.959
23356, 69.46, 511.976
23357, 69.48, 511.992
23358, 69.5, 512.009
23359, 69.5, 512.009
23360, 69.5, 512.026
23361, 69.5, 512.042
23362, 69.49, 512.059
23363, 69.49, 512.076
23364, 69.49, 512.092
23365, 69.48, 512.109
23366, 69.47, 512.126
23367, 69.47, 512.126
23368, 69.47, 512.142
23369, 69.47, 512.159
23370, 69.47, 512.176
23371, 69.47, 512.192
23372, 69.48, 512.209
23373, 69.48, 512.226
23374, 69.48, 512.226
23375, 69.49, 512.242
23376, 69.48, 512.259
23377, 69.48, 512.276
23378, 69.49, 512.292
23379, 69.49, 512.309
23380, 69.49, 512.326
23381, 69.49, 512.342
23382, 69.49, 512.342
23383, 69.49, 512.359
23384, 69.49, 512.376
23385, 69.49, 512.392
23386, 69.49, 512.409
23387, 69.49, 512.426
23388, 69.48, 512.442
23389, 69.48, 512.442
23390, 69.48, 512.459
23391, 69.48, 512.476
23392, 69.49, 512.492
23393, 69.49, 512.509
23394, 69.49, 512.526
23395, 69.5, 512.542
23396, 69.5, 512.542
23397, 69.5, 512.559
23398, 69.5, 512.576
23399, 69.51, 512.592
23400, 69.5, 512.609
23401, 69.49, 512.626
23402, 69.49, 512.642
23403, 69.5, 512.659
23404, 69.5, 512.659
23405, 69.5, 512.676
23406, 69.5, 512.692
23407, 69.5, 512.709
23408, 69.51, 512.726
23409, 69.51, 512.742
23410, 69.51, 512.759
23411, 69.51, 512.759
23412, 69.51, 512.776
23413, 69.51, 512.792
23414, 69.51, 512.809
23415, 69.51, 512.826
23416, 69.51, 512.842
23417, 69.51, 512.859
23418, 69.51, 512.859
23419, 69.52, 512.876
23420, 69.53, 512.892
23421, 69.53, 512.909
23422, 69.52, 512.926
23423, 69.52, 512.942
23424, 69.52, 512.959
23425, 69.52, 512.976
23426, 69.52, 512.976
23427, 69.52, 512.992
23428, 69.52, 513.009
23429, 69.51, 513.026
23430, 69.5, 513.042
23431, 69.51, 513.059
23432, 69.51, 513.076
23433, 69.51, 513.076
23434, 69.52, 513.092
23435, 69.53, 513.109
23436, 69.54, 513.126
23437, 69.54, 513.142
23438, 69.54, 513.159
23439, 69.54, 513.176
23440, 69.54, 513.176
23441, 69.54, 513.192
23442, 69.54, 513.209
23443, 69.54, 513.226
23444, 69.54, 513.242
23445, 69.54, 513.259
23446, 69.54, 513.276
23447, 69.54, 513.292
23448, 69.54, 513.292
23449, 69.53, 513.309
23450, 69.54, 513.326
23451, 69.54, 513.342
23452, 69.54, 513.359
23453, 69.55, 513.376
23454, 69.55, 513.392
23455, 69.55, 513.392
23456, 69.56, 513.409
23457, 69.56, 513.426
23458, 69.56, 513.442
23459, 69.56, 513.459
23460, 69.56, 513.476
23461, 69.56, 513.492
23462, 69.56, 513.492
23463, 69.57, 513.509
23464, 69.57, 513.526
23465, 69.57, 513.542
23466, 69.57, 513.559
23467, 69.57, 513.576
23468, 69.56, 513.592
23469, 69.56, 513.592
23470, 69.56, 513.609
23471, 69.56, 513.626
23472, 69.56, 513.642
23473, 69.57, 513.659
23474, 69.58, 513.676
23475, 69.58, 513.692
23476, 69.59, 513.709
23477, 69.59, 513.709
23478, 69.58, 513.726
23479, 69.58, 513.742
23480, 69.57, 513.759
23481, 69.58, 513.776
23482, 69.59, 513.792
23483, 69.59, 513.809
23484, 69.59, 513.809
23485, 69.59, 513.826
23486, 69.57, 513.842
23487, 69.56, 513.859
23488, 69.57, 513.876
23489, 69.57, 513.892
23490, 69.58, 513.909
23491, 69.58, 513.909
23492, 69.58, 513.926
23493, 69.58, 513.942
23494, 69.58, 513.959
23495, 69.58, 513.976
23496, 69.59, 513.992
23497, 69.6, 514.009
23498, 69.6, 514.026
23499, 69.6, 514.026
23500, 69.6, 514.042
23501, 69.59, 514.059
23502, 69.6, 514.076
23503, 69.6, 514.092
23504, 69.61, 514.109
23505, 69.61, 514.126
23506, 69.61, 514.126
23507, 69.61, 514.142
23508, 69.6, 514.159
23509, 69.59, 514.176
23510, 69.59, 514.192
23511, 69.59, 514.209
23512, 69.6, 514.226
23513, 69.6, 514.226
23514, 69.61, 514.242
23515, 69.62, 514.259
23516, 69.61, 514.276
23517, 69.61, 514.292
23518, 69.6, 514.309
23519, 69.6, 514.326
23520, 69.61, 514.342
23521, 69.61, 514.342
23522, 69.62, 514.359
23523, 69.61, 514.376
23524, 69.6, 514.392
23525, 69.61, 514.409
23526, 69.61, 514.426
23527, 69.61, 514.442
23528, 69.61, 514.442
23529, 69.6, 514.459
23530, 69.6, 514.476
23531, 69.6, 514.492
23532, 69.61, 514.509
23533, 69.61, 514.526
23534, 69.61, 514.542
23535, 69.61, 514.542
23536, 69.62, 514.559
23537, 69.62, 514.576
23538, 69.62, 514.592
23539, 69.62, 514.609
23540, 69.62, 514.626
23541, 69.62, 514.642
23542, 69.62, 514.642
23543, 69.62, 514.659
23544, 69.62, 514.676
23545, 69.62, 514.692
23546, 69.62, 514.709
23547, 69.61, 514.726
23548, 69.62, 514.742
23549, 69.63, 514.759
23550, 69.63, 514.759
23551, 69.63, 514.776
23552, 69.63, 514.792
23553, 69.63, 514.809
23554, 69.62, 514.826
23555, 69.62, 514.842
23556, 69.63, 514.859
23557, 69.63, 514.859
23558, 69.63, 514.876
23559, 69.64, 514.892
23560, 69.64, 514.909
23561, 69.64, 514.926
23562, 69.63, 514.942
23563, 69.63, 514.959
23564, 69.63, 514.959
23565, 69.63, 514.976
23566, 69.63, 514.992
23567, 69.63, 515.009
23568, 69.63, 515.026
23569, 69.62, 515.042
23570, 69.62, 515.059
23571, 69.62, 515.059
23572, 69.62, 515.076
23573, 69.64, 515.092
23574, 69.65, 515.109
23575, 69.66, 515.126
23576, 69.66, 515.142
23577, 69.66, 515.159
23578, 69.64, 515.176
23579, 69.64, 515.176
23580, 69.63, 515.192
23581, 69.63, 515.209
23582, 69.64, 515.226
23583, 69.66, 515.242
23584, 69.66, 515.259
23585, 69.66, 515.276
23586, 69.66, 515.276
23587, 69.66, 515.292
23588, 69.65, 515.309
23589, 69.64, 515.326
23590, 69.64, 515.342
23591, 69.63, 515.359
23592, 69.63, 515.376
23593, 69.63, 515.376
23594, 69.64, 515.392
23595, 69.66, 515.409
23596, 69.66, 515.426
23597, 69.66, 515.442
23598, 69.67, 515.459
23599, 69.67, 515.476
23600, 69.67, 515.476
23601, 69.67, 515.492
23602, 69.68, 515.509
23603, 69.68, 515.526
23604, 69.67, 515.542
23605, 69.67, 515.559
23606, 69.67, 515.576
23607, 69.66, 515.592
23608, 69.66, 515.592
23609, 69.66, 515.609
23610, 69.66, 515.626
23611, 69.67, 515.642
23612, 69.67, 515.659
23613, 69.68, 515.676
23614, 69.68, 515.692
23615, 69.68, 515.692
23616, 69.68, 515.709
23617, 69.69, 515.726
23618, 69.69, 515.742
23619, 69.69, 515.759
23620, 69.69, 515.776
23621, 69.69, 515.792
23622, 69.69, 515.792
23623, 69.68, 515.809
23624, 69.67, 515.826
23625, 69.67, 515.842
23626, 69.68, 515.859
23627, 69.68, 515.876
23628, 69.68, 515.892
23629, 69.68, 515.892
23630, 69.68, 515.909
23631, 69.68, 515.926
23632, 69.68, 515.942
23633, 69.69, 515.959
23634, 69.7, 515.976
23635, 69.7, 515.992
23636, 69.7, 516.009
23637, 69.7, 516.009
23638, 69.7, 516.026
23639, 69.69, 516.042
23640, 69.69, 516.059
23641, 69.69, 516.076
23642, 69.69, 516.092
23643, 69.69, 516.109
23644, 69.69, 516.109
23645, 69.7, 516.126
23646, 69.7, 516.142
23647, 69.7, 516.159
23648, 69.68, 516.176
23649, 69.68, 516.192
23650, 69.69, 516.209
23651, 69.69, 516.209
23652, 69.69, 516.226
23653, 69.68, 516.242
23654, 69.67, 516.259
23655, 69.68, 516.276
23656, 69.69, 516.292
23657, 69.7, 516.309
23658, 69.7, 516.309
23659, 69.71, 516.326
23660, 69.72, 516.342
23661, 69.71, 516.359
23662, 69.7, 516.376
23663, 69.7, 516.392
23664, 69.7, 516.409
23665, 69.7, 516.409
23666, 69.71, 516.426
23667, 69.71, 516.442
23668, 69.72, 516.459
23669, 69.72, 516.476
23670, 69.72, 516.492
23671, 69.72, 516.509
23672, 69.72, 516.526
23673, 69.72, 516.526
23674, 69.72, 516.542
23675, 69.73, 516.559
23676, 69.73, 516.576
23677, 69.73, 516.592
23678, 69.73, 516.609
23679, 69.73, 516.626
23680, 69.73, 516.626
23681, 69.74, 516.642
23682, 69.74, 516.659
23683, 69.74, 516.676
23684, 69.74, 516.692
23685, 69.74, 516.709
23686, 69.74, 516.726
23687, 69.74, 516.726
23688, 69.74, 516.742
23689, 69.74, 516.759
23690, 69.74, 516.776
23691, 69.74, 516.792
23692, 69.75, 516.809
23693, 69.75, 516.826
23694, 69.75, 516.826
23695, 69.75, 516.842
23696, 69.75, 516.859
23697, 69.76, 516.876
23698, 69.76, 516.892
23699, 69.76, 516.909
23700, 69.76, 516.926
23701, 69.76, 516.926
23702, 69.77, 516.942
23703, 69.77, 516.959
23704, 69.77, 516.976
23705, 69.77, 516.992
23706, 69.77, 517.009
23707, 69.78, 517.026
23708, 69.78, 517.026
23709, 69.78, 517.042
23710, 69.78, 517.059
23711, 69.78, 517.076
23712, 69.79, 517.092
23713, 69.79, 517.109
23714, 69.79, 517.126
23715, 69.8, 517.142
23716, 69.8, 517.142
23717, 69.8, 517.159
23718, 69.8, 517.176
23719, 69.8, 517.192
23720, 69.81, 517.209
23721, 69.81, 517.226
23722, 69.81, 517.242
23723, 69.81, 517.242
23724, 69.82, 517.259
23725, 69.82, 517.276
23726, 69.82, 517.292
23727, 69.82, 517.309
23728, 69.82, 517.326
23729, 69.83, 517.342
23730, 69.83, 517.342
23731, 69.83, 517.359
23732, 69.84, 517.376
23733, 69.85, 517.392
23734, 69.85, 517.409
23735, 69.86, 517.426
23736, 69.86, 517.442
23737, 69.86, 517.442
23738, 69.86, 517.459
23739, 69.85, 517.476
23740, 69.86, 517.492
23741, 69.86, 517.509
23742, 69.86, 517.526
23743, 69.87, 517.542
23744, 69.87, 517.542
23745, 69.88, 517.559
23746, 69.88, 517.576
23747, 69.88, 517.592
23748, 69.88, 517.609
23749, 69.88, 517.626
23750, 69.89, 517.642
23751, 69.89, 517.642
23752, 69.9, 517.659
23753, 69.91, 517.676
23754, 69.91, 517.692
23755, 69.92, 517.709
23756, 69.92, 517.726
23757, 69.91, 517.742
23758, 69.91, 517.742
23759, 69.91, 517.759
23760, 69.91, 517.776
23761, 69.91, 517.792
23762, 69.9, 517.809
23763, 69.9, 517.826
23764, 69.89, 517.842
23765, 69.89, 517.842
23766, 69.88, 517.859
23767, 69.87, 517.876
23768, 69.85, 517.892
23769, 69.83, 517.909
23770, 69.81, 517.926
23771, 69.79, 517.942
23772, 69.79, 517.942
23773, 69.77, 517.959
23774, 69.75, 517.976
23775, 69.72, 517.992
23776, 69.7, 518.009
23777, 69.68, 518.026
23778, 69.66, 518.042
23779, 69.66, 518.042
23780, 69.64, 518.059
23781, 69.62, 518.076
23782, 69.6, 518.092
23783, 69.57, 518.109
23784, 69.55, 518.126
23785, 69.53, 518.142
23786, 69.5, 518.159
23787, 69.5, 518.159
23788, 69.47, 518.176
23789, 69.44, 518.192
23790, 69.41, 518.209
23791, 69.38, 518.226
23792, 69.35, 518.242
23793, 69.32, 518.259
23794, 69.32, 518.259
23795, 69.29, 518.276
23796, 69.24, 518.292
23797, 69.19, 518.309
23798, 69.16, 518.326
23799, 69.12, 518.342
23800, 69.08, 518.359
23801, 69.08, 518.359
23802, 69.05, 518.376
23803, 69.01, 518.392
23804, 68.97, 518.409
23805, 68.93, 518.426
23806, 68.9, 518.442
23807, 68.86, 518.459
23808, 68.83, 518.476
23809, 68.83, 518.476
23810, 68.79, 518.492
23811, 68.76, 518.509
23812, 68.72, 518.526
23813, 68.69, 518.542
23814, 68.66, 518.559
23815, 68.62, 518.576
23816, 68.59, 518.592
23817, 68.59, 518.592
23818, 68.56, 518.609
23819, 68.53, 518.626
23820, 68.5, 518.642
23821, 68.48, 518.659
23822, 68.46, 518.676
23823, 68.44, 518.692
23824, 68.44, 518.692
23825, 68.41, 518.709
23826, 68.39, 518.726
23827, 68.37, 518.742
23828, 68.35, 518.759
23829, 68.32, 518.776
23830, 68.3, 518.792
23831, 68.28, 518.809
23832, 68.26, 518.826
23833, 68.26, 518.826
23834, 68.25, 518.842
23835, 68.23, 518.859
23836, 68.22, 518.876
23837, 68.2, 518.892
23838, 68.18, 518.909
23839, 68.17, 518.926
23840, 68.16, 518.942
23841, 68.16, 518.942
23842, 68.15, 518.959
23843, 68.15, 518.976
23844, 68.14, 518.992
23845, 68.13, 519.009
23846, 68.12, 519.026
23847, 68.11, 519.042
23848, 68.11, 519.059
23849, 68.11, 519.059
23850, 68.1, 519.076
23851, 68.1, 519.092
23852, 68.11, 519.109
23853, 68.11, 519.126
23854, 68.1, 519.142
23855, 68.1, 519.159
23856, 68.09, 519.176
23857, 68.09, 519.176
23858, 68.09, 519.192
23859, 68.08, 519.209
23860, 68.09, 519.226
23861, 68.09, 519.242
23862, 68.09, 519.259
23863, 68.1, 519.276
23864, 68.09, 519.292
23865, 68.09, 519.292
23866, 68.09, 519.309
23867, 68.08, 519.326
23868, 68.07, 519.342
23869, 68.07, 519.359
23870, 68.07, 519.376
23871, 68.06, 519.392
23872, 68.05, 519.409
23873, 68.05, 519.426
23874, 68.05, 519.426
23875, 68.04, 519.442
23876, 68.03, 519.459
23877, 68.02, 519.476
23878, 68.02, 519.492
23879, 68.01, 519.509
23880, 68.01, 519.526
23881, 68, 519.542
23882, 68, 519.542
23883, 68, 519.559
23884, 67.99, 519.576
23885, 67.99, 519.592
23886, 67.98, 519.609
23887, 67.97, 519.626
23888, 67.97, 519.642
23889, 67.96, 519.659
23890, 67.96, 519.659
23891, 67.95, 519.676
23892, 67.95, 519.692
23893, 67.94, 519.709
23894, 67.94, 519.726
23895, 67.93, 519.742
23896, 67.93, 519.759
23897, 67.93, 519.776
23898, 67.93, 519.792
23899, 67.93, 519.792
23900, 67.93, 519.809
23901, 67.93, 519.826
23902, 67.93, 519.842
23903, 67.92, 519.859
23904, 67.92, 519.876
23905, 67.92, 519.892
23906, 67.91, 519.909
23907, 67.91, 519.909
23908, 67.91, 519.926
23909, 67.9, 519.942
23910, 67.89, 519.959
23911, 67.89, 519.976
23912, 67.88, 519.992
23913, 67.87, 520.009
23914, 67.86, 520.026
23915, 67.86, 520.042
23916, 67.86, 520.042
23917, 67.85, 520.059
23918, 67.84, 520.076
23919, 67.83, 520.092
23920, 67.82, 520.109
23921, 67.81, 520.126
23922, 67.81, 520.142
23923, 67.8, 520.159
23924, 67.8, 520.159
23925, 67.79, 520.176
23926, 67.78, 520.192
23927, 67.76, 520.209
23928, 67.75, 520.226
23929, 67.74, 520.242
23930, 67.73, 520.259
23931, 67.72, 520.276
23932, 67.71, 520.292
23933, 67.71, 520.292
23934, 67.7, 520.309
23935, 67.69, 520.326
23936, 67.68, 520.342
23937, 67.68, 520.359
23938, 67.68, 520.376
23939, 67.67, 520.392
23940, 67.66, 520.409
23941, 67.65, 520.426
23942, 67.65, 520.426
23943, 67.64, 520.442
23944, 67.64, 520.459
23945, 67.64, 520.476
23946, 67.63, 520.492
23947, 67.62, 520.509
23948, 67.61, 520.526
23949, 67.6, 520.542
23950, 67.6, 520.559
23951, 67.6, 520.559
23952, 67.59, 520.576
23953, 67.58, 520.592
23954, 67.57, 520.609
23955, 67.57, 520.626
23956, 67.56, 520.642
23957, 67.55, 520.659
23958, 67.54, 520.676
23959, 67.53, 520.692
23960, 67.53, 520.692
23961, 67.52, 520.709
23962, 67.52, 520.726
23963, 67.51, 520.742
23964, 67.5, 520.759
23965, 67.5, 520.776
23966, 67.49, 520.792
23967, 67.48, 520.809
23968, 67.47, 520.826
23969, 67.47, 520.826
23970, 67.45, 520.842
23971, 67.44, 520.859
23972, 67.43, 520.876
23973, 67.42, 520.892
23974, 67.41, 520.909
23975, 67.4, 520.926
23976, 67.4, 520.942
23977, 67.39, 520.959
23978, 67.39, 520.959
23979, 67.39, 520.976
23980, 67.38, 520.992
23981, 67.37, 521.009
23982, 67.36, 521.026
23983, 67.36, 521.042
23984, 67.35, 521.059
23985, 67.34, 521.076
23986, 67.33, 521.092
23987, 67.33, 521.092
23988, 67.32, 521.109
23989, 67.31, 521.126
23990, 67.31, 521.142
23991, 67.3, 521.159
23992, 67.3, 521.176
23993, 67.29, 521.192
23994, 67.29, 521.209
23995, 67.3, 521.226
23996, 67.3, 521.242
23997, 67.3, 521.242
23998, 67.3, 521.259
23999, 67.3, 521.276
24000, 67.31, 521.292
24001, 67.31, 521.309
24002, 67.32, 521.326
24003, 67.32, 521.342
24004, 67.33, 521.359
24005, 67.34, 521.376
24006, 67.34, 521.376
24007, 67.35, 521.392
24008, 67.36, 521.409
24009, 67.36, 521.426
24010, 67.37, 521.442
24011, 67.38, 521.459
24012, 67.4, 521.476
24013, 67.42, 521.492
24014, 67.42, 521.509
24015, 67.42, 521.509
24016, 67.43, 521.526
24017, 67.43, 521.542
24018, 67.44, 521.559
24019, 67.47, 521.576
24020, 67.49, 521.592
24021, 67.5, 521.609
24022, 67.51, 521.626
24023, 67.52, 521.642
24024, 67.52, 521.642
24025, 67.54, 521.659
24026, 67.55, 521.676
24027, 67.57, 521.692
24028, 67.58, 521.709
24029, 67.58, 521.726
24030, 67.59, 521.742
24031, 67.59, 521.759
24032, 67.6, 521.776
24033, 67.6, 521.776
24034, 67.62, 521.792
24035, 67.63, 521.809
24036, 67.65, 521.826
24037, 67.67, 521.842
24038, 67.68, 521.859
24039, 67.69, 521.876
24040, 67.7, 521.892
24041, 67.72, 521.909
24042, 67.72, 521.909
24043, 67.73, 521.926
24044, 67.76, 521.942
24045, 67.77, 521.959
24046, 67.78, 521.976
24047, 67.78, 521.992
24048, 67.79, 522.009
24049, 67.8, 522.026
24050, 67.82, 522.042
24051, 67.82, 522.042
24052, 67.85, 522.059
24053, 67.86, 522.076
24054, 67.88, 522.092
24055, 67.9, 522.109
24056, 67.91, 522.126
24057, 67.93, 522.142
24058, 67.95, 522.159
24059, 67.97, 522.176
24060, 67.97, 522.176
24061, 67.97, 522.192
24062, 67.97, 522.209
24063, 67.99, 522.226
24064, 68.01, 522.242
24065, 68.03, 522.259
24066, 68.05, 522.276
24067, 68.06, 522.292
24068, 68.06, 522.292
24069, 68.08, 522.309
24070, 68.09, 522.326
24071, 68.1, 522.342
24072, 68.11, 522.359
24073, 68.12, 522.376
24074, 68.13, 522.392
24075, 68.15, 522.409
24076, 68.17, 522.426
24077, 68.17, 522.426
24078, 68.19, 522.442
24079, 68.21, 522.459
24080, 68.22, 522.476
24081, 68.23, 522.492
24082, 68.24, 522.509
24083, 68.25, 522.526
24084, 68.27, 522.542
24085, 68.27, 522.542
24086, 68.28, 522.559
24087, 68.29, 522.576
24088, 68.3, 522.592
24089, 68.32, 522.609
24090, 68.33, 522.626
24091, 68.34, 522.642
24092, 68.36, 522.659
24093, 68.36, 522.659
24094, 68.37, 522.676
24095, 68.39, 522.692
24096, 68.4, 522.709
24097, 68.41, 522.726
24098, 68.43, 522.742
24099, 68.44, 522.759
24100, 68.45, 522.776
24101, 68.45, 522.776
24102, 68.47, 522.792
24103, 68.48, 522.809
24104, 68.49, 522.826
24105, 68.51, 522.842
24106, 68.53, 522.859
24107, 68.55, 522.876
24108, 68.56, 522.892
24109, 68.56, 522.892
24110, 68.58, 522.909
24111, 68.59, 522.926
24112, 68.6, 522.942
24113, 68.61, 522.959
24114, 68.62, 522.976
24115, 68.64, 522.992
24116, 68.66, 523.009
24117, 68.66, 523.009
24118, 68.67, 523.026
24119, 68.69, 523.042
24120, 68.7, 523.059
24121, 68.72, 523.076
24122, 68.73, 523.092
24123, 68.74, 523.109
24124, 68.76, 523.126
24125, 68.76, 523.126
24126, 68.77, 523.142
24127, 68.79, 523.159
24128, 68.81, 523.176
24129, 68.82, 523.192
24130, 68.84, 523.209
24131, 68.85, 523.226
24132, 68.86, 523.242
24133, 68.86, 523.242
24134, 68.87, 523.259
24135, 68.88, 523.276
24136, 68.89, 523.292
24137, 68.9, 523.309
24138, 68.92, 523.326
24139, 68.93, 523.342
24140, 68.95, 523.359
24141, 68.95, 523.359
24142, 68.97, 523.376
24143, 68.98, 523.392
24144, 68.99, 523.409
24145, 69, 523.426
24146, 69.01, 523.442
24147, 69.02, 523.459
24148, 69.02, 523.459
24149, 69.04, 523.476
24150, 69.05, 523.492
24151, 69.07, 523.509
24152, 69.09, 523.526
24153, 69.1, 523.542
24154, 69.12, 523.559
24155, 69.13, 523.576
24156, 69.13, 523.576
24157, 69.14, 523.592
24158, 69.15, 523.609
24159, 69.16, 523.626
24160, 69.17, 523.642
24161, 69.19, 523.659
24162, 69.2, 523.676
24163, 69.21, 523.692
24164, 69.21, 523.692
24165, 69.22, 523.709
24166, 69.23, 523.726
24167, 69.25, 523.742
24168, 69.28, 523.759
24169, 69.29, 523.776
24170, 69.3, 523.792
24171, 69.3, 523.792
24172, 69.31, 523.809
24173, 69.32, 523.826
24174, 69.32, 523.842
24175, 69.32, 523.859
24176, 69.33, 523.876
24177, 69.33, 523.892
24178, 69.33, 523.892
24179, 69.34, 523.909
24180, 69.35, 523.926
24181, 69.36, 523.942
24182, 69.37, 523.959
24183, 69.38, 523.976
24184, 69.39, 523.992
24185, 69.4, 524.009
24186, 69.4, 524.009
24187, 69.41, 524.026
24188, 69.42, 524.042
24189, 69.43, 524.059
24190, 69.44, 524.076
24191, 69.44, 524.092
24192, 69.45, 524.109
24193, 69.45, 524.109
24194, 69.46, 524.126
24195, 69.46, 524.142
24196, 69.47, 524.159
24197, 69.47, 524.176
24198, 69.48, 524.192
24199, 69.49, 524.209
24200, 69.5, 524.226
24201, 69.5, 524.226
24202, 69.5, 524.242
24203, 69.51, 524.259
24204, 69.52, 524.276
24205, 69.53, 524.292
24206, 69.54, 524.309
24207, 69.54, 524.326
24208, 69.54, 524.326
24209, 69.54, 524.342
24210, 69.54, 524.359
24211, 69.54, 524.376
24212, 69.54, 524.392
24213, 69.54, 524.409
24214, 69.53, 524.426
24215, 69.53, 524.426
24216, 69.53, 524.442
24217, 69.53, 524.459
24218, 69.53, 524.476
24219, 69.53, 524.492
24220, 69.53, 524.509
24221, 69.53, 524.526
24222, 69.53, 524.526
24223, 69.53, 524.542
24224, 69.53, 524.559
24225, 69.53, 524.576
24226, 69.53, 524.592
24227, 69.53, 524.609
24228, 69.52, 524.626
24229, 69.51, 524.642
24230, 69.51, 524.642
24231, 69.5, 524.659
24232, 69.49, 524.676
24233, 69.48, 524.692
24234, 69.48, 524.709
24235, 69.47, 524.726
24236, 69.47, 524.742
24237, 69.47, 524.742
24238, 69.47, 524.759
24239, 69.46, 524.776
24240, 69.46, 524.792
24241, 69.45, 524.809
24242, 69.45, 524.826
24243, 69.44, 524.842
24244, 69.43, 524.859
24245, 69.43, 524.859
24246, 69.42, 524.876
24247, 69.41, 524.892
24248, 69.39, 524.909
24249, 69.38, 524.926
24250, 69.37, 524.942
24251, 69.36, 524.959
24252, 69.36, 524.959
24253, 69.35, 524.976
24254, 69.34, 524.992
24255, 69.33, 525.009
24256, 69.32, 525.026
24257, 69.31, 525.042
24258, 69.29, 525.059
24259, 69.28, 525.076
24260, 69.28, 525.076
24261, 69.26, 525.092
24262, 69.25, 525.109
24263, 69.23, 525.126
24264, 69.22, 525.142
24265, 69.2, 525.159
24266, 69.19, 525.176
24267, 69.16, 525.192
24268, 69.16, 525.192
24269, 69.15, 525.209
24270, 69.14, 525.226
24271, 69.11, 525.242
24272, 69.09, 525.259
24273, 69.09, 525.276
24274, 69.1, 525.292
24275, 69.1, 525.292
24276, 69.11, 525.309
24277, 69.12, 525.326
24278, 69.11, 525.342
24279, 69.1, 525.359
24280, 69.09, 525.376
24281, 69.08, 525.392
24282, 69.06, 525.409
24283, 69.06, 525.409
24284, 69.04, 525.426
24285, 69.02, 525.442
24286, 69, 525.459
24287, 68.96, 525.476
24288, 68.93, 525.492
24289, 68.89, 525.509
24290, 68.85, 525.526
24291, 68.85, 525.526
24292, 68.81, 525.542
24293, 68.77, 525.559
24294, 68.73, 525.576
24295, 68.69, 525.592
24296, 68.64, 525.609
24297, 68.6, 525.626
24298, 68.55, 525.642
24299, 68.55, 525.642
24300, 68.5, 525.659
24301, 68.45, 525.676
24302, 68.4, 525.692
24303, 68.35, 525.709
24304, 68.3, 525.726
24305, 68.25, 525.742
24306, 68.2, 525.759
24307, 68.2, 525.759
24308, 68.16, 525.776
24309, 68.11, 525.792
24310, 68.07, 525.809
24311, 68.02, 525.826
24312, 67.98, 525.842
24313, 67.93, 525.859
24314, 67.89, 525.876
24315, 67.84, 525.892
24316, 67.84, 525.892
24317, 67.79, 525.909
24318, 67.74, 525.926
24319, 67.69, 525.942
24320, 67.63, 525.959
24321, 67.58, 525.976
24322, 67.53, 525.992
24323, 67.49, 526.009
24324, 67.44, 526.026
24325, 67.44, 526.026
24326, 67.4, 526.042
24327, 67.35, 526.059
24328, 67.3, 526.076
24329, 67.25, 526.092
24330, 67.2, 526.109
24331, 67.15, 526.126
24332, 67.1, 526.142
24333, 67.05, 526.159
24334, 66.99, 526.176
24335, 66.99, 526.176
24336, 66.94, 526.192
24337, 66.89, 526.209
24338, 66.84, 526.226
24339, 66.79, 526.242
24340, 66.74, 526.259
24341, 66.7, 526.276
24342, 66.65, 526.292
24343, 66.61, 526.309
24344, 66.56, 526.326
24345, 66.56, 526.326
24346, 66.52, 526.342
24347, 66.47, 526.359
24348, 66.43, 526.376
24349, 66.38, 526.392
24350, 66.34, 526.409
24351, 66.3, 526.426
24352, 66.26, 526.442
24353, 66.22, 526.459
24354, 66.18, 526.476
24355, 66.14, 526.492
24356, 66.14, 526.492
24357, 66.09, 526.509
24358, 66.06, 526.526
24359, 66.02, 526.542
24360, 65.98, 526.559
24361, 65.95, 526.576
24362, 65.91, 526.592
24363, 65.87, 526.609
24364, 65.83, 526.626
24365, 65.77, 526.642
24366, 65.71, 526.659
24367, 65.71, 526.659
24368, 65.67, 526.676
24369, 65.62, 526.692
24370, 65.57, 526.709
24371, 65.53, 526.726
24372, 65.48, 526.742
24373, 65.43, 526.759
24374, 65.39, 526.776
24375, 65.34, 526.792
24376, 65.3, 526.809
24377, 65.26, 526.826
24378, 65.21, 526.842
24379, 65.17, 526.859
24380, 65.17, 526.859
24381, 65.12, 526.876
24382, 65.08, 526.892
24383, 65.03, 526.909
24384, 64.99, 526.926
24385, 64.95, 526.942
24386, 64.9, 526.959
24387, 64.86, 526.976
24388, 64.81, 526.992
24389, 64.77, 527.009
24390, 64.72, 527.026
24391, 64.68, 527.042
24392, 64.63, 527.059
24393, 64.58, 527.076
24394, 64.58, 527.076
24395, 64.54, 527.092
24396, 64.49, 527.109
24397, 64.44, 527.126
24398, 64.4, 527.142
24399, 64.35, 527.159
24400, 64.3, 527.176
24401, 64.26, 527.192
24402, 64.21, 527.209
24403, 64.17, 527.226
24404, 64.13, 527.242
24405, 64.08, 527.259
24406, 64.04, 527.276
24407, 64.01, 527.292
24408, 63.98, 527.309
24409, 63.94, 527.326
24410, 63.94, 527.326
24411, 63.91, 527.342
24412, 63.88, 527.359
24413, 63.85, 527.376
24414, 63.82, 527.392
24415, 63.8, 527.409
24416, 63.76, 527.426
24417, 63.73, 527.442
24418, 63.7, 527.459
24419, 63.67, 527.476
24420, 63.64, 527.492
24421, 63.61, 527.509
24422, 63.58, 527.526
24423, 63.54, 527.542
24424, 63.5, 527.559
24425, 63.45, 527.576
24426, 63.42, 527.592
24427, 63.38, 527.609
24428, 63.35, 527.626
24429, 63.35, 527.626
24430, 63.32, 527.642
24431, 63.3, 527.659
24432, 63.27, 527.676
24433, 63.24, 527.692
24434, 63.2, 527.709
24435, 63.17, 527.726
24436, 63.13, 527.742
24437, 63.1, 527.759
24438, 63.06, 527.776
24439, 63.03, 527.792
24440, 63.01, 527.809
24441, 62.98, 527.826
24442, 62.95, 527.842
24443, 62.92, 527.859
24444, 62.89, 527.876
24445, 62.86, 527.892
24446, 62.83, 527.909
24447, 62.8, 527.926
24448, 62.8, 527.926
24449, 62.74, 527.959
24450, 62.71, 527.976
24451, 62.71, 527.976
24452, 62.68, 527.992
24453, 62.66, 528.009
24454, 62.63, 528.026
24455, 62.6, 528.042
24456, 62.57, 528.059
24457, 62.55, 528.076
24458, 62.53, 528.092
24459, 62.52, 528.109
24460, 62.51, 528.126
24461, 62.5, 528.142
24462, 62.5, 528.159
24463, 62.5, 528.159
24464, 62.5, 528.192
24465, 62.49, 528.209
24466, 62.49, 528.226
24467, 62.49, 528.242
24468, 62.49, 528.259
24469, 62.49, 528.259
24470, 62.49, 528.259
24471, 62.5, 528.309
24472, 62.5, 528.326
24473, 62.5, 528.342
24474, 62.51, 528.359
24475, 62.52, 528.376
24476, 62.53, 528.392
24477, 62.53, 528.392
24478, 62.54, 528.409
24479, 62.55, 528.426
24480, 62.54, 528.442
24481, 62.51, 528.459
24482, 62.53, 528.476
24483, 62.56, 528.492
24484, 62.57, 528.509
24485, 62.57, 528.526
24486, 62.55, 528.542
24487, 62.51, 528.559
24488, 62.46, 528.576
24489, 62.4, 528.592
24490, 62.34, 528.609
24491, 62.28, 528.626
24492, 62.21, 528.642
24493, 62.12, 528.659
24494, 62.03, 528.676
24495, 61.94, 528.692
24496, 61.84, 528.709
24497, 61.73, 528.726
24498, 61.61, 528.742
24499, 61.49, 528.759
24500, 61.37, 528.776
24501, 61.37, 528.776
24502, 61.09, 528.809
24503, 60.94, 528.826
24504, 60.78, 528.842
24505, 60.6, 528.859
24506, 60.44, 528.876
24507, 60.28, 528.892
24508, 60.11, 528.909
24509, 59.96, 528.926
24510, 59.81, 528.942
24511, 59.63, 528.959
24512, 59.46, 528.976
24513, 59.28, 528.992
24514, 59.09, 529.009
24515, 58.89, 529.026
24516, 58.68, 529.042
24517, 58.46, 529.059
24518, 58.25, 529.076
24519, 58.05, 529.092
24520, 57.84, 529.109
24521, 57.63, 529.126
24522, 57.43, 529.142
24523, 57.23, 529.159
24524, 57.03, 529.176
24525, 56.84, 529.192
24526, 56.65, 529.209
24527, 56.46, 529.226
24528, 56.28, 529.242
24529, 56.09, 529.259
24530, 55.9, 529.276
24531, 55.72, 529.292
24532, 55.34, 529.326
24533, 55.14, 529.342
24534, 54.95, 529.359
24535, 54.76, 529.376
24536, 54.56, 529.392
24537, 54.36, 529.409
24538, 54.16, 529.426
24539, 53.97, 529.442
24540, 53.77, 529.459
24541, 53.57, 529.476
24542, 53.19, 529.509
24543, 53.01, 529.526
24544, 52.83, 529.542
24545, 52.65, 529.559
24546, 52.46, 529.576
24547, 52.27, 529.592
24548, 52.08, 529.609
24549, 51.68, 529.642
24550, 51.49, 529.659
24551, 51.3, 529.676
24552, 51.11, 529.692
24553, 51.11, 529.692
24554, 50.74, 529.726
24555, 50.37, 529.759
24556, 50.37, 529.759
24557, 50.01, 529.792
24558, 49.83, 529.809
24559, 49.64, 529.826
24560, 49.29, 529.859
24561, 49.1, 529.876
24562, 48.93, 529.892
24563, 48.77, 529.909
24564, 48.61, 529.926
24565, 48.29, 529.959
24566, 48.12, 529.976
24567, 47.95, 529.992
24568, 47.79, 530.009
24569, 47.45, 530.042
24570, 47.28, 530.059
24571, 47.12, 530.076
24572, 46.79, 530.109
24573, 46.65, 530.126
24574, 46.51, 530.142
24575, 46.35, 530.159
24576, 46.06, 530.192
24577, 45.93, 530.209
24578, 45.79, 530.226
24579, 45.79, 530.226
24580, 45.79, 530.226
24581, 45.09, 530.309
24582, 44.95, 530.326
24583, 44.81, 530.342
24584, 44.66, 530.359
24585, 44.36, 530.392
24586, 44.21, 530.409
24587, 44.05, 530.426
24588, 43.78, 530.459
24589, 43.67, 530.476
24590, 43.55, 530.492
24591, 43.31, 530.526
24592, 43.2, 530.542
24593, 43, 530.576
24594, 42.88, 530.592
24595, 42.74, 530.609
24596, 42.46, 530.642
24597, 42.31, 530.659
24598, 42.03, 530.692
24599, 41.9, 530.709
24600, 41.65, 530.742
24601, 41.52, 530.759
24602, 41.39, 530.776
24603, 41.13, 530.809
24604, 41.01, 530.826
24605, 40.76, 530.859
24606, 40.65, 530.876
24607, 40.41, 530.909
24608, 40.27, 530.926
24609, 39.98, 530.959
24610, 39.83, 530.976
24611, 39.57, 531.009
24612, 39.44, 531.026
24613, 39.16, 531.059
24614, 39.02, 531.076
24615, 38.76, 531.109
24616, 38.64, 531.126
24617, 38.38, 531.159
24618, 38.14, 531.192
24619, 38.04, 531.209
24620, 37.76, 531.242
24621, 37.61, 531.259
24622, 37.33, 531.292
24623, 37.07, 531.326
24624, 36.94, 531.342
24625, 36.68, 531.376
24626, 36.55, 531.392
24627, 36.29, 531.426
24628, 36.04, 531.459
24629, 35.91, 531.476
24630, 35.66, 531.509
24631, 35.39, 531.542
24632, 35.13, 531.576
24633, 34.99, 531.592
24634, 34.73, 531.626
24635, 34.46, 531.659
24636, 34.33, 531.676
24637, 34.08, 531.709
24638, 33.78, 531.742
24639, 33.46, 531.776
24640, 33.32, 531.792
24641, 33.04, 531.826
24642, 32.75, 531.859
24643, 32.47, 531.892
24644, 32.2, 531.926
24645, 31.94, 531.959
24646, 31.67, 531.992
24647, 31.56, 532.009
24648, 31.34, 532.042
24649, 31.14, 532.076
24650, 30.96, 532.109
24651, 30.81, 532.142
24652, 30.66, 532.176
24653, 30.52, 532.209
24654, 30.4, 532.242
24655, 30.3, 532.276
24656, 30.2, 532.309
24657, 30.11, 532.342
24658, 30.01, 532.376
24659, 29.91, 532.409
24660, 29.81, 532.442
24661, 29.71, 532.476
24662, 29.67, 532.492
24663, 29.58, 532.526
24664, 29.48, 532.559
24665, 29.36, 532.592
24666, 29.23, 532.626
24667, 29.11, 532.659
24668, 28.99, 532.692
24669, 28.89, 532.726
24670, 28.8, 532.759
24671, 28.71, 532.792
24672, 28.61, 532.826
24673, 28.56, 532.842
24674, 28.44, 532.876
24675, 28.31, 532.909
24676, 28.19, 532.942
24677, 28.05, 532.992
24678, 27.96, 533.026
24679, 27.87, 533.059
24680, 27.76, 533.092
24681, 27.67, 533.126
24682, 27.63, 533.159
24683, 27.59, 533.192
24684, 27.57, 533.242
24685, 27.58, 533.276
24686, 27.6, 533.309
24687, 27.61, 533.342
24688, 27.62, 533.376
24689, 27.64, 533.426
24690, 27.66, 533.459
24691, 27.68, 533.492
24692, 27.7, 533.526
24693, 27.72, 533.559
24694, 27.75, 533.592
24695, 27.78, 533.642
24696, 27.82, 533.676
24697, 27.88, 533.709
24698, 27.94, 533.742
24699, 28.05, 533.792
24700, 28.12, 533.826
24701, 28.2, 533.859
24702, 28.28, 533.892
24703, 28.37, 533.926
24704, 28.46, 533.959
24705, 28.62, 534.009
24706, 28.75, 534.042
24707, 28.86, 534.076
24708, 29, 534.109
24709, 29.13, 534.142
24710, 29.25, 534.176
24711, 29.38, 534.209
24712, 29.52, 534.242
24713, 29.64, 534.276
24714, 29.64, 534.276
24715, 29.94, 534.359
24716, 30, 534.376
24717, 30.12, 534.409
24718, 30.24, 534.442
24719, 30.35, 534.476
24720, 30.47, 534.509
24721, 30.56, 534.542
24722, 30.61, 534.559
24723, 30.71, 534.592
24724, 30.8, 534.626
24725, 30.9, 534.659
24726, 30.98, 534.692
24727, 31.07, 534.726
24728, 31.15, 534.759
24729, 31.22, 534.792
24730, 31.28, 534.826
24731, 31.31, 534.842
24732, 31.39, 534.876
24733, 31.47, 534.909
24734, 31.58, 534.959
24735, 31.6, 534.976
24736, 31.65, 535.009
24737, 31.71, 535.042
24738, 31.77, 535.076
24739, 31.83, 535.109
24740, 31.92, 535.142
24741, 31.98, 535.159
24742, 32.08, 535.192
24743, 32.15, 535.226
24744, 32.22, 535.259
24745, 32.29, 535.292
24746, 32.36, 535.326
24747, 32.41, 535.359
24748, 32.43, 535.376
24749, 32.47, 535.409
24750, 32.51, 535.442
24751, 32.55, 535.476
24752, 32.61, 535.509
24753, 32.69, 535.542
24754, 32.76, 535.576
24755, 32.8, 535.592
24756, 32.87, 535.626
24757, 32.95, 535.659
24758, 33.03, 535.692
24759, 33.1, 535.726
24760, 33.18, 535.759
24761, 33.2, 535.776
24762, 33.15, 535.809
24763, 33.28, 535.842
24764, 33.35, 535.876
24765, 33.42, 535.909
24766, 33.5, 535.942
24767, 33.55, 535.959
24768, 33.65, 535.992
24769, 33.75, 536.026
24770, 33.84, 536.059
24771, 33.93, 536.092
24772, 33.98, 536.109
24773, 34.08, 536.142
24774, 34.18, 536.176
24775, 34.28, 536.209
24776, 34.38, 536.242
24777, 34.42, 536.259
24778, 34.51, 536.292
24779, 34.61, 536.326
24780, 34.72, 536.359
24781, 34.77, 536.376
24782, 34.87, 536.409
24783, 34.96, 536.442
24784, 35.06, 536.476
24785, 35.1, 536.492
24786, 35.21, 536.526
24787, 35.33, 536.559
24788, 35.39, 536.576
24789, 35.49, 536.609
24790, 35.6, 536.642
24791, 35.65, 536.659
24792, 35.74, 536.692
24793, 35.84, 536.726
24794, 35.89, 536.742
24795, 36.01, 536.776
24796, 36.12, 536.809
24797, 36.19, 536.842
24798, 36.22, 536.859
24799, 36.31, 536.892
24800, 36.39, 536.909
24801, 36.54, 536.942
24802, 36.64, 536.976
24803, 36.69, 536.992
24804, 36.82, 537.026
24805, 36.94, 537.059
24806, 36.99, 537.076
24807, 37.1, 537.109
24808, 37.2, 537.142
24809, 37.26, 537.159
24810, 37.36, 537.192
24811, 37.41, 537.209
24812, 37.51, 537.242
24813, 37.61, 537.276
24814, 37.66, 537.292
24815, 37.75, 537.326
24816, 37.81, 537.342
24817, 37.94, 537.376
24818, 38.04, 537.409
24819, 38.09, 537.426
24820, 38.19, 537.459
24821, 38.25, 537.476
24822, 38.34, 537.509
24823, 38.39, 537.526
24824, 38.48, 537.559
24825, 38.59, 537.592
24826, 38.64, 537.609
24827, 38.75, 537.642
24828, 38.81, 537.659
24829, 38.91, 537.692
24830, 38.96, 537.709
24831, 39.06, 537.742
24832, 39.11, 537.759
24833, 39.21, 537.792
24834, 39.26, 537.809
24835, 39.35, 537.842
24836, 39.45, 537.876
24837, 39.49, 537.892
24838, 39.58, 537.926
24839, 39.63, 537.942
24840, 39.74, 537.976
24841, 39.79, 537.992
24842, 39.87, 538.026
24843, 39.92, 538.042
24844, 40, 538.076
24845, 40.05, 538.092
24846, 40.14, 538.126
24847, 40.19, 538.142
24848, 40.28, 538.176
24849, 40.32, 538.192
24850, 40.4, 538.226
24851, 40.45, 538.242
24852, 40.56, 538.276
24853, 40.61, 538.292
24854, 40.65, 538.309
24855, 40.74, 538.342
24856, 40.78, 538.359
24857, 40.86, 538.392
24858, 40.9, 538.409
24859, 41, 538.442
24860, 41.06, 538.459
24861, 41.16, 538.492
24862, 41.2, 538.509
24863, 41.29, 538.542
24864, 41.34, 538.559
24865, 41.43, 538.592
24866, 41.47, 538.609
24867, 41.51, 538.626
24868, 41.59, 538.659
24869, 41.63, 538.676
24870, 41.69, 538.709
24871, 41.67, 538.726
24872, 41.72, 538.759
24873, 41.76, 538.776
24874, 41.8, 538.792
24875, 41.9, 538.826
24876, 41.95, 538.842
24877, 42.04, 538.876
24878, 42.09, 538.892
24879, 42.18, 538.926
24880, 42.22, 538.942
24881, 42.27, 538.959
24882, 42.35, 538.992
24883, 42.4, 539.009
24884, 42.49, 539.042
24885, 42.53, 539.059
24886, 42.62, 539.092
24887, 42.66, 539.109
24888, 42.71, 539.126
24889, 42.8, 539.159
24890, 42.84, 539.176
24891, 42.93, 539.209
24892, 42.97, 539.226
24893, 43.02, 539.242
24894, 43.11, 539.276
24895, 43.15, 539.292
24896, 43.2, 539.309
24897, 43.28, 539.342
24898, 43.33, 539.359
24899, 43.43, 539.392
24900, 43.48, 539.409
24901, 43.52, 539.426
24902, 43.6, 539.459
24903, 43.65, 539.476
24904, 43.69, 539.492
24905, 43.76, 539.526
24906, 43.8, 539.542
24907, 43.88, 539.576
24908, 43.92, 539.592
24909, 43.96, 539.609
24910, 44.02, 539.642
24911, 44.05, 539.659
24912, 44.07, 539.676
24913, 44.14, 539.709
24914, 44.22, 539.726
24915, 44.29, 539.742
24916, 44.38, 539.776
24917, 44.42, 539.792
24918, 44.52, 539.826
24919, 44.57, 539.842
24920, 44.61, 539.859
24921, 44.69, 539.892
24922, 44.74, 539.909
24923, 44.78, 539.926
24924, 44.86, 539.959
24925, 44.91, 539.976
24926, 44.96, 539.992
24927, 45.05, 540.026
24928, 45.09, 540.042
24929, 45.12, 540.059
24930, 45.17, 540.092
24931, 45.22, 540.109
24932, 45.24, 540.126
24933, 45.3, 540.159
24934, 45.35, 540.176
24935, 45.41, 540.192
24936, 45.53, 540.226
24937, 45.58, 540.242
24938, 45.62, 540.259
24939, 45.69, 540.292
24940, 45.74, 540.309
24941, 45.78, 540.326
24942, 45.83, 540.342
24943, 45.92, 540.376
24944, 45.96, 540.392
24945, 46.01, 540.409
24946, 46.09, 540.442
24947, 46.13, 540.459
24948, 46.17, 540.476
24949, 46.24, 540.509
24950, 46.28, 540.526
24951, 46.33, 540.542
24952, 46.37, 540.559
24953, 46.45, 540.592
24954, 46.49, 540.609
24955, 46.54, 540.626
24956, 46.61, 540.659
24957, 46.65, 540.676
24958, 46.69, 540.692
24959, 46.73, 540.709
24960, 46.81, 540.742
24961, 46.85, 540.759
24962, 46.89, 540.776
24963, 46.96, 540.809
24964, 47, 540.826
24965, 47.04, 540.842
24966, 47.08, 540.859
24967, 47.15, 540.892
24968, 47.19, 540.909
24969, 47.23, 540.926
24970, 47.31, 540.959
24971, 47.35, 540.976
24972, 47.39, 540.992
24973, 47.43, 541.009
24974, 47.49, 541.042
24975, 47.52, 541.059
24976, 47.56, 541.076
24977, 47.6, 541.092
24978, 47.68, 541.126
24979, 47.72, 541.142
24980, 47.76, 541.159
24981, 47.8, 541.176
24982, 47.87, 541.209
24983, 47.91, 541.226
24984, 47.95, 541.242
24985, 47.99, 541.259
24986, 48.06, 541.292
24987, 48.1, 541.309
24988, 48.14, 541.326
24989, 48.17, 541.342
24990, 48.25, 541.376
24991, 48.28, 541.392
24992, 48.32, 541.409
24993, 48.36, 541.426
24994, 48.44, 541.459
24995, 48.47, 541.476
24996, 48.51, 541.492
24997, 48.54, 541.509
24998, 48.62, 541.542
24999, 48.65, 541.559
25000, 48.69, 541.576
25001, 48.72, 541.592
25002, 48.76, 541.609
25003, 48.83, 541.642
25004, 48.87, 541.659
25005, 48.9, 541.676
25006, 48.94, 541.692
25007, 49.01, 541.726
25008, 49.05, 541.742
25009, 49.09, 541.759
25010, 49.13, 541.776
25011, 49.2, 541.809
25012, 49.23, 541.826
25013, 49.26, 541.842
25014, 49.3, 541.859
25015, 49.33, 541.876
25016, 49.41, 541.909
25017, 49.44, 541.926
25018, 49.48, 541.942
25019, 49.52, 541.959
25020, 49.55, 541.976
25021, 49.62, 542.009
25022, 49.66, 542.026
25023, 49.7, 542.042
25024, 49.73, 542.059
25025, 49.8, 542.092
25026, 49.83, 542.109
25027, 49.87, 542.126
25028, 49.9, 542.142
25029, 49.94, 542.159
25030, 50.01, 542.192
25031, 50.04, 542.209
25032, 50.07, 542.226
25033, 50.11, 542.242
25034, 50.14, 542.259
25035, 50.21, 542.292
25036, 50.24, 542.309
25037, 50.28, 542.326
25038, 50.31, 542.342
25039, 50.35, 542.359
25040, 50.38, 542.376
25041, 50.45, 542.409
25042, 50.48, 542.426
25043, 50.52, 542.442
25044, 50.55, 542.459
25045, 50.56, 542.476
25046, 50.56, 542.509
25047, 50.62, 542.526
25048, 50.64, 542.542
25049, 50.65, 542.559
25050, 50.68, 542.576
25051, 50.75, 542.609
25052, 50.78, 542.626
25053, 50.81, 542.642
25054, 50.85, 542.659
25055, 50.88, 542.676
25056, 50.91, 542.692
25057, 50.97, 542.726
25058, 51.01, 542.742
25059, 51.04, 542.759
25060, 51.07, 542.776
25061, 51.11, 542.792
25062, 51.18, 542.826
25063, 51.21, 542.842
25064, 51.24, 542.859
25065, 51.27, 542.876
25066, 51.31, 542.892
25067, 51.34, 542.909
25068, 51.4, 542.942
25069, 51.43, 542.959
25070, 51.46, 542.976
25071, 51.5, 542.992
25072, 51.53, 543.009
25073, 51.56, 543.026
25074, 51.63, 543.059
25075, 51.66, 543.076
25076, 51.69, 543.092
25077, 51.72, 543.109
25078, 51.75, 543.126
25079, 51.79, 543.142
25080, 51.82, 543.159
25081, 51.88, 543.192
25082, 51.91, 543.209
25083, 51.94, 543.226
25084, 51.98, 543.242
25085, 52.01, 543.259
25086, 52.04, 543.276
25087, 52.11, 543.309
25088, 52.14, 543.326
25089, 52.17, 543.342
25090, 52.2, 543.359
25091, 52.23, 543.376
25092, 52.27, 543.392
25093, 52.3, 543.409
25094, 52.36, 543.442
25095, 52.39, 543.459
25096, 52.42, 543.476
25097, 52.46, 543.492
25098, 52.49, 543.509
25099, 52.52, 543.526
25100, 52.55, 543.542
25101, 52.61, 543.576
25102, 52.64, 543.592
25103, 52.68, 543.609
25104, 52.71, 543.626
25105, 52.74, 543.642
25106, 52.77, 543.659
25107, 52.8, 543.676
25108, 52.86, 543.709
25109, 52.89, 543.726
25110, 52.92, 543.742
25111, 52.95, 543.759
25112, 52.98, 543.776
25113, 53.01, 543.792
25114, 53.04, 543.809
25115, 53.1, 543.842
25116, 53.14, 543.859
25117, 53.17, 543.876
25118, 53.2, 543.892
25119, 53.23, 543.909
25120, 53.26, 543.926
25121, 53.29, 543.942
25122, 53.32, 543.959
25123, 53.38, 543.992
25124, 53.41, 544.009
25125, 53.44, 544.026
25126, 53.47, 544.042
25127, 53.5, 544.059
25128, 53.53, 544.076
25129, 53.56, 544.092
25130, 53.6, 544.109
25131, 53.62, 544.126
25132, 53.68, 544.159
25133, 53.68, 544.159
25134, 53.74, 544.192
25135, 53.77, 544.209
25136, 53.8, 544.226
25137, 53.83, 544.242
25138, 53.86, 544.259
25139, 53.89, 544.276
25140, 53.95, 544.309
25141, 53.98, 544.326
25142, 54.01, 544.342
25143, 54.04, 544.359
25144, 54.07, 544.376
25145, 54.1, 544.392
25146, 54.12, 544.409
25147, 54.15, 544.426
25148, 54.18, 544.442
25149, 54.24, 544.476
25150, 54.27, 544.492
25151, 54.3, 544.509
25152, 54.32, 544.526
25153, 54.35, 544.542
25154, 54.38, 544.559
25155, 54.41, 544.576
25156, 54.44, 544.592
25157, 54.47, 544.609
25158, 54.5, 544.626
25159, 54.55, 544.659
25160, 54.58, 544.676
25161, 54.61, 544.692
25162, 54.64, 544.709
25163, 54.67, 544.726
25164, 54.7, 544.742
25165, 54.72, 544.759
25166, 54.75, 544.776
25167, 54.78, 544.792
25168, 54.81, 544.809
25169, 54.86, 544.842
25170, 54.89, 544.859
25171, 54.92, 544.876
25172, 54.95, 544.892
25173, 54.97, 544.909
25174, 55, 544.926
25175, 55.02, 544.942
25176, 55.05, 544.959
