0, 62.27, 473.51
1, 62.3, 473.527
2, 62.34, 473.544
3, 62.37, 473.56
4, 62.39, 473.577
5, 62.42, 473.594
6, 62.44, 473.61
7, 62.47, 473.627
8, 62.49, 473.644
9, 62.51, 473.66
10, 62.53, 473.677
11, 62.55, 473.694
12, 62.56, 473.71
13, 62.6, 473.727
14, 62.63, 473.744
15, 62.67, 473.76
16, 62.7, 473.777
17, 62.73, 473.794
18, 62.75, 473.81
19, 62.77, 473.827
20, 62.8, 473.844
21, 62.82, 473.86
22, 62.84, 473.877
23, 62.86, 473.894
24, 62.86, 473.894
25, 62.89, 473.91
26, 62.92, 473.927
27, 62.95, 473.944
28, 62.98, 473.96
29, 63.01, 473.977
30, 63.03, 473.994
31, 63.06, 474.01
32, 63.08, 474.027
33, 63.1, 474.044
34, 63.12, 474.06
35, 63.15, 474.077
36, 63.17, 474.094
37, 63.2, 474.11
38, 63.23, 474.127
39, 63.25, 474.144
40, 63.28, 474.16
41, 63.3, 474.177
42, 63.33, 474.194
43, 63.35, 474.21
44, 63.35, 474.21
45, 63.38, 474.227
46, 63.4, 474.244
47, 63.42, 474.26
48, 63.45, 474.277
49, 63.47, 474.294
50, 63.5, 474.31
51, 63.53, 474.327
52, 63.55, 474.344
53, 63.57, 474.36
54, 63.59, 474.377
55, 63.62, 474.394
56, 63.65, 474.41
57, 63.68, 474.427
58, 63.71, 474.444
59, 63.73, 474.46
60, 63.75, 474.477
61, 63.77, 474.494
62, 63.77, 474.494
63, 63.8, 474.51
64, 63.83, 474.527
65, 63.85, 474.544
66, 63.88, 474.56
67, 63.9, 474.577
68, 63.92, 474.594
69, 63.94, 474.61
70, 63.96, 474.627
71, 63.99, 474.644
72, 64.01, 474.66
73, 64.03, 474.677
74, 64.06, 474.694
75, 64.09, 474.71
76, 64.11, 474.727
77, 64.13, 474.744
78, 64.13, 474.744
79, 64.16, 474.76
80, 64.18, 474.777
81, 64.2, 474.794
82, 64.23, 474.81
83, 64.25, 474.827
84, 64.27, 474.844
85, 64.29, 474.86
86, 64.32, 474.877
87, 64.35, 474.894
88, 64.37, 474.91
89, 64.39, 474.927
90, 64.41, 474.944
91, 64.44, 474.96
92, 64.46, 474.977
93, 64.46, 474.977
94, 64.49, 474.994
95, 64.52, 475.01
96, 64.54, 475.027
97, 64.56, 475.044
98, 64.58, 475.06
99, 64.6, 475.077
100, 64.63, 475.094
101, 64.65, 475.11
102, 64.68, 475.127
103, 64.7, 475.144
104, 64.71, 475.16
105, 64.74, 475.177
106, 64.76, 475.194
107, 64.76, 475.194
108, 64.78, 475.21
109, 64.8, 475.227
110, 64.83, 475.244
111, 64.85, 475.26
112, 64.87, 475.277
113, 64.9, 475.294
114, 64.92, 475.31
115, 64.94, 475.327
116, 64.96, 475.344
117, 64.98, 475.36
118, 65, 1.884
119, 65.02, 1.901
120, 65.02, 1.901
121, 65.04, 1.917
122, 65.07, 1.934
123, 65.09, 1.951
124, 65.12, 1.967
125, 65.14, 1.984
126, 65.16, 2
127, 65.18, 2.017
128, 65.2, 2.034
129, 65.23, 2.05
130, 65.25, 2.067
131, 65.27, 2.084
132, 65.27, 2.084
133, 65.29, 2.101
134, 65.31, 2.117
135, 65.33, 2.134
136, 65.36, 2.151
137, 65.38, 2.167
138, 65.4, 2.184
139, 65.42, 2.201
140, 65.45, 2.217
141, 65.46, 2.234
142, 65.48, 2.25
143, 65.51, 2.267
144, 65.51, 2.267
145, 65.53, 2.284
146, 65.55, 2.3
147, 65.57, 2.317
148, 65.6, 2.334
149, 65.61, 2.351
150, 65.63, 2.367
151, 65.66, 2.384
152, 65.67, 2.401
153, 65.69, 2.417
154, 65.72, 2.434
155, 65.74, 2.451
156, 65.74, 2.451
157, 65.76, 2.467
158, 65.78, 2.484
159, 65.8, 2.5
160, 65.82, 2.517
161, 65.84, 2.534
162, 65.86, 2.55
163, 65.89, 2.567
164, 65.9, 2.584
165, 65.92, 2.601
166, 65.94, 2.617
167, 65.94, 2.617
168, 65.96, 2.634
169, 65.99, 2.651
170, 66.01, 2.667
171, 66.03, 2.684
172, 66.05, 2.701
173, 66.07, 2.717
174, 66.09, 2.734
175, 66.11, 2.75
176, 66.13, 2.767
177, 66.15, 2.784
178, 66.15, 2.784
179, 66.16, 2.8
180, 66.19, 2.817
181, 66.21, 2.834
182, 66.23, 2.851
183, 66.25, 2.867
184, 66.27, 2.884
185, 66.29, 2.901
186, 66.3, 2.917
187, 66.33, 2.934
188, 66.35, 2.951
189, 66.35, 2.951
190, 66.37, 2.967
191, 66.39, 2.984
192, 66.42, 3
193, 66.44, 3.017
194, 66.45, 3.034
195, 66.47, 3.05
196, 66.49, 3.067
197, 66.51, 3.084
198, 66.53, 3.101
199, 66.53, 3.101
200, 66.55, 3.117
201, 66.57, 3.134
202, 66.59, 3.151
203, 66.61, 3.167
204, 66.63, 3.184
205, 66.65, 3.201
206, 66.67, 3.217
207, 66.69, 3.234
208, 66.7, 3.25
209, 66.7, 3.25
210, 66.72, 3.267
211, 66.74, 3.284
212, 66.76, 3.3
213, 66.78, 3.317
214, 66.8, 3.334
215, 66.83, 3.351
216, 66.84, 3.367
217, 66.86, 3.384
218, 66.88, 3.401
219, 66.88, 3.401
220, 66.89, 3.417
221, 66.91, 3.434
222, 66.93, 3.451
223, 66.95, 3.467
224, 66.96, 3.484
225, 66.99, 3.5
226, 67.01, 3.517
227, 67.03, 3.534
228, 67.03, 3.534
229, 67.05, 3.55
230, 67.06, 3.567
231, 67.08, 3.584
232, 67.09, 3.601
233, 67.11, 3.617
234, 67.13, 3.634
235, 67.16, 3.651
236, 67.17, 3.667
237, 67.19, 3.684
238, 67.19, 3.684
239, 67.21, 3.701
240, 67.23, 3.717
241, 67.24, 3.734
242, 67.26, 3.75
243, 67.28, 3.767
244, 67.3, 3.784
245, 67.31, 3.8
246, 67.34, 3.817
247, 67.34, 3.817
248, 67.35, 3.834
249, 67.36, 3.851
250, 67.38, 3.867
251, 67.41, 3.884
252, 67.42, 3.901
253, 67.44, 3.917
254, 67.46, 3.934
255, 67.48, 3.951
256, 67.48, 3.951
257, 67.49, 3.967
258, 67.5, 3.984
259, 67.52, 4.001
260, 67.53, 4.017
261, 67.55, 4.034
262, 67.57, 4.05
263, 67.59, 4.067
264, 67.61, 4.084
265, 67.61, 4.084
266, 67.63, 4.101
267, 67.65, 4.117
268, 67.66, 4.134
269, 67.68, 4.15
270, 67.7, 4.167
271, 67.72, 4.184
272, 67.74, 4.201
273, 67.75, 4.217
274, 67.75, 4.217
275, 67.77, 4.234
276, 67.78, 4.251
277, 67.8, 4.267
278, 67.81, 4.284
279, 67.83, 4.3
280, 67.85, 4.317
281, 67.87, 4.334
282, 67.88, 4.351
283, 67.88, 4.351
284, 67.9, 4.367
285, 67.91, 4.384
286, 67.92, 4.4
287, 67.94, 4.417
288, 67.96, 4.434
289, 67.98, 4.451
290, 68, 4.467
291, 68, 4.467
292, 68.02, 4.484
293, 68.03, 4.501
294, 68.05, 4.517
295, 68.07, 4.534
296, 68.08, 4.55
297, 68.1, 4.567
298, 68.11, 4.584
299, 68.13, 4.601
300, 68.13, 4.601
301, 68.14, 4.617
302, 68.16, 4.634
303, 68.18, 4.65
304, 68.19, 4.667
305, 68.21, 4.684
306, 68.22, 4.701
307, 68.24, 4.717
308, 68.24, 4.717
309, 68.26, 4.734
310, 68.27, 4.751
311, 68.29, 4.767
312, 68.31, 4.784
313, 68.32, 4.8
314, 68.33, 4.817
315, 68.35, 4.834
316, 68.35, 4.834
317, 68.36, 4.851
318, 68.37, 4.867
319, 68.39, 4.884
320, 68.41, 4.9
321, 68.43, 4.917
322, 68.44, 4.934
323, 68.45, 4.951
324, 68.45, 4.951
325, 68.46, 4.967
326, 68.48, 4.984
327, 68.49, 5.001
328, 68.51, 5.017
329, 68.53, 5.034
330, 68.54, 5.05
331, 68.56, 5.067
332, 68.56, 5.067
333, 68.57, 5.084
334, 68.58, 5.101
335, 68.59, 5.117
336, 68.61, 5.134
337, 68.63, 5.15
338, 68.65, 5.167
339, 68.66, 5.184
340, 68.66, 5.184
341, 68.67, 5.201
342, 68.69, 5.217
343, 68.7, 5.234
344, 68.72, 5.251
345, 68.73, 5.267
346, 68.74, 5.284
347, 68.76, 5.3
348, 68.76, 5.3
349, 68.77, 5.317
350, 68.79, 5.334
351, 68.81, 5.351
352, 68.82, 5.367
353, 68.83, 5.384
354, 68.85, 5.4
355, 68.86, 5.417
356, 68.86, 5.417
357, 68.88, 5.434
358, 68.89, 5.451
359, 68.91, 5.467
360, 68.88, 5.484
361, 68.83, 5.501
362, 68.92, 5.517
363, 68.89, 5.534
364, 68.89, 5.534
365, 68.9, 5.55
366, 68.92, 5.567
367, 68.94, 5.584
368, 68.94, 5.601
369, 68.95, 5.617
370, 68.96, 5.634
371, 68.97, 5.65
372, 68.97, 5.65
373, 68.98, 5.667
374, 68.99, 5.684
375, 69, 5.701
376, 69.01, 5.717
377, 69.02, 5.734
378, 69.02, 5.751
379, 69.02, 5.751
380, 69.03, 5.767
381, 69.05, 5.784
382, 69.06, 5.8
383, 69.07, 5.817
384, 69.08, 5.834
385, 69.08, 5.851
386, 69.09, 5.867
387, 69.09, 5.867
388, 69.1, 5.884
389, 69.11, 5.9
390, 69.13, 5.917
391, 69.13, 5.934
392, 69.14, 5.951
393, 69.15, 5.967
394, 69.15, 5.967
395, 69.16, 5.984
396, 69.17, 6.001
397, 69.19, 6.017
398, 69.2, 6.034
399, 69.21, 6.05
400, 69.22, 6.067
401, 69.23, 6.084
402, 69.23, 6.084
403, 69.24, 6.101
404, 69.25, 6.117
405, 69.26, 6.134
406, 69.27, 6.15
407, 69.28, 6.167
408, 69.29, 6.184
409, 69.29, 6.184
410, 69.3, 6.201
411, 69.31, 6.217
412, 69.31, 6.234
413, 69.32, 6.251
414, 69.33, 6.267
415, 69.34, 6.284
416, 69.35, 6.3
417, 69.35, 6.3
418, 69.36, 6.317
419, 69.37, 6.334
420, 69.37, 6.351
421, 69.38, 6.367
422, 69.39, 6.384
423, 69.41, 6.4
424, 69.41, 6.4
425, 69.43, 6.417
426, 69.45, 6.434
427, 69.46, 6.451
428, 69.45, 6.467
429, 69.46, 6.484
430, 69.47, 6.501
431, 69.48, 6.517
432, 69.48, 6.517
433, 69.49, 6.534
434, 69.5, 6.55
435, 69.5, 6.567
436, 69.51, 6.584
437, 69.52, 6.601
438, 69.53, 6.617
439, 69.53, 6.617
440, 69.54, 6.634
441, 69.56, 6.65
442, 69.57, 6.667
443, 69.57, 6.684
444, 69.58, 6.701
445, 69.59, 6.717
446, 69.59, 6.717
447, 69.6, 6.734
448, 69.6, 6.751
449, 69.62, 6.767
450, 69.63, 6.784
451, 69.64, 6.8
452, 69.65, 6.817
453, 69.66, 6.834
454, 69.66, 6.834
455, 69.67, 6.851
456, 69.68, 6.867
457, 69.68, 6.884
458, 69.68, 6.9
459, 69.68, 6.917
460, 69.68, 6.934
461, 69.68, 6.934
462, 69.67, 6.951
463, 69.65, 6.967
464, 69.63, 6.984
465, 69.6, 7.001
466, 69.56, 7.017
467, 69.53, 7.034
468, 69.53, 7.034
469, 69.5, 7.034
470, 69.44, 7.05
471, 69.37, 7.067
472, 69.29, 7.084
473, 69.21, 7.101
474, 69.1, 7.117
475, 68.97, 7.134
476, 68.97, 7.134
477, 68.84, 7.15
478, 68.69, 7.167
479, 68.53, 7.184
480, 68.3, 7.201
481, 68.07, 7.217
482, 67.84, 7.234
483, 67.56, 7.251
484, 67.56, 7.251
485, 67.27, 7.267
486, 67, 7.284
487, 66.7, 7.3
488, 66.4, 7.317
489, 66.12, 7.334
490, 65.89, 7.351
491, 65.6, 7.367
492, 65.24, 7.384
493, 64.91, 7.4
494, 64.57, 7.417
495, 64.57, 7.417
496, 64.23, 7.434
497, 63.94, 7.451
498, 63.66, 7.467
499, 63.39, 7.484
500, 63.09, 7.501
501, 62.78, 7.517
502, 62.43, 7.534
503, 62.13, 7.55
504, 61.83, 7.567
505, 61.54, 7.584
506, 61.24, 7.601
507, 60.94, 7.617
508, 60.64, 7.634
509, 60.34, 7.65
510, 60.04, 7.667
511, 59.72, 7.684
512, 59.43, 7.701
513, 59.16, 7.717
514, 58.87, 7.734
515, 58.55, 7.751
516, 58.2, 7.767
517, 57.91, 7.784
518, 57.65, 7.8
519, 57.36, 7.817
520, 57.05, 7.834
521, 56.7, 7.851
522, 56.41, 7.867
523, 56.14, 7.884
524, 55.88, 7.9
525, 55.62, 7.917
526, 55.06, 7.951
527, 54.77, 7.967
528, 54.46, 7.984
529, 54.15, 8
530, 53.88, 8.017
531, 53.61, 8.034
532, 53.36, 8.05
533, 53.11, 8.067
534, 52.85, 8.084
535, 52.29, 8.117
536, 52.03, 8.134
537, 51.78, 8.151
538, 51.52, 8.167
539, 51.2, 8.184
540, 50.92, 8.2
541, 50.49, 8.234
542, 50.26, 8.25
543, 50.03, 8.267
544, 49.81, 8.284
545, 49.59, 8.3
546, 49.09, 8.334
547, 48.87, 8.351
548, 48.65, 8.367
549, 48.42, 8.384
550, 47.95, 8.417
551, 47.72, 8.434
552, 47.48, 8.45
553, 47.24, 8.467
554, 46.78, 8.5
555, 46.54, 8.517
556, 46.29, 8.534
557, 46.07, 8.55
558, 45.63, 8.584
559, 45.38, 8.601
560, 45.12, 8.617
561, 44.67, 8.651
562, 44.44, 8.667
563, 44.2, 8.684
564, 43.6, 8.717
565, 43.36, 8.734
566, 42.9, 8.767
567, 42.67, 8.784
568, 42.44, 8.8
569, 41.94, 8.834
570, 41.72, 8.851
571, 41.27, 8.884
572, 41.04, 8.901
573, 40.62, 8.934
574, 40.37, 8.95
575, 39.84, 8.984
576, 39.56, 9
577, 39.08, 9.034
578, 38.86, 9.05
579, 38.4, 9.084
580, 38.16, 9.101
581, 37.71, 9.134
582, 37.24, 9.167
583, 37.01, 9.184
584, 36.51, 9.217
585, 36.25, 9.234
586, 35.79, 9.267
587, 35.31, 9.3
588, 34.82, 9.334
589, 34.59, 9.351
590, 34.12, 9.384
591, 33.62, 9.417
592, 33.19, 9.45
593, 32.98, 9.467
594, 32.56, 9.5
595, 32.08, 9.534
596, 31.67, 9.567
597, 31.29, 9.601
598, 30.93, 9.634
599, 30.54, 9.667
600, 30.21, 9.7
601, 29.91, 9.734
602, 29.56, 9.767
603, 29.13, 9.8
604, 28.7, 9.834
605, 28.4, 9.867
606, 28.09, 9.901
607, 27.77, 9.934
608, 27.25, 9.984
609, 26.92, 10.017
610, 26.63, 10.05
611, 26.38, 10.084
612, 25.93, 10.134
613, 25.66, 10.167
614, 25.42, 10.217
615, 25.21, 10.25
616, 24.78, 10.3
617, 24.67, 10.334
618, 24.54, 10.384
619, 24.44, 10.417
620, 24.3, 10.467
621, 24.04, 10.517
622, 23.69, 10.55
623, 23.36, 10.601
624, 23.17, 10.651
625, 22.97, 10.7
626, 22.85, 10.734
627, 22.6, 10.784
628, 22.31, 10.834
629, 22.06, 10.884
630, 21.92, 10.917
631, 21.74, 10.967
632, 21.58, 11.017
633, 21.45, 11.067
634, 21.34, 11.101
635, 21.14, 11.151
636, 20.99, 11.2
637, 20.9, 11.234
638, 20.73, 11.284
639, 20.57, 11.334
640, 20.5, 11.367
641, 20.38, 11.417
642, 20.25, 11.467
643, 20.17, 11.5
644, 20.05, 11.55
645, 19.92, 11.601
646, 19.84, 11.634
647, 19.72, 11.684
648, 19.63, 11.717
649, 19.54, 11.75
650, 19.35, 11.8
651, 19.28, 11.834
652, 19.2, 11.867
653, 19.04, 11.917
654, 18.95, 11.95
655, 18.83, 12
656, 18.69, 12.067
657, 18.61, 12.101
658, 18.49, 12.151
659, 18.4, 12.2
660, 18.31, 12.25
661, 18.44, 12.317
662, 18.49, 12.367
663, 18.62, 12.417
664, 18.77, 12.467
665, 18.89, 12.517
666, 19.05, 12.567
667, 19.28, 12.617
668, 19.47, 12.667
669, 19.69, 12.717
670, 19.95, 12.767
671, 20.23, 12.817
672, 20.45, 12.867
673, 20.6, 12.917
674, 20.6, 12.967
675, 20.56, 13.017
676, 20.37, 13.067
677, 20.27, 13.117
678, 20.22, 13.167
679, 20.11, 13.217
680, 19.97, 13.267
681, 19.84, 13.334
682, 19.74, 13.384
683, 19.61, 13.434
684, 19.5, 13.484
685, 19.39, 13.534
686, 19.29, 13.584
687, 19.19, 13.617
688, 19.06, 13.667
689, 18.98, 13.717
690, 18.85, 13.767
691, 18.7, 13.817
692, 18.58, 13.867
693, 18.49, 13.917
694, 18.33, 13.967
695, 18.26, 14
696, 18.19, 14.05
697, 18.05, 14.101
698, 17.9, 14.151
699, 17.81, 14.2
700, 17.74, 14.25
701, 17.63, 14.3
702, 17.56, 14.334
703, 17.44, 14.384
704, 17.27, 14.45
705, 17.14, 14.5
706, 17.01, 14.55
707, 16.86, 14.617
708, 16.71, 14.684
709, 16.64, 14.734
710, 16.6, 14.8
711, 16.71, 14.867
712, 16.95, 14.934
713, 17, 15
714, 17.27, 15.067
715, 17.59, 15.134
716, 17.71, 15.184
717, 17.93, 15.25
718, 18.17, 15.317
719, 18.33, 15.367
720, 18.59, 15.434
721, 18.89, 15.5
722, 19.12, 15.55
723, 19.43, 15.617
724, 19.7, 15.667
725, 19.97, 15.717
726, 20.32, 15.784
727, 20.63, 15.834
728, 20.97, 15.884
729, 21.33, 15.934
730, 21.72, 15.984
731, 22.11, 16.034
732, 22.52, 16.084
733, 22.91, 16.134
734, 23.28, 16.184
735, 23.71, 16.234
736, 23.96, 16.267
737, 24.37, 16.317
738, 24.62, 16.351
739, 25.03, 16.4
740, 25.3, 16.434
741, 25.69, 16.484
742, 25.96, 16.517
743, 26.37, 16.567
744, 26.65, 16.601
745, 26.91, 16.634
746, 27.29, 16.684
747, 27.55, 16.717
748, 27.81, 16.75
749, 28.19, 16.801
750, 28.45, 16.834
751, 28.69, 16.867
752, 28.94, 16.9
753, 29.21, 16.934
754, 29.43, 16.967
755, 29.73, 17.017
756, 30.01, 17.051
757, 30.28, 17.084
758, 30.47, 17.117
759, 30.64, 17.15
760, 30.76, 17.184
761, 30.85, 17.217
762, 31.19, 17.25
763, 31.38, 17.284
764, 31.61, 17.317
765, 31.81, 17.351
766, 32.02, 17.384
767, 32.23, 17.417
768, 32.44, 17.451
769, 32.54, 17.467
770, 32.74, 17.5
771, 32.94, 17.534
772, 33.15, 17.567
773, 33.35, 17.601
774, 33.55, 17.634
775, 33.75, 17.667
776, 33.95, 17.701
777, 34.05, 17.717
778, 34.24, 17.75
779, 34.44, 17.784
780, 34.63, 17.817
781, 34.82, 17.851
782, 34.92, 17.867
783, 35.11, 17.9
784, 35.31, 17.934
785, 35.49, 17.967
786, 35.58, 17.984
787, 35.78, 18.017
788, 35.97, 18.051
789, 36.17, 18.084
790, 36.28, 18.101
791, 36.49, 18.134
792, 36.67, 18.167
793, 36.76, 18.184
794, 36.97, 18.217
795, 37.15, 18.25
796, 37.24, 18.267
797, 37.42, 18.301
798, 37.62, 18.334
799, 37.71, 18.351
800, 37.9, 18.384
801, 37.99, 18.4
802, 38.17, 18.434
803, 38.36, 18.467
804, 38.45, 18.484
805, 38.63, 18.517
806, 38.72, 18.534
807, 38.9, 18.567
808, 38.92, 18.584
809, 39.01, 18.617
810, 39.27, 18.65
811, 39.3, 18.667
812, 39.48, 18.701
813, 39.56, 18.717
814, 39.71, 18.75
815, 39.79, 18.767
816, 39.95, 18.801
817, 40.03, 18.817
818, 40.19, 18.851
819, 40.27, 18.867
820, 40.42, 18.9
821, 40.5, 18.917
822, 40.65, 18.951
823, 40.73, 18.967
824, 40.89, 19
825, 40.97, 19.017
826, 41.13, 19.051
827, 41.21, 19.067
828, 41.36, 19.101
829, 41.44, 19.117
830, 41.6, 19.15
831, 41.67, 19.167
832, 41.75, 19.184
833, 41.91, 19.217
834, 41.98, 19.234
835, 42.13, 19.267
836, 42.2, 19.284
837, 42.36, 19.317
838, 42.44, 19.334
839, 42.51, 19.351
840, 42.67, 19.384
841, 42.75, 19.4
842, 42.89, 19.434
843, 42.96, 19.451
844, 43.04, 19.467
845, 43.19, 19.5
846, 43.26, 19.517
847, 43.42, 19.551
848, 43.5, 19.567
849, 43.57, 19.584
850, 43.7, 19.617
851, 43.78, 19.634
852, 43.85, 19.65
853, 44, 19.684
854, 44.08, 19.701
855, 44.23, 19.734
856, 44.29, 19.75
857, 44.37, 19.767
858, 44.52, 19.801
859, 44.58, 19.817
860, 44.66, 19.834
861, 44.8, 19.867
862, 44.87, 19.884
863, 44.94, 19.9
864, 45.09, 19.934
865, 45.16, 19.951
866, 45.23, 19.967
867, 45.38, 20
868, 45.46, 20.017
869, 45.53, 20.034
870, 45.66, 20.067
871, 45.73, 20.084
872, 45.81, 20.101
873, 45.94, 20.134
874, 46.01, 20.15
875, 46.08, 20.167
876, 46.16, 20.184
877, 46.3, 20.217
878, 46.36, 20.234
879, 46.44, 20.25
880, 46.58, 20.284
881, 46.64, 20.301
882, 46.71, 20.317
883, 46.85, 20.351
884, 46.93, 20.367
885, 46.99, 20.384
886, 47.06, 20.4
887, 47.19, 20.434
888, 47.26, 20.451
889, 47.32, 20.467
890, 47.39, 20.484
891, 47.51, 20.517
892, 47.58, 20.534
893, 47.64, 20.551
894, 47.71, 20.567
895, 47.84, 20.601
896, 47.91, 20.617
897, 47.97, 20.634
898, 48.09, 20.667
899, 48.16, 20.684
900, 48.22, 20.701
901, 48.29, 20.717
902, 48.41, 20.75
903, 48.48, 20.767
904, 48.54, 20.784
905, 48.6, 20.801
906, 48.66, 20.817
907, 48.78, 20.851
908, 48.84, 20.867
909, 48.9, 20.884
910, 48.97, 20.9
911, 49.09, 20.934
912, 49.15, 20.951
913, 49.15, 20.967
914, 49.11, 20.984
915, 49.37, 21.017
916, 49.37, 21.034
917, 49.42, 21.051
918, 49.49, 21.067
919, 49.55, 21.084
920, 49.62, 21.117
921, 49.68, 21.134
922, 49.7, 21.15
923, 49.73, 21.167
924, 49.81, 21.184
925, 50.02, 21.217
926, 50.03, 21.234
927, 50.05, 21.25
928, 50.12, 21.267
929, 50.18, 21.284
930, 50.27, 21.317
931, 50.33, 21.334
932, 50.39, 21.351
933, 50.44, 21.367
934, 50.49, 21.384
935, 50.61, 21.417
936, 50.66, 21.434
937, 50.72, 21.451
938, 50.77, 21.467
939, 50.82, 21.484
940, 50.92, 21.517
941, 50.97, 21.534
942, 51.01, 21.551
943, 51.06, 21.567
944, 51.11, 21.584
945, 51.17, 21.601
946, 51.27, 21.634
947, 51.33, 21.65
948, 51.39, 21.667
949, 51.44, 21.684
950, 51.5, 21.701
951, 51.55, 21.717
952, 51.65, 21.75
953, 51.71, 21.767
954, 51.76, 21.784
955, 51.81, 21.801
956, 51.85, 21.817
957, 51.9, 21.834
958, 51.98, 21.867
959, 52.02, 21.884
960, 52.08, 21.9
961, 52.13, 21.917
962, 52.19, 21.934
963, 52.25, 21.951
964, 52.3, 21.967
965, 52.4, 22
966, 52.45, 22.017
967, 52.5, 22.034
968, 52.54, 22.051
969, 52.59, 22.067
970, 52.64, 22.084
971, 52.7, 22.101
972, 52.8, 22.134
973, 52.85, 22.15
974, 52.9, 22.167
975, 52.95, 22.184
976, 53, 22.201
977, 53.05, 22.217
978, 53.09, 22.234
979, 53.14, 22.25
980, 53.24, 22.284
981, 53.29, 22.301
982, 53.34, 22.317
983, 53.39, 22.334
984, 53.44, 22.351
985, 53.49, 22.367
986, 53.54, 22.384
987, 53.59, 22.4
988, 53.68, 22.434
989, 53.73, 22.451
990, 53.78, 22.467
991, 53.82, 22.484
992, 53.87, 22.5
993, 53.93, 22.517
994, 53.98, 22.534
995, 54.03, 22.551
996, 54.08, 22.567
997, 54.17, 22.601
998, 54.22, 22.617
999, 54.27, 22.634
1000, 54.31, 22.65
1001, 54.36, 22.667
1002, 54.41, 22.684
1003, 54.46, 22.701
1004, 54.51, 22.717
1005, 54.56, 22.734
1006, 54.66, 22.767
1007, 54.7, 22.784
1008, 54.75, 22.801
1009, 54.8, 22.817
1010, 54.84, 22.834
1011, 54.89, 22.851
1012, 54.94, 22.867
1013, 54.99, 22.884
1014, 55.04, 22.9
1015, 55.09, 22.917
1016, 55.13, 22.934
1017, 55.23, 22.967
1018, 55.28, 22.984
1019, 55.32, 23
1020, 55.36, 23.017
1021, 55.41, 23.034
1022, 55.46, 23.051
1023, 55.51, 23.067
1024, 55.56, 23.084
1025, 55.6, 23.101
1026, 55.65, 23.117
1027, 55.69, 23.134
1028, 55.74, 23.15
1029, 55.83, 23.184
1030, 55.88, 23.201
1031, 55.92, 23.217
1032, 55.97, 23.234
1033, 56.02, 23.25
1034, 56.06, 23.267
1035, 56.11, 23.284
1036, 56.15, 23.301
1037, 56.2, 23.317
1038, 56.24, 23.334
1039, 56.28, 23.351
1040, 56.33, 23.367
1041, 56.37, 23.384
1042, 56.41, 23.4
1043, 56.48, 23.434
1044, 56.51, 23.451
1045, 56.53, 23.467
1046, 56.55, 23.484
1047, 56.56, 23.5
1048, 56.57, 23.517
1049, 56.57, 23.534
1050, 56.56, 23.551
1051, 56.54, 23.567
1052, 56.53, 23.584
1053, 56.51, 23.601
1054, 56.47, 23.617
1055, 56.43, 23.634
1056, 56.38, 23.65
1057, 56.32, 23.667
1058, 56.26, 23.684
1059, 56.08, 23.717
1060, 55.96, 23.734
1061, 55.81, 23.75
1062, 55.64, 23.767
1063, 55.46, 23.784
1064, 55.27, 23.801
1065, 55.07, 23.817
1066, 54.86, 23.834
1067, 54.64, 23.851
1068, 54.35, 23.867
1069, 54.06, 23.884
1070, 53.6, 23.917
1071, 53.39, 23.934
1072, 53.18, 23.951
1073, 52.94, 23.967
1074, 52.68, 23.984
1075, 52.4, 24
1076, 52.14, 24.017
1077, 51.91, 24.034
1078, 51.45, 24.067
1079, 51.19, 24.084
1080, 50.94, 24.101
1081, 50.7, 24.117
1082, 50.47, 24.134
1083, 50, 24.167
1084, 49.77, 24.184
1085, 49.54, 24.201
1086, 49.34, 24.217
1087, 49.15, 24.234
1088, 48.8, 24.267
1089, 48.62, 24.284
1090, 48.47, 24.301
1091, 48.35, 24.317
1092, 48.03, 24.351
1093, 47.86, 24.367
1094, 47.77, 24.384
1095, 47.67, 24.4
1096, 47.46, 24.434
1097, 47.37, 24.451
1098, 47.28, 24.467
1099, 47.2, 24.484
1100, 47.03, 24.517
1101, 46.94, 24.534
1102, 46.86, 24.551
1103, 46.69, 24.584
1104, 46.59, 24.601
1105, 46.5, 24.617
1106, 46.33, 24.65
1107, 46.25, 24.667
1108, 46.16, 24.684
1109, 45.98, 24.717
1110, 45.89, 24.734
1111, 45.8, 24.75
1112, 45.63, 24.784
1113, 45.56, 24.801
1114, 45.49, 24.817
1115, 45.35, 24.851
1116, 45.29, 24.867
1117, 45.23, 24.884
1118, 45.1, 24.917
1119, 45.04, 24.934
1120, 44.98, 24.951
1121, 44.86, 24.984
1122, 44.81, 25
1123, 44.75, 25.017
1124, 44.64, 25.051
1125, 44.59, 25.067
1126, 44.5, 25.101
1127, 44.45, 25.117
1128, 44.4, 25.134
1129, 44.29, 25.167
1130, 44.23, 25.184
1131, 44.18, 25.201
1132, 44.08, 25.234
1133, 44.04, 25.25
1134, 43.98, 25.284
1135, 43.95, 25.301
1136, 43.93, 25.317
1137, 43.94, 25.351
1138, 43.97, 25.367
1139, 43.92, 25.4
1140, 43.92, 25.417
1141, 43.93, 25.434
1142, 43.9, 25.467
1143, 43.86, 25.484
1144, 43.8, 25.517
1145, 43.76, 25.534
1146, 43.68, 25.551
1147, 43.53, 25.584
1148, 43.5, 25.601
1149, 43.38, 25.634
1150, 43.31, 25.65
1151, 43.26, 25.667
1152, 43.16, 25.701
1153, 43.1, 25.717
1154, 42.99, 25.75
1155, 42.94, 25.767
1156, 42.89, 25.784
1157, 42.78, 25.817
1158, 42.72, 25.834
1159, 42.62, 25.867
1160, 42.58, 25.884
1161, 42.51, 25.917
1162, 42.48, 25.934
1163, 42.45, 25.951
1164, 42.38, 25.984
1165, 42.35, 26
1166, 42.35, 26.034
1167, 42.36, 26.051
1168, 42.31, 26.084
1169, 42.31, 26.101
1170, 42.32, 26.117
1171, 42.31, 26.15
1172, 42.31, 26.167
1173, 42.32, 26.201
1174, 42.33, 26.217
1175, 42.34, 26.234
1176, 42.34, 26.267
1177, 42.35, 26.284
1178, 42.39, 26.317
1179, 42.39, 26.334
1180, 42.38, 26.351
1181, 42.41, 26.384
1182, 42.44, 26.4
1183, 42.44, 26.434
1184, 42.46, 26.451
1185, 42.55, 26.484
1186, 42.57, 26.5
1187, 42.6, 26.517
1188, 42.7, 26.551
1189, 42.75, 26.567
1190, 42.83, 26.601
1191, 42.85, 26.617
1192, 42.9, 26.634
1193, 43.05, 26.667
1194, 43.12, 26.684
1195, 43.2, 26.717
1196, 43.25, 26.734
1197, 43.32, 26.75
1198, 43.42, 26.784
1199, 43.47, 26.801
1200, 43.53, 26.817
1201, 43.67, 26.851
1202, 43.73, 26.867
1203, 43.87, 26.9
1204, 43.94, 26.917
1205, 44, 26.934
1206, 44.12, 26.967
1207, 44.17, 26.984
1208, 44.23, 27
1209, 44.37, 27.034
1210, 44.44, 27.051
1211, 44.5, 27.067
1212, 44.61, 27.101
1213, 44.66, 27.117
1214, 44.7, 27.134
1215, 44.75, 27.167
1216, 44.77, 27.184
1217, 44.78, 27.201
1218, 44.73, 27.234
1219, 44.71, 27.25
1220, 44.68, 27.267
1221, 44.57, 27.301
1222, 44.47, 27.317
1223, 44.42, 27.334
1224, 44.33, 27.367
1225, 44.25, 27.384
1226, 44.14, 27.4
1227, 43.96, 27.434
1228, 43.86, 27.451
1229, 43.74, 27.467
1230, 43.48, 27.5
1231, 43.35, 27.517
1232, 43.06, 27.551
1233, 42.9, 27.567
1234, 42.73, 27.584
1235, 42.39, 27.617
1236, 42.21, 27.634
1237, 41.85, 27.667
1238, 41.66, 27.684
1239, 41.47, 27.701
1240, 41.09, 27.734
1241, 40.9, 27.75
1242, 40.5, 27.784
1243, 40.3, 27.801
1244, 39.91, 27.834
1245, 39.72, 27.851
1246, 39.36, 27.884
1247, 39.18, 27.9
1248, 38.73, 27.934
1249, 38.49, 27.951
1250, 38.12, 27.984
1251, 37.72, 28.017
1252, 37.52, 28.034
1253, 37.14, 28.067
1254, 36.95, 28.084
1255, 36.59, 28.117
1256, 36.25, 28.15
1257, 36.09, 28.167
1258, 35.77, 28.201
1259, 35.45, 28.234
1260, 35.29, 28.25
1261, 34.99, 28.284
1262, 34.69, 28.317
1263, 34.39, 28.351
1264, 34.24, 28.367
1265, 33.95, 28.4
1266, 33.68, 28.434
1267, 33.43, 28.467
1268, 33.31, 28.484
1269, 33.08, 28.517
1270, 32.88, 28.551
1271, 32.7, 28.584
1272, 32.53, 28.617
1273, 32.38, 28.65
1274, 32.23, 28.684
1275, 32.16, 28.701
1276, 32.05, 28.734
1277, 31.98, 28.767
1278, 31.91, 28.801
1279, 31.85, 28.834
1280, 31.79, 28.867
1281, 31.73, 28.9
1282, 31.66, 28.934
1283, 31.6, 28.967
1284, 31.54, 29
1285, 31.48, 29.034
1286, 31.42, 29.067
1287, 31.36, 29.101
1288, 31.3, 29.134
1289, 31.23, 29.167
1290, 31.2, 29.184
1291, 31.14, 29.217
1292, 31.08, 29.25
1293, 31.02, 29.284
1294, 30.96, 29.317
1295, 30.89, 29.351
1296, 30.82, 29.384
1297, 30.75, 29.417
1298, 30.69, 29.451
1299, 30.63, 29.484
1300, 30.56, 29.517
1301, 30.5, 29.551
1302, 30.44, 29.584
1303, 30.38, 29.617
1304, 30.35, 29.65
1305, 30.33, 29.684
1306, 30.32, 29.717
1307, 30.43, 29.75
1308, 30.48, 29.784
1309, 30.49, 29.817
1310, 30.56, 29.851
1311, 30.59, 29.867
1312, 30.6, 29.9
1313, 30.57, 29.934
1314, 30.52, 29.967
1315, 30.35, 30
1316, 30.3, 30.034
1317, 30.25, 30.067
1318, 30.14, 30.101
1319, 30.04, 30.134
1320, 29.96, 30.167
1321, 29.91, 30.184
1322, 29.81, 30.217
1323, 29.72, 30.25
1324, 29.63, 30.284
1325, 29.53, 30.317
1326, 29.44, 30.351
1327, 29.34, 30.384
1328, 29.24, 30.417
1329, 29.14, 30.451
1330, 29.05, 30.484
1331, 28.96, 30.517
1332, 28.87, 30.551
1333, 28.77, 30.584
1334, 28.69, 30.617
1335, 28.63, 30.65
1336, 28.58, 30.684
1337, 28.53, 30.734
1338, 28.63, 30.767
1339, 28.66, 30.801
1340, 28.7, 30.834
1341, 28.81, 30.867
1342, 28.93, 30.9
1343, 29.07, 30.934
1344, 29.2, 30.967
1345, 29.31, 31
1346, 29.46, 31.034
1347, 29.59, 31.067
1348, 29.73, 31.101
1349, 29.88, 31.134
1350, 30.02, 31.167
1351, 30.2, 31.201
1352, 30.35, 31.234
1353, 30.51, 31.267
1354, 30.7, 31.301
1355, 30.87, 31.334
1356, 31.08, 31.367
1357, 31.25, 31.4
1358, 31.34, 31.417
1359, 31.54, 31.451
1360, 31.75, 31.484
1361, 31.97, 31.517
1362, 32.18, 31.551
1363, 32.4, 31.584
1364, 32.62, 31.617
1365, 32.83, 31.65
1366, 33.04, 31.684
1367, 33.15, 31.701
1368, 33.36, 31.734
1369, 33.57, 31.767
1370, 33.78, 31.801
1371, 33.99, 31.834
1372, 34.2, 31.867
1373, 34.31, 31.884
1374, 34.51, 31.917
1375, 34.73, 31.951
1376, 34.93, 31.984
1377, 35.04, 32
1378, 35.24, 32.034
1379, 35.45, 32.067
1380, 35.66, 32.1
1381, 35.77, 32.117
1382, 35.98, 32.151
1383, 36.19, 32.184
1384, 36.39, 32.217
1385, 36.5, 32.234
1386, 36.71, 32.267
1387, 36.92, 32.3
1388, 37.03, 32.317
1389, 37.23, 32.35
1390, 37.42, 32.384
1391, 37.52, 32.401
1392, 37.73, 32.434
1393, 37.83, 32.451
1394, 38.03, 32.484
1395, 38.23, 32.517
1396, 38.33, 32.534
1397, 38.52, 32.567
1398, 38.62, 32.584
1399, 38.82, 32.617
1400, 38.91, 32.634
1401, 39.11, 32.667
1402, 39.22, 32.684
1403, 39.41, 32.717
1404, 39.59, 32.75
1405, 39.69, 32.767
1406, 39.88, 32.8
1407, 39.98, 32.817
1408, 40.16, 32.85
1409, 40.18, 32.867
1410, 40.29, 32.901
1411, 40.47, 32.917
1412, 40.61, 32.951
1413, 40.69, 32.967
1414, 40.88, 33
1415, 40.97, 33.017
1416, 41.06, 33.034
1417, 41.23, 33.067
1418, 41.32, 33.084
1419, 41.49, 33.117
1420, 41.58, 33.134
1421, 41.75, 33.167
1422, 41.83, 33.184
1423, 42.01, 33.217
1424, 42.1, 33.234
1425, 42.18, 33.25
1426, 42.36, 33.284
1427, 42.44, 33.3
1428, 42.61, 33.334
1429, 42.69, 33.35
1430, 42.86, 33.384
1431, 42.94, 33.401
1432, 43.03, 33.417
1433, 43.19, 33.451
1434, 43.28, 33.467
1435, 43.44, 33.5
1436, 43.53, 33.517
1437, 43.61, 33.534
1438, 43.78, 33.567
1439, 43.86, 33.584
1440, 43.94, 33.6
1441, 44.1, 33.634
1442, 44.18, 33.651
1443, 44.26, 33.667
1444, 44.43, 33.701
1445, 44.51, 33.717
1446, 44.68, 33.75
1447, 44.76, 33.767
1448, 44.84, 33.784
1449, 45, 33.817
1450, 45.08, 33.834
1451, 45.16, 33.85
1452, 45.32, 33.884
1453, 45.4, 33.901
1454, 45.48, 33.917
1455, 45.65, 33.951
1456, 45.73, 33.967
1457, 45.81, 33.984
1458, 45.96, 34.017
1459, 46.04, 34.034
1460, 46.12, 34.05
1461, 46.2, 34.067
1462, 46.36, 34.1
1463, 46.43, 34.117
1464, 46.51, 34.134
1465, 46.66, 34.167
1466, 46.74, 34.184
1467, 46.82, 34.201
1468, 46.9, 34.217
1469, 47.06, 34.25
1470, 47.14, 34.267
1471, 47.21, 34.284
1472, 47.36, 34.317
1473, 47.44, 34.334
1474, 47.51, 34.35
1475, 47.59, 34.367
1476, 47.73, 34.401
1477, 47.8, 34.417
1478, 47.87, 34.434
1479, 47.94, 34.451
1480, 48.09, 34.484
1481, 48.16, 34.5
1482, 48.23, 34.517
1483, 48.3, 34.534
1484, 48.44, 34.567
1485, 48.51, 34.584
1486, 48.59, 34.6
1487, 48.66, 34.617
1488, 48.8, 34.651
1489, 48.87, 34.667
1490, 48.94, 34.684
1491, 49.02, 34.701
1492, 49.15, 34.734
1493, 49.22, 34.75
1494, 49.29, 34.767
1495, 49.35, 34.784
1496, 49.42, 34.8
1497, 49.49, 34.834
1498, 49.46, 34.85
1499, 49.59, 34.867
1500, 49.72, 34.884
1501, 49.74, 34.901
1502, 49.87, 34.934
1503, 49.94, 34.951
1504, 49.99, 34.967
1505, 50.05, 34.984
1506, 50.12, 35
1507, 50.24, 35.034
1508, 50.3, 35.05
1509, 50.36, 35.067
1510, 50.42, 35.084
1511, 50.48, 35.1
1512, 50.61, 35.134
1513, 50.67, 35.151
1514, 50.73, 35.167
1515, 50.79, 35.184
1516, 50.85, 35.201
1517, 50.98, 35.234
1518, 51.04, 35.25
1519, 51.1, 35.267
1520, 51.16, 35.284
1521, 51.22, 35.3
1522, 51.28, 35.317
1523, 51.39, 35.35
1524, 51.45, 35.367
1525, 51.52, 35.384
1526, 51.58, 35.401
1527, 51.64, 35.417
1528, 51.69, 35.434
1529, 51.82, 35.467
1530, 51.87, 35.484
1531, 51.93, 35.5
1532, 51.99, 35.517
1533, 52.05, 35.534
1534, 52.11, 35.55
1535, 52.23, 35.584
1536, 52.29, 35.6
1537, 52.35, 35.617
1538, 52.4, 35.634
1539, 52.46, 35.651
1540, 52.52, 35.667
1541, 52.58, 35.684
1542, 52.7, 35.717
1543, 52.76, 35.734
1544, 52.81, 35.75
1545, 52.87, 35.767
1546, 52.93, 35.784
1547, 52.98, 35.8
1548, 53.04, 35.817
1549, 53.16, 35.85
1550, 53.22, 35.867
1551, 53.28, 35.884
1552, 53.34, 35.901
1553, 53.39, 35.917
1554, 53.45, 35.934
1555, 53.51, 35.951
1556, 53.57, 35.967
1557, 53.68, 36
1558, 53.74, 36.017
1559, 53.79, 36.034
1560, 53.85, 36.05
1561, 53.9, 36.067
1562, 53.96, 36.084
1563, 54.01, 36.1
1564, 54.07, 36.117
1565, 54.12, 36.134
1566, 54.24, 36.167
1567, 54.29, 36.184
1568, 54.35, 36.201
1569, 54.41, 36.217
1570, 54.46, 36.234
1571, 54.52, 36.25
1572, 54.57, 36.267
1573, 54.62, 36.284
1574, 54.68, 36.3
1575, 54.74, 36.317
1576, 54.85, 36.35
1577, 54.91, 36.367
1578, 54.96, 36.384
1579, 55.01, 36.401
1580, 55.07, 36.417
1581, 55.12, 36.434
1582, 55.18, 36.451
1583, 55.24, 36.467
1584, 55.29, 36.484
1585, 55.35, 36.5
1586, 55.4, 36.517
1587, 55.5, 36.55
1588, 55.55, 36.567
1589, 55.61, 36.584
1590, 55.66, 36.6
1591, 55.71, 36.617
1592, 55.76, 36.634
1593, 55.82, 36.651
1594, 55.87, 36.667
1595, 55.92, 36.684
1596, 55.98, 36.701
1597, 56.03, 36.717
1598, 56.09, 36.734
1599, 56.14, 36.75
1600, 56.19, 36.767
1601, 56.29, 36.8
1602, 56.35, 36.817
1603, 56.4, 36.834
1604, 56.45, 36.85
1605, 56.5, 36.867
1606, 56.55, 36.884
1607, 56.6, 36.901
1608, 56.65, 36.917
1609, 56.7, 36.934
1610, 56.75, 36.951
1611, 56.8, 36.967
1612, 56.85, 36.984
1613, 56.9, 37
1614, 56.95, 37.017
1615, 57, 37.034
1616, 57.05, 37.05
1617, 57.1, 37.067
1618, 57.2, 37.1
1619, 57.25, 37.117
1620, 57.3, 37.134
1621, 57.35, 37.151
1622, 57.4, 37.167
1623, 57.45, 37.184
1624, 57.5, 37.201
1625, 57.55, 37.217
1626, 57.6, 37.234
1627, 57.64, 37.25
1628, 57.69, 37.267
1629, 57.74, 37.284
1630, 57.79, 37.3
1631, 57.84, 37.317
1632, 57.88, 37.334
1633, 57.93, 37.35
1634, 57.97, 37.367
1635, 58.02, 37.384
1636, 58.07, 37.401
1637, 58.11, 37.417
1638, 58.16, 37.434
1639, 58.21, 37.451
1640, 58.25, 37.467
1641, 58.3, 37.484
1642, 58.35, 37.5
1643, 58.39, 37.517
1644, 58.44, 37.534
1645, 58.53, 37.567
1646, 58.57, 37.584
1647, 58.62, 37.6
1648, 58.67, 37.617
1649, 58.71, 37.634
1650, 58.76, 37.651
1651, 58.8, 37.667
1652, 58.85, 37.684
1653, 58.89, 37.701
1654, 58.93, 37.717
1655, 58.98, 37.734
1656, 59.02, 37.75
1657, 59.06, 37.767
1658, 59.11, 37.784
1659, 59.15, 37.8
1660, 59.2, 37.817
1661, 59.24, 37.834
1662, 59.28, 37.85
1663, 59.33, 37.867
1664, 59.37, 37.884
1665, 59.41, 37.901
1666, 59.45, 37.917
1667, 59.49, 37.934
1668, 59.54, 37.951
1669, 59.58, 37.967
1670, 59.63, 37.984
1671, 59.67, 38
1672, 59.71, 38.017
1673, 59.75, 38.034
1674, 59.8, 38.05
1675, 59.83, 38.067
1676, 59.87, 38.084
1677, 59.91, 38.1
1678, 59.95, 38.117
1679, 59.99, 38.134
1680, 60.03, 38.151
1681, 60.07, 38.167
1682, 60.11, 38.184
1683, 60.1, 38.201
1684, 60.06, 38.217
1685, 60.17, 38.234
1686, 60.24, 38.25
1687, 60.21, 38.267
1688, 60.27, 38.284
1689, 60.32, 38.3
1690, 60.35, 38.317
1691, 60.38, 38.334
1692, 60.43, 38.35
1693, 60.46, 38.367
1694, 60.49, 38.384
1695, 60.53, 38.401
1696, 60.57, 38.417
1697, 60.6, 38.434
1698, 60.64, 38.451
1699, 60.68, 38.467
1700, 60.72, 38.484
1701, 60.75, 38.5
1702, 60.79, 38.517
1703, 60.83, 38.534
1704, 60.87, 38.55
1705, 60.91, 38.567
1706, 60.94, 38.584
1707, 60.98, 38.6
1708, 61.01, 38.617
1709, 61.04, 38.634
1710, 61.08, 38.651
1711, 61.11, 38.667
1712, 61.15, 38.684
1713, 61.18, 38.701
1714, 61.22, 38.717
1715, 61.25, 38.734
1716, 61.29, 38.75
1717, 61.32, 38.767
1718, 61.36, 38.784
1719, 61.36, 38.784
1720, 61.39, 38.8
1721, 61.42, 38.817
1722, 61.46, 38.834
1723, 61.49, 38.85
1724, 61.53, 38.867
1725, 61.56, 38.884
1726, 61.59, 38.901
1727, 61.63, 38.917
1728, 61.66, 38.934
1729, 61.69, 38.951
1730, 61.73, 38.967
1731, 61.76, 38.984
1732, 61.79, 39
1733, 61.82, 39.017
1734, 61.85, 39.034
1735, 61.89, 39.05
1736, 61.92, 39.067
1737, 61.95, 39.084
1738, 61.98, 39.1
1739, 62.01, 39.117
1740, 62.04, 39.134
1741, 62.07, 39.151
1742, 62.1, 39.167
1743, 62.14, 39.184
1744, 62.17, 39.201
1745, 62.21, 39.217
1746, 62.24, 39.234
1747, 62.27, 39.25
1748, 62.3, 39.267
1749, 62.32, 39.284
1750, 62.35, 39.3
1751, 62.39, 39.317
1752, 62.42, 39.334
1753, 62.42, 39.334
1754, 62.45, 39.35
1755, 62.48, 39.367
1756, 62.51, 39.384
1757, 62.54, 39.401
1758, 62.57, 39.417
1759, 62.6, 39.434
1760, 62.64, 39.451
1761, 62.66, 39.467
1762, 62.7, 39.484
1763, 62.73, 39.5
1764, 62.75, 39.517
1765, 62.78, 39.534
1766, 62.8, 39.55
1767, 62.82, 39.567
1768, 62.83, 39.584
1769, 62.85, 39.6
1770, 62.86, 39.617
1771, 62.86, 39.634
1772, 62.86, 39.651
1773, 62.85, 39.667
1774, 62.84, 39.684
1775, 62.82, 39.701
1776, 62.79, 39.717
1777, 62.79, 39.717
1778, 62.75, 39.734
1779, 62.7, 39.75
1780, 62.64, 39.767
1781, 62.56, 39.784
1782, 62.48, 39.8
1783, 62.37, 39.817
1784, 62.25, 39.834
1785, 62.1, 39.85
1786, 61.93, 39.867
1787, 61.75, 39.884
1788, 61.55, 39.901
1789, 61.32, 39.917
1790, 61.08, 39.934
1791, 60.82, 39.951
1792, 60.54, 39.967
1793, 60.26, 39.984
1794, 59.99, 40
1795, 59.66, 40.017
1796, 59.31, 40.034
1797, 59.02, 40.05
1798, 58.73, 40.067
1799, 58.43, 40.084
1800, 58.13, 40.1
1801, 57.81, 40.117
1802, 57.49, 40.134
1803, 57.18, 40.151
1804, 56.86, 40.167
1805, 56.54, 40.184
1806, 56.24, 40.201
1807, 55.92, 40.217
1808, 55.3, 40.25
1809, 54.99, 40.267
1810, 54.68, 40.284
1811, 54.38, 40.3
1812, 54, 40.317
1813, 53.67, 40.334
1814, 53.34, 40.35
1815, 53.04, 40.367
1816, 52.73, 40.384
1817, 52.09, 40.417
1818, 51.75, 40.434
1819, 51.45, 40.451
1820, 51.13, 40.467
1821, 50.81, 40.484
1822, 50.48, 40.5
1823, 49.88, 40.534
1824, 49.57, 40.55
1825, 49.27, 40.567
1826, 48.96, 40.584
1827, 48.65, 40.6
1828, 48.04, 40.634
1829, 47.74, 40.651
1830, 47.43, 40.667
1831, 47.13, 40.684
1832, 46.54, 40.717
1833, 46.24, 40.734
1834, 45.93, 40.75
1835, 45.27, 40.784
1836, 44.95, 40.8
1837, 44.66, 40.817
1838, 44.11, 40.85
1839, 43.83, 40.867
1840, 43.53, 40.884
1841, 42.97, 40.917
1842, 42.7, 40.934
1843, 42.17, 40.967
1844, 41.91, 40.984
1845, 41.65, 41
1846, 41.12, 41.034
1847, 40.86, 41.05
1848, 40.36, 41.084
1849, 40.11, 41.1
1850, 39.63, 41.134
1851, 39.39, 41.151
1852, 38.85, 41.184
1853, 38.59, 41.201
1854, 38.06, 41.234
1855, 37.81, 41.25
1856, 37.31, 41.284
1857, 36.78, 41.317
1858, 36.54, 41.334
1859, 36.09, 41.367
1860, 35.66, 41.401
1861, 35.44, 41.417
1862, 35, 41.451
1863, 34.6, 41.484
1864, 34.42, 41.5
1865, 34.09, 41.534
1866, 33.72, 41.567
1867, 33.46, 41.6
1868, 33.23, 41.634
1869, 33.09, 41.651
1870, 32.87, 41.684
1871, 32.71, 41.717
1872, 32.54, 41.75
1873, 32.36, 41.784
1874, 32.21, 41.817
1875, 32.14, 41.834
1876, 32.03, 41.867
1877, 31.93, 41.901
1878, 31.83, 41.934
1879, 31.74, 41.967
1880, 31.65, 42
1881, 31.57, 42.034
1882, 31.48, 42.067
1883, 31.38, 42.1
1884, 31.34, 42.117
1885, 31.25, 42.151
1886, 31.15, 42.184
1887, 31.06, 42.217
1888, 30.97, 42.25
1889, 30.88, 42.284
1890, 30.79, 42.317
1891, 30.7, 42.35
1892, 30.61, 42.384
1893, 30.52, 42.417
1894, 30.43, 42.451
1895, 30.35, 42.484
1896, 30.26, 42.517
1897, 30.18, 42.55
1898, 30.1, 42.584
1899, 30.05, 42.617
1900, 30, 42.651
1901, 30.05, 42.684
1902, 30.04, 42.717
1903, 29.99, 42.75
1904, 29.93, 42.784
1905, 29.78, 42.817
1906, 29.65, 42.85
1907, 29.59, 42.884
1908, 29.49, 42.917
1909, 29.37, 42.951
1910, 29.28, 42.984
1911, 29.18, 43.017
1912, 29.08, 43.05
1913, 28.99, 43.084
1914, 28.89, 43.117
1915, 28.79, 43.151
1916, 28.71, 43.184
1917, 28.64, 43.217
1918, 28.58, 43.25
1919, 28.51, 43.284
1920, 28.47, 43.317
1921, 28.36, 43.367
1922, 28.18, 43.401
1923, 28.08, 43.434
1924, 28, 43.467
1925, 27.9, 43.5
1926, 27.78, 43.534
1927, 27.7, 43.567
1928, 27.54, 43.617
1929, 27.44, 43.651
1930, 27.35, 43.684
1931, 27.25, 43.717
1932, 27.15, 43.75
1933, 27.01, 43.8
1934, 26.91, 43.834
1935, 26.82, 43.867
1936, 26.72, 43.901
1937, 26.58, 43.951
1938, 26.5, 43.984
1939, 26.44, 44.017
1940, 26.39, 44.05
1941, 26.49, 44.1
1942, 26.47, 44.134
1943, 26.52, 44.167
1944, 26.6, 44.217
1945, 26.66, 44.25
1946, 26.75, 44.284
1947, 26.83, 44.317
1948, 26.96, 44.367
1949, 27.05, 44.401
1950, 27.14, 44.434
1951, 27.24, 44.467
1952, 27.37, 44.517
1953, 27.46, 44.55
1954, 27.54, 44.584
1955, 27.66, 44.617
1956, 27.77, 44.651
1957, 27.94, 44.701
1958, 28.05, 44.734
1959, 28.18, 44.767
1960, 28.34, 44.8
1961, 28.47, 44.834
1962, 28.62, 44.867
1963, 28.77, 44.901
1964, 28.98, 44.951
1965, 29.11, 44.984
1966, 29.26, 45.017
1967, 29.39, 45.05
1968, 29.52, 45.084
1969, 29.67, 45.117
1970, 29.79, 45.151
1971, 29.94, 45.184
1972, 30.08, 45.217
1973, 30.24, 45.25
1974, 30.38, 45.284
1975, 30.53, 45.317
1976, 30.74, 45.35
1977, 30.89, 45.384
1978, 31.04, 45.417
1979, 31.13, 45.434
1980, 31.3, 45.467
1981, 31.46, 45.5
1982, 31.65, 45.534
1983, 31.8, 45.567
1984, 31.97, 45.6
1985, 32.14, 45.634
1986, 32.34, 45.667
1987, 32.53, 45.701
1988, 32.62, 45.717
1989, 32.8, 45.75
1990, 32.97, 45.784
1991, 33.17, 45.817
1992, 33.35, 45.85
1993, 33.44, 45.867
1994, 33.62, 45.901
1995, 33.78, 45.934
1996, 33.96, 45.967
1997, 34.16, 46
1998, 34.26, 46.017
1999, 34.44, 46.05
2000, 34.6, 46.084
2001, 34.69, 46.1
2002, 34.87, 46.134
2003, 35.05, 46.167
2004, 35.21, 46.201
2005, 35.3, 46.217
2006, 35.49, 46.25
2007, 35.67, 46.284
2008, 35.76, 46.3
2009, 35.95, 46.334
2010, 36.13, 46.367
2011, 36.22, 46.384
2012, 36.41, 46.417
2013, 36.6, 46.451
2014, 36.69, 46.467
2015, 36.86, 46.5
2016, 37.03, 46.534
2017, 37.13, 46.55
2018, 37.33, 46.584
2019, 37.42, 46.6
2020, 37.58, 46.634
2021, 37.74, 46.667
2022, 37.83, 46.684
2023, 38.02, 46.717
2024, 38.11, 46.734
2025, 38.29, 46.767
2026, 38.46, 46.8
2027, 38.54, 46.817
2028, 38.73, 46.85
2029, 38.81, 46.867
2030, 38.79, 46.901
2031, 38.91, 46.917
2032, 39.16, 46.951
2033, 39.2, 46.967
2034, 39.39, 47
2035, 39.53, 47.034
2036, 39.6, 47.05
2037, 39.76, 47.084
2038, 39.83, 47.1
2039, 39.98, 47.134
2040, 40.06, 47.151
2041, 40.22, 47.184
2042, 40.29, 47.201
2043, 40.42, 47.234
2044, 40.5, 47.25
2045, 40.65, 47.284
2046, 40.73, 47.3
2047, 40.88, 47.334
2048, 40.95, 47.35
2049, 41.02, 47.367
2050, 41.16, 47.401
2051, 41.23, 47.417
2052, 41.38, 47.451
2053, 41.46, 47.467
2054, 41.61, 47.5
2055, 41.68, 47.517
2056, 41.83, 47.55
2057, 41.9, 47.567
2058, 41.96, 47.584
2059, 42.09, 47.617
2060, 42.16, 47.634
2061, 42.31, 47.667
2062, 42.38, 47.684
2063, 42.52, 47.717
2064, 42.59, 47.734
2065, 42.66, 47.75
2066, 42.8, 47.784
2067, 42.87, 47.8
2068, 43.01, 47.834
2069, 43.08, 47.85
2070, 43.15, 47.867
2071, 43.28, 47.901
2072, 43.35, 47.917
2073, 43.48, 47.951
2074, 43.55, 47.967
2075, 43.62, 47.984
2076, 43.75, 48.017
2077, 43.82, 48.034
2078, 43.88, 48.05
2079, 44.01, 48.084
2080, 44.08, 48.1
2081, 44.21, 48.134
2082, 44.28, 48.151
2083, 44.34, 48.167
2084, 44.47, 48.201
2085, 44.54, 48.217
2086, 44.61, 48.234
2087, 44.74, 48.267
2088, 44.8, 48.284
2089, 44.87, 48.3
2090, 44.99, 48.334
2091, 45.06, 48.35
2092, 45.12, 48.367
2093, 45.26, 48.401
2094, 45.32, 48.417
2095, 45.38, 48.434
2096, 45.51, 48.467
2097, 45.57, 48.484
2098, 45.64, 48.5
2099, 45.76, 48.534
2100, 45.82, 48.55
2101, 45.88, 48.567
2102, 46, 48.6
2103, 46.06, 48.617
2104, 46.12, 48.634
2105, 46.18, 48.651
2106, 46.31, 48.684
2107, 46.37, 48.701
2108, 46.43, 48.717
2109, 46.55, 48.75
2110, 46.61, 48.767
2111, 46.67, 48.784
2112, 46.73, 48.8
2113, 46.85, 48.834
2114, 46.9, 48.85
2115, 46.96, 48.867
2116, 47.08, 48.901
2117, 47.14, 48.917
2118, 47.2, 48.934
2119, 47.26, 48.951
2120, 47.37, 48.984
2121, 47.43, 49
2122, 47.48, 49.017
2123, 47.54, 49.034
2124, 47.65, 49.067
2125, 47.71, 49.084
2126, 47.76, 49.1
2127, 47.87, 49.134
2128, 47.93, 49.151
2129, 47.98, 49.167
2130, 48.04, 49.184
2131, 48.15, 49.217
2132, 48.2, 49.234
2133, 48.26, 49.25
2134, 48.31, 49.267
2135, 48.42, 49.3
2136, 48.47, 49.317
2137, 48.52, 49.334
2138, 48.57, 49.35
2139, 48.63, 49.367
2140, 48.73, 49.401
2141, 48.78, 49.417
2142, 48.83, 49.434
2143, 48.89, 49.451
2144, 48.92, 49.484
2145, 48.88, 49.5
2146, 49.02, 49.517
2147, 49.13, 49.534
2148, 49.14, 49.567
2149, 49.2, 49.584
2150, 49.26, 49.6
2151, 49.3, 49.617
2152, 49.33, 49.634
2153, 49.44, 49.667
2154, 49.47, 49.684
2155, 49.51, 49.701
2156, 49.55, 49.717
2157, 49.64, 49.75
2158, 49.68, 49.767
2159, 49.73, 49.784
2160, 49.77, 49.8
2161, 49.82, 49.817
2162, 49.91, 49.85
2163, 49.95, 49.867
2164, 49.99, 49.884
2165, 50.04, 49.901
2166, 50.08, 49.917
2167, 50.17, 49.951
2168, 50.21, 49.967
2169, 50.25, 49.984
2170, 50.3, 50
2171, 50.34, 50.017
2172, 50.43, 50.05
2173, 50.47, 50.067
2174, 50.51, 50.084
2175, 50.55, 50.1
2176, 50.59, 50.117
2177, 50.63, 50.134
2178, 50.71, 50.167
2179, 50.75, 50.184
2180, 50.79, 50.201
2181, 50.84, 50.217
2182, 50.88, 50.234
2183, 50.96, 50.267
2184, 51, 50.284
2185, 51.04, 50.3
2186, 51.08, 50.317
2187, 51.12, 50.334
2188, 51.16, 50.35
2189, 51.23, 50.384
2190, 51.28, 50.401
2191, 51.32, 50.417
2192, 51.36, 50.434
2193, 51.4, 50.451
2194, 51.48, 50.484
2195, 51.52, 50.5
2196, 51.56, 50.517
2197, 51.6, 50.534
2198, 51.64, 50.55
2199, 51.68, 50.567
2200, 51.76, 50.6
2201, 51.79, 50.617
2202, 51.82, 50.634
2203, 51.86, 50.651
2204, 51.89, 50.667
2205, 51.92, 50.684
2206, 51.96, 50.701
2207, 52.04, 50.734
2208, 52.09, 50.75
2209, 52.14, 50.767
2210, 52.18, 50.784
2211, 52.21, 50.8
2212, 52.24, 50.817
2213, 52.32, 50.85
2214, 52.35, 50.867
2215, 52.39, 50.884
2216, 52.43, 50.901
2217, 52.47, 50.917
2218, 52.5, 50.934
2219, 52.53, 50.951
2220, 52.59, 50.984
2221, 52.63, 51
2222, 52.66, 51.017
2223, 52.7, 51.034
2224, 52.74, 51.05
2225, 52.77, 51.067
2226, 52.8, 51.084
2227, 52.87, 51.117
2228, 52.9, 51.134
2229, 52.93, 51.151
2230, 52.96, 51.167
2231, 52.99, 51.184
2232, 53.02, 51.201
2233, 53.05, 51.217
2234, 53.12, 51.25
2235, 53.16, 51.267
2236, 53.19, 51.284
2237, 53.22, 51.3
2238, 53.25, 51.317
2239, 53.29, 51.334
2240, 53.33, 51.35
2241, 53.38, 51.384
2242, 53.41, 51.401
2243, 53.44, 51.417
2244, 53.48, 51.434
2245, 53.51, 51.451
2246, 53.54, 51.467
2247, 53.57, 51.484
2248, 53.6, 51.5
2249, 53.66, 51.534
2250, 53.7, 51.55
2251, 53.73, 51.567
2252, 53.76, 51.584
2253, 53.79, 51.6
2254, 53.82, 51.617
2255, 53.85, 51.634
2256, 53.9, 51.667
2257, 53.92, 51.684
2258, 53.95, 51.701
2259, 53.98, 51.717
2260, 54.01, 51.734
2261, 54.04, 51.75
2262, 54.07, 51.767
2263, 54.1, 51.784
2264, 54.13, 51.8
2265, 54.19, 51.834
2266, 54.21, 51.85
2267, 54.24, 51.867
2268, 54.27, 51.884
2269, 54.3, 51.901
2270, 54.33, 51.917
2271, 54.36, 51.934
2272, 54.38, 51.951
2273, 54.45, 51.984
2274, 54.47, 52
2275, 54.5, 52.017
2276, 54.53, 52.034
2277, 54.56, 52.05
2278, 54.59, 52.067
2279, 54.61, 52.084
2280, 54.64, 52.1
2281, 54.66, 52.117
2282, 54.72, 52.151
2283, 54.75, 52.167
2284, 54.76, 52.184
2285, 54.78, 52.201
2286, 54.8, 52.217
2287, 54.82, 52.234
2288, 54.83, 52.25
2289, 54.85, 52.267
2290, 54.87, 52.284
2291, 54.9, 52.3
2292, 54.95, 52.334
2293, 54.97, 52.35
2294, 54.99, 52.367
2295, 55.01, 52.384
2296, 55.04, 52.401
2297, 55.07, 52.417
2298, 55.09, 52.434
2299, 55.12, 52.451
2300, 55.13, 52.467
2301, 55.18, 52.5
2302, 55.19, 52.517
2303, 55.2, 52.534
2304, 55.22, 52.55
2305, 55.25, 52.567
2306, 55.26, 52.584
2307, 55.26, 52.6
2308, 55.28, 52.617
2309, 55.29, 52.634
2310, 55.31, 52.651
2311, 55.35, 52.684
2312, 55.36, 52.701
2313, 55.37, 52.717
2314, 55.39, 52.734
2315, 55.4, 52.75
2316, 55.41, 52.767
2317, 55.42, 52.784
2318, 55.43, 52.8
2319, 55.45, 52.817
2320, 55.48, 52.834
2321, 55.5, 52.85
2322, 55.5, 52.867
2323, 55.5, 52.901
2324, 55.49, 52.917
2325, 55.5, 52.934
2326, 55.52, 52.951
2327, 55.56, 52.967
2328, 55.6, 52.984
2329, 55.63, 53
2330, 55.65, 53.017
2331, 55.67, 53.034
2332, 55.69, 53.05
2333, 55.69, 53.067
2334, 55.67, 53.084
2335, 55.77, 53.117
2336, 55.82, 53.134
2337, 55.84, 53.151
2338, 55.82, 53.167
2339, 55.83, 53.184
2340, 55.85, 53.201
2341, 55.86, 53.217
2342, 55.87, 53.234
2343, 55.89, 53.25
2344, 55.91, 53.267
2345, 55.92, 53.284
2346, 55.94, 53.3
2347, 55.96, 53.317
2348, 56, 53.35
2349, 56.02, 53.367
2350, 56.03, 53.384
2351, 56.06, 53.401
2352, 56.08, 53.417
2353, 56.11, 53.434
2354, 56.12, 53.451
2355, 56.14, 53.467
2356, 56.17, 53.484
2357, 56.19, 53.5
2358, 56.21, 53.517
2359, 56.24, 53.534
2360, 56.26, 53.55
2361, 56.29, 53.567
2362, 56.31, 53.584
2363, 56.36, 53.617
2364, 56.38, 53.634
2365, 56.41, 53.651
2366, 56.43, 53.667
2367, 56.45, 53.684
2368, 56.48, 53.701
2369, 56.49, 53.717
2370, 56.51, 53.734
2371, 56.54, 53.75
2372, 56.58, 53.767
2373, 56.61, 53.784
2374, 56.62, 53.8
2375, 56.65, 53.817
2376, 56.69, 53.834
2377, 56.72, 53.85
2378, 56.74, 53.867
2379, 56.76, 53.884
2380, 56.81, 53.917
2381, 56.84, 53.934
2382, 56.86, 53.951
2383, 56.89, 53.967
2384, 56.92, 53.984
2385, 56.96, 54
2386, 56.99, 54.017
2387, 57.01, 54.034
2388, 57.05, 54.05
2389, 57.08, 54.067
2390, 57.11, 54.084
2391, 57.14, 54.1
2392, 57.18, 54.117
2393, 57.21, 54.134
2394, 57.24, 54.151
2395, 57.27, 54.167
2396, 57.3, 54.184
2397, 57.34, 54.201
2398, 57.38, 54.234
2399, 57.41, 54.25
2400, 57.44, 54.267
2401, 57.46, 54.284
2402, 57.49, 54.3
2403, 57.52, 54.317
2404, 57.57, 54.334
2405, 57.59, 54.35
2406, 57.6, 54.367
2407, 57.62, 54.384
2408, 57.65, 54.401
2409, 57.67, 54.417
2410, 57.69, 54.434
2411, 57.72, 54.451
2412, 57.75, 54.467
2413, 57.77, 54.484
2414, 57.79, 54.5
2415, 57.8, 54.517
2416, 57.82, 54.534
2417, 57.85, 54.55
2418, 57.87, 54.567
2419, 57.92, 54.6
2420, 57.93, 54.617
2421, 57.95, 54.634
2422, 57.96, 54.651
2423, 57.98, 54.667
2424, 57.99, 54.684
2425, 58, 54.701
2426, 58.02, 54.717
2427, 58.04, 54.734
2428, 58.05, 54.75
2429, 58.07, 54.767
2430, 58.08, 54.784
2431, 58.08, 54.8
2432, 58.1, 54.817
2433, 58.14, 54.834
2434, 58.18, 54.85
2435, 58.2, 54.867
2436, 58.2, 54.884
2437, 58.2, 54.901
2438, 58.21, 54.917
2439, 58.2, 54.934
2440, 58.19, 54.951
2441, 58.19, 54.967
2442, 58.18, 54.984
2443, 58.17, 55
2444, 58.18, 55.034
2445, 58.19, 55.05
2446, 58.24, 55.067
2447, 58.25, 55.084
2448, 58.24, 55.1
2449, 58.24, 55.117
2450, 58.26, 55.134
2451, 58.27, 55.151
2452, 58.28, 55.167
2453, 58.3, 55.184
2454, 58.33, 55.201
2455, 58.36, 55.217
2456, 58.38, 55.234
2457, 58.4, 55.25
2458, 58.43, 55.267
2459, 58.46, 55.284
2460, 58.48, 55.3
2461, 58.51, 55.317
2462, 58.53, 55.334
2463, 58.55, 55.35
2464, 58.56, 55.367
2465, 58.59, 55.384
2466, 58.61, 55.401
2467, 58.63, 55.417
2468, 58.66, 55.434
2469, 58.69, 55.451
2470, 58.72, 55.467
2471, 58.75, 55.484
2472, 58.78, 55.5
2473, 58.81, 55.517
2474, 58.78, 55.534
2475, 58.73, 55.55
2476, 58.83, 55.567
2477, 58.87, 55.584
2478, 58.84, 55.6
2479, 58.88, 55.617
2480, 58.9, 55.634
2481, 58.92, 55.651
2482, 58.94, 55.667
2483, 58.97, 55.684
2484, 58.99, 55.701
2485, 59.01, 55.717
2486, 59.03, 55.734
2487, 59.07, 55.767
2488, 59.09, 55.784
2489, 59.11, 55.8
2490, 59.13, 55.817
2491, 59.15, 55.834
2492, 59.17, 55.85
2493, 59.2, 55.867
2494, 59.22, 55.884
2495, 59.24, 55.901
2496, 59.26, 55.917
2497, 59.29, 55.934
2498, 59.31, 55.951
2499, 59.32, 55.967
2500, 59.34, 55.984
2501, 59.36, 56
2502, 59.37, 56.017
2503, 59.39, 56.034
2504, 59.41, 56.05
2505, 59.44, 56.067
2506, 59.47, 56.084
2507, 59.49, 56.1
2508, 59.52, 56.117
2509, 59.55, 56.134
2510, 59.57, 56.151
2511, 59.59, 56.167
2512, 59.6, 56.184
2513, 59.62, 56.201
2514, 59.63, 56.217
2515, 59.65, 56.234
2516, 59.67, 56.25
2517, 59.7, 56.267
2518, 59.72, 56.284
2519, 59.75, 56.3
2520, 59.77, 56.317
2521, 59.79, 56.334
2522, 59.81, 56.35
2523, 59.83, 56.367
2524, 59.85, 56.384
2525, 59.87, 56.401
2526, 59.89, 56.417
2527, 59.91, 56.434
2528, 59.94, 56.451
2529, 59.96, 56.467
2530, 59.98, 56.484
2531, 60.01, 56.5
2532, 60.03, 56.517
2533, 60.05, 56.534
2534, 60.07, 56.55
2535, 60.09, 56.567
2536, 60.11, 56.584
2537, 60.13, 56.6
2538, 60.13, 56.6
2539, 60.15, 56.617
2540, 60.17, 56.634
2541, 60.2, 56.651
2542, 60.22, 56.667
2543, 60.24, 56.684
2544, 60.26, 56.701
2545, 60.28, 56.717
2546, 60.3, 56.734
2547, 60.32, 56.75
2548, 60.34, 56.767
2549, 60.37, 56.784
2550, 60.39, 56.8
2551, 60.41, 56.817
2552, 60.44, 56.834
2553, 60.46, 56.85
2554, 60.48, 56.867
2555, 60.5, 56.884
2556, 60.52, 56.901
2557, 60.54, 56.917
2558, 60.57, 56.934
2559, 60.59, 56.951
2560, 60.61, 56.967
2561, 60.63, 56.984
2562, 60.65, 57
2563, 60.67, 57.017
2564, 60.69, 57.034
2565, 60.71, 57.05
2566, 60.74, 57.067
2567, 60.76, 57.084
2568, 60.78, 57.1
2569, 60.8, 57.117
2570, 60.82, 57.134
2571, 60.84, 57.151
2572, 60.86, 57.167
2573, 60.88, 57.184
2574, 60.91, 57.201
2575, 60.93, 57.217
2576, 60.95, 57.234
2577, 60.97, 57.25
2578, 60.99, 57.267
2579, 61.01, 57.284
2580, 61.03, 57.3
2581, 61.05, 57.317
2582, 61.07, 57.334
2583, 61.09, 57.35
2584, 61.12, 57.367
2585, 61.14, 57.384
2586, 61.16, 57.401
2587, 61.18, 57.417
2588, 61.2, 57.434
2589, 61.22, 57.451
2590, 61.24, 57.467
2591, 61.26, 57.484
2592, 61.28, 57.5
2593, 61.3, 57.517
2594, 61.32, 57.534
2595, 61.34, 57.55
2596, 61.36, 57.567
2597, 61.39, 57.584
2598, 61.39, 57.584
2599, 61.41, 57.6
2600, 61.43, 57.617
2601, 61.45, 57.634
2602, 61.47, 57.651
2603, 61.49, 57.667
2604, 61.51, 57.684
2605, 61.53, 57.701
2606, 61.55, 57.717
2607, 61.57, 57.734
2608, 61.59, 57.75
2609, 61.62, 57.767
2610, 61.64, 57.784
2611, 61.66, 57.8
2612, 61.68, 57.817
2613, 61.7, 57.834
2614, 61.72, 57.85
2615, 61.74, 57.867
2616, 61.76, 57.884
2617, 61.78, 57.901
2618, 61.8, 57.917
2619, 61.82, 57.934
2620, 61.84, 57.951
2621, 61.86, 57.967
2622, 61.88, 57.984
2623, 61.9, 58
2624, 61.92, 58.017
2625, 61.94, 58.034
2626, 61.96, 58.05
2627, 61.99, 58.067
2628, 62.01, 58.084
2629, 62.03, 58.1
2630, 62.05, 58.117
2631, 62.08, 58.134
2632, 62.1, 58.151
2633, 62.12, 58.167
2634, 62.12, 58.167
2635, 62.13, 58.184
2636, 62.15, 58.201
2637, 62.17, 58.217
2638, 62.19, 58.234
2639, 62.21, 58.25
2640, 62.23, 58.267
2641, 62.25, 58.284
2642, 62.27, 58.3
2643, 62.29, 58.317
2644, 62.31, 58.334
2645, 62.33, 58.35
2646, 62.35, 58.367
2647, 62.37, 58.384
2648, 62.39, 58.401
2649, 62.41, 58.417
2650, 62.43, 58.434
2651, 62.45, 58.451
2652, 62.47, 58.467
2653, 62.48, 58.484
2654, 62.51, 58.5
2655, 62.53, 58.517
2656, 62.55, 58.534
2657, 62.57, 58.55
2658, 62.59, 58.567
2659, 62.59, 58.567
2660, 62.63, 58.6
2661, 62.65, 58.617
2662, 62.65, 58.617
2663, 62.67, 58.634
2664, 62.68, 58.651
2665, 62.7, 58.667
2666, 62.72, 58.684
2667, 62.74, 58.701
2668, 62.76, 58.717
2669, 62.78, 58.734
2670, 62.8, 58.75
2671, 62.82, 58.767
2672, 62.82, 58.767
2673, 62.85, 58.8
2674, 62.87, 58.817
2675, 62.89, 58.834
2676, 62.91, 58.85
2677, 62.93, 58.867
2678, 62.95, 58.884
2679, 62.97, 58.901
2680, 62.99, 58.917
2681, 62.99, 58.917
2682, 62.99, 58.917
2683, 62.99, 58.917
2684, 63.06, 58.984
2685, 63.06, 58.984
2686, 63.08, 59
2687, 63.1, 59.017
2688, 63.12, 59.034
2689, 63.13, 59.05
2690, 63.15, 59.067
2691, 63.17, 59.084
2692, 63.19, 59.1
2693, 63.21, 59.117
2694, 63.23, 59.134
2695, 63.25, 59.151
2696, 63.26, 59.167
2697, 63.28, 59.184
2698, 63.3, 59.201
2699, 63.32, 59.217
2700, 63.34, 59.234
2701, 63.36, 59.25
2702, 63.38, 59.267
2703, 63.4, 59.284
2704, 63.41, 59.3
2705, 63.41, 59.3
2706, 63.43, 59.317
2707, 63.45, 59.334
2708, 63.47, 59.35
2709, 63.48, 59.367
2710, 63.5, 59.384
2711, 63.52, 59.401
2712, 63.53, 59.417
2713, 63.55, 59.434
2714, 63.57, 59.451
2715, 63.59, 59.467
2716, 63.61, 59.484
2717, 63.63, 59.5
2718, 63.65, 59.517
2719, 63.67, 59.534
2720, 63.69, 59.55
2721, 63.71, 59.567
2722, 63.72, 59.584
2723, 63.72, 59.584
2724, 63.74, 59.6
2725, 63.76, 59.617
2726, 63.78, 59.634
2727, 63.8, 59.651
2728, 63.83, 59.667
2729, 63.84, 59.684
2730, 63.85, 59.701
2731, 63.86, 59.717
2732, 63.86, 59.734
2733, 63.86, 59.75
2734, 63.85, 59.767
2735, 63.86, 59.784
2736, 63.87, 59.8
2737, 63.89, 59.817
2738, 63.88, 59.834
2739, 63.88, 59.834
2740, 63.85, 59.85
2741, 63.83, 59.867
2742, 63.81, 59.884
2743, 63.77, 59.901
2744, 63.73, 59.917
2745, 63.68, 59.934
2746, 63.61, 59.951
2747, 63.54, 59.967
2748, 63.45, 59.984
2749, 63.35, 60
2750, 63.24, 60.017
2751, 63.24, 60.017
2752, 63.24, 60.017
2753, 63.24, 60.017
2754, 63.24, 60.017
2755, 62.34, 60.1
2756, 62.08, 60.117
2757, 61.8, 60.134
2758, 61.48, 60.151
2759, 61.15, 60.167
2760, 60.82, 60.184
2761, 60.49, 60.201
2762, 60.12, 60.217
2763, 59.76, 60.234
2764, 59.43, 60.25
2765, 59.1, 60.267
2766, 58.75, 60.284
2767, 58.4, 60.3
2768, 58.05, 60.317
2769, 57.7, 60.334
2770, 57.35, 60.35
2771, 56.98, 60.367
2772, 56.61, 60.384
2773, 56.25, 60.401
2774, 55.88, 60.417
2775, 55.51, 60.434
2776, 55.15, 60.451
2777, 54.78, 60.467
2778, 54.42, 60.484
2779, 54.07, 60.5
2780, 53.68, 60.517
2781, 52.98, 60.55
2782, 52.58, 60.567
2783, 52.25, 60.584
2784, 51.98, 60.6
2785, 51.65, 60.617
2786, 51.25, 60.634
2787, 50.8, 60.651
2788, 49.96, 60.684
2789, 49.65, 60.701
2790, 49.32, 60.717
2791, 48.99, 60.734
2792, 48.35, 60.767
2793, 48.04, 60.784
2794, 47.72, 60.8
2795, 47.41, 60.817
2796, 46.82, 60.85
2797, 46.52, 60.867
2798, 46.22, 60.884
2799, 45.94, 60.901
2800, 45.4, 60.934
2801, 45.15, 60.951
2802, 44.89, 60.967
2803, 44.41, 61
2804, 44.15, 61.017
2805, 43.85, 61.034
2806, 43.4, 61.067
2807, 43.19, 61.084
2808, 42.78, 61.117
2809, 42.59, 61.134
2810, 42.43, 61.151
2811, 42.13, 61.184
2812, 41.99, 61.201
2813, 41.75, 61.234
2814, 41.64, 61.25
2815, 41.46, 61.284
2816, 41.39, 61.3
2817, 41.33, 61.317
2818, 41.23, 61.35
2819, 41.19, 61.367
2820, 41.1, 61.401
2821, 41.06, 61.417
2822, 40.97, 61.451
2823, 40.93, 61.467
2824, 40.85, 61.5
2825, 40.82, 61.517
2826, 40.75, 61.55
2827, 40.72, 61.567
2828, 40.67, 61.6
2829, 40.65, 61.617
2830, 40.6, 61.651
2831, 40.57, 61.667
2832, 40.53, 61.701
2833, 40.51, 61.717
2834, 40.46, 61.75
2835, 40.4, 61.767
2836, 40.32, 61.784
2837, 40.25, 61.817
2838, 40.22, 61.834
2839, 40.12, 61.867
2840, 40.07, 61.884
2841, 39.98, 61.917
2842, 39.93, 61.934
2843, 39.83, 61.967
2844, 39.79, 61.984
2845, 39.69, 62.017
2846, 39.64, 62.034
2847, 39.54, 62.067
2848, 39.5, 62.084
2849, 39.45, 62.1
2850, 39.35, 62.134
2851, 39.3, 62.151
2852, 39.19, 62.184
2853, 39.14, 62.201
2854, 39.04, 62.234
2855, 38.98, 62.25
2856, 38.87, 62.284
2857, 38.81, 62.3
2858, 38.69, 62.334
2859, 38.65, 62.35
2860, 38.56, 62.384
2861, 38.52, 62.401
2862, 38.45, 62.434
2863, 38.36, 62.467
2864, 38.31, 62.484
2865, 38.23, 62.517
2866, 38.2, 62.534
2867, 38.18, 62.567
2868, 38.15, 62.584
2869, 38.09, 62.617
2870, 38.05, 62.634
2871, 37.97, 62.667
2872, 37.96, 62.684
2873, 37.89, 62.717
2874, 37.84, 62.734
2875, 37.75, 62.767
2876, 37.71, 62.8
2877, 37.7, 62.817
2878, 37.66, 62.85
2879, 37.65, 62.867
2880, 37.64, 62.901
2881, 37.6, 62.934
2882, 37.59, 62.951
2883, 37.56, 62.984
2884, 37.58, 63
2885, 37.7, 63.034
2886, 37.66, 63.067
2887, 37.65, 63.084
2888, 37.69, 63.117
2889, 37.68, 63.151
2890, 37.69, 63.167
2891, 37.71, 63.201
2892, 37.87, 63.234
2893, 37.97, 63.25
2894, 37.99, 63.284
2895, 37.97, 63.3
2896, 38.03, 63.334
2897, 38.09, 63.367
2898, 38.13, 63.384
2899, 38.25, 63.417
2900, 38.31, 63.434
2901, 38.45, 63.467
2902, 38.58, 63.5
2903, 38.62, 63.517
2904, 38.71, 63.55
2905, 38.76, 63.567
2906, 38.85, 63.6
2907, 38.91, 63.617
2908, 39.03, 63.651
2909, 39.15, 63.684
2910, 39.2, 63.701
2911, 39.29, 63.734
2912, 39.33, 63.75
2913, 39.42, 63.784
2914, 39.47, 63.8
2915, 39.57, 63.834
2916, 39.62, 63.85
2917, 39.72, 63.884
2918, 39.82, 63.917
2919, 39.87, 63.934
2920, 39.97, 63.967
2921, 40.03, 63.984
2922, 40.14, 64.017
2923, 40.2, 64.034
2924, 40.34, 64.067
2925, 40.41, 64.084
2926, 40.53, 64.117
2927, 40.59, 64.134
2928, 40.71, 64.167
2929, 40.78, 64.184
2930, 40.96, 64.217
2931, 41.04, 64.234
2932, 41.17, 64.267
2933, 41.24, 64.284
2934, 41.4, 64.317
2935, 41.49, 64.334
2936, 41.64, 64.367
2937, 41.72, 64.384
2938, 41.81, 64.4
2939, 41.96, 64.434
2940, 42.04, 64.451
2941, 42.19, 64.484
2942, 42.26, 64.501
2943, 42.41, 64.534
2944, 42.49, 64.55
2945, 42.63, 64.584
2946, 42.71, 64.601
2947, 42.79, 64.617
2948, 42.95, 64.65
2949, 43.02, 64.667
2950, 43.17, 64.701
2951, 43.25, 64.717
2952, 43.32, 64.734
2953, 43.47, 64.767
2954, 43.55, 64.784
2955, 43.71, 64.817
2956, 43.78, 64.834
2957, 43.85, 64.851
2958, 44.01, 64.884
2959, 44.09, 64.9
2960, 44.17, 64.917
2961, 44.32, 64.951
2962, 44.39, 64.967
2963, 44.47, 64.984
2964, 44.61, 65.017
2965, 44.68, 65.034
2966, 44.83, 65.067
2967, 44.9, 65.084
2968, 44.97, 65.101
2969, 45.1, 65.134
2970, 45.17, 65.15
2971, 45.23, 65.167
2972, 45.32, 65.201
2973, 45.36, 65.217
2974, 45.39, 65.234
2975, 45.41, 65.267
2976, 45.38, 65.284
2977, 45.32, 65.3
2978, 45.13, 65.334
2979, 45.02, 65.351
2980, 44.9, 65.367
2981, 44.66, 65.4
2982, 44.5, 65.417
2983, 44.31, 65.434
2984, 44.05, 65.467
2985, 43.91, 65.484
2986, 43.76, 65.501
2987, 43.47, 65.534
2988, 43.34, 65.55
2989, 43.21, 65.567
2990, 42.93, 65.601
2991, 42.81, 65.617
2992, 42.57, 65.65
2993, 42.45, 65.667
2994, 42.25, 65.701
2995, 42.16, 65.717
2996, 42.07, 65.734
2997, 41.92, 65.767
2998, 41.85, 65.784
2999, 41.74, 65.817
3000, 41.7, 65.834
3001, 41.61, 65.867
3002, 41.57, 65.884
3003, 41.49, 65.917
3004, 41.46, 65.934
3005, 41.38, 65.967
3006, 41.34, 65.984
3007, 41.26, 66.017
3008, 41.22, 66.034
3009, 41.13, 66.067
3010, 41.09, 66.084
3011, 41.05, 66.101
3012, 40.97, 66.134
3013, 40.93, 66.15
3014, 40.85, 66.184
3015, 40.8, 66.201
3016, 40.72, 66.234
3017, 40.67, 66.251
3018, 40.58, 66.284
3019, 40.53, 66.3
3020, 40.44, 66.334
3021, 40.39, 66.351
3022, 40.3, 66.384
3023, 40.24, 66.4
3024, 40.13, 66.434
3025, 40.01, 66.467
3026, 39.95, 66.484
3027, 39.83, 66.517
3028, 39.76, 66.534
3029, 39.62, 66.567
3030, 39.56, 66.584
3031, 39.45, 66.617
3032, 39.39, 66.634
3033, 39.28, 66.667
3034, 39.23, 66.684
3035, 39.13, 66.717
3036, 39.03, 66.751
3037, 38.98, 66.767
3038, 38.88, 66.8
3039, 38.83, 66.817
3040, 38.73, 66.851
3041, 38.62, 66.884
3042, 38.57, 66.9
3043, 38.47, 66.934
3044, 38.42, 66.951
3045, 38.33, 66.984
3046, 38.29, 67.001
3047, 38.23, 67.034
3048, 38.16, 67.067
3049, 38.13, 67.084
3050, 38.12, 67.117
3051, 38.11, 67.134
3052, 38.03, 67.167
3053, 37.97, 67.201
3054, 37.94, 67.217
3055, 37.89, 67.251
3056, 37.85, 67.267
3057, 37.79, 67.3
3058, 37.74, 67.334
3059, 37.72, 67.351
3060, 37.71, 67.384
3061, 37.72, 67.4
3062, 37.73, 67.434
3063, 37.77, 67.467
3064, 37.8, 67.484
3065, 37.87, 67.517
3066, 37.91, 67.534
3067, 38, 67.567
3068, 38.05, 67.584
3069, 38.15, 67.617
3070, 38.24, 67.65
3071, 38.31, 67.667
3072, 38.42, 67.701
3073, 38.46, 67.717
3074, 38.59, 67.751
3075, 38.65, 67.767
3076, 38.73, 67.8
3077, 38.84, 67.834
3078, 38.9, 67.851
3079, 39.01, 67.884
3080, 39.05, 67.9
3081, 39.14, 67.934
3082, 39.18, 67.951
3083, 39.28, 67.984
3084, 39.35, 68.001
3085, 39.5, 68.034
3086, 39.57, 68.067
3087, 39.69, 68.101
3088, 39.74, 68.117
3089, 39.86, 68.15
3090, 39.93, 68.167
3091, 40.1, 68.201
3092, 40.18, 68.217
3093, 40.34, 68.251
3094, 40.4, 68.267
3095, 40.53, 68.3
3096, 40.61, 68.317
3097, 40.74, 68.351
3098, 40.8, 68.367
3099, 40.94, 68.4
3100, 41.02, 68.417
3101, 41.16, 68.451
3102, 41.23, 68.467
3103, 41.3, 68.484
3104, 41.43, 68.517
3105, 41.51, 68.534
3106, 41.66, 68.567
3107, 41.73, 68.584
3108, 41.87, 68.617
3109, 41.94, 68.634
3110, 42.08, 68.667
3111, 42.15, 68.684
3112, 42.22, 68.701
3113, 42.36, 68.734
3114, 42.43, 68.751
3115, 42.57, 68.784
3116, 42.64, 68.8
3117, 42.77, 68.834
3118, 42.83, 68.851
3119, 42.9, 68.867
3120, 43.05, 68.9
3121, 43.12, 68.917
3122, 43.26, 68.951
3123, 43.33, 68.967
3124, 43.4, 68.984
3125, 43.55, 69.017
3126, 43.62, 69.034
3127, 43.76, 69.067
3128, 43.84, 69.084
3129, 43.91, 69.101
3130, 44.06, 69.134
3131, 44.13, 69.15
3132, 44.28, 69.184
3133, 44.35, 69.201
3134, 44.42, 69.217
3135, 44.57, 69.251
3136, 44.65, 69.267
3137, 44.72, 69.284
3138, 44.87, 69.317
3139, 44.94, 69.334
3140, 45.01, 69.351
3141, 45.15, 69.384
3142, 45.21, 69.4
3143, 45.28, 69.417
3144, 45.41, 69.451
3145, 45.48, 69.467
3146, 45.55, 69.484
3147, 45.7, 69.517
3148, 45.79, 69.534
3149, 45.88, 69.55
3150, 45.99, 69.584
3151, 46.04, 69.601
3152, 46.1, 69.617
3153, 46.26, 69.65
3154, 46.35, 69.667
3155, 46.44, 69.684
3156, 46.58, 69.717
3157, 46.65, 69.734
3158, 46.72, 69.751
3159, 46.8, 69.767
3160, 46.96, 69.8
3161, 47.03, 69.817
3162, 47.1, 69.834
3163, 47.23, 69.867
3164, 47.3, 69.884
3165, 47.38, 69.9
3166, 47.47, 69.917
3167, 47.6, 69.951
3168, 47.66, 69.967
3169, 47.73, 69.984
3170, 47.87, 70.017
3171, 47.94, 70.034
3172, 48.01, 70.05
3173, 48.08, 70.067
3174, 48.21, 70.101
3175, 48.28, 70.117
3176, 48.35, 70.134
3177, 48.43, 70.15
3178, 48.57, 70.184
3179, 48.64, 70.201
3180, 48.7, 70.217
3181, 48.77, 70.234
3182, 48.75, 70.267
3183, 48.9, 70.284
3184, 49.02, 70.3
3185, 49.04, 70.317
3186, 49.09, 70.334
3187, 49.23, 70.367
3188, 49.29, 70.384
3189, 49.34, 70.4
3190, 49.41, 70.417
3191, 49.54, 70.451
3192, 49.59, 70.467
3193, 49.65, 70.484
3194, 49.71, 70.501
3195, 49.77, 70.517
3196, 49.89, 70.55
3197, 49.96, 70.567
3198, 50.03, 70.584
3199, 50.09, 70.601
3200, 50.14, 70.617
3201, 50.27, 70.65
3202, 50.34, 70.667
3203, 50.4, 70.684
3204, 50.47, 70.701
3205, 50.53, 70.717
3206, 50.65, 70.751
3207, 50.71, 70.767
3208, 50.77, 70.784
3209, 50.82, 70.8
3210, 50.88, 70.817
3211, 51, 70.851
3212, 51.05, 70.867
3213, 51.11, 70.884
3214, 51.16, 70.9
3215, 51.22, 70.917
3216, 51.29, 70.934
3217, 51.4, 70.967
3218, 51.46, 70.984
3219, 51.53, 71.001
3220, 51.58, 71.017
3221, 51.62, 71.034
3222, 51.68, 71.05
3223, 51.8, 71.084
3224, 51.86, 71.101
3225, 51.92, 71.117
3226, 51.97, 71.134
3227, 52.03, 71.15
3228, 52.08, 71.167
3229, 52.2, 71.201
3230, 52.26, 71.217
3231, 52.32, 71.234
3232, 52.37, 71.251
3233, 52.43, 71.267
3234, 52.49, 71.284
3235, 52.55, 71.3
3236, 52.66, 71.334
3237, 52.71, 71.351
3238, 52.76, 71.367
3239, 52.82, 71.384
3240, 52.87, 71.4
3241, 52.93, 71.417
3242, 52.98, 71.434
3243, 53.09, 71.467
3244, 53.15, 71.484
3245, 53.2, 71.501
3246, 53.25, 71.517
3247, 53.31, 71.534
3248, 53.36, 71.55
3249, 53.41, 71.567
3250, 53.46, 71.584
3251, 53.57, 71.617
3252, 53.63, 71.634
3253, 53.69, 71.65
3254, 53.74, 71.667
3255, 53.79, 71.684
3256, 53.85, 71.701
3257, 53.9, 71.717
3258, 53.95, 71.734
3259, 53.99, 71.751
3260, 54.09, 71.784
3261, 54.15, 71.8
3262, 54.2, 71.817
3263, 54.26, 71.834
3264, 54.31, 71.851
3265, 54.37, 71.867
3266, 54.42, 71.884
3267, 54.47, 71.9
3268, 54.52, 71.917
3269, 54.63, 71.951
3270, 54.68, 71.967
3271, 54.73, 71.984
3272, 54.78, 72.001
3273, 54.83, 72.017
3274, 54.88, 72.034
3275, 54.93, 72.05
3276, 54.97, 72.067
3277, 55.03, 72.084
3278, 55.08, 72.101
3279, 55.18, 72.134
3280, 55.23, 72.15
3281, 55.28, 72.167
3282, 55.33, 72.184
3283, 55.39, 72.201
3284, 55.44, 72.217
3285, 55.49, 72.234
3286, 55.53, 72.251
3287, 55.58, 72.267
3288, 55.63, 72.284
3289, 55.68, 72.3
3290, 55.72, 72.317
3291, 55.77, 72.334
3292, 55.87, 72.367
3293, 55.92, 72.384
3294, 55.97, 72.4
3295, 56.02, 72.417
3296, 56.06, 72.434
3297, 56.11, 72.451
3298, 56.16, 72.467
3299, 56.2, 72.484
3300, 56.25, 72.501
3301, 56.3, 72.517
3302, 56.34, 72.534
3303, 56.39, 72.55
3304, 56.44, 72.567
3305, 56.49, 72.584
3306, 56.58, 72.617
3307, 56.63, 72.634
3308, 56.68, 72.65
3309, 56.73, 72.667
3310, 56.78, 72.684
3311, 56.82, 72.701
3312, 56.86, 72.717
3313, 56.9, 72.734
3314, 56.94, 72.751
3315, 56.99, 72.767
3316, 57.03, 72.784
3317, 57.08, 72.8
3318, 57.12, 72.817
3319, 57.16, 72.834
3320, 57.21, 72.851
3321, 57.26, 72.867
3322, 57.31, 72.884
3323, 57.35, 72.9
3324, 57.44, 72.934
3325, 57.48, 72.951
3326, 57.53, 72.967
3327, 57.57, 72.984
3328, 57.62, 73.001
3329, 57.66, 73.017
3330, 57.71, 73.034
3331, 57.75, 73.05
3332, 57.78, 73.067
3333, 57.83, 73.084
3334, 57.87, 73.101
3335, 57.91, 73.117
3336, 57.95, 73.134
3337, 57.99, 73.15
3338, 58.03, 73.167
3339, 58.07, 73.184
3340, 58.11, 73.201
3341, 58.15, 73.217
3342, 58.2, 73.234
3343, 58.24, 73.251
3344, 58.27, 73.267
3345, 58.31, 73.284
3346, 58.35, 73.3
3347, 58.38, 73.317
3348, 58.42, 73.334
3349, 58.45, 73.351
3350, 58.49, 73.367
3351, 58.54, 73.384
3352, 58.58, 73.4
3353, 58.66, 73.434
3354, 58.69, 73.451
3355, 58.73, 73.467
3356, 58.76, 73.484
3357, 58.8, 73.501
3358, 58.84, 73.517
3359, 58.88, 73.534
3360, 58.92, 73.55
3361, 58.96, 73.567
3362, 59, 73.584
3363, 59.04, 73.601
3364, 59.08, 73.617
3365, 59.11, 73.634
3366, 59.15, 73.65
3367, 59.18, 73.667
3368, 59.22, 73.684
3369, 59.26, 73.701
3370, 59.29, 73.717
3371, 59.33, 73.734
3372, 59.37, 73.751
3373, 59.4, 73.767
3374, 59.43, 73.784
3375, 59.47, 73.8
3376, 59.45, 73.817
3377, 59.41, 73.834
3378, 59.52, 73.851
3379, 59.58, 73.867
3380, 59.54, 73.884
3381, 59.6, 73.9
3382, 59.65, 73.917
3383, 59.67, 73.934
3384, 59.69, 73.951
3385, 59.74, 73.967
3386, 59.77, 73.984
3387, 59.79, 74.001
3388, 59.82, 74.017
3389, 59.85, 74.034
3390, 59.88, 74.05
3391, 59.9, 74.067
3392, 59.93, 74.084
3393, 59.96, 74.101
3394, 60, 74.117
3395, 60.03, 74.134
3396, 60.07, 74.15
3397, 60.1, 74.167
3398, 60.13, 74.184
3399, 60.16, 74.201
3400, 60.18, 74.217
3401, 60.21, 74.234
3402, 60.24, 74.251
3403, 60.27, 74.267
3404, 60.3, 74.284
3405, 60.33, 74.3
3406, 60.37, 74.317
3407, 60.4, 74.334
3408, 60.42, 74.351
3409, 60.45, 74.367
3410, 60.48, 74.384
3411, 60.5, 74.4
3412, 60.53, 74.417
3413, 60.57, 74.434
3414, 60.59, 74.451
3415, 60.62, 74.467
3416, 60.64, 74.484
3417, 60.66, 74.501
3418, 60.68, 74.517
3419, 60.71, 74.534
3420, 60.74, 74.55
3421, 60.78, 74.567
3422, 60.81, 74.584
3423, 60.84, 74.601
3424, 60.87, 74.617
3425, 60.89, 74.634
3426, 60.92, 74.65
3427, 60.94, 74.667
3428, 60.96, 74.684
3429, 60.99, 74.701
3430, 61.01, 74.717
3431, 61.04, 74.734
3432, 61.06, 74.751
3433, 61.09, 74.767
3434, 61.11, 74.784
3435, 61.14, 74.8
3436, 61.17, 74.817
3437, 61.2, 74.834
3438, 61.22, 74.851
3439, 61.25, 74.867
3440, 61.28, 74.884
3441, 61.3, 74.9
3442, 61.33, 74.917
3443, 61.35, 74.934
3444, 61.37, 74.951
3445, 61.4, 74.967
3446, 61.42, 74.984
3447, 61.42, 74.984
3448, 61.45, 75.001
3449, 61.48, 75.017
3450, 61.5, 75.034
3451, 61.53, 75.05
3452, 61.55, 75.067
3453, 61.58, 75.084
3454, 61.6, 75.101
3455, 61.63, 75.117
3456, 61.65, 75.134
3457, 61.68, 75.15
3458, 61.7, 75.167
3459, 61.73, 75.184
3460, 61.75, 75.201
3461, 61.78, 75.217
3462, 61.8, 75.234
3463, 61.83, 75.251
3464, 61.85, 75.267
3465, 61.87, 75.284
3466, 61.9, 75.3
3467, 61.92, 75.317
3468, 61.94, 75.334
3469, 61.97, 75.351
3470, 61.99, 75.367
3471, 62.02, 75.384
3472, 62.04, 75.4
3473, 62.07, 75.417
3474, 62.09, 75.434
3475, 62.11, 75.451
3476, 62.13, 75.467
3477, 62.15, 75.484
3478, 62.17, 75.501
3479, 62.19, 75.517
3480, 62.22, 75.534
3481, 62.25, 75.55
3482, 62.28, 75.567
3483, 62.29, 75.584
3484, 62.3, 75.601
3485, 62.3, 75.601
3486, 62.32, 75.617
3487, 62.34, 75.634
3488, 62.36, 75.65
3489, 62.38, 75.667
3490, 62.41, 75.684
3491, 62.44, 75.701
3492, 62.46, 75.717
3493, 62.47, 75.734
3494, 62.49, 75.751
3495, 62.51, 75.767
3496, 62.52, 75.784
3497, 62.54, 75.8
3498, 62.56, 75.817
3499, 62.59, 75.834
3500, 62.6, 75.851
3501, 62.62, 75.867
3502, 62.64, 75.884
3503, 62.65, 75.9
3504, 62.67, 75.917
3505, 62.69, 75.934
3506, 62.71, 75.951
3507, 62.72, 75.967
3508, 62.74, 75.984
3509, 62.74, 75.984
3510, 62.76, 76.001
3511, 62.77, 76.017
3512, 62.79, 76.034
3513, 62.81, 76.05
3514, 62.83, 76.067
3515, 62.85, 76.084
3516, 62.87, 76.101
3517, 62.89, 76.117
3518, 62.91, 76.134
3519, 62.92, 76.15
3520, 62.94, 76.167
3521, 62.95, 76.184
3522, 62.97, 76.201
3523, 62.99, 76.217
3524, 63, 76.234
3525, 63.02, 76.251
3526, 63.04, 76.267
3527, 63.05, 76.284
3528, 63.07, 76.3
3529, 63.07, 76.3
3530, 63.09, 76.317
3531, 63.1, 76.334
3532, 63.12, 76.351
3533, 63.14, 76.367
3534, 63.16, 76.384
3535, 63.17, 76.4
3536, 63.19, 76.417
3537, 63.2, 76.434
3538, 63.22, 76.451
3539, 63.23, 76.467
3540, 63.25, 76.484
3541, 63.27, 76.501
3542, 63.28, 76.517
3543, 63.3, 76.534
3544, 63.31, 76.55
3545, 63.33, 76.567
3546, 63.34, 76.584
3547, 63.34, 76.584
3548, 63.36, 76.601
3549, 63.37, 76.617
3550, 63.39, 76.634
3551, 63.41, 76.65
3552, 63.42, 76.667
3553, 63.44, 76.684
3554, 63.45, 76.701
3555, 63.47, 76.717
3556, 63.49, 76.734
3557, 63.51, 76.751
3558, 63.52, 76.767
3559, 63.54, 76.784
3560, 63.56, 76.8
3561, 63.57, 76.817
3562, 63.59, 76.834
3563, 63.6, 76.851
3564, 63.6, 76.851
3565, 63.62, 76.867
3566, 63.64, 76.884
3567, 63.65, 76.9
3568, 63.67, 76.917
3569, 63.69, 76.934
3570, 63.71, 76.951
3571, 63.72, 76.967
3572, 63.74, 76.984
3573, 63.75, 77.001
3574, 63.77, 77.017
3575, 63.79, 77.034
3576, 63.81, 77.05
3577, 63.83, 77.067
3578, 63.85, 77.084
3579, 63.85, 77.084
3580, 63.86, 77.101
3581, 63.88, 77.117
3582, 63.89, 77.134
3583, 63.91, 77.15
3584, 63.93, 77.167
3585, 63.95, 77.184
3586, 63.96, 77.201
3587, 63.97, 77.217
3588, 63.99, 77.234
3589, 64.01, 77.251
3590, 64.02, 77.267
3591, 64.05, 77.284
3592, 64.07, 77.3
3593, 64.07, 77.3
3594, 64.09, 77.317
3595, 64.1, 77.334
3596, 64.12, 77.351
3597, 64.13, 77.367
3598, 64.14, 77.384
3599, 64.16, 77.4
3600, 64.18, 77.417
3601, 64.2, 77.434
3602, 64.21, 77.451
3603, 64.23, 77.467
3604, 64.25, 77.484
3605, 64.27, 77.501
3606, 64.28, 77.517
3607, 64.29, 77.534
3608, 64.29, 77.534
3609, 64.31, 77.55
3610, 64.33, 77.567
3611, 64.34, 77.584
3612, 64.36, 77.601
3613, 64.37, 77.617
3614, 64.39, 77.634
3615, 64.41, 77.65
3616, 64.43, 77.667
3617, 64.44, 77.684
3618, 64.46, 77.701
3619, 64.48, 77.717
3620, 64.49, 77.734
3621, 64.5, 77.751
3622, 64.5, 77.751
3623, 64.52, 77.767
3624, 64.54, 77.784
3625, 64.55, 77.8
3626, 64.57, 77.817
3627, 64.58, 77.834
3628, 64.59, 77.851
3629, 64.6, 77.867
3630, 64.62, 77.884
3631, 64.64, 77.9
3632, 64.65, 77.917
3633, 64.67, 77.934
3634, 64.69, 77.951
3635, 64.7, 77.967
3636, 64.7, 77.967
3637, 64.71, 77.984
3638, 64.73, 78.001
3639, 64.75, 78.017
3640, 64.76, 78.034
3641, 64.77, 78.05
3642, 64.79, 78.05
3643, 64.8, 78.067
3644, 64.81, 78.084
3645, 64.83, 78.101
3646, 64.84, 78.117
3647, 64.86, 78.134
3648, 64.87, 78.15
3649, 64.87, 78.15
3650, 64.89, 78.167
3651, 64.9, 78.184
3652, 64.91, 78.201
3653, 64.93, 78.217
3654, 64.94, 78.234
3655, 64.95, 78.251
3656, 64.97, 78.267
3657, 64.98, 78.284
3658, 65, 78.3
3659, 65.01, 78.317
3660, 65.02, 78.334
3661, 65.03, 78.351
3662, 65.03, 78.351
3663, 65.04, 78.367
3664, 65.05, 78.384
3665, 65.07, 78.4
3666, 65.08, 78.417
3667, 65.1, 78.434
3668, 65.11, 78.451
3669, 65.12, 78.467
3670, 65.13, 78.484
3671, 65.14, 78.501
3672, 65.16, 78.517
3673, 65.17, 78.534
3674, 65.19, 78.55
3675, 65.19, 78.55
3676, 65.2, 78.567
3677, 65.21, 78.584
3678, 65.22, 78.601
3679, 65.23, 78.617
3680, 65.24, 78.634
3681, 65.25, 78.65
3682, 65.26, 78.667
3683, 65.28, 78.684
3684, 65.29, 78.701
3685, 65.3, 78.717
3686, 65.31, 78.734
3687, 65.32, 78.751
3688, 65.32, 78.751
3689, 65.33, 78.767
3690, 65.34, 78.784
3691, 65.36, 78.8
3692, 65.37, 78.817
3693, 65.38, 78.834
3694, 65.39, 78.851
3695, 65.4, 78.867
3696, 65.41, 78.884
3697, 65.42, 78.9
3698, 65.43, 78.917
3699, 65.44, 78.934
3700, 65.44, 78.934
3701, 65.45, 78.951
3702, 65.47, 78.967
3703, 65.48, 78.984
3704, 65.49, 79.001
3705, 65.5, 79.017
3706, 65.51, 79.034
3707, 65.52, 79.05
3708, 65.53, 79.067
3709, 65.54, 79.084
3710, 65.55, 79.101
3711, 65.56, 79.117
3712, 65.56, 79.117
3713, 65.57, 79.134
3714, 65.58, 79.15
3715, 65.59, 79.167
3716, 65.61, 79.184
3717, 65.62, 79.201
3718, 65.63, 79.217
3719, 65.64, 79.234
3720, 65.64, 79.251
3721, 65.65, 79.267
3722, 65.66, 79.284
3723, 65.67, 79.3
3724, 65.67, 79.3
3725, 65.68, 79.317
3726, 65.69, 79.334
3727, 65.7, 79.351
3728, 65.71, 79.367
3729, 65.72, 79.384
3730, 65.73, 79.4
3731, 65.74, 79.417
3732, 65.75, 79.434
3733, 65.76, 79.451
3734, 65.77, 79.467
3735, 65.77, 79.467
3736, 65.78, 79.484
3737, 65.79, 79.501
3738, 65.79, 79.517
3739, 65.8, 79.534
3740, 65.81, 79.55
3741, 65.82, 79.567
3742, 65.83, 79.584
3743, 65.84, 79.601
3744, 65.85, 79.617
3745, 65.85, 79.634
3746, 65.86, 79.65
3747, 65.86, 79.65
3748, 65.87, 79.667
3749, 65.88, 79.684
3750, 65.89, 79.701
3751, 65.9, 79.717
3752, 65.91, 79.734
3753, 65.91, 79.751
3754, 65.92, 79.767
3755, 65.93, 79.784
3756, 65.94, 79.8
3757, 65.94, 79.817
3758, 65.94, 79.817
3759, 65.95, 79.834
3760, 65.96, 79.851
3761, 65.98, 79.867
3762, 65.98, 79.884
3763, 65.99, 79.9
3764, 66, 79.917
3765, 66, 79.934
3766, 66.01, 79.951
3767, 66.02, 79.967
3768, 66.02, 79.984
3769, 66.02, 79.984
3770, 66.03, 80.001
3771, 66.04, 80.017
3772, 66.05, 80.034
3773, 66.06, 80.05
3774, 66.07, 80.067
3775, 66.08, 80.084
3776, 66.08, 80.101
3777, 66.09, 80.117
3778, 66.09, 80.134
3779, 66.1, 80.15
3780, 66.1, 80.15
3781, 66.1, 80.167
3782, 66.11, 80.184
3783, 66.11, 80.201
3784, 66.12, 80.217
3785, 66.13, 80.234
3786, 66.14, 80.251
3787, 66.15, 80.267
3788, 66.16, 80.284
3789, 66.17, 80.3
3790, 66.18, 80.317
3791, 66.18, 80.317
3792, 66.18, 80.334
3793, 66.18, 80.351
3794, 66.19, 80.367
3795, 66.2, 80.384
3796, 66.21, 80.4
3797, 66.22, 80.417
3798, 66.22, 80.434
3799, 66.23, 80.451
3800, 66.23, 80.467
3801, 66.24, 80.484
3802, 66.24, 80.484
3803, 66.24, 80.501
3804, 66.24, 80.517
3805, 66.25, 80.534
3806, 66.25, 80.55
3807, 66.26, 80.567
3808, 66.27, 80.584
3809, 66.29, 80.601
3810, 66.3, 80.617
3811, 66.3, 80.634
3812, 66.3, 80.65
3813, 66.3, 80.65
3814, 66.3, 80.667
3815, 66.3, 80.684
3816, 66.31, 80.701
3817, 66.32, 80.717
3818, 66.32, 80.734
3819, 66.33, 80.751
3820, 66.33, 80.767
3821, 66.34, 80.784
3822, 66.34, 80.8
3823, 66.35, 80.817
3824, 66.35, 80.817
3825, 66.37, 80.834
3826, 66.38, 80.851
3827, 66.38, 80.867
3828, 66.38, 80.884
3829, 66.38, 80.9
3830, 66.39, 80.917
3831, 66.39, 80.934
3832, 66.4, 80.951
3833, 66.4, 80.967
3834, 66.4, 80.967
3835, 66.41, 80.984
3836, 66.41, 81.001
3837, 66.41, 81.017
3838, 66.42, 81.034
3839, 66.43, 81.05
3840, 66.43, 81.067
3841, 66.44, 81.084
3842, 66.44, 81.101
3843, 66.44, 81.117
3844, 66.45, 81.134
3845, 66.45, 81.134
3846, 66.45, 81.15
3847, 66.46, 81.167
3848, 66.46, 81.184
3849, 66.46, 81.201
3850, 66.47, 81.217
3851, 66.47, 81.234
3852, 66.48, 81.251
3853, 66.48, 81.267
3854, 66.48, 81.284
3855, 66.48, 81.284
3856, 66.47, 81.3
3857, 66.46, 81.317
3858, 66.45, 81.334
3859, 66.43, 81.351
3860, 66.4, 81.367
3861, 66.37, 81.384
3862, 66.32, 81.4
3863, 66.26, 81.417
3864, 66.19, 81.434
3865, 66.1, 81.451
3866, 66.1, 81.451
3867, 66.01, 81.467
3868, 65.9, 81.484
3869, 65.78, 81.501
3870, 65.64, 81.517
3871, 65.48, 81.534
3872, 65.28, 81.55
3873, 65.06, 81.567
3874, 64.82, 81.584
3875, 64.56, 81.601
3876, 64.29, 81.617
3877, 64.01, 81.634
3878, 63.68, 81.65
3879, 63.68, 81.65
3880, 63.35, 81.667
3881, 63.04, 81.684
3882, 62.74, 81.701
3883, 62.44, 81.717
3884, 62.12, 81.734
3885, 61.79, 81.751
3886, 61.48, 81.767
3887, 61.16, 81.784
3888, 60.82, 81.8
3889, 60.48, 81.817
3890, 60.13, 81.834
3891, 59.82, 81.851
3892, 59.5, 81.867
3893, 59.17, 81.884
3894, 58.84, 81.9
3895, 58.54, 81.917
3896, 58.23, 81.934
3897, 57.93, 81.951
3898, 57.6, 81.967
3899, 57.29, 81.984
3900, 56.66, 82.017
3901, 56.3, 82.034
3902, 55.96, 82.05
3903, 55.67, 82.067
3904, 55.37, 82.084
3905, 55.09, 82.101
3906, 54.8, 82.117
3907, 54.49, 82.134
3908, 54.23, 82.15
3909, 53.97, 82.167
3910, 53.7, 82.184
3911, 53.17, 82.217
3912, 52.92, 82.234
3913, 52.68, 82.251
3914, 52.44, 82.267
3915, 52.16, 82.284
3916, 51.9, 82.3
3917, 51.65, 82.317
3918, 51.15, 82.351
3919, 50.91, 82.367
3920, 50.67, 82.384
3921, 50.44, 82.4
3922, 50.2, 82.417
3923, 49.96, 82.434
3924, 49.53, 82.467
3925, 49.3, 82.484
3926, 49.07, 82.501
3927, 48.87, 82.517
3928, 48.47, 82.55
3929, 48.21, 82.567
3930, 47.97, 82.584
3931, 47.8, 82.601
3932, 47.45, 82.634
3933, 47.25, 82.65
3934, 47.05, 82.667
3935, 46.88, 82.684
3936, 46.54, 82.717
3937, 46.37, 82.734
3938, 46.19, 82.751
3939, 45.91, 82.784
3940, 45.78, 82.8
3941, 45.61, 82.817
3942, 45.23, 82.851
3943, 45.1, 82.867
3944, 45.02, 82.884
3945, 44.82, 82.917
3946, 44.7, 82.934
3947, 44.61, 82.951
3948, 44.49, 82.984
3949, 44.4, 83.001
3950, 44.3, 83.017
3951, 44.17, 83.05
3952, 44.13, 83.067
3953, 44, 83.101
3954, 43.94, 83.117
3955, 43.89, 83.134
3956, 43.78, 83.167
3957, 43.72, 83.184
3958, 43.66, 83.201
3959, 43.54, 83.234
3960, 43.49, 83.251
3961, 43.41, 83.284
3962, 43.36, 83.3
3963, 43.31, 83.317
3964, 43.21, 83.351
3965, 43.16, 83.367
3966, 43.11, 83.384
3967, 43.02, 83.417
3968, 42.98, 83.434
3969, 42.9, 83.467
3970, 42.86, 83.484
3971, 42.83, 83.501
3972, 42.77, 83.534
3973, 42.74, 83.55
3974, 42.7, 83.567
3975, 42.63, 83.601
3976, 42.62, 83.617
3977, 42.55, 83.65
3978, 42.52, 83.667
3979, 42.48, 83.684
3980, 42.42, 83.717
3981, 42.4, 83.734
3982, 42.34, 83.767
3983, 42.32, 83.784
3984, 42.3, 83.8
3985, 42.23, 83.834
3986, 42.19, 83.851
3987, 42.11, 83.884
3988, 42.09, 83.9
3989, 42.06, 83.917
3990, 42.02, 83.951
3991, 42.01, 83.967
3992, 42.01, 84.001
3993, 42, 84.017
3994, 41.99, 84.034
3995, 41.98, 84.067
3996, 42, 84.084
3997, 42, 84.117
3998, 41.99, 84.134
3999, 42, 84.15
4000, 42.1, 84.184
4001, 42.2, 84.201
4002, 42.36, 84.234
4003, 42.35, 84.251
4004, 42.42, 84.284
4005, 42.48, 84.3
4006, 42.55, 84.317
4007, 42.7, 84.351
4008, 42.77, 84.367
4009, 42.89, 84.4
4010, 42.95, 84.417
4011, 43.02, 84.434
4012, 43.16, 84.467
4013, 43.22, 84.484
4014, 43.35, 84.517
4015, 43.42, 84.534
4016, 43.49, 84.55
4017, 43.61, 84.584
4018, 43.67, 84.601
4019, 43.79, 84.634
4020, 43.85, 84.65
4021, 43.91, 84.667
4022, 44.03, 84.701
4023, 44.08, 84.717
4024, 44.14, 84.734
4025, 44.25, 84.767
4026, 44.3, 84.784
4027, 44.35, 84.8
4028, 44.46, 84.834
4029, 44.52, 84.851
4030, 44.57, 84.867
4031, 44.65, 84.9
4032, 44.71, 84.917
4033, 44.77, 84.934
4034, 44.89, 84.967
4035, 44.94, 84.984
4036, 44.99, 85.001
4037, 45.09, 85.034
4038, 45.14, 85.05
4039, 45.19, 85.067
4040, 45.29, 85.101
4041, 45.35, 85.117
4042, 45.38, 85.134
4043, 45.43, 85.167
4044, 45.5, 85.184
4045, 45.59, 85.201
4046, 45.67, 85.234
4047, 45.69, 85.251
4048, 45.75, 85.267
4049, 45.84, 85.3
4050, 45.88, 85.317
4051, 45.93, 85.334
4052, 46.05, 85.367
4053, 46.1, 85.384
4054, 46.15, 85.4
4055, 46.19, 85.417
4056, 46.29, 85.451
4057, 46.35, 85.467
4058, 46.4, 85.484
4059, 46.5, 85.517
4060, 46.56, 85.534
4061, 46.6, 85.55
4062, 46.65, 85.567
4063, 46.75, 85.601
4064, 46.8, 85.617
4065, 46.84, 85.634
4066, 46.89, 85.65
4067, 46.98, 85.684
4068, 47.03, 85.701
4069, 47.07, 85.717
4070, 47.11, 85.734
4071, 47.19, 85.767
4072, 47.23, 85.784
4073, 47.26, 85.8
4074, 47.29, 85.817
4075, 47.36, 85.851
4076, 47.4, 85.867
4077, 47.45, 85.884
4078, 47.49, 85.9
4079, 47.56, 85.934
4080, 47.6, 85.951
4081, 47.64, 85.967
4082, 47.67, 85.984
4083, 47.75, 86.017
4084, 47.83, 86.034
4085, 47.9, 86.05
4086, 47.94, 86.067
4087, 47.95, 86.084
4088, 48.02, 86.117
4089, 48.08, 86.134
4090, 48.13, 86.15
4091, 48.18, 86.167
4092, 48.28, 86.201
4093, 48.33, 86.217
4094, 48.37, 86.234
4095, 48.41, 86.251
4096, 48.51, 86.284
4097, 48.56, 86.3
4098, 48.6, 86.317
4099, 48.65, 86.334
4100, 48.69, 86.351
4101, 48.63, 86.384
4102, 48.74, 86.4
4103, 48.82, 86.417
4104, 48.82, 86.434
4105, 48.92, 86.467
4106, 48.96, 86.484
4107, 48.98, 86.501
4108, 49.02, 86.517
4109, 49.07, 86.534
4110, 49.14, 86.567
4111, 49.18, 86.584
4112, 49.21, 86.601
4113, 49.25, 86.617
4114, 49.35, 86.65
4115, 49.39, 86.667
4116, 49.43, 86.684
4117, 49.47, 86.701
4118, 49.51, 86.717
4119, 49.59, 86.751
4120, 49.63, 86.767
4121, 49.68, 86.784
4122, 49.72, 86.8
4123, 49.76, 86.817
4124, 49.84, 86.851
4125, 49.89, 86.867
4126, 49.94, 86.884
4127, 49.98, 86.9
4128, 50.02, 86.917
4129, 50.11, 86.951
4130, 50.15, 86.967
4131, 50.2, 86.984
4132, 50.24, 87.001
4133, 50.29, 87.017
4134, 50.38, 87.05
4135, 50.43, 87.067
4136, 50.47, 87.084
4137, 50.52, 87.101
4138, 50.56, 87.117
4139, 50.61, 87.134
4140, 50.7, 87.167
4141, 50.75, 87.184
4142, 50.79, 87.201
4143, 50.84, 87.217
4144, 50.88, 87.234
4145, 50.97, 87.267
4146, 51.01, 87.284
4147, 51.05, 87.3
4148, 51.09, 87.317
4149, 51.14, 87.334
4150, 51.18, 87.351
4151, 51.27, 87.384
4152, 51.31, 87.4
4153, 51.35, 87.417
4154, 51.4, 87.434
4155, 51.44, 87.451
4156, 51.48, 87.467
4157, 51.56, 87.501
4158, 51.6, 87.517
4159, 51.64, 87.534
4160, 51.69, 87.55
4161, 51.73, 87.567
4162, 51.77, 87.584
4163, 51.84, 87.617
4164, 51.87, 87.634
4165, 51.9, 87.65
4166, 51.93, 87.667
4167, 51.95, 87.684
4168, 51.96, 87.701
4169, 51.97, 87.717
4170, 51.99, 87.751
4171, 51.99, 87.767
4172, 51.99, 87.784
4173, 51.98, 87.8
4174, 51.96, 87.817
4175, 51.94, 87.834
4176, 51.87, 87.867
4177, 51.83, 87.884
4178, 51.77, 87.9
4179, 51.68, 87.917
4180, 51.57, 87.934
4181, 51.44, 87.951
4182, 51.09, 87.984
4183, 50.88, 88.001
4184, 50.66, 88.017
4185, 50.42, 88.034
4186, 50.18, 88.05
4187, 49.62, 88.084
4188, 49.38, 88.101
4189, 49.13, 88.117
4190, 48.88, 88.134
4191, 48.61, 88.15
4192, 48.04, 88.184
4193, 47.76, 88.201
4194, 47.5, 88.217
4195, 46.99, 88.251
4196, 46.72, 88.267
4197, 46.45, 88.284
4198, 46.18, 88.3
4199, 45.61, 88.334
4200, 45.36, 88.351
4201, 45.1, 88.367
4202, 44.51, 88.4
4203, 44.2, 88.417
4204, 43.68, 88.451
4205, 43.43, 88.467
4206, 43.14, 88.484
4207, 42.63, 88.517
4208, 42.37, 88.534
4209, 41.87, 88.567
4210, 41.68, 88.584
4211, 41.45, 88.601
4212, 40.97, 88.634
4213, 40.73, 88.65
4214, 40.25, 88.684
4215, 40.05, 88.701
4216, 39.65, 88.734
4217, 39.45, 88.751
4218, 39, 88.784
4219, 38.82, 88.8
4220, 38.46, 88.834
4221, 38.2, 88.851
4222, 37.7, 88.884
4223, 37.51, 88.9
4224, 37.14, 88.934
4225, 36.94, 88.951
4226, 36.63, 88.984
4227, 36.49, 89.001
4228, 36.09, 89.034
4229, 35.76, 89.067
4230, 35.67, 89.084
4231, 35.46, 89.117
4232, 35.2, 89.15
4233, 35.08, 89.167
4234, 34.96, 89.201
4235, 34.9, 89.217
4236, 34.8, 89.251
4237, 34.57, 89.284
4238, 34.48, 89.3
4239, 34.29, 89.334
4240, 34.16, 89.367
4241, 34.03, 89.4
4242, 33.98, 89.417
4243, 33.87, 89.451
4244, 33.76, 89.484
4245, 33.7, 89.501
4246, 33.58, 89.534
4247, 33.45, 89.567
4248, 33.37, 89.584
4249, 33.24, 89.617
4250, 33.14, 89.65
4251, 33.04, 89.684
4252, 32.98, 89.701
4253, 32.87, 89.734
4254, 32.74, 89.767
4255, 32.62, 89.8
4256, 32.5, 89.834
4257, 32.44, 89.851
4258, 32.31, 89.884
4259, 32.19, 89.917
4260, 32.06, 89.951
4261, 31.93, 89.984
4262, 31.86, 90.001
4263, 31.73, 90.034
4264, 31.6, 90.067
4265, 31.46, 90.101
4266, 31.32, 90.134
4267, 31.17, 90.167
4268, 31.04, 90.201
4269, 30.97, 90.217
4270, 30.84, 90.251
4271, 30.71, 90.284
4272, 30.58, 90.317
4273, 30.44, 90.351
4274, 30.31, 90.384
4275, 30.18, 90.417
4276, 30.05, 90.451
4277, 29.92, 90.484
4278, 29.78, 90.517
4279, 29.65, 90.55
4280, 29.52, 90.584
4281, 29.39, 90.617
4282, 29.26, 90.65
4283, 29.14, 90.684
4284, 29.04, 90.717
4285, 28.93, 90.751
4286, 28.82, 90.784
4287, 28.7, 90.817
4288, 28.57, 90.851
4289, 28.42, 90.9
4290, 28.33, 90.934
4291, 28.25, 90.967
4292, 28.13, 91.001
4293, 28, 91.034
4294, 27.89, 91.067
4295, 27.79, 91.101
4296, 27.68, 91.134
4297, 27.58, 91.167
4298, 27.47, 91.217
4299, 27.41, 91.251
4300, 27.46, 91.284
4301, 27.41, 91.317
4302, 27.41, 91.351
4303, 27.48, 91.384
4304, 27.57, 91.417
4305, 27.64, 91.467
4306, 27.69, 91.501
4307, 27.79, 91.534
4308, 27.85, 91.567
4309, 27.9, 91.601
4310, 28.09, 91.634
4311, 28.25, 91.667
4312, 28.44, 91.717
4313, 28.61, 91.751
4314, 28.87, 91.784
4315, 29.04, 91.817
4316, 29.19, 91.851
4317, 29.42, 91.884
4318, 29.63, 91.917
4319, 29.81, 91.951
4320, 30.01, 91.984
4321, 30.22, 92.017
4322, 30.43, 92.05
4323, 30.63, 92.084
4324, 30.83, 92.117
4325, 31.03, 92.15
4326, 31.22, 92.184
4327, 31.42, 92.217
4328, 31.61, 92.251
4329, 31.71, 92.267
4330, 31.91, 92.3
4331, 32.1, 92.334
4332, 32.29, 92.367
4333, 32.5, 92.4
4334, 32.69, 92.434
4335, 32.89, 92.467
4336, 32.98, 92.484
4337, 33.18, 92.517
4338, 33.37, 92.55
4339, 33.56, 92.584
4340, 33.75, 92.617
4341, 33.85, 92.634
4342, 34.05, 92.667
4343, 34.23, 92.701
4344, 34.42, 92.734
4345, 34.53, 92.751
4346, 34.72, 92.784
4347, 34.91, 92.817
4348, 35.1, 92.851
4349, 35.19, 92.867
4350, 35.37, 92.9
4351, 35.55, 92.934
4352, 35.64, 92.951
4353, 35.84, 92.984
4354, 36.04, 93.017
4355, 36.14, 93.034
4356, 36.31, 93.067
4357, 36.5, 93.101
4358, 36.59, 93.117
4359, 36.76, 93.15
4360, 36.94, 93.184
4361, 37.04, 93.201
4362, 37.23, 93.234
4363, 37.32, 93.251
4364, 37.51, 93.284
4365, 37.69, 93.317
4366, 37.78, 93.334
4367, 37.96, 93.367
4368, 38.05, 93.384
4369, 38.22, 93.417
4370, 38.39, 93.451
4371, 38.49, 93.467
4372, 38.67, 93.501
4373, 38.68, 93.517
4374, 38.77, 93.55
4375, 38.93, 93.567
4376, 38.92, 93.601
4377, 38.9, 93.617
4378, 38.83, 93.65
4379, 38.62, 93.684
4380, 38.52, 93.701
4381, 38.23, 93.734
4382, 38.09, 93.751
4383, 37.87, 93.784
4384, 37.67, 93.8
4385, 37.16, 93.834
4386, 36.65, 93.867
4387, 36.45, 93.884
4388, 36.07, 93.917
4389, 35.63, 93.951
4390, 35.42, 93.967
4391, 34.98, 94.001
4392, 34.58, 94.034
4393, 34.39, 94.05
4394, 33.86, 94.084
4395, 33.41, 94.117
4396, 33.1, 94.15
4397, 32.79, 94.184
4398, 32.62, 94.201
4399, 32.34, 94.234
4400, 32.05, 94.267
4401, 31.73, 94.3
4402, 31.45, 94.334
4403, 31.21, 94.367
4404, 30.96, 94.4
4405, 30.73, 94.434
4406, 30.53, 94.467
4407, 30.34, 94.501
4408, 30.15, 94.534
4409, 29.98, 94.567
4410, 29.83, 94.601
4411, 29.71, 94.634
4412, 29.62, 94.667
4413, 29.55, 94.701
4414, 29.49, 94.734
4415, 29.42, 94.767
4416, 29.36, 94.8
4417, 29.3, 94.834
4418, 29.24, 94.867
4419, 29.19, 94.9
4420, 29.12, 94.934
4421, 29.03, 94.984
4422, 28.98, 95.017
4423, 28.92, 95.05
4424, 28.86, 95.084
4425, 28.81, 95.117
4426, 28.76, 95.15
4427, 28.71, 95.184
4428, 28.65, 95.234
4429, 28.6, 95.267
4430, 28.56, 95.3
4431, 28.52, 95.334
4432, 28.48, 95.367
4433, 28.41, 95.417
4434, 28.36, 95.451
4435, 28.3, 95.484
4436, 28.25, 95.517
4437, 28.19, 95.55
4438, 28.14, 95.584
4439, 28.07, 95.634
4440, 28.03, 95.667
4441, 27.98, 95.701
4442, 27.91, 95.734
4443, 27.86, 95.767
4444, 27.82, 95.8
4445, 27.72, 95.851
4446, 27.66, 95.884
4447, 27.59, 95.917
4448, 27.51, 95.951
4449, 27.43, 95.984
4450, 27.32, 96.017
4451, 27.22, 96.05
4452, 27.15, 96.084
4453, 27.03, 96.134
4454, 26.96, 96.167
4455, 26.89, 96.201
4456, 26.82, 96.234
4457, 26.77, 96.284
4458, 26.85, 96.317
4459, 26.81, 96.351
4460, 26.84, 96.384
4461, 26.91, 96.417
4462, 27.01, 96.467
4463, 27.09, 96.501
4464, 27.18, 96.534
4465, 27.27, 96.567
4466, 27.33, 96.601
4467, 27.48, 96.634
4468, 27.57, 96.667
4469, 27.77, 96.717
4470, 27.84, 96.751
4471, 27.97, 96.784
4472, 28.19, 96.817
4473, 28.29, 96.851
4474, 28.41, 96.884
4475, 28.69, 96.934
4476, 28.84, 96.967
4477, 29.03, 97.001
4478, 29.15, 97.034
4479, 29.38, 97.067
4480, 29.6, 97.101
4481, 29.74, 97.134
4482, 30.02, 97.184
4483, 30.18, 97.217
4484, 30.37, 97.251
4485, 30.54, 97.284
4486, 30.77, 97.317
4487, 30.99, 97.351
4488, 31.16, 97.384
4489, 31.36, 97.417
4490, 31.55, 97.451
4491, 31.71, 97.484
4492, 32.02, 97.517
4493, 32.17, 97.534
4494, 32.34, 97.567
4495, 32.54, 97.601
4496, 32.77, 97.634
4497, 32.99, 97.667
4498, 33.17, 97.701
4499, 33.41, 97.734
4500, 33.65, 97.767
4501, 33.77, 97.784
4502, 33.97, 97.817
4503, 34.15, 97.851
4504, 34.39, 97.884
4505, 34.62, 97.917
4506, 34.73, 97.934
4507, 34.95, 97.967
4508, 35.18, 98.001
4509, 35.4, 98.034
4510, 35.51, 98.05
4511, 35.74, 98.084
4512, 35.98, 98.117
4513, 36.2, 98.15
4514, 36.3, 98.167
4515, 36.51, 98.201
4516, 36.73, 98.234
4517, 36.85, 98.251
4518, 37.06, 98.284
4519, 37.27, 98.317
4520, 37.38, 98.334
4521, 37.6, 98.367
4522, 37.82, 98.4
4523, 37.93, 98.417
4524, 38.13, 98.451
4525, 38.24, 98.467
4526, 38.44, 98.501
4527, 38.65, 98.534
4528, 38.76, 98.55
4529, 38.97, 98.584
4530, 39.07, 98.601
4531, 39.27, 98.634
4532, 39.37, 98.65
4533, 39.58, 98.684
4534, 39.61, 98.701
4535, 39.75, 98.734
4536, 40.06, 98.767
4537, 40.09, 98.784
4538, 40.28, 98.817
4539, 40.39, 98.834
4540, 40.56, 98.867
4541, 40.65, 98.884
4542, 40.85, 98.917
4543, 40.93, 98.934
4544, 41.13, 98.967
4545, 41.22, 98.984
4546, 41.3, 99.001
4547, 41.48, 99.034
4548, 41.58, 99.05
4549, 41.77, 99.084
4550, 41.87, 99.101
4551, 42.05, 99.134
4552, 42.14, 99.15
4553, 42.32, 99.184
4554, 42.41, 99.201
4555, 42.49, 99.217
4556, 42.67, 99.251
4557, 42.76, 99.267
4558, 42.93, 99.3
4559, 43.01, 99.317
4560, 43.18, 99.351
4561, 43.26, 99.367
4562, 43.35, 99.384
4563, 43.51, 99.417
4564, 43.59, 99.434
4565, 43.67, 99.451
4566, 43.85, 99.484
4567, 43.94, 99.501
4568, 44.07, 99.534
4569, 44.16, 99.55
4570, 44.27, 99.567
4571, 44.47, 99.601
4572, 44.54, 99.617
4573, 44.61, 99.634
4574, 44.78, 99.667
4575, 44.86, 99.684
4576, 44.94, 99.701
4577, 45.11, 99.734
4578, 45.2, 99.751
4579, 45.28, 99.767
4580, 45.43, 99.8
4581, 45.52, 99.817
4582, 45.59, 99.834
4583, 45.73, 99.867
4584, 45.81, 99.884
4585, 45.9, 99.9
4586, 46.07, 99.934
4587, 46.14, 99.951
4588, 46.22, 99.967
4589, 46.36, 100.001
4590, 46.44, 100.017
4591, 46.52, 100.034
4592, 46.68, 100.067
4593, 46.76, 100.084
4594, 46.83, 100.101
4595, 46.9, 100.117
4596, 47.05, 100.15
4597, 47.12, 100.167
4598, 47.2, 100.184
4599, 47.28, 100.201
4600, 47.43, 100.234
4601, 47.51, 100.251
4602, 47.58, 100.267
4603, 47.74, 100.3
4604, 47.81, 100.317
4605, 47.88, 100.334
4606, 47.95, 100.351
4607, 48.09, 100.384
4608, 48.16, 100.4
4609, 48.24, 100.417
4610, 48.33, 100.434
4611, 48.47, 100.467
4612, 48.53, 100.484
4613, 48.6, 100.501
4614, 48.68, 100.517
4615, 48.75, 100.534
4616, 48.91, 100.567
4617, 48.98, 100.584
4618, 49.04, 100.601
4619, 49.11, 100.617
4620, 49.26, 100.65
4621, 49.28, 100.667
4622, 49.25, 100.684
4623, 49.4, 100.701
4624, 49.53, 100.717
4625, 49.6, 100.751
4626, 49.69, 100.767
4627, 49.77, 100.784
4628, 49.82, 100.8
4629, 49.88, 100.817
4630, 50.02, 100.851
4631, 50.07, 100.867
4632, 50.13, 100.884
4633, 50.2, 100.9
4634, 50.26, 100.917
4635, 50.41, 100.951
4636, 50.5, 100.967
4637, 50.58, 100.984
4638, 50.63, 101.001
4639, 50.69, 101.017
4640, 50.81, 101.05
4641, 50.87, 101.067
4642, 50.93, 101.084
4643, 50.99, 101.101
4644, 51.06, 101.117
4645, 51.19, 101.15
4646, 51.26, 101.167
4647, 51.32, 101.184
4648, 51.39, 101.201
4649, 51.45, 101.217
4650, 51.51, 101.234
4651, 51.63, 101.267
4652, 51.69, 101.284
4653, 51.75, 101.3
4654, 51.82, 101.317
4655, 51.88, 101.334
4656, 51.94, 101.351
4657, 52.06, 101.384
4658, 52.12, 101.4
4659, 52.18, 101.417
4660, 52.25, 101.434
4661, 52.31, 101.451
4662, 52.37, 101.467
4663, 52.51, 101.501
4664, 52.57, 101.517
4665, 52.62, 101.534
4666, 52.67, 101.55
4667, 52.73, 101.567
4668, 52.8, 101.584
4669, 52.86, 101.601
4670, 52.98, 101.634
4671, 53.05, 101.65
4672, 53.11, 101.667
4673, 53.17, 101.684
4674, 53.23, 101.701
4675, 53.29, 101.717
4676, 53.35, 101.734
4677, 53.41, 101.751
4678, 53.53, 101.784
4679, 53.59, 101.8
4680, 53.65, 101.817
4681, 53.7, 101.834
4682, 53.76, 101.851
4683, 53.82, 101.867
4684, 53.87, 101.884
4685, 53.93, 101.9
4686, 54.04, 101.934
4687, 54.11, 101.951
4688, 54.19, 101.967
4689, 54.26, 101.984
4690, 54.32, 102.001
4691, 54.37, 102.017
4692, 54.42, 102.034
4693, 54.49, 102.05
4694, 54.54, 102.067
4695, 54.66, 102.101
4696, 54.73, 102.117
4697, 54.79, 102.134
4698, 54.84, 102.15
4699, 54.89, 102.167
4700, 54.95, 102.184
4701, 55, 102.201
4702, 55.04, 102.217
4703, 55.1, 102.234
4704, 55.16, 102.251
4705, 55.3, 102.284
4706, 55.37, 102.3
4707, 55.44, 102.317
4708, 55.49, 102.334
4709, 55.54, 102.351
4710, 55.6, 102.367
4711, 55.67, 102.384
4712, 55.72, 102.4
4713, 55.78, 102.417
4714, 55.84, 102.434
4715, 55.9, 102.451
4716, 55.96, 102.467
4717, 56.08, 102.501
4718, 56.13, 102.517
4719, 56.18, 102.534
4720, 56.23, 102.55
4721, 56.28, 102.567
4722, 56.33, 102.584
4723, 56.39, 102.601
4724, 56.45, 102.617
4725, 56.51, 102.634
4726, 56.57, 102.65
4727, 56.62, 102.667
4728, 56.68, 102.684
4729, 56.73, 102.701
4730, 56.79, 102.717
4731, 56.9, 102.751
4732, 56.95, 102.767
4733, 57, 102.784
4734, 57.05, 102.8
4735, 57.1, 102.817
4736, 57.15, 102.834
4737, 57.21, 102.851
4738, 57.28, 102.867
4739, 57.34, 102.884
4740, 57.4, 102.9
4741, 57.45, 102.917
4742, 57.5, 102.934
4743, 57.55, 102.951
4744, 57.6, 102.967
4745, 57.65, 102.984
4746, 57.71, 103.001
4747, 57.78, 103.017
4748, 57.85, 103.034
4749, 57.92, 103.05
4750, 57.98, 103.067
4751, 58.06, 103.101
4752, 58.11, 103.117
4753, 58.15, 103.134
4754, 58.2, 103.15
4755, 58.24, 103.167
4756, 58.29, 103.184
4757, 58.35, 103.201
4758, 58.4, 103.217
4759, 58.46, 103.234
4760, 58.51, 103.251
4761, 58.57, 103.267
4762, 58.61, 103.284
4763, 58.65, 103.3
4764, 58.69, 103.317
4765, 58.72, 103.334
4766, 58.76, 103.351
4767, 58.8, 103.367
4768, 58.84, 103.384
4769, 58.89, 103.4
4770, 58.93, 103.417
4771, 58.98, 103.434
4772, 59.02, 103.451
4773, 59.06, 103.467
4774, 59.1, 103.484
4775, 59.14, 103.501
4776, 59.19, 103.517
4777, 59.24, 103.534
4778, 59.29, 103.55
4779, 59.34, 103.567
4780, 59.38, 103.584
4781, 59.43, 103.601
4782, 59.48, 103.617
4783, 59.52, 103.634
4784, 59.57, 103.65
4785, 59.62, 103.667
4786, 59.66, 103.684
4787, 59.69, 103.701
4788, 59.74, 103.717
4789, 59.77, 103.734
4790, 59.8, 103.751
4791, 59.84, 103.767
4792, 59.87, 103.784
4793, 59.9, 103.8
4794, 59.94, 103.817
4795, 59.96, 103.834
4796, 59.99, 103.851
4797, 60.01, 103.867
4798, 60.03, 103.884
4799, 60.05, 103.9
4800, 60.02, 103.917
4801, 59.97, 103.934
4802, 60.06, 103.951
4803, 60.09, 103.967
4804, 60.08, 103.984
4805, 60.14, 104.001
4806, 60.18, 104.017
4807, 60.2, 104.034
4808, 60.26, 104.05
4809, 60.31, 104.067
4810, 60.33, 104.084
4811, 60.35, 104.101
4812, 60.37, 104.117
4813, 60.39, 104.134
4814, 60.41, 104.15
4815, 60.44, 104.167
4816, 60.46, 104.184
4817, 60.48, 104.201
4818, 60.5, 104.217
4819, 60.53, 104.234
4820, 60.55, 104.251
4821, 60.58, 104.267
4822, 60.61, 104.284
4823, 60.64, 104.3
4824, 60.68, 104.317
4825, 60.71, 104.334
4826, 60.74, 104.351
4827, 60.75, 104.367
4828, 60.78, 104.384
4829, 60.81, 104.4
4830, 60.83, 104.417
4831, 60.86, 104.434
4832, 60.89, 104.451
4833, 60.93, 104.467
4834, 60.96, 104.484
4835, 60.99, 104.501
4836, 61.02, 104.517
4837, 61.05, 104.534
4838, 61.08, 104.55
4839, 61.11, 104.567
4840, 61.14, 104.584
4841, 61.17, 104.601
4842, 61.19, 104.617
4843, 61.21, 104.634
4844, 61.23, 104.65
4845, 61.26, 104.667
4846, 61.28, 104.684
4847, 61.32, 104.701
4848, 61.36, 104.717
4849, 61.39, 104.734
4850, 61.41, 104.751
4851, 61.43, 104.767
4852, 61.45, 104.784
4853, 61.47, 104.8
4854, 61.49, 104.817
4855, 61.52, 104.834
4856, 61.54, 104.851
4857, 61.57, 104.867
4858, 61.6, 104.884
4859, 61.63, 104.9
4860, 61.66, 104.917
4861, 61.7, 104.934
4862, 61.73, 104.951
4863, 61.75, 104.967
4864, 61.78, 104.984
4865, 61.8, 105.001
4866, 61.82, 105.017
4867, 61.85, 105.034
4868, 61.88, 105.05
4869, 61.91, 105.067
4870, 61.94, 105.084
4871, 61.97, 105.101
4872, 61.99, 105.117
4873, 62.02, 105.134
4874, 62.05, 105.15
4875, 62.08, 105.167
4876, 62.11, 105.184
4877, 62.14, 105.201
4878, 62.16, 105.217
4879, 62.16, 105.217
4880, 62.18, 105.234
4881, 62.21, 105.251
4882, 62.24, 105.267
4883, 62.27, 105.284
4884, 62.3, 105.3
4885, 62.32, 105.317
4886, 62.34, 105.334
4887, 62.37, 105.351
4888, 62.4, 105.367
4889, 62.43, 105.384
4890, 62.46, 105.4
4891, 62.49, 105.417
4892, 62.52, 105.434
4893, 62.54, 105.451
4894, 62.57, 105.467
4895, 62.59, 105.484
4896, 62.61, 105.501
4897, 62.63, 105.517
4898, 62.65, 105.534
4899, 62.67, 105.55
4900, 62.7, 105.567
4901, 62.76, 105.584
4902, 62.81, 105.601
4903, 62.84, 105.617
4904, 62.85, 105.634
4905, 62.85, 105.634
4906, 62.87, 105.65
4907, 62.89, 105.667
4908, 62.91, 105.684
4909, 62.93, 105.701
4910, 62.96, 105.717
4911, 62.99, 105.734
4912, 63.01, 105.751
4913, 63.03, 105.767
4914, 63.07, 105.784
4915, 63.11, 105.8
4916, 63.15, 105.817
4917, 63.17, 105.834
4918, 63.19, 105.851
4919, 63.21, 105.867
4920, 63.23, 105.884
4921, 63.26, 105.9
4922, 63.28, 105.917
4923, 63.31, 105.934
4924, 63.34, 105.951
4925, 63.36, 105.967
4926, 63.36, 105.967
4927, 63.38, 105.984
4928, 63.4, 106.001
4929, 63.42, 106.017
4930, 63.44, 106.034
4931, 63.46, 106.05
4932, 63.48, 106.067
4933, 63.51, 106.084
4934, 63.53, 106.101
4935, 63.57, 106.117
4936, 63.6, 106.134
4937, 63.61, 106.15
4938, 63.61, 106.167
4939, 63.61, 106.184
4940, 63.61, 106.201
4941, 63.59, 106.217
4942, 63.61, 106.234
4943, 63.67, 106.251
4944, 63.67, 106.251
4945, 63.77, 106.267
4946, 63.82, 106.284
4947, 63.83, 106.3
4948, 63.83, 106.317
4949, 63.87, 106.334
4950, 63.89, 106.351
4951, 63.88, 106.367
4952, 63.9, 106.384
4953, 63.93, 106.4
4954, 63.94, 106.417
4955, 63.94, 106.434
4956, 63.96, 106.451
4957, 64.02, 106.467
4958, 64.1, 106.484
4959, 64.14, 106.501
4960, 64.12, 106.517
4961, 64.14, 106.534
4962, 64.14, 106.534
4963, 64.17, 106.55
4964, 64.2, 106.567
4965, 64.21, 106.584
4966, 64.24, 106.601
4967, 64.27, 106.617
4968, 64.29, 106.634
4969, 64.31, 106.65
4970, 64.33, 106.667
4971, 64.37, 106.684
4972, 64.41, 106.701
4973, 64.44, 106.717
4974, 64.45, 106.734
4975, 64.46, 106.751
4976, 64.47, 106.767
4977, 64.47, 106.767
4978, 64.48, 106.784
4979, 64.47, 106.8
4980, 64.46, 106.817
4981, 64.47, 106.834
4982, 64.53, 106.851
4983, 64.64, 106.867
4984, 64.71, 106.884
4985, 64.73, 106.9
4986, 64.74, 106.917
4987, 64.77, 106.934
4988, 64.79, 106.951
4989, 64.8, 106.967
4990, 64.83, 106.984
4991, 64.83, 106.984
4992, 64.85, 107.001
4993, 64.87, 107.017
4994, 64.91, 107.034
4995, 64.96, 107.05
4996, 64.98, 107.067
4997, 64.99, 107.084
4998, 65.01, 107.101
4999, 65.04, 107.117
5000, 65.06, 107.134
5001, 65.08, 107.15
5002, 65.09, 107.167
5003, 65.1, 107.184
5004, 65.1, 107.184
5005, 65.11, 107.201
5006, 65.1, 107.217
5007, 65.14, 107.234
5008, 65.23, 107.251
5009, 65.29, 107.267
5010, 65.31, 107.284
5011, 65.31, 107.3
5012, 65.33, 107.317
5013, 65.35, 107.334
5014, 65.36, 107.351
5015, 65.39, 107.367
5016, 65.39, 107.367
5017, 65.42, 107.384
5018, 65.45, 107.4
5019, 65.49, 107.417
5020, 65.52, 107.434
5021, 65.55, 107.451
5022, 65.57, 107.467
5023, 65.59, 107.484
5024, 65.6, 107.501
5025, 65.63, 107.517
5026, 65.66, 107.534
5027, 65.66, 107.534
5028, 65.7, 107.55
5029, 65.73, 107.567
5030, 65.75, 107.584
5031, 65.75, 107.601
5032, 65.77, 107.617
5033, 65.79, 107.634
5034, 65.81, 107.65
5035, 65.85, 107.667
5036, 65.89, 107.684
5037, 65.92, 107.701
5038, 65.94, 107.717
5039, 65.94, 107.717
5040, 65.96, 107.734
5041, 65.97, 107.751
5042, 66, 107.767
5043, 66.03, 107.784
5044, 66.06, 107.8
5045, 66.07, 107.817
5046, 66.09, 107.834
5047, 66.11, 107.851
5048, 66.12, 107.867
5049, 66.12, 107.867
5050, 66.13, 107.884
5051, 66.14, 107.9
5052, 66.13, 107.917
5053, 66.13, 107.934
5054, 66.21, 107.951
5055, 66.3, 107.967
5056, 66.33, 107.984
5057, 66.32, 108.001
5058, 66.34, 108.017
5059, 66.36, 108.034
5060, 66.36, 108.034
5061, 66.37, 108.05
5062, 66.4, 108.067
5063, 66.45, 108.084
5064, 66.47, 108.101
5065, 66.47, 108.117
5066, 66.49, 108.134
5067, 66.52, 108.15
5068, 66.54, 108.167
5069, 66.56, 108.184
5070, 66.56, 108.184
5071, 66.59, 108.201
5072, 66.62, 108.217
5073, 66.63, 108.234
5074, 66.66, 108.251
5075, 66.68, 108.267
5076, 66.7, 108.284
5077, 66.72, 108.3
5078, 66.74, 108.317
5079, 66.76, 108.334
5080, 66.76, 108.334
5081, 66.79, 108.351
5082, 66.81, 108.367
5083, 66.82, 108.384
5084, 66.84, 108.4
5085, 66.86, 108.417
5086, 66.89, 108.434
5087, 66.91, 108.451
5088, 66.93, 108.467
5089, 66.95, 108.484
5090, 66.95, 108.484
5091, 66.96, 108.501
5092, 66.96, 108.517
5093, 66.96, 108.534
5094, 66.95, 108.55
5095, 66.93, 108.567
5096, 66.9, 108.584
5097, 66.85, 108.601
5098, 66.78, 108.617
5099, 66.7, 108.634
5100, 66.7, 108.634
5101, 66.59, 108.65
5102, 66.44, 108.667
5103, 66.28, 108.684
5104, 66.1, 108.701
5105, 65.89, 108.717
5106, 65.69, 108.734
5107, 65.47, 108.751
5108, 65.19, 108.767
5109, 64.91, 108.784
5110, 64.66, 108.8
5111, 64.66, 108.8
5112, 64.38, 108.817
5113, 64.11, 108.834
5114, 63.85, 108.851
5115, 63.59, 108.867
5116, 63.32, 108.884
5117, 63.05, 108.9
5118, 62.77, 108.917
5119, 62.49, 108.934
5120, 62.21, 108.951
5121, 61.94, 108.967
5122, 61.68, 108.984
5123, 61.42, 109.001
5124, 61.16, 109.017
5125, 60.9, 109.034
5126, 60.65, 109.05
5127, 60.41, 109.067
5128, 60.16, 109.084
5129, 59.92, 109.101
5130, 59.67, 109.117
5131, 59.43, 109.134
5132, 59.2, 109.15
5133, 58.97, 109.167
5134, 58.74, 109.184
5135, 58.53, 109.201
5136, 58.3, 109.217
5137, 58.03, 109.234
5138, 57.81, 109.251
5139, 57.59, 109.267
5140, 57.31, 109.284
5141, 57.08, 109.3
5142, 56.88, 109.317
5143, 56.61, 109.334
5144, 56.27, 109.351
5145, 56, 109.367
5146, 55.54, 109.4
5147, 55.3, 109.417
5148, 55.08, 109.434
5149, 54.87, 109.451
5150, 54.65, 109.467
5151, 54.42, 109.484
5152, 54.21, 109.501
5153, 54.02, 109.517
5154, 53.83, 109.534
5155, 53.66, 109.55
5156, 53.34, 109.584
5157, 53.18, 109.601
5158, 53.03, 109.617
5159, 52.87, 109.634
5160, 52.73, 109.65
5161, 52.59, 109.667
5162, 52.46, 109.684
5163, 52.33, 109.701
5164, 52.09, 109.734
5165, 51.97, 109.751
5166, 51.87, 109.767
5167, 51.76, 109.784
5168, 51.65, 109.8
5169, 51.54, 109.817
5170, 51.33, 109.851
5171, 51.22, 109.867
5172, 51.12, 109.884
5173, 51.02, 109.9
5174, 50.92, 109.917
5175, 50.82, 109.934
5176, 50.62, 109.967
5177, 50.53, 109.984
5178, 50.44, 110.001
5179, 50.36, 110.017
5180, 50.28, 110.034
5181, 49.98, 110.067
5182, 49.83, 110.084
5183, 49.74, 110.101
5184, 49.6, 110.117
5185, 49.44, 110.134
5186, 49.07, 110.167
5187, 48.96, 110.184
5188, 48.83, 110.201
5189, 48.73, 110.217
5190, 48.4, 110.251
5191, 48.22, 110.267
5192, 48.11, 110.284
5193, 47.94, 110.3
5194, 47.79, 110.317
5195, 47.08, 110.351
5196, 46.79, 110.367
5197, 46.64, 110.384
5198, 46.41, 110.417
5199, 46.26, 110.434
5200, 46.07, 110.451
5201, 45.83, 110.467
5202, 45.38, 110.501
5203, 45.25, 110.517
5204, 45.1, 110.534
5205, 44.8, 110.567
5206, 44.64, 110.584
5207, 44.5, 110.601
5208, 44.22, 110.634
5209, 44.07, 110.65
5210, 43.81, 110.684
5211, 43.69, 110.701
5212, 43.58, 110.717
5213, 43.34, 110.751
5214, 43.22, 110.767
5215, 43.11, 110.784
5216, 42.85, 110.817
5217, 42.74, 110.834
5218, 42.49, 110.867
5219, 42.31, 110.884
5220, 42.16, 110.9
5221, 41.97, 110.934
5222, 41.86, 110.951
5223, 41.61, 110.984
5224, 41.52, 111.001
5225, 41.42, 111.034
5226, 41.36, 111.05
5227, 41.29, 111.067
5228, 41.14, 111.101
5229, 41.08, 111.117
5230, 40.96, 111.15
5231, 40.85, 111.167
5232, 40.65, 111.201
5233, 40.57, 111.217
5234, 40.43, 111.251
5235, 40.37, 111.267
5236, 40.25, 111.3
5237, 40.19, 111.317
5238, 40.08, 111.351
5239, 40.02, 111.367
5240, 39.88, 111.4
5241, 39.81, 111.417
5242, 39.69, 111.451
5243, 39.65, 111.467
5244, 39.57, 111.501
5245, 39.51, 111.517
5246, 39.2, 111.55
5247, 39.11, 111.567
5248, 39.02, 111.601
5249, 38.95, 111.617
5250, 38.76, 111.65
5251, 38.69, 111.667
5252, 38.55, 111.701
5253, 38.46, 111.717
5254, 38.27, 111.751
5255, 38.18, 111.767
5256, 38, 111.8
5257, 37.81, 111.834
5258, 37.72, 111.851
5259, 37.55, 111.884
5260, 37.47, 111.9
5261, 37.32, 111.934
5262, 37.22, 111.967
5263, 37.17, 111.984
5264, 37.09, 112.017
5265, 37.11, 112.034
5266, 37.2, 112.067
5267, 37.22, 112.101
5268, 37.27, 112.117
5269, 37.39, 112.15
5270, 37.5, 112.184
5271, 37.56, 112.201
5272, 37.7, 112.234
5273, 37.77, 112.251
5274, 37.91, 112.284
5275, 38.04, 112.317
5276, 38.11, 112.334
5277, 38.27, 112.367
5278, 38.37, 112.384
5279, 38.48, 112.417
5280, 38.59, 112.451
5281, 38.67, 112.467
5282, 38.76, 112.501
5283, 38.72, 112.517
5284, 38.99, 112.55
5285, 39.04, 112.567
5286, 39.16, 112.601
5287, 39.25, 112.617
5288, 39.37, 112.65
5289, 39.51, 112.684
5290, 39.59, 112.701
5291, 39.73, 112.734
5292, 39.81, 112.751
5293, 39.96, 112.784
5294, 40.03, 112.8
5295, 40.18, 112.834
5296, 40.25, 112.851
5297, 40.39, 112.884
5298, 40.46, 112.9
5299, 40.61, 112.934
5300, 40.7, 112.951
5301, 40.85, 112.984
5302, 40.91, 113.001
5303, 41.06, 113.034
5304, 41.14, 113.05
5305, 41.21, 113.067
5306, 41.37, 113.101
5307, 41.45, 113.117
5308, 41.59, 113.15
5309, 41.68, 113.167
5310, 41.84, 113.201
5311, 41.92, 113.217
5312, 42.09, 113.251
5313, 42.17, 113.267
5314, 42.24, 113.284
5315, 42.39, 113.317
5316, 42.47, 113.334
5317, 42.62, 113.367
5318, 42.69, 113.384
5319, 42.77, 113.4
5320, 42.92, 113.434
5321, 43, 113.451
5322, 43.14, 113.484
5323, 43.21, 113.501
5324, 43.29, 113.517
5325, 43.44, 113.55
5326, 43.51, 113.567
5327, 43.59, 113.584
5328, 43.74, 113.617
5329, 43.81, 113.634
5330, 43.95, 113.667
5331, 44.01, 113.684
5332, 44.08, 113.701
5333, 44.18, 113.734
5334, 44.23, 113.751
5335, 44.32, 113.767
5336, 44.54, 113.8
5337, 44.59, 113.817
5338, 44.64, 113.834
5339, 44.78, 113.867
5340, 44.86, 113.884
5341, 44.93, 113.9
5342, 45.06, 113.934
5343, 45.13, 113.951
5344, 45.21, 113.967
5345, 45.35, 114.001
5346, 45.43, 114.017
5347, 45.49, 114.034
5348, 45.62, 114.067
5349, 45.69, 114.084
5350, 45.75, 114.101
5351, 45.88, 114.134
5352, 45.94, 114.15
5353, 46, 114.167
5354, 46.06, 114.184
5355, 46.2, 114.217
5356, 46.28, 114.234
5357, 46.35, 114.251
5358, 46.47, 114.284
5359, 46.53, 114.3
5360, 46.6, 114.317
5361, 46.7, 114.351
5362, 46.76, 114.367
5363, 46.82, 114.384
5364, 46.9, 114.4
5365, 47.04, 114.434
5366, 47.08, 114.451
5367, 47.12, 114.467
5368, 47.23, 114.501
5369, 47.29, 114.517
5370, 47.36, 114.534
5371, 47.42, 114.55
5372, 47.55, 114.584
5373, 47.62, 114.601
5374, 47.69, 114.617
5375, 47.76, 114.634
5376, 47.72, 114.667
5377, 47.83, 114.684
5378, 47.94, 114.701
5379, 48.01, 114.734
5380, 48.07, 114.751
5381, 48.12, 114.767
5382, 48.17, 114.784
5383, 48.27, 114.817
5384, 48.32, 114.834
5385, 48.37, 114.851
5386, 48.41, 114.867
5387, 48.5, 114.9
5388, 48.54, 114.917
5389, 48.59, 114.934
5390, 48.64, 114.951
5391, 48.73, 114.984
5392, 48.75, 115.001
5393, 48.8, 115.017
5394, 48.87, 115.034
5395, 49.02, 115.067
5396, 49.03, 115.084
5397, 49.05, 115.101
5398, 49.11, 115.117
5399, 49.18, 115.15
5400, 49.23, 115.167
5401, 49.3, 115.184
5402, 49.35, 115.201
5403, 49.39, 115.217
5404, 49.5, 115.251
5405, 49.54, 115.267
5406, 49.57, 115.284
5407, 49.6, 115.3
5408, 49.61, 115.317
5409, 49.59, 115.351
5410, 49.54, 115.367
5411, 49.47, 115.384
5412, 49.4, 115.4
5413, 49.31, 115.417
5414, 49.06, 115.451
5415, 48.97, 115.467
5416, 48.86, 115.484
5417, 48.75, 115.501
5418, 48.59, 115.517
5419, 48.3, 115.55
5420, 48.15, 115.567
5421, 47.99, 115.584
5422, 47.83, 115.601
5423, 47.51, 115.634
5424, 47.36, 115.65
5425, 47.23, 115.667
5426, 47.09, 115.684
5427, 46.81, 115.717
5428, 46.71, 115.734
5429, 46.63, 115.751
5430, 46.55, 115.767
5431, 46.38, 115.8
5432, 46.34, 115.817
5433, 46.29, 115.834
5434, 46.02, 115.867
5435, 45.93, 115.884
5436, 45.92, 115.9
5437, 45.85, 115.934
5438, 45.78, 115.951
5439, 45.72, 115.967
5440, 45.63, 116.001
5441, 45.58, 116.017
5442, 45.52, 116.034
5443, 45.42, 116.067
5444, 45.37, 116.084
5445, 45.32, 116.101
5446, 45.21, 116.134
5447, 45.16, 116.15
5448, 45.11, 116.167
5449, 45, 116.201
5450, 44.94, 116.217
5451, 44.88, 116.234
5452, 44.77, 116.267
5453, 44.71, 116.284
5454, 44.65, 116.3
5455, 44.54, 116.334
5456, 44.47, 116.351
5457, 44.41, 116.367
5458, 44.3, 116.4
5459, 44.24, 116.417
5460, 44.19, 116.434
5461, 44.06, 116.467
5462, 43.99, 116.484
5463, 43.85, 116.517
5464, 43.77, 116.534
5465, 43.69, 116.55
5466, 43.53, 116.584
5467, 43.46, 116.601
5468, 43.35, 116.634
5469, 43.31, 116.65
5470, 43.28, 116.667
5471, 43.22, 116.701
5472, 43.24, 116.717
5473, 43.25, 116.734
5474, 43.2, 116.767
5475, 43.18, 116.784
5476, 43.16, 116.817
5477, 43.15, 116.834
5478, 43.15, 116.851
5479, 43.14, 116.884
5480, 43.17, 116.9
5481, 43.19, 116.917
5482, 43.18, 116.951
5483, 43.14, 116.967
5484, 43.1, 116.984
5485, 42.93, 117.017
5486, 42.83, 117.034
5487, 42.77, 117.067
5488, 42.73, 117.084
5489, 42.66, 117.101
5490, 42.44, 117.134
5491, 42.35, 117.15
5492, 42.15, 117.184
5493, 42.05, 117.201
5494, 41.93, 117.217
5495, 41.73, 117.251
5496, 41.66, 117.267
5497, 41.48, 117.3
5498, 41.4, 117.317
5499, 41.15, 117.351
5500, 41, 117.367
5501, 40.71, 117.4
5502, 40.68, 117.417
5503, 40.58, 117.451
5504, 40.53, 117.467
5505, 40.41, 117.501
5506, 40.37, 117.517
5507, 40.28, 117.55
5508, 40.24, 117.567
5509, 40.19, 117.584
5510, 40.1, 117.617
5511, 40.05, 117.634
5512, 39.95, 117.667
5513, 39.89, 117.684
5514, 39.78, 117.717
5515, 39.72, 117.734
5516, 39.6, 117.767
5517, 39.49, 117.8
5518, 39.43, 117.817
5519, 39.31, 117.851
5520, 39.25, 117.867
5521, 39.13, 117.9
5522, 39.07, 117.917
5523, 38.95, 117.951
5524, 38.89, 117.967
5525, 38.77, 118.001
5526, 38.72, 118.017
5527, 38.64, 118.067
5528, 38.61, 118.084
5529, 38.55, 118.117
5530, 38.63, 118.15
5531, 38.63, 118.167
5532, 38.61, 118.201
5533, 38.63, 118.217
5534, 38.65, 118.251
5535, 38.69, 118.267
5536, 38.75, 118.3
5537, 38.75, 118.317
5538, 38.83, 118.351
5539, 38.95, 118.367
5540, 39.23, 118.4
5541, 39.31, 118.417
5542, 39.36, 118.451
5543, 39.39, 118.467
5544, 39.52, 118.501
5545, 39.6, 118.517
5546, 39.68, 118.534
5547, 39.81, 118.567
5548, 39.88, 118.584
5549, 40, 118.617
5550, 40.05, 118.634
5551, 40.18, 118.667
5552, 40.26, 118.684
5553, 40.4, 118.717
5554, 40.47, 118.734
5555, 40.6, 118.767
5556, 40.66, 118.784
5557, 40.79, 118.817
5558, 40.86, 118.834
5559, 40.98, 118.867
5560, 41.04, 118.884
5561, 41.08, 118.9
5562, 41.17, 118.934
5563, 41.23, 118.951
5564, 41.36, 118.984
5565, 41.42, 119.001
5566, 41.55, 119.034
5567, 41.62, 119.05
5568, 41.75, 119.084
5569, 41.81, 119.101
5570, 41.88, 119.134
5571, 41.93, 119.15
5572, 42.12, 119.184
5573, 42.21, 119.201
5574, 42.25, 119.217
5575, 42.37, 119.251
5576, 42.45, 119.267
5577, 42.59, 119.3
5578, 42.67, 119.317
5579, 42.79, 119.351
5580, 42.86, 119.367
5581, 42.94, 119.384
5582, 43.06, 119.417
5583, 43.11, 119.434
5584, 43.29, 119.467
5585, 43.38, 119.484
5586, 43.44, 119.501
5587, 43.55, 119.534
5588, 43.61, 119.55
5589, 43.69, 119.567
5590, 43.84, 119.601
5591, 43.9, 119.617
5592, 44.04, 119.65
5593, 44.11, 119.667
5594, 44.17, 119.684
5595, 44.32, 119.717
5596, 44.39, 119.734
5597, 44.45, 119.751
5598, 44.58, 119.784
5599, 44.65, 119.8
5600, 44.72, 119.817
5601, 44.86, 119.851
5602, 44.93, 119.867
5603, 45, 119.884
5604, 45.13, 119.917
5605, 45.2, 119.934
5606, 45.26, 119.951
5607, 45.38, 119.984
5608, 45.44, 120.001
5609, 45.5, 120.017
5610, 45.65, 120.05
5611, 45.72, 120.067
5612, 45.78, 120.084
5613, 45.92, 120.117
5614, 45.98, 120.134
5615, 46.05, 120.15
5616, 46.2, 120.184
5617, 46.27, 120.201
5618, 46.33, 120.217
5619, 46.46, 120.251
5620, 46.53, 120.267
5621, 46.6, 120.284
5622, 46.66, 120.3
5623, 46.78, 120.334
5624, 46.85, 120.351
5625, 46.91, 120.367
5626, 47.05, 120.4
5627, 47.11, 120.417
5628, 47.18, 120.434
5629, 47.24, 120.451
5630, 47.37, 120.484
5631, 47.43, 120.501
5632, 47.48, 120.517
5633, 47.54, 120.534
5634, 47.64, 120.567
5635, 47.69, 120.584
5636, 47.74, 120.601
5637, 47.78, 120.617
5638, 47.86, 120.65
5639, 47.89, 120.667
5640, 47.92, 120.684
5641, 47.96, 120.717
5642, 47.96, 120.734
5643, 47.95, 120.751
5644, 47.92, 120.767
5645, 47.76, 120.8
5646, 47.63, 120.817
5647, 47.48, 120.834
5648, 47.32, 120.851
5649, 46.97, 120.884
5650, 46.75, 120.9
5651, 46.5, 120.917
5652, 46.29, 120.934
5653, 45.91, 120.967
5654, 45.7, 120.984
5655, 45.51, 121.001
5656, 45.12, 121.034
5657, 44.88, 121.05
5658, 44.63, 121.067
5659, 44.16, 121.101
5660, 43.95, 121.117
5661, 43.73, 121.134
5662, 43.28, 121.167
5663, 43.07, 121.184
5664, 42.68, 121.217
5665, 42.48, 121.234
5666, 42.29, 121.251
5667, 41.96, 121.284
5668, 41.79, 121.3
5669, 41.46, 121.334
5670, 41.31, 121.351
5671, 41.01, 121.384
5672, 40.87, 121.4
5673, 40.62, 121.434
5674, 40.5, 121.451
5675, 40.25, 121.484
5676, 40.13, 121.501
5677, 39.91, 121.534
5678, 39.8, 121.55
5679, 39.48, 121.584
5680, 39.27, 121.601
5681, 39.02, 121.634
5682, 38.91, 121.65
5683, 38.68, 121.684
5684, 38.56, 121.701
5685, 38.34, 121.734
5686, 38.22, 121.751
5687, 38, 121.784
5688, 37.8, 121.817
5689, 37.69, 121.834
5690, 37.45, 121.867
5691, 37.33, 121.884
5692, 37.18, 121.917
5693, 37.01, 121.951
5694, 36.92, 121.967
5695, 36.79, 122.001
5696, 36.66, 122.034
5697, 36.59, 122.05
5698, 36.46, 122.084
5699, 36.4, 122.101
5700, 36.29, 122.134
5701, 36.18, 122.167
5702, 36.12, 122.184
5703, 36.02, 122.217
5704, 35.91, 122.251
5705, 35.86, 122.267
5706, 35.75, 122.3
5707, 35.63, 122.334
5708, 35.52, 122.367
5709, 35.47, 122.384
5710, 35.36, 122.417
5711, 35.25, 122.451
5712, 35.19, 122.467
5713, 35.06, 122.501
5714, 34.91, 122.534
5715, 34.86, 122.55
5716, 34.78, 122.584
5717, 34.72, 122.617
5718, 34.69, 122.634
5719, 34.63, 122.667
5720, 34.58, 122.701
5721, 34.52, 122.734
5722, 34.53, 122.751
5723, 34.58, 122.784
5724, 34.54, 122.817
5725, 34.56, 122.834
5726, 34.62, 122.867
5727, 34.6, 122.9
5728, 34.63, 122.934
5729, 34.65, 122.951
5730, 34.68, 122.984
5731, 34.71, 123.017
5732, 34.72, 123.034
5733, 34.76, 123.05
5734, 34.82, 123.084
5735, 34.86, 123.117
5736, 34.88, 123.134
5737, 34.96, 123.167
5738, 35.07, 123.201
5739, 35.1, 123.217
5740, 35.15, 123.251
5741, 35.26, 123.284
5742, 35.31, 123.3
5743, 35.41, 123.334
5744, 35.49, 123.367
5745, 35.55, 123.384
5746, 35.65, 123.417
5747, 35.68, 123.451
5748, 35.71, 123.467
5749, 35.76, 123.501
5750, 35.88, 123.517
5751, 36.21, 123.55
5752, 36.26, 123.584
5753, 36.25, 123.601
5754, 36.28, 123.634
5755, 36.46, 123.667
5756, 36.57, 123.684
5757, 36.81, 123.717
5758, 36.87, 123.734
5759, 37.01, 123.767
5760, 37.13, 123.8
5761, 37.22, 123.817
5762, 37.45, 123.851
5763, 37.54, 123.867
5764, 37.63, 123.9
5765, 37.78, 123.934
5766, 37.89, 123.951
5767, 38.19, 123.984
5768, 38.31, 124.001
5769, 38.47, 124.034
5770, 38.55, 124.05
5771, 38.78, 124.084
5772, 39, 124.117
5773, 39.1, 124.134
5774, 39.31, 124.167
5775, 39.4, 124.184
5776, 39.42, 124.217
5777, 39.53, 124.234
5778, 39.79, 124.267
5779, 39.86, 124.284
5780, 40.07, 124.317
5781, 40.15, 124.334
5782, 40.36, 124.367
5783, 40.46, 124.384
5784, 40.66, 124.417
5785, 40.76, 124.434
5786, 40.93, 124.467
5787, 41.03, 124.484
5788, 41.21, 124.517
5789, 41.3, 124.534
5790, 41.48, 124.567
5791, 41.58, 124.584
5792, 41.74, 124.617
5793, 41.79, 124.634
5794, 41.82, 124.65
5795, 42.05, 124.684
5796, 42.17, 124.701
5797, 42.25, 124.734
5798, 42.3, 124.751
5799, 42.58, 124.784
5800, 42.67, 124.8
5801, 42.72, 124.817
5802, 42.84, 124.851
5803, 42.91, 124.867
5804, 43.04, 124.9
5805, 43.13, 124.917
5806, 43.21, 124.934
5807, 43.36, 124.967
5808, 43.49, 124.984
5809, 43.71, 125.017
5810, 43.77, 125.034
5811, 43.83, 125.05
5812, 44.01, 125.084
5813, 44.08, 125.101
5814, 44.15, 125.117
5815, 44.3, 125.15
5816, 44.38, 125.167
5817, 44.47, 125.184
5818, 44.64, 125.217
5819, 44.72, 125.234
5820, 44.8, 125.251
5821, 44.96, 125.284
5822, 45.05, 125.3
5823, 45.13, 125.317
5824, 45.3, 125.351
5825, 45.38, 125.367
5826, 45.46, 125.384
5827, 45.62, 125.417
5828, 45.7, 125.434
5829, 45.78, 125.451
5830, 45.94, 125.484
5831, 46.02, 125.501
5832, 46.1, 125.517
5833, 46.25, 125.55
5834, 46.33, 125.567
5835, 46.41, 125.584
5836, 46.49, 125.601
5837, 46.65, 125.634
5838, 46.72, 125.65
5839, 46.8, 125.667
5840, 46.95, 125.701
5841, 47.03, 125.717
5842, 47.1, 125.734
5843, 47.18, 125.751
5844, 47.32, 125.784
5845, 47.4, 125.8
5846, 47.47, 125.817
5847, 47.54, 125.834
5848, 47.69, 125.867
5849, 47.76, 125.884
5850, 47.83, 125.9
5851, 47.9, 125.917
5852, 48.04, 125.951
5853, 48.11, 125.967
5854, 48.18, 125.984
5855, 48.25, 126.001
5856, 48.39, 126.034
5857, 48.46, 126.05
5858, 48.53, 126.067
5859, 48.59, 126.084
5860, 48.72, 126.117
5861, 48.8, 126.134
5862, 48.88, 126.15
5863, 48.95, 126.167
5864, 49, 126.184
5865, 49.11, 126.217
5866, 49.17, 126.234
5867, 49.24, 126.251
5868, 49.3, 126.267
5869, 49.43, 126.3
5870, 49.49, 126.317
5871, 49.54, 126.334
5872, 49.56, 126.351
5873, 49.53, 126.367
5874, 49.77, 126.4
5875, 49.81, 126.417
5876, 49.86, 126.434
5877, 49.93, 126.451
5878, 50.08, 126.484
5879, 50.14, 126.501
5880, 50.21, 126.517
5881, 50.28, 126.534
5882, 50.35, 126.55
5883, 50.47, 126.584
5884, 50.54, 126.601
5885, 50.61, 126.617
5886, 50.68, 126.634
5887, 50.74, 126.65
5888, 50.8, 126.667
5889, 50.93, 126.701
5890, 51, 126.717
5891, 51.06, 126.734
5892, 51.13, 126.751
5893, 51.2, 126.767
5894, 51.33, 126.8
5895, 51.4, 126.817
5896, 51.46, 126.834
5897, 51.52, 126.851
5898, 51.59, 126.867
5899, 51.65, 126.884
5900, 51.77, 126.917
5901, 51.83, 126.934
5902, 51.89, 126.951
5903, 51.95, 126.967
5904, 52.01, 126.984
5905, 52.08, 127.001
5906, 52.2, 127.034
5907, 52.26, 127.05
5908, 52.32, 127.067
5909, 52.38, 127.084
5910, 52.44, 127.101
5911, 52.5, 127.117
5912, 52.56, 127.134
5913, 52.69, 127.167
5914, 52.75, 127.184
5915, 52.81, 127.201
5916, 52.87, 127.217
5917, 52.93, 127.234
5918, 53, 127.251
5919, 53.06, 127.267
5920, 53.18, 127.3
5921, 53.24, 127.317
5922, 53.3, 127.334
5923, 53.36, 127.351
5924, 53.42, 127.367
5925, 53.48, 127.384
5926, 53.53, 127.4
5927, 53.59, 127.417
5928, 53.71, 127.451
5929, 53.77, 127.467
5930, 53.82, 127.484
5931, 53.88, 127.501
5932, 53.93, 127.517
5933, 53.99, 127.534
5934, 54.05, 127.55
5935, 54.11, 127.567
5936, 54.17, 127.584
5937, 54.28, 127.617
5938, 54.34, 127.634
5939, 54.4, 127.65
5940, 54.45, 127.667
5941, 54.51, 127.684
5942, 54.57, 127.701
5943, 54.62, 127.717
5944, 54.68, 127.734
5945, 54.73, 127.751
5946, 54.84, 127.784
5947, 54.89, 127.8
5948, 54.94, 127.817
5949, 55, 127.834
5950, 55.05, 127.851
5951, 55.11, 127.867
5952, 55.16, 127.884
5953, 55.21, 127.9
5954, 55.27, 127.917
5955, 55.32, 127.934
5956, 55.37, 127.951
5957, 55.48, 127.984
5958, 55.53, 128.001
5959, 55.58, 128.017
5960, 55.63, 128.034
5961, 55.69, 128.051
5962, 55.74, 128.067
5963, 55.79, 128.084
5964, 55.84, 128.1
5965, 55.89, 128.117
5966, 55.94, 128.134
5967, 55.99, 128.15
5968, 56.04, 128.167
5969, 56.09, 128.184
5970, 56.19, 128.217
5971, 56.24, 128.234
5972, 56.29, 128.251
5973, 56.34, 128.267
5974, 56.39, 128.284
5975, 56.45, 128.301
5976, 56.5, 128.317
5977, 56.55, 128.334
5978, 56.6, 128.35
5979, 56.65, 128.367
5980, 56.69, 128.384
5981, 56.74, 128.4
5982, 56.79, 128.417
5983, 56.83, 128.434
5984, 56.88, 128.451
5985, 56.93, 128.467
5986, 56.97, 128.484
5987, 57.06, 128.517
5988, 57.11, 128.534
5989, 57.15, 128.551
5990, 57.2, 128.567
5991, 57.24, 128.584
5992, 57.28, 128.6
5993, 57.32, 128.617
5994, 57.37, 128.634
5995, 57.41, 128.65
5996, 57.46, 128.667
5997, 57.5, 128.684
5998, 57.55, 128.701
5999, 57.59, 128.717
6000, 57.64, 128.734
6001, 57.68, 128.751
6002, 57.73, 128.767
6003, 57.77, 128.784
6004, 57.81, 128.801
6005, 57.85, 128.817
6006, 57.9, 128.834
6007, 57.94, 128.85
6008, 57.98, 128.867
6009, 58.06, 128.9
6010, 58.1, 128.917
6011, 58.14, 128.934
6012, 58.14, 128.934
6013, 58.22, 128.967
6014, 58.26, 128.984
6015, 58.3, 129.001
6016, 58.34, 129.017
6017, 58.37, 129.034
6018, 58.41, 129.051
6019, 58.45, 129.067
6020, 58.49, 129.084
6021, 58.53, 129.1
6022, 58.56, 129.117
6023, 58.6, 129.134
6024, 58.64, 129.15
6025, 58.64, 129.15
6026, 58.64, 129.15
6027, 58.75, 129.201
6028, 58.78, 129.217
6029, 58.82, 129.234
6030, 58.86, 129.251
6031, 58.89, 129.267
6032, 58.93, 129.284
6033, 58.97, 129.301
6034, 59.01, 129.317
6035, 59.04, 129.334
6036, 59.08, 129.35
6037, 59.08, 129.35
6038, 59.08, 129.35
6039, 59.08, 129.35
6040, 59.22, 129.417
6041, 59.25, 129.434
6042, 59.29, 129.451
6043, 59.32, 129.467
6044, 59.35, 129.484
6045, 59.39, 129.501
6046, 59.42, 129.517
6047, 59.45, 129.534
6048, 59.49, 129.551
6049, 59.52, 129.567
6050, 59.55, 129.584
6051, 59.59, 129.6
6052, 59.62, 129.617
6053, 59.65, 129.634
6054, 59.69, 129.65
6055, 59.72, 129.667
6056, 59.75, 129.684
6057, 59.79, 129.701
6058, 59.82, 129.717
6059, 59.85, 129.734
6060, 59.83, 129.751
6061, 59.78, 129.767
6062, 59.89, 129.784
6063, 59.94, 129.801
6064, 59.9, 129.817
6065, 59.95, 129.834
6066, 60, 129.85
6067, 60.01, 129.867
6068, 60.03, 129.884
6069, 60.07, 129.9
6070, 60.1, 129.917
6071, 60.13, 129.934
6072, 60.16, 129.951
6073, 60.2, 129.967
6074, 60.22, 129.984
6075, 60.26, 130.001
6076, 60.29, 130.017
6077, 60.33, 130.034
6078, 60.36, 130.051
6079, 60.39, 130.067
6080, 60.42, 130.084
6081, 60.45, 130.1
6082, 60.48, 130.117
6083, 60.48, 130.117
6084, 60.51, 130.15
6085, 60.53, 130.167
6086, 60.55, 130.184
6087, 60.55, 130.184
6088, 60.55, 130.184
6089, 60.55, 130.184
6090, 60.75, 130.251
6091, 60.71, 130.267
6092, 60.73, 130.284
6093, 60.79, 130.301
6094, 60.82, 130.317
6095, 60.82, 130.334
6096, 60.85, 130.35
6097, 60.87, 130.367
6098, 60.9, 130.384
6099, 60.92, 130.4
6100, 60.96, 130.417
6101, 60.99, 130.434
6102, 61.02, 130.451
6103, 61.05, 130.467
6104, 61.08, 130.484
6105, 61.1, 130.501
6106, 61.13, 130.517
6107, 61.17, 130.534
6108, 61.2, 130.551
6109, 61.23, 130.567
6110, 61.25, 130.584
6111, 61.28, 130.6
6112, 61.31, 130.617
6113, 61.35, 130.634
6114, 61.39, 130.65
6115, 61.42, 130.667
6116, 61.44, 130.684
6117, 61.47, 130.701
6118, 61.49, 130.717
6119, 61.51, 130.734
6120, 61.52, 130.751
6121, 61.51, 130.767
6122, 61.52, 130.784
6123, 61.62, 130.801
6124, 61.74, 130.817
6125, 61.78, 130.834
6126, 61.76, 130.85
6127, 61.79, 130.867
6128, 61.83, 130.884
6129, 61.83, 130.884
6130, 61.85, 130.9
6131, 61.87, 130.917
6132, 61.9, 130.934
6133, 61.93, 130.951
6134, 61.96, 130.967
6135, 61.97, 130.984
6136, 62, 131.001
6137, 62.07, 131.017
6138, 62.17, 131.034
6139, 62.18, 131.051
6140, 62.13, 131.067
6141, 62.15, 131.084
6142, 62.2, 131.1
6143, 62.22, 131.117
6144, 62.24, 131.134
6145, 62.31, 131.15
6146, 62.37, 131.167
6147, 62.39, 131.184
6148, 62.41, 131.201
6149, 62.44, 131.217
6150, 62.47, 131.234
6151, 62.49, 131.251
6152, 62.51, 131.267
6153, 62.54, 131.284
6154, 62.55, 131.301
6155, 62.58, 131.317
6156, 62.64, 131.334
6157, 62.71, 131.35
6158, 62.71, 131.35
6159, 62.75, 131.367
6160, 62.77, 131.384
6161, 62.79, 131.4
6162, 62.82, 131.417
6163, 62.85, 131.434
6164, 62.88, 131.451
6165, 62.92, 131.467
6166, 62.96, 131.484
6167, 62.99, 131.501
6168, 63.03, 131.517
6169, 63.06, 131.534
6170, 63.09, 131.551
6171, 63.12, 131.567
6172, 63.16, 131.584
6173, 63.19, 131.6
6174, 63.23, 131.617
6175, 63.26, 131.634
6176, 63.3, 131.65
6177, 63.33, 131.667
6178, 63.36, 131.684
6179, 63.4, 131.701
6180, 63.4, 131.701
6181, 63.43, 131.717
6182, 63.46, 131.734
6183, 63.49, 131.751
6184, 63.52, 131.767
6185, 63.56, 131.784
6186, 63.59, 131.801
6187, 63.62, 131.817
6188, 63.65, 131.834
6189, 63.68, 131.85
6190, 63.71, 131.867
6191, 63.74, 131.884
6192, 63.76, 131.9
6193, 63.79, 131.917
6194, 63.82, 131.934
6195, 63.84, 131.951
6196, 63.87, 131.967
6197, 63.89, 131.984
6198, 63.89, 131.984
6199, 63.91, 132.001
6200, 63.94, 132.017
6201, 63.96, 132.034
6202, 63.98, 132.051
6203, 64.01, 132.067
6204, 64.04, 132.084
6205, 64.07, 132.1
6206, 64.1, 132.117
6207, 64.13, 132.134
6208, 64.16, 132.15
6209, 64.18, 132.167
6210, 64.2, 132.184
6211, 64.22, 132.201
6212, 64.24, 132.217
6213, 64.24, 132.217
6214, 64.27, 132.234
6215, 64.29, 132.251
6216, 64.31, 132.267
6217, 64.33, 132.284
6218, 64.35, 132.301
6219, 64.37, 132.317
6220, 64.38, 132.334
6221, 64.4, 132.35
6222, 64.43, 132.367
6223, 64.45, 132.384
6224, 64.48, 132.4
6225, 64.51, 132.417
6226, 64.52, 132.434
6227, 64.52, 132.434
6228, 64.53, 132.451
6229, 64.56, 132.467
6230, 64.58, 132.484
6231, 64.59, 132.501
6232, 64.61, 132.517
6233, 64.62, 132.534
6234, 64.64, 132.551
6235, 64.66, 132.567
6236, 64.68, 132.584
6237, 64.69, 132.6
6238, 64.71, 132.617
6239, 64.72, 132.634
6240, 64.72, 132.634
6241, 64.73, 132.65
6242, 64.74, 132.667
6243, 64.75, 132.684
6244, 64.77, 132.701
6245, 64.78, 132.717
6246, 64.8, 132.734
6247, 64.82, 132.751
6248, 64.84, 132.767
6249, 64.85, 132.784
6250, 64.86, 132.801
6251, 64.87, 132.817
6252, 64.87, 132.834
6253, 64.87, 132.834
6254, 64.88, 132.85
6255, 64.9, 132.867
6256, 64.92, 132.884
6257, 64.94, 132.9
6258, 64.97, 132.917
6259, 64.98, 132.934
6260, 64.99, 132.951
6261, 65.01, 132.967
6262, 65.02, 132.984
6263, 65.03, 133.001
6264, 65.03, 133.017
6265, 65.04, 133.034
6266, 65.05, 133.034
6267, 65.05, 133.034
6268, 65.06, 133.051
6269, 65.08, 133.067
6270, 65.09, 133.084
6271, 65.1, 133.1
6272, 65.11, 133.117
6273, 65.13, 133.134
6274, 65.16, 133.15
6275, 65.18, 133.167
6276, 65.19, 133.184
6277, 65.19, 133.201
6278, 65.2, 133.217
6279, 65.2, 133.217
6280, 65.21, 133.234
6281, 65.22, 133.251
6282, 65.23, 133.267
6283, 65.24, 133.284
6284, 65.26, 133.301
6285, 65.27, 133.317
6286, 65.28, 133.334
6287, 65.29, 133.35
6288, 65.3, 133.367
6289, 65.3, 133.384
6290, 65.32, 133.4
6291, 65.32, 133.417
6292, 65.32, 133.417
6293, 65.33, 133.434
6294, 65.34, 133.451
6295, 65.35, 133.467
6296, 65.36, 133.484
6297, 65.38, 133.501
6298, 65.39, 133.517
6299, 65.4, 133.534
6300, 65.4, 133.551
6301, 65.4, 133.567
6302, 65.4, 133.584
6303, 65.41, 133.6
6304, 65.41, 133.617
6305, 65.41, 133.617
6306, 65.42, 133.634
6307, 65.42, 133.65
6308, 65.44, 133.667
6309, 65.45, 133.684
6310, 65.46, 133.701
6311, 65.47, 133.717
6312, 65.47, 133.734
6313, 65.48, 133.751
6314, 65.49, 133.767
6315, 65.49, 133.784
6316, 65.49, 133.801
6317, 65.49, 133.801
6318, 65.49, 133.817
6319, 65.49, 133.834
6320, 65.49, 133.85
6321, 65.49, 133.867
6322, 65.5, 133.884
6323, 65.5, 133.9
6324, 65.51, 133.917
6325, 65.52, 133.934
6326, 65.53, 133.951
6327, 65.53, 133.967
6328, 65.54, 133.984
6329, 65.54, 134.001
6330, 65.54, 134.001
6331, 65.55, 134.017
6332, 65.55, 134.034
6333, 65.55, 134.051
6334, 65.55, 134.067
6335, 65.56, 134.084
6336, 65.57, 134.1
6337, 65.58, 134.117
6338, 65.58, 134.134
6339, 65.58, 134.15
6340, 65.58, 134.167
6341, 65.57, 134.184
6342, 65.57, 134.201
6343, 65.57, 134.201
6344, 65.57, 134.217
6345, 65.57, 134.234
6346, 65.58, 134.251
6347, 65.58, 134.267
6348, 65.59, 134.284
6349, 65.58, 134.301
6350, 65.58, 134.317
6351, 65.57, 134.334
6352, 65.57, 134.35
6353, 65.57, 134.367
6354, 65.57, 134.384
6355, 65.57, 134.4
6356, 65.57, 134.4
6357, 65.56, 134.417
6358, 65.55, 134.434
6359, 65.55, 134.451
6360, 65.55, 134.467
6361, 65.54, 134.484
6362, 65.54, 134.501
6363, 65.53, 134.517
6364, 65.53, 134.534
6365, 65.53, 134.551
6366, 65.52, 134.567
6367, 65.51, 134.584
6368, 65.5, 134.6
6369, 65.5, 134.6
6370, 65.49, 134.617
6371, 65.48, 134.634
6372, 65.48, 134.65
6373, 65.48, 134.667
6374, 65.47, 134.684
6375, 65.46, 134.701
6376, 65.45, 134.717
6377, 65.43, 134.734
6378, 65.39, 134.751
6379, 65.36, 134.767
6380, 65.37, 134.784
6381, 65.43, 134.801
6382, 65.45, 134.817
6383, 65.45, 134.817
6384, 65.45, 134.834
6385, 65.46, 134.85
6386, 65.46, 134.867
6387, 65.46, 134.884
6388, 65.45, 134.9
6389, 65.45, 134.917
6390, 65.47, 134.934
6391, 65.5, 134.951
6392, 65.52, 134.967
6393, 65.5, 134.984
6394, 65.5, 135.001
6395, 65.51, 135.017
6396, 65.51, 135.017
6397, 65.5, 135.034
6398, 65.51, 135.051
6399, 65.54, 135.067
6400, 65.57, 135.084
6401, 65.58, 135.1
6402, 65.57, 135.117
6403, 65.58, 135.134
6404, 65.58, 135.15
6405, 65.58, 135.167
6406, 65.58, 135.184
6407, 65.59, 135.201
6408, 65.59, 135.217
6409, 65.59, 135.217
6410, 65.58, 135.234
6411, 65.56, 135.251
6412, 65.52, 135.267
6413, 65.5, 135.284
6414, 65.56, 135.301
6415, 65.64, 135.317
6416, 65.68, 135.334
6417, 65.67, 135.35
6418, 65.66, 135.367
6419, 65.67, 135.384
6420, 65.69, 135.4
6421, 65.69, 135.4
6422, 65.72, 135.417
6423, 65.75, 135.434
6424, 65.75, 135.451
6425, 65.76, 135.467
6426, 65.77, 135.484
6427, 65.77, 135.501
6428, 65.78, 135.517
6429, 65.79, 135.534
6430, 65.8, 135.551
6431, 65.82, 135.567
6432, 65.82, 135.567
6433, 65.84, 135.584
6434, 65.86, 135.6
6435, 65.87, 135.617
6436, 65.88, 135.634
6437, 65.88, 135.65
6438, 65.88, 135.667
6439, 65.88, 135.684
6440, 65.87, 135.701
6441, 65.86, 135.717
6442, 65.86, 135.734
6443, 65.91, 135.751
6444, 65.91, 135.751
6445, 65.96, 135.767
6446, 65.98, 135.784
6447, 65.97, 135.801
6448, 65.98, 135.817
6449, 65.99, 135.834
6450, 65.99, 135.85
6451, 66, 135.867
6452, 66.03, 135.884
6453, 66.07, 135.9
6454, 66.1, 135.917
6455, 66.1, 135.917
6456, 66.12, 135.934
6457, 66.14, 135.951
6458, 66.15, 135.967
6459, 66.16, 135.984
6460, 66.17, 136.001
6461, 66.19, 136.017
6462, 66.22, 136.034
6463, 66.25, 136.051
6464, 66.26, 136.067
6465, 66.26, 136.084
6466, 66.26, 136.084
6467, 66.27, 136.1
6468, 66.3, 136.117
6469, 66.32, 136.134
6470, 66.34, 136.15
6471, 66.36, 136.167
6472, 66.36, 136.184
6473, 66.36, 136.201
6474, 66.36, 136.217
6475, 66.37, 136.234
6476, 66.37, 136.251
6477, 66.37, 136.251
6478, 66.38, 136.267
6479, 66.39, 136.284
6480, 66.41, 136.301
6481, 66.44, 136.317
6482, 66.46, 136.334
6483, 66.46, 136.35
6484, 66.47, 136.367
6485, 66.47, 136.384
6486, 66.47, 136.4
6487, 66.47, 136.4
6488, 66.46, 136.417
6489, 66.47, 136.434
6490, 66.48, 136.451
6491, 66.48, 136.467
6492, 66.49, 136.484
6493, 66.5, 136.501
6494, 66.51, 136.517
6495, 66.53, 136.534
6496, 66.54, 136.551
6497, 66.55, 136.567
6498, 66.55, 136.567
6499, 66.57, 136.584
6500, 66.57, 136.6
6501, 66.58, 136.617
6502, 66.6, 136.634
6503, 66.61, 136.65
6504, 66.62, 136.667
6505, 66.63, 136.684
6506, 66.64, 136.701
6507, 66.65, 136.717
6508, 66.66, 136.734
6509, 66.66, 136.734
6510, 66.67, 136.751
6511, 66.68, 136.767
6512, 66.69, 136.784
6513, 66.7, 136.801
6514, 66.72, 136.817
6515, 66.73, 136.834
6516, 66.74, 136.85
6517, 66.75, 136.867
6518, 66.75, 136.884
6519, 66.75, 136.884
6520, 66.75, 136.9
6521, 66.76, 136.917
6522, 66.79, 136.934
6523, 66.81, 136.951
6524, 66.83, 136.967
6525, 66.84, 136.984
6526, 66.85, 137.001
6527, 66.85, 137.017
6528, 66.86, 137.034
6529, 66.86, 137.034
6530, 66.86, 137.051
6531, 66.86, 137.067
6532, 66.86, 137.084
6533, 66.87, 137.1
6534, 66.87, 137.117
6535, 66.87, 137.134
6536, 66.88, 137.15
6537, 66.89, 137.167
6538, 66.89, 137.184
6539, 66.89, 137.184
6540, 66.88, 137.201
6541, 66.87, 137.217
6542, 66.86, 137.234
6543, 66.85, 137.251
6544, 66.85, 137.267
6545, 66.84, 137.284
6546, 66.85, 137.301
6547, 66.86, 137.317
6548, 66.86, 137.317
6549, 66.86, 137.334
6550, 66.87, 137.35
6551, 66.87, 137.367
6552, 66.87, 137.384
6553, 66.87, 137.4
6554, 66.87, 137.417
6555, 66.87, 137.434
6556, 66.87, 137.451
6557, 66.87, 137.451
6558, 66.87, 137.467
6559, 66.87, 137.484
6560, 66.87, 137.501
6561, 66.87, 137.517
6562, 66.86, 137.534
6563, 66.86, 137.551
6564, 66.86, 137.567
6565, 66.86, 137.567
6566, 66.86, 137.584
6567, 66.86, 137.6
6568, 66.87, 137.617
6569, 66.87, 137.634
6570, 66.88, 137.65
6571, 66.88, 137.667
6572, 66.88, 137.684
6573, 66.88, 137.684
6574, 66.89, 137.701
6575, 66.89, 137.717
6576, 66.88, 137.734
6577, 66.86, 137.751
6578, 66.85, 137.767
6579, 66.84, 137.784
6580, 66.87, 137.801
6581, 66.9, 137.817
6582, 66.9, 137.817
6583, 66.9, 137.834
6584, 66.91, 137.85
6585, 66.92, 137.867
6586, 66.92, 137.884
6587, 66.93, 137.9
6588, 66.93, 137.917
6589, 66.94, 137.934
6590, 66.94, 137.934
6591, 66.95, 137.951
6592, 66.97, 137.967
6593, 66.99, 137.984
6594, 66.99, 138.001
6595, 67, 138.017
6596, 67.02, 138.051
6597, 67.04, 138.067
6598, 67.06, 138.084
6599, 67.06, 138.084
6600, 67.08, 138.1
6601, 67.09, 138.117
6602, 67.1, 138.134
6603, 67.11, 138.15
6604, 67.12, 138.167
6605, 67.14, 138.184
6606, 67.16, 138.201
6607, 67.18, 138.217
6608, 67.18, 138.217
6609, 67.19, 138.234
6610, 67.2, 138.251
6611, 67.2, 138.267
6612, 67.2, 138.284
6613, 67.21, 138.301
6614, 67.22, 138.317
6615, 67.24, 138.334
6616, 67.24, 138.334
6617, 67.26, 138.35
6618, 67.28, 138.367
6619, 67.3, 138.384
6620, 67.31, 138.4
6621, 67.33, 138.417
6622, 67.34, 138.434
6623, 67.36, 138.451
6624, 67.36, 138.451
6625, 67.37, 138.467
6626, 67.38, 138.484
6627, 67.39, 138.501
6628, 67.39, 138.517
6629, 67.39, 138.534
6630, 67.4, 138.551
6631, 67.42, 138.567
6632, 67.44, 138.584
6633, 67.44, 138.584
6634, 67.47, 138.6
6635, 67.49, 138.617
6636, 67.5, 138.634
6637, 67.5, 138.65
6638, 67.52, 138.667
6639, 67.54, 138.684
6640, 67.55, 138.701
6641, 67.56, 138.717
6642, 67.56, 138.717
6643, 67.57, 138.734
6644, 67.59, 138.751
6645, 67.59, 138.767
6646, 67.6, 138.784
6647, 67.61, 138.801
6648, 67.61, 138.817
6649, 67.61, 138.834
6650, 67.61, 138.85
6651, 67.61, 138.85
6652, 67.61, 138.867
6653, 67.61, 138.884
6654, 67.62, 138.9
6655, 67.62, 138.917
6656, 67.64, 138.934
6657, 67.65, 138.951
6658, 67.66, 138.967
6659, 67.66, 138.967
6660, 67.66, 138.984
6661, 67.66, 139.001
6662, 67.66, 139.017
6663, 67.66, 139.034
6664, 67.67, 139.051
6665, 67.67, 139.067
6666, 67.67, 139.084
6667, 67.66, 139.1
6668, 67.66, 139.1
6669, 67.66, 139.117
6670, 67.65, 139.134
6671, 67.65, 139.15
6672, 67.66, 139.167
6673, 67.66, 139.184
6674, 67.67, 139.201
6675, 67.67, 139.217
6676, 67.68, 139.234
6677, 67.68, 139.234
6678, 67.69, 139.251
6679, 67.69, 139.267
6680, 67.69, 139.284
6681, 67.69, 139.301
6682, 67.69, 139.317
6683, 67.69, 139.334
6684, 67.69, 139.35
6685, 67.69, 139.35
6686, 67.69, 139.367
6687, 67.69, 139.384
6688, 67.7, 139.4
6689, 67.71, 139.417
6690, 67.72, 139.434
6691, 67.73, 139.451
6692, 67.75, 139.467
6693, 67.75, 139.484
6694, 67.75, 139.484
6695, 67.74, 139.501
6696, 67.74, 139.517
6697, 67.74, 139.534
6698, 67.75, 139.551
6699, 67.75, 139.567
6700, 67.76, 139.584
6701, 67.76, 139.6
6702, 67.78, 139.617
6703, 67.78, 139.617
6704, 67.78, 139.634
6705, 67.8, 139.65
6706, 67.81, 139.667
6707, 67.81, 139.684
6708, 67.81, 139.701
6709, 67.82, 139.717
6710, 67.83, 139.734
6711, 67.83, 139.734
6712, 67.84, 139.751
6713, 67.84, 139.767
6714, 67.87, 139.784
6715, 67.88, 139.801
6716, 67.88, 139.817
6717, 67.87, 139.834
6718, 67.89, 139.85
6719, 67.9, 139.867
6720, 67.9, 139.867
6721, 67.91, 139.884
6722, 67.92, 139.9
6723, 67.93, 139.917
6724, 67.94, 139.934
6725, 67.95, 139.951
6726, 67.96, 139.967
6727, 67.98, 139.984
6728, 67.98, 139.984
6729, 67.98, 140.001
6730, 67.99, 140.017
6731, 68, 140.034
6732, 68.01, 140.051
6733, 68.02, 140.067
6734, 68.03, 140.084
6735, 68.05, 140.1
6736, 68.05, 140.1
6737, 68.06, 140.117
6738, 68.06, 140.134
6739, 68.07, 140.15
6740, 68.08, 140.167
6741, 68.08, 140.184
6742, 68.09, 140.201
6743, 68.1, 140.217
6744, 68.1, 140.234
6745, 68.1, 140.234
6746, 68.11, 140.251
6747, 68.11, 140.267
6748, 68.12, 140.284
6749, 68.13, 140.301
6750, 68.14, 140.317
6751, 68.15, 140.334
6752, 68.16, 140.35
6753, 68.16, 140.35
6754, 68.17, 140.367
6755, 68.18, 140.384
6756, 68.18, 140.4
6757, 68.2, 140.417
6758, 68.21, 140.434
6759, 68.22, 140.451
6760, 68.23, 140.467
6761, 68.23, 140.484
6762, 68.23, 140.484
6763, 68.24, 140.501
6764, 68.24, 140.517
6765, 68.25, 140.534
6766, 68.26, 140.551
6767, 68.27, 140.567
6768, 68.27, 140.584
6769, 68.28, 140.6
6770, 68.28, 140.6
6771, 68.29, 140.617
6772, 68.3, 140.634
6773, 68.3, 140.65
6774, 68.31, 140.667
6775, 68.32, 140.684
6776, 68.33, 140.701
6777, 68.34, 140.717
6778, 68.34, 140.717
6779, 68.34, 140.734
6780, 68.35, 140.751
6781, 68.36, 140.767
6782, 68.37, 140.784
6783, 68.38, 140.801
6784, 68.38, 140.817
6785, 68.39, 140.834
6786, 68.39, 140.834
6787, 68.4, 140.85
6788, 68.41, 140.867
6789, 68.41, 140.884
6790, 68.42, 140.9
6791, 68.43, 140.917
6792, 68.44, 140.934
6793, 68.45, 140.951
6794, 68.46, 140.967
6795, 68.46, 140.967
6796, 68.46, 140.984
6797, 68.47, 141.001
6798, 68.47, 141.017
6799, 68.48, 141.034
6800, 68.5, 141.051
6801, 68.51, 141.067
6802, 68.52, 141.084
6803, 68.52, 141.084
6804, 68.53, 141.1
6805, 68.54, 141.117
6806, 68.54, 141.134
6807, 68.54, 141.15
6808, 68.55, 141.167
6809, 68.55, 141.184
6810, 68.56, 141.201
6811, 68.56, 141.201
6812, 68.57, 141.217
6813, 68.59, 141.234
6814, 68.6, 141.251
6815, 68.6, 141.267
6816, 68.61, 141.284
6817, 68.61, 141.301
6818, 68.62, 141.317
6819, 68.62, 141.317
6820, 68.63, 141.334
6821, 68.63, 141.35
6822, 68.64, 141.367
6823, 68.65, 141.384
6824, 68.65, 141.4
6825, 68.66, 141.417
6826, 68.67, 141.434
6827, 68.67, 141.434
6828, 68.68, 141.451
6829, 68.69, 141.467
6830, 68.7, 141.484
6831, 68.71, 141.501
6832, 68.72, 141.517
6833, 68.74, 141.534
6834, 68.75, 141.551
6835, 68.75, 141.551
6836, 68.76, 141.567
6837, 68.77, 141.584
6838, 68.78, 141.6
6839, 68.79, 141.617
6840, 68.8, 141.634
6841, 68.81, 141.65
6842, 68.81, 141.65
6843, 68.83, 141.667
6844, 68.84, 141.684
6845, 68.86, 141.701
6846, 68.87, 141.717
6847, 68.89, 141.734
6848, 68.9, 141.751
6849, 68.91, 141.767
6850, 68.91, 141.767
6851, 68.92, 141.784
6852, 68.93, 141.801
6853, 68.94, 141.817
6854, 68.95, 141.834
6855, 68.96, 141.85
6856, 68.97, 141.867
6857, 68.98, 141.884
6858, 68.98, 141.884
6859, 68.99, 141.9
6860, 69, 141.917
6861, 69.02, 141.934
6862, 69.03, 141.951
6863, 69.04, 141.967
6864, 69.05, 141.984
6865, 69.07, 142.001
6866, 69.07, 142.001
6867, 69.08, 142.017
6868, 69.09, 142.034
6869, 69.1, 142.051
6870, 69.11, 142.067
6871, 69.12, 142.084
6872, 69.13, 142.1
6873, 69.13, 142.1
6874, 69.14, 142.117
6875, 69.15, 142.134
6876, 69.16, 142.15
6877, 69.17, 142.167
6878, 69.19, 142.184
6879, 69.21, 142.201
6880, 69.21, 142.217
6881, 69.21, 142.217
6882, 69.22, 142.234
6883, 69.23, 142.251
6884, 69.24, 142.267
6885, 69.25, 142.284
6886, 69.26, 142.301
6887, 69.27, 142.317
6888, 69.27, 142.317
6889, 69.28, 142.334
6890, 69.29, 142.35
6891, 69.3, 142.367
6892, 69.31, 142.384
6893, 69.32, 142.4
6894, 69.32, 142.417
6895, 69.33, 142.434
6896, 69.33, 142.434
6897, 69.34, 142.451
6898, 69.35, 142.467
6899, 69.35, 142.484
6900, 69.36, 142.501
6901, 69.37, 142.517
6902, 69.38, 142.534
6903, 69.38, 142.534
6904, 69.38, 142.551
6905, 69.39, 142.567
6906, 69.4, 142.584
6907, 69.41, 142.6
6908, 69.41, 142.617
6909, 69.42, 142.634
6910, 69.42, 142.634
6911, 69.43, 142.65
6912, 69.44, 142.667
6913, 69.45, 142.684
6914, 69.45, 142.701
6915, 69.46, 142.717
6916, 69.47, 142.734
6917, 69.48, 142.751
6918, 69.48, 142.751
6919, 69.49, 142.767
6920, 69.49, 142.784
6921, 69.5, 142.801
6922, 69.5, 142.817
6923, 69.51, 142.834
6924, 69.52, 142.85
6925, 69.52, 142.85
6926, 69.52, 142.867
6927, 69.52, 142.884
6928, 69.53, 142.9
6929, 69.54, 142.917
6930, 69.54, 142.934
6931, 69.55, 142.951
6932, 69.55, 142.951
6933, 69.56, 142.967
6934, 69.56, 142.984
6935, 69.56, 143.001
6936, 69.57, 143.017
6937, 69.57, 143.034
6938, 69.58, 143.051
6939, 69.58, 143.051
6940, 69.58, 143.067
6941, 69.59, 143.084
6942, 69.59, 143.1
6943, 69.6, 143.117
6944, 69.6, 143.134
6945, 69.61, 143.15
6946, 69.61, 143.167
6947, 69.61, 143.167
6948, 69.61, 143.184
6949, 69.62, 143.201
6950, 69.62, 143.217
6951, 69.63, 143.234
6952, 69.64, 143.251
6953, 69.64, 143.267
6954, 69.64, 143.267
6955, 69.65, 143.284
6956, 69.65, 143.301
6957, 69.66, 143.317
6958, 69.67, 143.334
6959, 69.67, 143.35
6960, 69.68, 143.367
6961, 69.68, 143.367
6962, 69.68, 143.384
6963, 69.69, 143.4
6964, 69.69, 143.417
6965, 69.7, 143.434
6966, 69.71, 143.451
6967, 69.71, 143.467
6968, 69.71, 143.467
6969, 69.72, 143.484
6970, 69.73, 143.501
6971, 69.74, 143.517
6972, 69.74, 143.534
6973, 69.75, 143.551
6974, 69.76, 143.567
6975, 69.76, 143.567
6976, 69.77, 143.584
6977, 69.77, 143.6
6978, 69.78, 143.617
6979, 69.78, 143.634
6980, 69.79, 143.65
6981, 69.8, 143.667
6982, 69.8, 143.684
6983, 69.8, 143.684
6984, 69.82, 143.701
6985, 69.83, 143.717
6986, 69.84, 143.734
6987, 69.84, 143.751
6988, 69.85, 143.767
6989, 69.85, 143.784
6990, 69.85, 143.784
6991, 69.86, 143.801
6992, 69.86, 143.817
6993, 69.87, 143.834
6994, 69.88, 143.85
6995, 69.89, 143.867
6996, 69.9, 143.884
6997, 69.9, 143.884
6998, 69.86, 143.9
6999, 69.8, 143.917
7000, 69.9, 143.934
7001, 69.86, 143.951
7002, 69.86, 143.967
7003, 69.87, 143.984
7004, 69.87, 143.984
7005, 69.87, 144.001
7006, 69.87, 144.017
7007, 69.87, 144.034
7008, 69.88, 144.051
7009, 69.88, 144.067
7010, 69.89, 144.084
7011, 69.89, 144.084
7012, 69.9, 144.1
7013, 69.92, 144.117
7014, 69.93, 144.134
7015, 69.93, 144.15
7016, 69.94, 144.167
7017, 69.95, 144.184
7018, 69.95, 144.184
7019, 69.96, 144.201
7020, 69.96, 144.217
7021, 69.96, 144.234
7022, 69.96, 144.251
7023, 69.95, 144.267
7024, 69.95, 144.284
7025, 69.95, 144.284
7026, 69.96, 144.301
7027, 69.97, 144.317
7028, 69.98, 144.334
7029, 70, 144.35
7030, 70.01, 144.367
7031, 70.01, 144.384
7032, 70.01, 144.384
7033, 70.02, 144.4
7034, 70.03, 144.417
7035, 70.04, 144.434
7036, 70.05, 144.451
7037, 70.05, 144.467
7038, 70.06, 144.484
7039, 70.06, 144.484
7040, 70.06, 144.501
7041, 70.07, 144.517
7042, 70.08, 144.534
7043, 70.08, 144.551
7044, 70.09, 144.567
7045, 70.1, 144.584
7046, 70.1, 144.584
7047, 70.11, 144.6
7048, 70.12, 144.617
7049, 70.14, 144.634
7050, 70.14, 144.65
7051, 70.15, 144.667
7052, 70.16, 144.684
7053, 70.16, 144.684
7054, 70.17, 144.701
7055, 70.18, 144.717
7056, 70.19, 144.734
7057, 70.21, 144.751
7058, 70.23, 144.767
7059, 70.24, 144.784
7060, 70.24, 144.784
7061, 70.25, 144.801
7062, 70.26, 144.817
7063, 70.27, 144.834
7064, 70.28, 144.85
7065, 70.29, 144.867
7066, 70.3, 144.884
7067, 70.3, 144.884
7068, 70.31, 144.9
7069, 70.32, 144.917
7070, 70.33, 144.934
7071, 70.33, 144.951
7072, 70.34, 144.967
7073, 70.36, 144.984
7074, 70.36, 144.984
7075, 70.37, 145.001
7076, 70.38, 145.017
7077, 70.39, 145.034
7078, 70.41, 145.051
7079, 70.42, 145.067
7080, 70.43, 145.084
7081, 70.43, 145.084
7082, 70.44, 145.1
7083, 70.45, 145.117
7084, 70.46, 145.134
7085, 70.47, 145.15
7086, 70.49, 145.167
7087, 70.49, 145.167
7088, 70.5, 145.184
7089, 70.51, 145.201
7090, 70.52, 145.217
7091, 70.53, 145.234
7092, 70.54, 145.251
7093, 70.56, 145.267
7094, 70.56, 145.267
7095, 70.57, 145.284
7096, 70.58, 145.301
7097, 70.59, 145.317
7098, 70.6, 145.334
7099, 70.61, 145.35
7100, 70.63, 145.367
7101, 70.63, 145.367
7102, 70.64, 145.384
7103, 70.65, 145.4
7104, 70.66, 145.417
7105, 70.67, 145.434
7106, 70.68, 145.451
7107, 70.68, 145.451
7108, 70.69, 145.467
7109, 70.7, 145.484
7110, 70.72, 145.501
7111, 70.73, 145.517
7112, 70.76, 145.534
7113, 70.77, 145.551
7114, 70.77, 145.551
7115, 70.78, 145.567
7116, 70.78, 145.584
7117, 70.8, 145.6
7118, 70.81, 145.617
7119, 70.84, 145.634
7120, 70.86, 145.65
7121, 70.86, 145.65
7122, 70.86, 145.667
7123, 70.86, 145.684
7124, 70.87, 145.701
7125, 70.88, 145.717
7126, 70.89, 145.734
7127, 70.89, 145.734
7128, 70.9, 145.751
7129, 70.91, 145.767
7130, 70.93, 145.784
7131, 70.94, 145.801
7132, 70.95, 145.817
7133, 70.97, 145.834
7134, 70.97, 145.834
7135, 70.99, 145.85
7136, 71.01, 145.867
7137, 71.03, 145.884
7138, 71.03, 145.9
7139, 71.05, 145.917
7140, 71.06, 145.934
7141, 71.06, 145.934
7142, 71.08, 145.951
7143, 71.09, 145.967
7144, 71.1, 145.984
7145, 71.11, 146.001
7146, 71.13, 146.017
7147, 71.13, 146.017
7148, 71.15, 146.034
7149, 71.17, 146.051
7150, 71.18, 146.067
7151, 71.19, 146.084
7152, 71.2, 146.1
7153, 71.22, 146.117
7154, 71.22, 146.117
7155, 71.24, 146.134
7156, 71.26, 146.15
7157, 71.28, 146.167
7158, 71.29, 146.184
7159, 71.31, 146.201
7160, 71.31, 146.201
7161, 71.32, 146.217
7162, 71.34, 146.234
7163, 71.36, 146.251
7164, 71.37, 146.267
7165, 71.39, 146.284
7166, 71.39, 146.284
7167, 71.41, 146.301
7168, 71.43, 146.317
7169, 71.45, 146.334
7170, 71.46, 146.35
7171, 71.48, 146.367
7172, 71.49, 146.384
7173, 71.49, 146.384
7174, 71.51, 146.4
7175, 71.53, 146.417
7176, 71.54, 146.434
7177, 71.56, 146.451
7178, 71.58, 146.467
7179, 71.58, 146.467
7180, 71.6, 146.484
7181, 71.62, 146.501
7182, 71.64, 146.517
7183, 71.65, 146.534
7184, 71.66, 146.551
7185, 71.66, 146.551
7186, 71.67, 146.567
7187, 71.69, 146.584
7188, 71.71, 146.6
7189, 71.73, 146.617
7190, 71.75, 146.634
7191, 71.75, 146.634
7192, 71.76, 146.65
7193, 71.78, 146.667
7194, 71.8, 146.684
7195, 71.82, 146.701
7196, 71.83, 146.717
7197, 71.83, 146.717
7198, 71.85, 146.734
7199, 71.87, 146.751
7200, 71.88, 146.767
7201, 71.9, 146.784
7202, 71.92, 146.801
7203, 71.92, 146.801
7204, 71.93, 146.817
7205, 71.94, 146.834
7206, 71.96, 146.85
7207, 71.98, 146.867
7208, 72, 146.884
7209, 72, 146.884
7210, 72.03, 146.9
7211, 72.05, 146.917
7212, 72.06, 146.934
7213, 72.08, 146.951
7214, 72.09, 146.967
7215, 72.09, 146.967
7216, 72.1, 146.984
7217, 72.12, 147.001
7218, 72.14, 147.017
7219, 72.15, 147.034
7220, 72.17, 147.051
7221, 72.19, 147.067
7222, 72.19, 147.067
7223, 72.21, 147.084
7224, 72.23, 147.1
7225, 72.25, 147.117
7226, 72.26, 147.134
7227, 72.26, 147.134
7228, 72.28, 147.15
7229, 72.3, 147.167
7230, 72.32, 147.184
7231, 72.33, 147.201
7232, 72.35, 147.217
7233, 72.35, 147.217
7234, 72.37, 147.234
7235, 72.39, 147.251
7236, 72.4, 147.267
7237, 72.42, 147.284
7238, 72.44, 147.301
7239, 72.44, 147.301
7240, 72.45, 147.317
7241, 72.47, 147.334
7242, 72.49, 147.35
7243, 72.5, 147.367
7244, 72.52, 147.384
7245, 72.52, 147.384
7246, 72.54, 147.4
7247, 72.55, 147.417
7248, 72.57, 147.434
7249, 72.58, 147.451
7250, 72.6, 147.467
7251, 72.6, 147.467
7252, 72.62, 147.484
7253, 72.64, 147.501
7254, 72.65, 147.517
7255, 72.67, 147.534
7256, 72.69, 147.551
7257, 72.69, 147.551
7258, 72.7, 147.567
7259, 72.71, 147.584
7260, 72.72, 147.6
7261, 72.74, 147.617
7262, 72.75, 147.634
7263, 72.75, 147.634
7264, 72.78, 147.65
7265, 72.8, 147.667
7266, 72.81, 147.684
7267, 72.83, 147.701
7268, 72.85, 147.717
7269, 72.85, 147.717
7270, 72.86, 147.734
7271, 72.87, 147.751
7272, 72.89, 147.767
7273, 72.9, 147.784
7274, 72.9, 147.784
7275, 72.92, 147.801
7276, 72.93, 147.817
7277, 72.94, 147.834
7278, 72.96, 147.85
7279, 72.98, 147.867
7280, 72.98, 147.867
7281, 73, 147.884
7282, 73.01, 147.9
7283, 73.03, 147.917
7284, 73.04, 147.934
7285, 73.06, 147.951
7286, 73.06, 147.951
7287, 73.08, 147.967
7288, 73.1, 147.984
7289, 73.11, 148.001
7290, 73.13, 148.017
7291, 73.15, 148.034
7292, 73.15, 148.034
7293, 73.17, 148.051
7294, 73.19, 148.067
7295, 73.2, 148.084
7296, 73.22, 148.1
7297, 73.22, 148.1
7298, 73.22, 148.117
7299, 73.23, 148.134
7300, 73.24, 148.15
7301, 73.25, 148.167
7302, 73.27, 148.184
7303, 73.27, 148.184
7304, 73.29, 148.201
7305, 73.3, 148.217
7306, 73.3, 148.234
7307, 73.31, 148.251
7308, 73.31, 148.251
7309, 73.31, 148.267
7310, 73.32, 148.284
7311, 73.33, 148.301
7312, 73.33, 148.317
7313, 73.34, 148.334
7314, 73.34, 148.334
7315, 73.34, 148.35
7316, 73.35, 148.367
7317, 73.36, 148.384
7318, 73.36, 148.4
7319, 73.36, 148.4
7320, 73.37, 148.417
7321, 73.37, 148.434
7322, 73.38, 148.451
7323, 73.38, 148.467
7324, 73.38, 148.484
7325, 73.38, 148.484
7326, 73.39, 148.501
7327, 73.4, 148.517
7328, 73.41, 148.534
7329, 73.42, 148.551
7330, 73.42, 148.551
7331, 73.42, 148.567
7332, 73.42, 148.584
7333, 73.43, 148.6
7334, 73.43, 148.617
7335, 73.44, 148.634
7336, 73.44, 148.634
7337, 73.44, 148.65
7338, 73.45, 148.667
7339, 73.45, 148.684
7340, 73.45, 148.701
7341, 73.45, 148.701
7342, 73.46, 148.717
7343, 73.47, 148.734
7344, 73.47, 148.751
7345, 73.48, 148.767
7346, 73.48, 148.784
7347, 73.48, 148.784
7348, 73.49, 148.801
7349, 73.49, 148.817
7350, 73.5, 148.834
7351, 73.5, 148.85
7352, 73.5, 148.85
7353, 73.49, 148.867
7354, 73.49, 148.884
7355, 73.48, 148.9
7356, 73.48, 148.917
7357, 73.48, 148.917
7358, 73.48, 148.934
7359, 73.49, 148.951
7360, 73.51, 148.967
7361, 73.53, 148.984
7362, 73.52, 149.001
7363, 73.52, 149.001
7364, 73.52, 149.017
7365, 73.51, 149.034
7366, 73.51, 149.051
7367, 73.51, 149.067
7368, 73.51, 149.067
7369, 73.5, 149.084
7370, 73.49, 149.1
7371, 73.5, 149.117
7372, 73.51, 149.134
7373, 73.51, 149.134
7374, 73.54, 149.15
7375, 73.57, 149.167
7376, 73.56, 149.184
7377, 73.52, 149.201
7378, 73.52, 149.217
7379, 73.52, 149.217
7380, 73.51, 149.234
7381, 73.52, 149.251
7382, 73.53, 149.267
7383, 73.54, 149.284
7384, 73.54, 149.284
7385, 73.54, 149.301
7386, 73.53, 149.317
7387, 73.53, 149.334
7388, 73.52, 149.35
7389, 73.52, 149.367
7390, 73.52, 149.367
7391, 73.51, 149.384
7392, 73.52, 149.4
7393, 73.52, 149.417
7394, 73.52, 149.434
7395, 73.52, 149.434
7396, 73.53, 149.451
7397, 73.53, 149.467
7398, 73.52, 149.484
7399, 73.52, 149.501
7400, 73.52, 149.501
7401, 73.52, 149.517
7402, 73.52, 149.534
7403, 73.53, 149.551
7404, 73.53, 149.567
7405, 73.53, 149.584
7406, 73.53, 149.584
7407, 73.53, 149.6
7408, 73.53, 149.617
7409, 73.53, 149.634
7410, 73.54, 149.65
7411, 73.54, 149.65
7412, 73.54, 149.667
7413, 73.53, 149.684
7414, 73.53, 149.701
7415, 73.53, 149.717
7416, 73.52, 149.734
7417, 73.52, 149.734
7418, 73.53, 149.751
7419, 73.53, 149.767
7420, 73.54, 149.784
7421, 73.54, 149.801
7422, 73.54, 149.801
7423, 73.53, 149.817
7424, 73.52, 149.834
7425, 73.52, 149.85
7426, 73.52, 149.867
7427, 73.52, 149.884
7428, 73.52, 149.884
7429, 73.52, 149.9
7430, 73.52, 149.917
7431, 73.52, 149.934
7432, 73.52, 149.951
7433, 73.52, 149.951
7434, 73.52, 149.967
7435, 73.53, 149.984
7436, 73.53, 150.001
7437, 73.52, 150.017
7438, 73.52, 150.017
7439, 73.52, 150.034
7440, 73.52, 150.051
7441, 73.52, 150.067
7442, 73.52, 150.084
7443, 73.51, 150.1
7444, 73.51, 150.1
7445, 73.5, 150.117
7446, 73.49, 150.134
7447, 73.48, 150.15
7448, 73.47, 150.167
7449, 73.47, 150.167
7450, 73.46, 150.184
7451, 73.45, 150.201
7452, 73.45, 150.217
7453, 73.44, 150.234
7454, 73.44, 150.251
7455, 73.44, 150.251
7456, 73.44, 150.267
7457, 73.44, 150.284
7458, 73.45, 150.301
7459, 73.45, 150.317
7460, 73.45, 150.317
7461, 73.44, 150.334
7462, 73.44, 150.35
7463, 73.43, 150.367
7464, 73.42, 150.384
7465, 73.41, 150.4
7466, 73.41, 150.4
7467, 73.4, 150.417
7468, 73.4, 150.434
7469, 73.39, 150.451
7470, 73.39, 150.467
7471, 73.39, 150.467
7472, 73.39, 150.484
7473, 73.39, 150.501
7474, 73.39, 150.517
7475, 73.38, 150.534
7476, 73.37, 150.551
7477, 73.37, 150.551
7478, 73.36, 150.567
7479, 73.36, 150.584
7480, 73.35, 150.6
7481, 73.35, 150.617
7482, 73.35, 150.617
7483, 73.34, 150.634
7484, 73.33, 150.65
7485, 73.32, 150.667
7486, 73.32, 150.684
7487, 73.32, 150.701
7488, 73.32, 150.701
7489, 73.32, 150.717
7490, 73.32, 150.734
7491, 73.31, 150.751
7492, 73.3, 150.767
7493, 73.3, 150.767
7494, 73.29, 150.784
7495, 73.29, 150.801
7496, 73.29, 150.817
7497, 73.29, 150.834
7498, 73.28, 150.85
7499, 73.28, 150.85
7500, 73.28, 150.867
7501, 73.28, 150.884
7502, 73.28, 150.9
7503, 73.28, 150.917
7504, 73.28, 150.934
7505, 73.28, 150.934
7506, 73.28, 150.951
7507, 73.28, 150.967
7508, 73.28, 150.984
7509, 73.28, 151.001
7510, 73.28, 151.001
7511, 73.29, 151.017
7512, 73.29, 151.034
7513, 73.3, 151.051
7514, 73.31, 151.067
7515, 73.31, 151.084
7516, 73.31, 151.084
7517, 73.32, 151.1
7518, 73.32, 151.117
7519, 73.32, 151.134
7520, 73.31, 151.15
7521, 73.31, 151.15
7522, 73.32, 151.167
7523, 73.32, 151.184
7524, 73.32, 151.201
7525, 73.31, 151.217
7526, 73.29, 151.234
7527, 73.29, 151.234
7528, 73.24, 151.251
7529, 73.2, 151.267
7530, 73.18, 151.284
7531, 73.28, 151.301
7532, 73.28, 151.301
7533, 73.42, 151.317
7534, 73.41, 151.334
7535, 73.35, 151.35
7536, 73.38, 151.367
7537, 73.4, 151.384
7538, 73.4, 151.384
7539, 73.39, 151.4
7540, 73.41, 151.417
7541, 73.43, 151.434
7542, 73.43, 151.451
7543, 73.43, 151.451
7544, 73.44, 151.467
7545, 73.44, 151.484
7546, 73.45, 151.501
7547, 73.46, 151.517
7548, 73.46, 151.534
7549, 73.46, 151.534
7550, 73.47, 151.551
7551, 73.47, 151.567
7552, 73.48, 151.584
7553, 73.48, 151.6
7554, 73.48, 151.6
7555, 73.49, 151.617
7556, 73.49, 151.634
7557, 73.49, 151.65
7558, 73.5, 151.667
7559, 73.5, 151.684
7560, 73.5, 151.684
7561, 73.5, 151.701
7562, 73.5, 151.717
7563, 73.5, 151.734
7564, 73.5, 151.751
7565, 73.5, 151.751
7566, 73.51, 151.767
7567, 73.51, 151.784
7568, 73.53, 151.801
7569, 73.54, 151.817
7570, 73.57, 151.834
7571, 73.57, 151.834
7572, 73.58, 151.85
7573, 73.58, 151.867
7574, 73.57, 151.884
7575, 73.57, 151.9
7576, 73.57, 151.9
7577, 73.56, 151.917
7578, 73.56, 151.934
7579, 73.57, 151.951
7580, 73.57, 151.967
7581, 73.58, 151.984
7582, 73.58, 151.984
7583, 73.58, 152.001
7584, 73.59, 152.017
7585, 73.59, 152.034
7586, 73.59, 152.051
7587, 73.59, 152.051
7588, 73.6, 152.067
7589, 73.6, 152.084
7590, 73.61, 152.1
7591, 73.62, 152.117
7592, 73.62, 152.134
7593, 73.62, 152.134
7594, 73.63, 152.15
7595, 73.63, 152.167
7596, 73.63, 152.184
7597, 73.64, 152.201
7598, 73.64, 152.201
7599, 73.64, 152.217
7600, 73.64, 152.234
7601, 73.64, 152.251
7602, 73.64, 152.267
7603, 73.64, 152.267
7604, 73.65, 152.284
7605, 73.66, 152.301
7606, 73.66, 152.317
7607, 73.66, 152.334
7608, 73.66, 152.35
7609, 73.66, 152.35
7610, 73.66, 152.367
7611, 73.66, 152.384
7612, 73.66, 152.4
7613, 73.67, 152.417
7614, 73.67, 152.417
7615, 73.67, 152.434
7616, 73.68, 152.451
7617, 73.69, 152.467
7618, 73.7, 152.484
7619, 73.7, 152.501
7620, 73.7, 152.501
7621, 73.71, 152.517
7622, 73.71, 152.534
7623, 73.72, 152.551
7624, 73.72, 152.567
7625, 73.72, 152.567
7626, 73.72, 152.584
7627, 73.72, 152.6
7628, 73.72, 152.617
7629, 73.73, 152.634
7630, 73.73, 152.634
7631, 73.74, 152.65
7632, 73.75, 152.667
7633, 73.75, 152.684
7634, 73.76, 152.701
7635, 73.77, 152.717
7636, 73.77, 152.717
7637, 73.78, 152.734
7638, 73.78, 152.751
7639, 73.79, 152.767
7640, 73.8, 152.784
7641, 73.8, 152.784
7642, 73.8, 152.801
7643, 73.8, 152.817
7644, 73.8, 152.834
7645, 73.81, 152.85
7646, 73.81, 152.867
7647, 73.81, 152.867
7648, 73.81, 152.884
7649, 73.81, 152.9
7650, 73.81, 152.917
7651, 73.82, 152.934
7652, 73.82, 152.934
7653, 73.83, 152.951
7654, 73.84, 152.967
7655, 73.84, 152.984
7656, 73.84, 153.001
7657, 73.84, 153.001
7658, 73.83, 153.017
7659, 73.83, 153.034
7660, 73.84, 153.034
7661, 73.84, 153.051
7662, 73.85, 153.067
7663, 73.85, 153.067
7664, 73.86, 153.084
7665, 73.86, 153.1
7666, 73.87, 153.117
7667, 73.87, 153.134
7668, 73.87, 153.134
7669, 73.87, 153.15
7670, 73.86, 153.167
7671, 73.85, 153.184
7672, 73.85, 153.201
7673, 73.85, 153.201
7674, 73.86, 153.217
7675, 73.86, 153.234
7676, 73.86, 153.251
7677, 73.84, 153.267
7678, 73.83, 153.284
7679, 73.83, 153.284
7680, 73.8, 153.301
7681, 73.79, 153.317
7682, 73.86, 153.334
7683, 73.89, 153.35
7684, 73.89, 153.35
7685, 73.84, 153.367
7686, 73.82, 153.384
7687, 73.83, 153.4
7688, 73.81, 153.417
7689, 73.81, 153.417
7690, 73.8, 153.434
7691, 73.81, 153.451
7692, 73.81, 153.467
7693, 73.81, 153.484
7694, 73.82, 153.501
7695, 73.82, 153.501
7696, 73.82, 153.517
7697, 73.81, 153.534
7698, 73.8, 153.551
7699, 73.79, 153.567
7700, 73.79, 153.567
7701, 73.79, 153.584
7702, 73.79, 153.6
7703, 73.79, 153.617
7704, 73.79, 153.634
7705, 73.8, 153.65
7706, 73.8, 153.65
7707, 73.8, 153.667
7708, 73.8, 153.684
7709, 73.81, 153.701
7710, 73.82, 153.717
7711, 73.82, 153.717
7712, 73.82, 153.734
7713, 73.8, 153.751
7714, 73.76, 153.767
7715, 73.73, 153.784
7716, 73.73, 153.784
7717, 73.7, 153.801
7718, 73.66, 153.817
7719, 73.63, 153.834
7720, 73.71, 153.85
7721, 73.81, 153.867
7722, 73.81, 153.867
7723, 73.82, 153.884
7724, 73.75, 153.9
7725, 73.77, 153.917
7726, 73.77, 153.934
7727, 73.77, 153.934
7728, 73.74, 153.951
7729, 73.74, 153.967
7730, 73.74, 153.984
7731, 73.74, 154.001
7732, 73.74, 154.001
7733, 73.75, 154.017
7734, 73.75, 154.034
7735, 73.75, 154.051
7736, 73.75, 154.067
7737, 73.75, 154.084
7738, 73.75, 154.084
7739, 73.75, 154.1
7740, 73.75, 154.117
7741, 73.75, 154.134
7742, 73.74, 154.15
7743, 73.74, 154.15
7744, 73.74, 154.167
7745, 73.74, 154.184
7746, 73.74, 154.201
7747, 73.74, 154.217
7748, 73.74, 154.217
7749, 73.74, 154.234
7750, 73.74, 154.251
7751, 73.74, 154.267
7752, 73.74, 154.284
7753, 73.75, 154.301
7754, 73.75, 154.301
7755, 73.75, 154.317
7756, 73.76, 154.334
7757, 73.76, 154.35
7758, 73.75, 154.367
7759, 73.75, 154.367
7760, 73.76, 154.384
7761, 73.76, 154.4
7762, 73.76, 154.417
7763, 73.76, 154.434
7764, 73.76, 154.451
7765, 73.76, 154.451
7766, 73.76, 154.467
7767, 73.76, 154.484
7768, 73.76, 154.501
7769, 73.76, 154.517
7770, 73.76, 154.517
7771, 73.77, 154.534
7772, 73.78, 154.551
7773, 73.79, 154.567
7774, 73.8, 154.584
7775, 73.8, 154.584
7776, 73.81, 154.6
7777, 73.82, 154.617
7778, 73.83, 154.634
7779, 73.85, 154.65
7780, 73.86, 154.667
7781, 73.86, 154.667
7782, 73.87, 154.684
7783, 73.88, 154.701
7784, 73.88, 154.717
7785, 73.89, 154.734
7786, 73.89, 154.734
7787, 73.89, 154.751
7788, 73.89, 154.767
7789, 73.9, 154.784
7790, 73.91, 154.801
7791, 73.91, 154.817
7792, 73.91, 154.817
7793, 73.93, 154.834
7794, 73.93, 154.85
7795, 73.92, 154.867
7796, 73.92, 154.884
7797, 73.92, 154.884
7798, 73.93, 154.9
7799, 73.93, 154.917
7800, 73.94, 154.934
7801, 73.94, 154.951
7802, 73.94, 154.951
7803, 73.95, 154.967
7804, 73.96, 154.984
7805, 73.96, 155.001
7806, 73.96, 155.017
7807, 73.97, 155.034
7808, 73.97, 155.034
7809, 73.97, 155.051
7810, 73.98, 155.067
7811, 73.98, 155.084
7812, 73.99, 155.1
7813, 73.99, 155.1
7814, 74, 155.117
7815, 74, 155.134
7816, 74, 155.15
7817, 74, 155.167
7818, 74.01, 155.184
7819, 74.01, 155.184
7820, 74.01, 155.201
7821, 74.01, 155.217
7822, 74.01, 155.234
7823, 74.02, 155.251
7824, 74.02, 155.251
7825, 74.03, 155.267
7826, 74.03, 155.284
7827, 74.04, 155.301
7828, 74.04, 155.317
7829, 74.04, 155.317
7830, 74.05, 155.334
7831, 74.05, 155.35
7832, 74.06, 155.367
7833, 74.07, 155.384
7834, 74.08, 155.4
7835, 74.08, 155.4
7836, 74.08, 155.417
7837, 74.09, 155.434
7838, 74.09, 155.451
7839, 74.09, 155.467
7840, 74.09, 155.467
7841, 74.1, 155.484
7842, 74.1, 155.501
7843, 74.11, 155.517
7844, 74.12, 155.534
7845, 74.13, 155.551
7846, 74.13, 155.551
7847, 74.14, 155.567
7848, 74.15, 155.584
7849, 74.16, 155.6
7850, 74.17, 155.617
7851, 74.17, 155.617
7852, 74.18, 155.634
7853, 74.18, 155.65
7854, 74.19, 155.667
7855, 74.2, 155.684
7856, 74.2, 155.684
7857, 74.21, 155.701
7858, 74.23, 155.717
7859, 74.23, 155.734
7860, 74.24, 155.751
7861, 74.24, 155.767
7862, 74.24, 155.767
7863, 74.25, 155.784
7864, 74.25, 155.801
7865, 74.26, 155.817
7866, 74.26, 155.834
7867, 74.26, 155.834
7868, 74.27, 155.85
7869, 74.28, 155.867
7870, 74.28, 155.884
7871, 74.29, 155.9
7872, 74.29, 155.9
7873, 74.3, 155.917
7874, 74.31, 155.934
7875, 74.31, 155.951
7876, 74.31, 155.967
7877, 74.31, 155.967
7878, 74.31, 155.984
7879, 74.31, 156.001
7880, 74.31, 156.017
7881, 74.31, 156.034
7882, 74.31, 156.051
7883, 74.31, 156.051
7884, 74.31, 156.067
7885, 74.32, 156.084
7886, 74.32, 156.1
7887, 74.32, 156.117
7888, 74.32, 156.117
7889, 74.33, 156.134
7890, 74.33, 156.15
7891, 74.33, 156.167
7892, 74.33, 156.184
7893, 74.33, 156.184
7894, 74.33, 156.201
7895, 74.32, 156.217
7896, 74.32, 156.234
7897, 74.32, 156.251
7898, 74.33, 156.267
7899, 74.33, 156.267
7900, 74.33, 156.284
7901, 74.33, 156.301
7902, 74.34, 156.317
7903, 74.34, 156.334
7904, 74.34, 156.334
7905, 74.34, 156.35
7906, 74.34, 156.367
7907, 74.34, 156.384
7908, 74.34, 156.4
7909, 74.34, 156.4
7910, 74.33, 156.417
7911, 74.33, 156.434
7912, 74.32, 156.451
7913, 74.3, 156.467
7914, 74.3, 156.467
7915, 74.26, 156.484
7916, 74.22, 156.501
7917, 74.17, 156.517
7918, 74.09, 156.534
7919, 74.09, 156.534
7920, 74.01, 156.551
7921, 73.9, 156.567
7922, 73.77, 156.584
7923, 73.6, 156.6
7924, 73.4, 156.617
7925, 73.4, 156.617
7926, 73.18, 156.634
7927, 72.93, 156.65
7928, 72.66, 156.667
7929, 72.38, 156.684
7930, 72.38, 156.684
7931, 72.06, 156.701
7932, 71.71, 156.717
7933, 71.38, 156.734
7934, 71.06, 156.751
7935, 70.71, 156.767
7936, 70.33, 156.784
7937, 70.33, 156.784
7938, 69.95, 156.801
7939, 69.61, 156.817
7940, 69.27, 156.834
7941, 68.93, 156.85
7942, 68.58, 156.867
7943, 68.22, 156.884
7944, 68.22, 156.884
7945, 67.87, 156.9
7946, 67.53, 156.917
7947, 67.16, 156.934
7948, 66.8, 156.951
7949, 66.45, 156.967
7950, 66.07, 156.984
7951, 65.7, 157.001
7952, 65.34, 157.017
7953, 64.99, 157.034
7954, 64.64, 157.051
7955, 64.64, 157.051
7956, 64.29, 157.067
7957, 63.93, 157.084
7958, 63.59, 157.1
7959, 63.24, 157.117
7960, 62.89, 157.134
7961, 62.53, 157.15
7962, 62.1, 157.167
7963, 61.72, 157.184
7964, 61.37, 157.201
7965, 61.02, 157.217
7966, 60.7, 157.234
7967, 60.37, 157.251
7968, 60.04, 157.267
7969, 59.76, 157.284
7970, 59.47, 157.301
7971, 59.11, 157.317
7972, 58.69, 157.334
7973, 58.29, 157.35
7974, 57.88, 157.367
7975, 57.51, 157.384
7976, 57.19, 157.4
7977, 56.85, 157.417
7978, 56.51, 157.434
7979, 56.2, 157.451
7980, 55.89, 157.467
7981, 55.19, 157.501
7982, 54.81, 157.517
7983, 54.46, 157.534
7984, 54.13, 157.551
7985, 53.82, 157.567
7986, 53.49, 157.584
7987, 53.17, 157.6
7988, 52.82, 157.617
7989, 52.46, 157.634
7990, 51.88, 157.667
7991, 51.62, 157.684
7992, 51.34, 157.701
7993, 51.04, 157.717
7994, 50.72, 157.734
7995, 50.45, 157.751
7996, 49.93, 157.784
7997, 49.67, 157.801
7998, 49.41, 157.817
7999, 49.14, 157.834
8000, 48.88, 157.85
8001, 48.37, 157.884
8002, 48.09, 157.9
8003, 47.77, 157.917
8004, 47.49, 157.934
8005, 47.02, 157.967
8006, 46.79, 157.984
8007, 46.54, 158.001
8008, 46.08, 158.034
8009, 45.85, 158.051
8010, 45.61, 158.067
8011, 45.38, 158.084
8012, 44.88, 158.117
8013, 44.64, 158.134
8014, 44.26, 158.167
8015, 44.06, 158.184
8016, 43.86, 158.201
8017, 43.49, 158.234
8018, 43.31, 158.251
8019, 43.13, 158.267
8020, 42.77, 158.301
8021, 42.62, 158.317
8022, 42.29, 158.35
8023, 42.15, 158.367
8024, 42.03, 158.384
8025, 41.75, 158.417
8026, 41.6, 158.434
8027, 41.36, 158.467
8028, 41.26, 158.484
8029, 41.04, 158.517
8030, 40.93, 158.534
8031, 40.75, 158.567
8032, 40.67, 158.584
8033, 40.49, 158.617
8034, 40.4, 158.634
8035, 40.32, 158.65
8036, 40.17, 158.684
8037, 40.1, 158.701
8038, 39.97, 158.734
8039, 39.91, 158.751
8040, 39.81, 158.784
8041, 39.76, 158.801
8042, 39.67, 158.834
8043, 39.61, 158.85
8044, 39.52, 158.884
8045, 39.44, 158.917
8046, 39.4, 158.934
8047, 39.32, 158.967
8048, 39.29, 158.984
8049, 39.23, 159.017
8050, 39.19, 159.034
8051, 39.13, 159.067
8052, 39.1, 159.084
8053, 39.04, 159.117
8054, 39, 159.134
8055, 38.94, 159.167
8056, 38.91, 159.184
8057, 38.89, 159.217
8058, 38.87, 159.234
8059, 38.72, 159.267
8060, 38.59, 159.284
8061, 38.49, 159.317
8062, 38.39, 159.35
8063, 38.31, 159.367
8064, 38.15, 159.4
8065, 38.08, 159.417
8066, 37.95, 159.451
8067, 37.88, 159.467
8068, 37.74, 159.501
8069, 37.65, 159.517
8070, 37.49, 159.551
8071, 37.35, 159.584
8072, 37.27, 159.6
8073, 37.14, 159.634
8074, 37.09, 159.65
8075, 37.01, 159.684
8076, 36.91, 159.717
8077, 36.85, 159.734
8078, 36.71, 159.767
8079, 36.57, 159.801
8080, 36.51, 159.817
8081, 36.37, 159.85
8082, 36.3, 159.867
8083, 36.18, 159.9
8084, 36.06, 159.934
8085, 36, 159.951
8086, 35.88, 159.984
8087, 35.78, 160.017
8088, 35.73, 160.034
8089, 35.63, 160.067
8090, 35.51, 160.1
8091, 35.4, 160.134
8092, 35.34, 160.15
8093, 35.23, 160.184
8094, 35.11, 160.217
8095, 35.06, 160.234
8096, 34.95, 160.267
8097, 34.84, 160.301
8098, 34.73, 160.334
8099, 34.67, 160.35
8100, 34.55, 160.384
8101, 34.45, 160.417
8102, 34.36, 160.451
8103, 34.32, 160.467
8104, 34.25, 160.501
8105, 34.21, 160.534
8106, 34.19, 160.567
8107, 34.25, 160.584
8108, 34.33, 160.617
8109, 34.4, 160.65
8110, 34.52, 160.684
8111, 34.59, 160.701
8112, 34.74, 160.734
8113, 34.9, 160.767
8114, 35.07, 160.801
8115, 35.16, 160.817
8116, 35.33, 160.85
8117, 35.52, 160.884
8118, 35.62, 160.9
8119, 35.77, 160.934
8120, 35.93, 160.967
8121, 36.04, 160.984
8122, 36.23, 161.017
8123, 36.39, 161.051
8124, 36.49, 161.067
8125, 36.67, 161.1
8126, 36.85, 161.134
8127, 36.95, 161.15
8128, 37.16, 161.184
8129, 37.35, 161.217
8130, 37.45, 161.234
8131, 37.64, 161.267
8132, 37.73, 161.284
8133, 37.93, 161.317
8134, 38.1, 161.35
8135, 38.18, 161.367
8136, 38.38, 161.4
8137, 38.48, 161.417
8138, 38.67, 161.451
8139, 38.77, 161.467
8140, 38.91, 161.501
8141, 39.05, 161.534
8142, 39.13, 161.551
8143, 39.32, 161.584
8144, 39.42, 161.6
8145, 39.58, 161.634
8146, 39.58, 161.65
8147, 39.69, 161.684
8148, 39.86, 161.701
8149, 39.98, 161.734
8150, 40.08, 161.751
8151, 40.25, 161.784
8152, 40.31, 161.801
8153, 40.49, 161.834
8154, 40.58, 161.85
8155, 40.74, 161.884
8156, 40.84, 161.9
8157, 41.01, 161.934
8158, 41.09, 161.951
8159, 41.17, 161.967
8160, 41.35, 162.001
8161, 41.44, 162.017
8162, 41.61, 162.051
8163, 41.69, 162.067
8164, 41.86, 162.1
8165, 41.95, 162.117
8166, 42.12, 162.15
8167, 42.2, 162.167
8168, 42.29, 162.184
8169, 42.46, 162.217
8170, 42.55, 162.234
8171, 42.72, 162.267
8172, 42.8, 162.284
8173, 42.97, 162.317
8174, 43.06, 162.334
8175, 43.14, 162.35
8176, 43.31, 162.384
8177, 43.4, 162.4
8178, 43.57, 162.434
8179, 43.65, 162.451
8180, 43.73, 162.467
8181, 43.9, 162.501
8182, 43.99, 162.517
8183, 44.15, 162.551
8184, 44.23, 162.567
8185, 44.31, 162.584
8186, 44.48, 162.617
8187, 44.56, 162.634
8188, 44.65, 162.65
8189, 44.81, 162.684
8190, 44.9, 162.701
8191, 44.97, 162.717
8192, 45.13, 162.751
8193, 45.21, 162.767
8194, 45.36, 162.801
8195, 45.43, 162.817
8196, 45.52, 162.834
8197, 45.68, 162.867
8198, 45.74, 162.884
8199, 45.81, 162.9
8200, 46, 162.934
8201, 46.07, 162.951
8202, 46.13, 162.967
8203, 46.19, 162.984
8204, 46.32, 163.017
8205, 46.38, 163.034
8206, 46.43, 163.051
8207, 46.56, 163.084
8208, 46.66, 163.1
8209, 46.75, 163.117
8210, 46.97, 163.15
8211, 47.06, 163.167
8212, 47.13, 163.184
8213, 47.19, 163.201
8214, 47.32, 163.234
8215, 47.4, 163.251
8216, 47.47, 163.267
8217, 47.62, 163.301
8218, 47.7, 163.317
8219, 47.78, 163.334
8220, 47.86, 163.35
8221, 48.01, 163.384
8222, 48.09, 163.4
8223, 48.17, 163.417
8224, 48.25, 163.434
8225, 48.39, 163.467
8226, 48.46, 163.484
8227, 48.53, 163.501
8228, 48.6, 163.517
8229, 48.74, 163.551
8230, 48.81, 163.567
8231, 48.89, 163.584
8232, 48.98, 163.6
8233, 49.15, 163.634
8234, 49.22, 163.65
8235, 49.28, 163.667
8236, 49.37, 163.684
8237, 49.51, 163.717
8238, 49.56, 163.734
8239, 49.63, 163.751
8240, 49.69, 163.767
8241, 49.74, 163.784
8242, 49.85, 163.817
8243, 49.89, 163.834
8244, 49.92, 163.85
8245, 49.96, 163.867
8246, 49.99, 163.9
8247, 49.98, 163.917
8248, 50.11, 163.934
8249, 50.24, 163.951
8250, 50.25, 163.967
8251, 50.38, 164.001
8252, 50.46, 164.017
8253, 50.51, 164.051
8254, 50.57, 164.067
8255, 50.63, 164.084
8256, 50.71, 164.1
8257, 50.82, 164.134
8258, 50.88, 164.15
8259, 50.94, 164.167
8260, 51.01, 164.184
8261, 51.07, 164.201
8262, 51.21, 164.234
8263, 51.27, 164.251
8264, 51.33, 164.267
8265, 51.39, 164.284
8266, 51.46, 164.301
8267, 51.51, 164.317
8268, 51.63, 164.35
8269, 51.69, 164.367
8270, 51.75, 164.384
8271, 51.81, 164.4
8272, 51.87, 164.417
8273, 51.93, 164.434
8274, 52.05, 164.467
8275, 52.11, 164.484
8276, 52.16, 164.501
8277, 52.21, 164.517
8278, 52.27, 164.534
8279, 52.33, 164.551
8280, 52.38, 164.567
8281, 52.51, 164.6
8282, 52.58, 164.617
8283, 52.64, 164.634
8284, 52.68, 164.65
8285, 52.74, 164.667
8286, 52.8, 164.684
8287, 52.86, 164.701
8288, 52.97, 164.734
8289, 53.03, 164.751
8290, 53.09, 164.767
8291, 53.14, 164.784
8292, 53.19, 164.801
8293, 53.24, 164.817
8294, 53.3, 164.834
8295, 53.41, 164.867
8296, 53.47, 164.884
8297, 53.55, 164.9
8298, 53.6, 164.917
8299, 53.64, 164.934
8300, 53.7, 164.951
8301, 53.76, 164.967
8302, 53.81, 164.984
8303, 53.9, 165.017
8304, 53.96, 165.034
8305, 54.02, 165.051
8306, 54.07, 165.067
8307, 54.12, 165.084
8308, 54.19, 165.1
8309, 54.25, 165.117
8310, 54.31, 165.134
8311, 54.35, 165.15
8312, 54.45, 165.184
8313, 54.51, 165.201
8314, 54.55, 165.217
8315, 54.6, 165.234
8316, 54.65, 165.251
8317, 54.71, 165.267
8318, 54.76, 165.284
8319, 54.83, 165.301
8320, 54.89, 165.317
8321, 54.94, 165.334
8322, 55.04, 165.367
8323, 55.08, 165.384
8324, 55.14, 165.4
8325, 55.19, 165.417
8326, 55.25, 165.434
8327, 55.31, 165.451
8328, 55.36, 165.467
8329, 55.41, 165.484
8330, 55.46, 165.501
8331, 55.51, 165.517
8332, 55.56, 165.534
8333, 55.61, 165.551
8334, 55.72, 165.584
8335, 55.76, 165.6
8336, 55.81, 165.617
8337, 55.87, 165.634
8338, 55.93, 165.65
8339, 55.99, 165.667
8340, 56.04, 165.684
8341, 56.09, 165.701
8342, 56.16, 165.717
8343, 56.22, 165.734
8344, 56.27, 165.751
8345, 56.31, 165.767
8346, 56.36, 165.784
8347, 56.46, 165.817
8348, 56.51, 165.834
8349, 56.58, 165.85
8350, 56.64, 165.867
8351, 56.7, 165.884
8352, 56.75, 165.9
8353, 56.81, 165.917
8354, 56.86, 165.934
8355, 56.92, 165.951
8356, 56.99, 165.967
8357, 57.05, 165.984
8358, 57.09, 166.001
8359, 57.14, 166.017
8360, 57.2, 166.034
8361, 57.25, 166.051
8362, 57.3, 166.067
8363, 57.35, 166.084
8364, 57.46, 166.117
8365, 57.51, 166.134
8366, 57.56, 166.15
8367, 57.62, 166.167
8368, 57.67, 166.184
8369, 57.72, 166.201
8370, 57.77, 166.217
8371, 57.82, 166.234
8372, 57.87, 166.251
8373, 57.92, 166.267
8374, 57.97, 166.284
8375, 58.03, 166.301
8376, 58.08, 166.317
8377, 58.13, 166.334
8378, 58.17, 166.35
8379, 58.22, 166.367
8380, 58.27, 166.384
8381, 58.31, 166.4
8382, 58.36, 166.417
8383, 58.41, 166.434
8384, 58.46, 166.451
8385, 58.5, 166.467
8386, 58.55, 166.484
8387, 58.58, 166.501
8388, 58.61, 166.517
8389, 58.73, 166.551
8390, 58.8, 166.567
8391, 58.84, 166.584
8392, 58.88, 166.6
8393, 58.91, 166.617
8394, 58.94, 166.634
8395, 58.98, 166.65
8396, 59.02, 166.667
8397, 59.07, 166.684
8398, 59.13, 166.701
8399, 59.19, 166.717
8400, 59.24, 166.734
8401, 59.28, 166.751
8402, 59.32, 166.767
8403, 59.37, 166.784
8404, 59.41, 166.801
8405, 59.45, 166.817
8406, 59.5, 166.834
8407, 59.55, 166.85
8408, 59.6, 166.867
8409, 59.65, 166.884
8410, 59.7, 166.9
8411, 59.75, 166.917
8412, 59.73, 166.934
8413, 59.7, 166.951
8414, 59.82, 166.967
8415, 59.88, 166.984
8416, 59.86, 167.001
8417, 59.93, 167.017
8418, 59.98, 167.034
8419, 60.02, 167.051
8420, 60.06, 167.067
8421, 60.12, 167.084
8422, 60.16, 167.1
8423, 60.2, 167.117
8424, 60.25, 167.134
8425, 60.29, 167.15
8426, 60.32, 167.167
8427, 60.37, 167.184
8428, 60.41, 167.201
8429, 60.45, 167.217
8430, 60.49, 167.234
8431, 60.53, 167.251
8432, 60.57, 167.267
8433, 60.62, 167.284
8434, 60.66, 167.301
8435, 60.71, 167.317
8436, 60.76, 167.334
8437, 60.81, 167.35
8438, 60.86, 167.367
8439, 60.9, 167.384
8440, 60.93, 167.4
8441, 60.97, 167.417
8442, 61, 167.434
8443, 61.04, 167.451
8444, 61.09, 167.467
8445, 61.14, 167.484
8446, 61.19, 167.501
8447, 61.23, 167.517
8448, 61.25, 167.534
8449, 61.28, 167.551
8450, 61.31, 167.567
8451, 61.35, 167.584
8452, 61.39, 167.6
8453, 61.42, 167.617
8454, 61.47, 167.634
8455, 61.51, 167.65
8456, 61.54, 167.667
8457, 61.58, 167.684
8458, 61.63, 167.701
8459, 61.67, 167.717
8460, 61.71, 167.734
8461, 61.74, 167.751
8462, 61.78, 167.767
8463, 61.78, 167.767
8464, 61.8, 167.784
8465, 61.83, 167.801
8466, 61.87, 167.817
8467, 61.94, 167.834
8468, 62.01, 167.85
8469, 62.05, 167.867
8470, 62.07, 167.884
8471, 62.1, 167.9
8472, 62.14, 167.917
8473, 62.16, 167.934
8474, 62.2, 167.951
8475, 62.23, 167.967
8476, 62.27, 167.984
8477, 62.31, 168.001
8478, 62.34, 168.017
8479, 62.37, 168.034
8480, 62.4, 168.051
8481, 62.42, 168.067
8482, 62.46, 168.084
8483, 62.5, 168.1
8484, 62.55, 168.117
8485, 62.6, 168.134
8486, 62.63, 168.15
8487, 62.67, 168.167
8488, 62.71, 168.184
8489, 62.73, 168.201
8490, 62.77, 168.217
8491, 62.8, 168.234
8492, 62.83, 168.251
8493, 62.87, 168.267
8494, 62.87, 168.267
8495, 62.92, 168.284
8496, 62.96, 168.301
8497, 62.98, 168.317
8498, 63.02, 168.334
8499, 63.07, 168.35
8500, 63.1, 168.367
8501, 63.13, 168.384
8502, 63.17, 168.4
8503, 63.2, 168.417
8504, 63.24, 168.434
8505, 63.29, 168.451
8506, 63.33, 168.467
8507, 63.37, 168.484
8508, 63.4, 168.501
8509, 63.42, 168.517
8510, 63.45, 168.534
8511, 63.48, 168.551
8512, 63.51, 168.567
8513, 63.55, 168.584
8514, 63.6, 168.6
8515, 63.6, 168.6
8516, 63.65, 168.617
8517, 63.69, 168.634
8518, 63.73, 168.65
8519, 63.76, 168.667
8520, 63.79, 168.684
8521, 63.83, 168.701
8522, 63.86, 168.717
8523, 63.9, 168.734
8524, 63.94, 168.751
8525, 63.98, 168.767
8526, 64.01, 168.784
8527, 64.04, 168.801
8528, 64.08, 168.817
8529, 64.11, 168.834
8530, 64.13, 168.85
8531, 64.16, 168.867
8532, 64.19, 168.884
8533, 64.19, 168.884
8534, 64.23, 168.9
8535, 64.27, 168.917
8536, 64.33, 168.934
8537, 64.37, 168.951
8538, 64.39, 168.967
8539, 64.41, 168.984
8540, 64.45, 169.001
8541, 64.48, 169.017
8542, 64.51, 169.034
8543, 64.55, 169.051
8544, 64.58, 169.067
8545, 64.61, 169.084
8546, 64.64, 169.1
8547, 64.67, 169.117
8548, 64.67, 169.117
8549, 64.7, 169.134
8550, 64.73, 169.15
8551, 64.76, 169.167
8552, 64.79, 169.184
8553, 64.83, 169.201
8554, 64.86, 169.217
8555, 64.9, 169.234
8556, 64.94, 169.251
8557, 64.97, 169.267
8558, 65, 169.284
8559, 65.03, 169.301
8560, 65.05, 169.317
8561, 65.08, 169.334
8562, 65.08, 169.334
8563, 65.11, 169.35
8564, 65.15, 169.367
8565, 65.19, 169.384
8566, 65.24, 169.4
8567, 65.29, 169.417
8568, 65.33, 169.434
8569, 65.37, 169.451
8570, 65.41, 169.467
8571, 65.44, 169.484
8572, 65.47, 169.501
8573, 65.5, 169.517
8574, 65.5, 169.517
8575, 65.53, 169.534
8576, 65.56, 169.551
8577, 65.59, 169.567
8578, 65.62, 169.584
8579, 65.66, 169.6
8580, 65.68, 169.617
8581, 65.71, 169.634
8582, 65.73, 169.65
8583, 65.8, 169.667
8584, 65.88, 169.684
8585, 65.94, 169.701
8586, 65.94, 169.701
8587, 65.96, 169.717
8588, 65.98, 169.734
8589, 66.02, 169.751
8590, 66.05, 169.767
8591, 66.09, 169.784
8592, 66.14, 169.801
8593, 66.18, 169.817
8594, 66.21, 169.834
8595, 66.24, 169.85
8596, 66.27, 169.867
8597, 66.27, 169.867
8598, 66.31, 169.884
8599, 66.35, 169.9
8600, 66.38, 169.917
8601, 66.41, 169.934
8602, 66.43, 169.951
8603, 66.45, 169.967
8604, 66.48, 169.984
8605, 66.49, 170.001
8606, 66.56, 170.017
8607, 66.56, 170.017
8608, 66.64, 170.034
8609, 66.68, 170.051
8610, 66.64, 170.067
8611, 66.66, 170.084
8612, 66.71, 170.1
8613, 66.74, 170.117
8614, 66.76, 170.134
8615, 66.8, 170.15
8616, 66.84, 170.167
8617, 66.87, 170.184
8618, 66.87, 170.184
8619, 66.9, 170.201
8620, 66.94, 170.217
8621, 66.96, 170.234
8622, 66.98, 170.251
8623, 67.01, 170.267
8624, 67.05, 170.284
8625, 67.08, 170.301
8626, 67.11, 170.317
8627, 67.14, 170.334
8628, 67.14, 170.334
8629, 67.17, 170.35
8630, 67.19, 170.367
8631, 67.21, 170.384
8632, 67.24, 170.4
8633, 67.26, 170.417
8634, 67.3, 170.434
8635, 67.33, 170.451
8636, 67.37, 170.467
8637, 67.4, 170.484
8638, 67.4, 170.484
8639, 67.44, 170.501
8640, 67.47, 170.517
8641, 67.5, 170.534
8642, 67.54, 170.551
8643, 67.57, 170.567
8644, 67.6, 170.584
8645, 67.62, 170.6
8646, 67.65, 170.617
8647, 67.65, 170.617
8648, 67.67, 170.634
8649, 67.7, 170.65
8650, 67.73, 170.667
8651, 67.75, 170.684
8652, 67.78, 170.701
8653, 67.82, 170.717
8654, 67.85, 170.734
8655, 67.88, 170.751
8656, 67.88, 170.751
8657, 67.9, 170.767
8658, 67.93, 170.784
8659, 67.95, 170.801
8660, 67.98, 170.817
8661, 68, 170.834
8662, 68.03, 170.85
8663, 68.06, 170.867
8664, 68.09, 170.884
8665, 68.09, 170.884
8666, 68.12, 170.9
8667, 68.16, 170.917
8668, 68.18, 170.934
8669, 68.21, 170.951
8670, 68.24, 170.967
8671, 68.26, 170.984
8672, 68.29, 171.001
8673, 68.32, 171.017
8674, 68.32, 171.017
8675, 68.36, 171.034
8676, 68.39, 171.051
8677, 68.41, 171.067
8678, 68.44, 171.084
8679, 68.46, 171.1
8680, 68.49, 171.117
8681, 68.52, 171.134
8682, 68.52, 171.134
8683, 68.55, 171.15
8684, 68.58, 171.167
8685, 68.61, 171.184
8686, 68.64, 171.201
8687, 68.67, 171.217
8688, 68.69, 171.234
8689, 68.72, 171.251
8690, 68.74, 171.267
8691, 68.74, 171.267
8692, 68.75, 171.284
8693, 68.78, 171.301
8694, 68.81, 171.317
8695, 68.84, 171.334
8696, 68.86, 171.35
8697, 68.88, 171.367
8698, 68.91, 171.384
8699, 68.91, 171.384
8700, 68.94, 171.4
8701, 68.96, 171.417
8702, 69, 171.434
8703, 69.03, 171.451
8704, 69.05, 171.467
8705, 69.07, 171.484
8706, 69.1, 171.501
8707, 69.1, 171.501
8708, 69.12, 171.517
8709, 69.14, 171.534
8710, 69.16, 171.551
8711, 69.18, 171.567
8712, 69.2, 171.584
8713, 69.22, 171.6
8714, 69.26, 171.617
8715, 69.26, 171.617
8716, 69.29, 171.634
8717, 69.32, 171.65
8718, 69.35, 171.667
8719, 69.37, 171.684
8720, 69.4, 171.701
8721, 69.43, 171.717
8722, 69.43, 171.717
8723, 69.45, 171.734
8724, 69.47, 171.751
8725, 69.5, 171.767
8726, 69.53, 171.784
8727, 69.55, 171.801
8728, 69.57, 171.817
8729, 69.59, 171.834
8730, 69.59, 171.834
8731, 69.61, 171.85
8732, 69.63, 171.867
8733, 69.66, 171.884
8734, 69.69, 171.9
8735, 69.71, 171.917
8736, 69.74, 171.934
8737, 69.76, 171.951
8738, 69.76, 171.951
8739, 69.78, 171.967
8740, 69.8, 171.984
8741, 69.83, 172.001
8742, 69.85, 172.017
8743, 69.88, 172.034
8744, 69.92, 172.051
8745, 69.92, 172.051
8746, 69.95, 172.067
8747, 69.97, 172.084
8748, 69.99, 172.1
8749, 70, 172.117
8750, 70.02, 172.134
8751, 70.03, 172.15
8752, 70.03, 172.15
8753, 70.06, 172.167
8754, 70.08, 172.184
8755, 70.12, 172.201
8756, 70.15, 172.217
8757, 70.18, 172.234
8758, 70.2, 172.251
8759, 70.22, 172.267
8760, 70.22, 172.267
8761, 70.23, 172.284
8762, 70.25, 172.301
8763, 70.26, 172.317
8764, 70.28, 172.334
8765, 70.29, 172.35
8766, 70.31, 172.367
8767, 70.31, 172.367
8768, 70.34, 172.384
8769, 70.38, 172.4
8770, 70.42, 172.417
8771, 70.44, 172.434
8772, 70.46, 172.451
8773, 70.48, 172.467
8774, 70.48, 172.467
8775, 70.49, 172.484
8776, 70.52, 172.501
8777, 70.53, 172.517
8778, 70.55, 172.534
8779, 70.57, 172.551
8780, 70.57, 172.567
8781, 70.57, 172.567
8782, 70.58, 172.584
8783, 70.54, 172.6
8784, 70.52, 172.617
8785, 70.56, 172.634
8786, 70.61, 172.65
8787, 70.67, 172.667
8788, 70.67, 172.667
8789, 70.68, 172.684
8790, 70.65, 172.701
8791, 70.7, 172.717
8792, 70.72, 172.734
8793, 70.7, 172.751
8794, 70.7, 172.751
8795, 70.72, 172.767
8796, 70.73, 172.784
8797, 70.74, 172.801
8798, 70.77, 172.817
8799, 70.8, 172.834
8800, 70.84, 172.85
8801, 70.84, 172.85
8802, 70.87, 172.867
8803, 70.88, 172.884
8804, 70.89, 172.9
8805, 70.89, 172.917
8806, 70.89, 172.934
8807, 70.9, 172.951
8808, 70.9, 172.951
8809, 70.89, 172.967
8810, 70.88, 172.984
8811, 70.95, 173.001
8812, 71.03, 173.017
8813, 71.05, 173.034
8814, 71.03, 173.051
8815, 71.03, 173.051
8816, 71.05, 173.067
8817, 71.08, 173.084
8818, 71.09, 173.1
8819, 71.11, 173.117
8820, 71.12, 173.134
8821, 71.12, 173.134
8822, 71.13, 173.15
8823, 71.14, 173.167
8824, 71.16, 173.184
8825, 71.17, 173.201
8826, 71.19, 173.217
8827, 71.21, 173.234
8828, 71.21, 173.234
8829, 71.23, 173.251
8830, 71.25, 173.267
8831, 71.26, 173.284
8832, 71.28, 173.301
8833, 71.3, 173.317
8834, 71.3, 173.317
8835, 71.31, 173.334
8836, 71.33, 173.35
8837, 71.35, 173.367
8838, 71.36, 173.384
8839, 71.38, 173.4
8840, 71.4, 173.417
8841, 71.4, 173.417
8842, 71.42, 173.434
8843, 71.44, 173.451
8844, 71.46, 173.467
8845, 71.47, 173.484
8846, 71.49, 173.501
8847, 71.49, 173.501
8848, 71.51, 173.517
8849, 71.53, 173.534
8850, 71.54, 173.551
8851, 71.56, 173.567
8852, 71.57, 173.584
8853, 71.58, 173.6
8854, 71.58, 173.6
8855, 71.59, 173.617
8856, 71.61, 173.634
8857, 71.62, 173.65
8858, 71.64, 173.667
8859, 71.66, 173.684
8860, 71.66, 173.684
8861, 71.67, 173.701
8862, 71.69, 173.717
8863, 71.7, 173.734
8864, 71.71, 173.751
8865, 71.72, 173.767
8866, 71.72, 173.767
8867, 71.73, 173.784
8868, 71.74, 173.801
8869, 71.75, 173.817
8870, 71.77, 173.834
8871, 71.79, 173.85
8872, 71.8, 173.867
8873, 71.8, 173.867
8874, 71.82, 173.884
8875, 71.83, 173.9
8876, 71.86, 173.917
8877, 71.87, 173.934
8878, 71.89, 173.951
8879, 71.89, 173.951
8880, 71.9, 173.967
8881, 71.9, 173.984
8882, 71.9, 174.001
8883, 71.91, 174.017
8884, 71.92, 174.034
8885, 71.92, 174.034
8886, 71.93, 174.051
8887, 71.94, 174.067
8888, 71.95, 174.084
8889, 71.96, 174.1
8890, 71.97, 174.117
8891, 71.97, 174.117
8892, 71.97, 174.134
8893, 71.98, 174.15
8894, 71.99, 174.167
8895, 72, 174.184
8896, 72.01, 174.201
8897, 72.01, 174.201
8898, 72.02, 174.217
8899, 72.02, 174.234
8900, 72.03, 174.251
8901, 72.04, 174.267
8902, 72.06, 174.284
8903, 72.06, 174.284
8904, 72.07, 174.301
8905, 72.08, 174.317
8906, 72.08, 174.334
8907, 72.07, 174.35
8908, 72.07, 174.367
8909, 72.07, 174.367
8910, 72.08, 174.384
8911, 72.08, 174.4
8912, 72.11, 174.417
8913, 72.13, 174.434
8914, 72.13, 174.451
8915, 72.13, 174.467
8916, 72.13, 174.467
8917, 72.14, 174.484
8918, 72.14, 174.501
8919, 72.14, 174.517
8920, 72.15, 174.534
8921, 72.16, 174.551
8922, 72.16, 174.551
8923, 72.18, 174.567
8924, 72.19, 174.584
8925, 72.2, 174.6
8926, 72.2, 174.617
8927, 72.21, 174.634
8928, 72.21, 174.634
8929, 72.22, 174.65
8930, 72.23, 174.667
8931, 72.24, 174.684
8932, 72.25, 174.701
8933, 72.26, 174.717
8934, 72.26, 174.717
8935, 72.27, 174.734
8936, 72.28, 174.751
8937, 72.29, 174.767
8938, 72.3, 174.784
8939, 72.3, 174.801
8940, 72.3, 174.801
8941, 72.31, 174.817
8942, 72.32, 174.834
8943, 72.33, 174.85
8944, 72.35, 174.867
8945, 72.36, 174.884
8946, 72.36, 174.884
8947, 72.37, 174.9
8948, 72.37, 174.917
8949, 72.38, 174.934
8950, 72.38, 174.951
8951, 72.38, 174.951
8952, 72.38, 174.967
8953, 72.38, 174.984
8954, 72.39, 175.001
8955, 72.39, 175.017
8956, 72.39, 175.034
8957, 72.39, 175.034
8958, 72.38, 175.051
8959, 72.38, 175.067
8960, 72.37, 175.084
8961, 72.36, 175.1
8962, 72.36, 175.117
8963, 72.36, 175.117
8964, 72.36, 175.134
8965, 72.35, 175.15
8966, 72.35, 175.167
8967, 72.35, 175.184
8968, 72.36, 175.201
8969, 72.36, 175.201
8970, 72.36, 175.217
8971, 72.36, 175.234
8972, 72.35, 175.251
8973, 72.34, 175.267
8974, 72.33, 175.284
8975, 72.33, 175.284
8976, 72.33, 175.301
8977, 72.32, 175.317
8978, 72.3, 175.334
8979, 72.29, 175.35
8980, 72.28, 175.367
8981, 72.28, 175.367
8982, 72.27, 175.384
8983, 72.27, 175.4
8984, 72.27, 175.417
8985, 72.26, 175.434
8986, 72.25, 175.451
8987, 72.25, 175.451
8988, 72.23, 175.467
8989, 72.21, 175.484
8990, 72.2, 175.501
8991, 72.19, 175.517
8992, 72.19, 175.534
8993, 72.19, 175.534
8994, 72.18, 175.551
8995, 72.17, 175.567
8996, 72.16, 175.584
8997, 72.15, 175.6
8998, 72.13, 175.617
8999, 72.13, 175.617
9000, 72.12, 175.634
9001, 72.1, 175.65
9002, 72.08, 175.667
9003, 72.07, 175.684
9004, 72.05, 175.701
9005, 72.05, 175.701
9006, 72.04, 175.717
9007, 72.04, 175.734
9008, 72.02, 175.751
9009, 72.01, 175.767
9010, 71.98, 175.784
9011, 71.98, 175.784
9012, 71.96, 175.801
9013, 71.93, 175.817
9014, 71.91, 175.834
9015, 71.88, 175.85
9016, 71.87, 175.867
9017, 71.87, 175.867
9018, 71.87, 175.884
9019, 71.86, 175.9
9020, 71.85, 175.917
9021, 71.82, 175.934
9022, 71.8, 175.951
9023, 71.8, 175.951
9024, 71.78, 175.967
9025, 71.77, 175.984
9026, 71.75, 176.001
9027, 71.73, 176.017
9028, 71.71, 176.034
9029, 71.69, 176.051
9030, 71.69, 176.051
9031, 71.68, 176.067
9032, 71.69, 176.084
9033, 71.71, 176.1
9034, 71.7, 176.117
9035, 71.66, 176.134
9036, 71.66, 176.134
9037, 71.6, 176.15
9038, 71.56, 176.167
9039, 71.53, 176.184
9040, 71.52, 176.201
9041, 71.51, 176.217
9042, 71.51, 176.217
9043, 71.53, 176.234
9044, 71.53, 176.251
9045, 71.51, 176.267
9046, 71.49, 176.284
9047, 71.48, 176.301
9048, 71.46, 176.317
9049, 71.46, 176.317
9050, 71.44, 176.334
9051, 71.43, 176.35
9052, 71.4, 176.367
9053, 71.39, 176.384
9054, 71.38, 176.4
9055, 71.38, 176.4
9056, 71.37, 176.417
9057, 71.36, 176.434
9058, 71.35, 176.451
9059, 71.33, 176.467
9060, 71.31, 176.484
9061, 71.3, 176.501
9062, 71.3, 176.501
9063, 71.29, 176.517
9064, 71.28, 176.534
9065, 71.26, 176.551
9066, 71.25, 176.567
9067, 71.23, 176.584
9068, 71.23, 176.584
9069, 71.22, 176.6
9070, 71.19, 176.617
9071, 71.18, 176.634
9072, 71.16, 176.65
9073, 71.15, 176.667
9074, 71.14, 176.684
9075, 71.14, 176.684
9076, 71.12, 176.701
9077, 71.09, 176.717
9078, 71.07, 176.734
9079, 71.05, 176.751
9080, 71.05, 176.767
9081, 71.04, 176.784
9082, 71.04, 176.784
9083, 71.02, 176.801
9084, 71.01, 176.817
9085, 71, 176.834
9086, 70.98, 176.85
9087, 70.96, 176.867
9088, 70.96, 176.867
9089, 70.93, 176.884
9090, 70.92, 176.9
9091, 70.91, 176.917
9092, 70.88, 176.934
9093, 70.85, 176.951
9094, 70.8, 176.967
9095, 70.8, 176.967
9096, 70.75, 176.984
9097, 70.7, 177.001
9098, 70.62, 177.017
9099, 70.54, 177.034
9100, 70.45, 177.051
9101, 70.32, 177.067
9102, 70.32, 177.067
9103, 70.24, 177.084
9104, 70.19, 177.1
9105, 70.12, 177.117
9106, 70.01, 177.134
9107, 69.92, 177.15
9108, 69.84, 177.167
9109, 69.84, 177.167
9110, 69.74, 177.184
9111, 69.65, 177.201
9112, 69.58, 177.217
9113, 69.5, 177.234
9114, 69.42, 177.251
9115, 69.34, 177.267
9116, 69.25, 177.284
9117, 69.25, 177.284
9118, 69.17, 177.301
9119, 69.09, 177.317
9120, 69, 177.334
9121, 68.91, 177.35
9122, 68.83, 177.367
9123, 68.74, 177.384
9124, 68.66, 177.4
9125, 68.66, 177.4
9126, 68.58, 177.417
9127, 68.5, 177.434
9128, 68.43, 177.451
9129, 68.37, 177.467
9130, 68.3, 177.484
9131, 68.15, 177.501
9132, 68, 177.517
9133, 68, 177.517
9134, 67.96, 177.534
9135, 67.87, 177.551
9136, 67.81, 177.567
9137, 67.7, 177.584
9138, 67.59, 177.6
9139, 67.53, 177.617
9140, 67.46, 177.634
9141, 67.38, 177.65
9142, 67.38, 177.65
9143, 67.3, 177.667
9144, 67.22, 177.684
9145, 67.13, 177.701
9146, 67.05, 177.717
9147, 66.97, 177.734
9148, 66.89, 177.751
9149, 66.82, 177.767
9150, 66.74, 177.784
9151, 66.66, 177.801
9152, 66.66, 177.801
9153, 66.57, 177.817
9154, 66.48, 177.834
9155, 66.38, 177.85
9156, 66.28, 177.867
9157, 66.19, 177.884
9158, 66.1, 177.9
9159, 66.01, 177.917
9160, 65.92, 177.934
9161, 65.83, 177.951
9162, 65.83, 177.951
9163, 65.74, 177.967
9164, 65.67, 177.984
9165, 65.59, 178.001
9166, 65.52, 178.017
9167, 65.44, 178.034
9168, 65.36, 178.051
9169, 65.26, 178.067
9170, 65.16, 178.084
9171, 65.08, 178.1
9172, 65, 178.117
9173, 64.92, 178.134
9174, 64.92, 178.134
9175, 64.85, 178.15
9176, 64.78, 178.167
9177, 64.71, 178.184
9178, 64.64, 178.201
9179, 64.57, 178.217
9180, 64.49, 178.234
9181, 64.41, 178.251
9182, 64.34, 178.267
9183, 64.26, 178.284
9184, 64.18, 178.301
9185, 64.1, 178.317
9186, 64.03, 178.334
9187, 63.95, 178.35
9188, 63.87, 178.367
9189, 63.87, 178.367
9190, 63.77, 178.384
9191, 63.68, 178.4
9192, 63.6, 178.417
9193, 63.51, 178.434
9194, 63.41, 178.451
9195, 63.29, 178.467
9196, 63.16, 178.484
9197, 63.02, 178.501
9198, 62.87, 178.517
9199, 62.7, 178.534
9200, 62.54, 178.551
9201, 62.37, 178.567
9202, 62.17, 178.584
9203, 61.96, 178.6
9204, 61.76, 178.617
9205, 61.56, 178.634
9206, 61.36, 178.65
9207, 61.16, 178.667
9208, 60.95, 178.684
9209, 60.73, 178.701
9210, 60.51, 178.717
9211, 60.28, 178.734
9212, 60.04, 178.751
9213, 59.79, 178.767
9214, 59.55, 178.784
9215, 59.32, 178.801
9216, 59.1, 178.817
9217, 58.88, 178.834
9218, 58.67, 178.85
9219, 58.4, 178.867
9220, 58.14, 178.884
9221, 57.91, 178.9
9222, 57.69, 178.917
9223, 57.46, 178.934
9224, 57.2, 178.951
9225, 56.96, 178.967
9226, 56.74, 178.984
9227, 56.51, 179.001
9228, 56.27, 179.017
9229, 56.04, 179.034
9230, 55.82, 179.051
9231, 55.59, 179.067
9232, 55.36, 179.084
9233, 54.93, 179.117
9234, 54.73, 179.134
9235, 54.52, 179.15
9236, 54.32, 179.167
9237, 54.11, 179.184
9238, 53.91, 179.201
9239, 53.72, 179.217
9240, 53.52, 179.234
9241, 53.34, 179.251
9242, 52.97, 179.284
9243, 52.8, 179.301
9244, 52.62, 179.317
9245, 52.47, 179.334
9246, 52.32, 179.35
9247, 52.17, 179.367
9248, 52.03, 179.384
9249, 51.68, 179.417
9250, 51.53, 179.434
9251, 51.38, 179.451
9252, 51.23, 179.467
9253, 51.08, 179.484
9254, 50.95, 179.501
9255, 50.73, 179.534
9256, 50.62, 179.551
9257, 50.5, 179.567
9258, 50.37, 179.584
9259, 50.24, 179.6
9260, 50.11, 179.617
9261, 49.91, 179.65
9262, 49.81, 179.667
9263, 49.72, 179.684
9264, 49.65, 179.701
9265, 49.56, 179.717
9266, 49.42, 179.751
9267, 49.35, 179.767
9268, 49.28, 179.784
9269, 49.21, 179.801
9270, 49.14, 179.817
9271, 49.03, 179.85
9272, 48.98, 179.867
9273, 48.91, 179.884
9274, 48.81, 179.9
9275, 48.7, 179.917
9276, 48.54, 179.951
9277, 48.42, 179.967
9278, 48.32, 179.984
9279, 48.25, 180.001
9280, 48.1, 180.034
9281, 48.02, 180.051
9282, 47.95, 180.067
9283, 47.88, 180.084
9284, 47.72, 180.117
9285, 47.64, 180.134
9286, 47.56, 180.15
9287, 47.48, 180.167
9288, 47.31, 180.201
9289, 47.23, 180.217
9290, 47.15, 180.234
9291, 47.07, 180.251
9292, 46.91, 180.284
9293, 46.83, 180.301
9294, 46.76, 180.317
9295, 46.69, 180.334
9296, 46.54, 180.367
9297, 46.47, 180.384
9298, 46.4, 180.4
9299, 46.32, 180.417
9300, 46.18, 180.451
9301, 46.11, 180.467
9302, 46.04, 180.484
9303, 45.93, 180.517
9304, 45.89, 180.534
9305, 45.84, 180.551
9306, 45.8, 180.567
9307, 45.72, 180.6
9308, 45.74, 180.617
9309, 45.75, 180.634
9310, 45.67, 180.667
9311, 45.65, 180.684
9312, 45.63, 180.701
9313, 45.59, 180.717
9314, 45.49, 180.751
9315, 45.42, 180.767
9316, 45.28, 180.784
9317, 45.14, 180.817
9318, 45.1, 180.834
9319, 45.04, 180.85
9320, 44.85, 180.884
9321, 44.78, 180.9
9322, 44.72, 180.917
9323, 44.58, 180.951
9324, 44.5, 180.967
9325, 44.43, 180.984
9326, 44.27, 181.017
9327, 44.19, 181.034
9328, 44.1, 181.051
9329, 43.9, 181.084
9330, 43.8, 181.1
9331, 43.69, 181.117
9332, 43.44, 181.15
9333, 43.31, 181.167
9334, 43.19, 181.184
9335, 42.92, 181.217
9336, 42.78, 181.234
9337, 42.5, 181.267
9338, 42.34, 181.284
9339, 42.17, 181.301
9340, 41.89, 181.334
9341, 41.74, 181.35
9342, 41.37, 181.384
9343, 41.19, 181.4
9344, 40.87, 181.434
9345, 40.7, 181.451
9346, 40.36, 181.484
9347, 40.1, 181.501
9348, 39.63, 181.534
9349, 39.48, 181.551
9350, 39.14, 181.584
9351, 38.95, 181.6
9352, 38.56, 181.634
9353, 38.39, 181.65
9354, 38.04, 181.684
9355, 37.86, 181.701
9356, 37.51, 181.734
9357, 37.15, 181.767
9358, 36.98, 181.784
9359, 36.66, 181.817
9360, 36.35, 181.85
9361, 36.19, 181.867
9362, 35.89, 181.9
9363, 35.62, 181.934
9364, 35.5, 181.951
9365, 35.28, 181.984
9366, 35.09, 182.017
9367, 34.91, 182.051
9368, 34.83, 182.067
9369, 34.66, 182.1
9370, 34.5, 182.134
9371, 34.36, 182.167
9372, 34.29, 182.184
9373, 34.15, 182.217
9374, 34.02, 182.251
9375, 33.9, 182.284
9376, 33.8, 182.317
9377, 33.68, 182.35
9378, 33.62, 182.367
9379, 33.51, 182.4
9380, 33.41, 182.434
9381, 33.29, 182.467
9382, 33.18, 182.501
9383, 33.08, 182.534
9384, 32.98, 182.567
9385, 32.88, 182.6
9386, 32.83, 182.617
9387, 32.74, 182.65
9388, 32.64, 182.684
9389, 32.55, 182.717
9390, 32.44, 182.751
9391, 32.34, 182.784
9392, 32.25, 182.817
9393, 32.12, 182.85
9394, 31.99, 182.884
9395, 31.88, 182.917
9396, 31.76, 182.951
9397, 31.62, 182.984
9398, 31.49, 183.017
9399, 31.38, 183.051
9400, 31.26, 183.084
9401, 31.15, 183.117
9402, 31.05, 183.15
9403, 30.97, 183.184
9404, 30.88, 183.217
9405, 30.78, 183.251
9406, 30.68, 183.284
9407, 30.6, 183.317
9408, 30.5, 183.35
9409, 30.4, 183.384
9410, 30.32, 183.417
9411, 30.23, 183.451
9412, 30.14, 183.484
9413, 30.05, 183.517
9414, 29.96, 183.551
9415, 29.87, 183.584
9416, 29.78, 183.617
9417, 29.69, 183.65
9418, 29.58, 183.684
9419, 29.49, 183.717
9420, 29.4, 183.751
9421, 29.3, 183.784
9422, 29.18, 183.817
9423, 29.03, 183.867
9424, 28.93, 183.9
9425, 28.83, 183.934
9426, 28.71, 183.967
9427, 28.59, 184.001
9428, 28.49, 184.034
9429, 28.37, 184.051
9430, 28.27, 184.084
9431, 28.1, 184.134
9432, 27.99, 184.167
9433, 27.88, 184.201
9434, 27.74, 184.234
9435, 27.63, 184.267
9436, 27.53, 184.301
9437, 27.42, 184.334
9438, 27.32, 184.367
9439, 27.2, 184.417
9440, 27.13, 184.451
9441, 27.08, 184.484
9442, 27.1, 184.517
9443, 27.03, 184.551
9444, 27.05, 184.584
9445, 27.08, 184.617
9446, 27.19, 184.65
9447, 27.32, 184.684
9448, 27.35, 184.717
9449, 27.43, 184.751
9450, 27.54, 184.784
9451, 27.63, 184.817
9452, 27.73, 184.85
9453, 27.82, 184.884
9454, 28.09, 184.934
9455, 28.23, 184.967
9456, 28.38, 185.001
9457, 28.48, 185.034
9458, 28.66, 185.067
9459, 28.91, 185.1
9460, 29.05, 185.134
9461, 29.21, 185.167
9462, 29.42, 185.201
9463, 29.62, 185.234
9464, 29.79, 185.267
9465, 29.96, 185.301
9466, 30.13, 185.334
9467, 30.29, 185.367
9468, 30.46, 185.4
9469, 30.61, 185.434
9470, 30.76, 185.467
9471, 30.92, 185.501
9472, 31.05, 185.534
9473, 31.11, 185.567
9474, 31.1, 185.6
9475, 31.04, 185.634
9476, 30.97, 185.667
9477, 30.77, 185.701
9478, 30.67, 185.734
9479, 30.6, 185.767
9480, 30.55, 185.784
9481, 30.42, 185.817
9482, 30.32, 185.85
9483, 30.22, 185.884
9484, 30.11, 185.917
9485, 30.04, 185.951
9486, 29.96, 185.984
9487, 29.91, 186.017
9488, 29.97, 186.051
9489, 29.95, 186.084
9490, 29.96, 186.1
9491, 30.01, 186.134
9492, 30.05, 186.167
9493, 30.15, 186.201
9494, 30.22, 186.234
9495, 30.25, 186.251
9496, 30.37, 186.284
9497, 30.47, 186.317
9498, 30.58, 186.35
9499, 30.69, 186.384
9500, 30.74, 186.4
9501, 30.85, 186.434
9502, 30.98, 186.467
9503, 31.07, 186.501
9504, 31.13, 186.517
9505, 31.26, 186.551
9506, 31.34, 186.584
9507, 31.45, 186.617
9508, 31.55, 186.65
9509, 31.64, 186.684
9510, 31.7, 186.701
9511, 31.79, 186.734
9512, 31.89, 186.767
9513, 32, 186.801
9514, 32.1, 186.834
9515, 32.23, 186.867
9516, 32.34, 186.9
9517, 32.4, 186.917
9518, 32.55, 186.951
9519, 32.68, 186.984
9520, 32.85, 187.017
9521, 33.03, 187.051
9522, 33.1, 187.067
9523, 33.29, 187.1
9524, 33.49, 187.134
9525, 33.64, 187.167
9526, 33.85, 187.201
9527, 33.97, 187.217
9528, 34.17, 187.251
9529, 34.36, 187.284
9530, 34.58, 187.317
9531, 34.68, 187.334
9532, 34.87, 187.367
9533, 35.07, 187.4
9534, 35.18, 187.417
9535, 35.38, 187.451
9536, 35.57, 187.484
9537, 35.76, 187.517
9538, 35.87, 187.534
9539, 36.07, 187.567
9540, 36.25, 187.6
9541, 36.35, 187.617
9542, 36.55, 187.65
9543, 36.75, 187.684
9544, 36.84, 187.701
9545, 37.04, 187.734
9546, 37.14, 187.751
9547, 37.33, 187.784
9548, 37.53, 187.817
9549, 37.62, 187.834
9550, 37.79, 187.867
9551, 38, 187.9
9552, 38.12, 187.917
9553, 38.29, 187.951
9554, 38.37, 187.967
9555, 38.56, 188.001
9556, 38.65, 188.017
9557, 38.84, 188.051
9558, 39.02, 188.084
9559, 39.1, 188.1
9560, 39.28, 188.134
9561, 39.37, 188.15
9562, 39.53, 188.184
9563, 39.6, 188.201
9564, 39.76, 188.234
9565, 39.84, 188.251
9566, 39.82, 188.284
9567, 39.95, 188.301
9568, 40.22, 188.334
9569, 40.25, 188.35
9570, 40.4, 188.384
9571, 40.49, 188.4
9572, 40.64, 188.434
9573, 40.72, 188.451
9574, 40.87, 188.484
9575, 40.95, 188.501
9576, 41.12, 188.534
9577, 41.21, 188.551
9578, 41.38, 188.584
9579, 41.45, 188.6
9580, 41.61, 188.634
9581, 41.7, 188.65
9582, 41.79, 188.667
9583, 41.97, 188.701
9584, 42.05, 188.717
9585, 42.2, 188.751
9586, 42.27, 188.767
9587, 42.43, 188.801
9588, 42.51, 188.817
9589, 42.59, 188.834
9590, 42.74, 188.867
9591, 42.81, 188.884
9592, 42.98, 188.917
9593, 43.07, 188.934
9594, 43.24, 188.967
9595, 43.32, 188.984
9596, 43.4, 189.001
9597, 43.55, 189.051
9598, 43.63, 189.067
9599, 43.71, 189.084
9600, 43.86, 189.117
9601, 43.93, 189.134
9602, 44.09, 189.167
9603, 44.17, 189.184
9604, 44.25, 189.201
9605, 44.4, 189.234
9606, 44.48, 189.251
9607, 44.55, 189.267
9608, 44.7, 189.301
9609, 44.78, 189.317
9610, 44.86, 189.334
9611, 45.01, 189.367
9612, 45.08, 189.384
9613, 45.16, 189.4
9614, 45.33, 189.434
9615, 45.41, 189.451
9616, 45.48, 189.467
9617, 45.63, 189.501
9618, 45.7, 189.517
9619, 45.78, 189.534
9620, 45.92, 189.567
9621, 45.99, 189.584
9622, 46.07, 189.6
9623, 46.23, 189.634
9624, 46.3, 189.65
9625, 46.38, 189.667
9626, 46.45, 189.684
9627, 46.58, 189.717
9628, 46.65, 189.734
9629, 46.73, 189.751
9630, 46.88, 189.784
9631, 46.95, 189.801
9632, 47.03, 189.817
9633, 47.1, 189.834
9634, 47.25, 189.867
9635, 47.32, 189.884
9636, 47.39, 189.9
9637, 47.53, 189.934
9638, 47.6, 189.951
9639, 47.67, 189.967
9640, 47.74, 189.984
9641, 47.87, 190.017
9642, 47.94, 190.034
9643, 48.01, 190.051
9644, 48.08, 190.067
9645, 48.21, 190.1
9646, 48.28, 190.117
9647, 48.34, 190.134
9648, 48.41, 190.15
9649, 48.54, 190.184
9650, 48.6, 190.201
9651, 48.67, 190.217
9652, 48.67, 190.234
9653, 48.64, 190.251
9654, 48.9, 190.284
9655, 48.91, 190.301
9656, 48.95, 190.317
9657, 49.02, 190.334
9658, 49.14, 190.367
9659, 49.2, 190.384
9660, 49.27, 190.4
9661, 49.34, 190.417
9662, 49.39, 190.434
9663, 49.51, 190.467
9664, 49.57, 190.484
9665, 49.62, 190.501
9666, 49.68, 190.517
9667, 49.8, 190.551
9668, 49.86, 190.567
9669, 49.92, 190.584
9670, 49.98, 190.6
9671, 50.03, 190.617
9672, 50.15, 190.65
9673, 50.2, 190.667
9674, 50.26, 190.684
9675, 50.32, 190.701
9676, 50.38, 190.717
9677, 50.49, 190.751
9678, 50.54, 190.767
9679, 50.6, 190.784
9680, 50.65, 190.801
9681, 50.71, 190.817
9682, 50.77, 190.834
9683, 50.89, 190.867
9684, 50.94, 190.884
9685, 51, 190.9
9686, 51.06, 190.917
9687, 51.12, 190.934
9688, 51.23, 190.967
9689, 51.29, 190.984
9690, 51.35, 191.001
9691, 51.41, 191.017
9692, 51.47, 191.034
9693, 51.53, 191.051
9694, 51.64, 191.084
9695, 51.7, 191.1
9696, 51.75, 191.117
9697, 51.8, 191.134
9698, 51.86, 191.15
9699, 51.91, 191.167
9700, 51.97, 191.184
9701, 52.08, 191.217
9702, 52.14, 191.234
9703, 52.19, 191.251
9704, 52.25, 191.267
9705, 52.3, 191.284
9706, 52.36, 191.301
9707, 52.47, 191.334
9708, 52.52, 191.35
9709, 52.58, 191.367
9710, 52.63, 191.384
9711, 52.68, 191.4
9712, 52.74, 191.417
9713, 52.79, 191.434
9714, 52.89, 191.467
9715, 52.94, 191.484
9716, 53, 191.501
9717, 53.05, 191.517
9718, 53.1, 191.534
9719, 53.16, 191.551
9720, 53.21, 191.567
9721, 53.27, 191.584
9722, 53.37, 191.617
9723, 53.43, 191.634
9724, 53.48, 191.65
9725, 53.53, 191.667
9726, 53.58, 191.684
9727, 53.63, 191.701
9728, 53.68, 191.717
9729, 53.74, 191.734
9730, 53.84, 191.767
9731, 53.89, 191.784
9732, 53.95, 191.801
9733, 54, 191.817
9734, 54.05, 191.834
9735, 54.1, 191.85
9736, 54.15, 191.867
9737, 54.2, 191.884
9738, 54.24, 191.9
9739, 54.29, 191.917
9740, 54.38, 191.951
9741, 54.43, 191.967
9742, 54.48, 191.984
9743, 54.53, 192.001
9744, 54.57, 192.017
9745, 54.62, 192.034
9746, 54.67, 192.051
9747, 54.71, 192.067
9748, 54.75, 192.084
9749, 54.8, 192.1
9750, 54.88, 192.134
9751, 54.93, 192.15
9752, 54.98, 192.167
9753, 55.03, 192.184
9754, 55.07, 192.201
9755, 55.12, 192.217
9756, 55.17, 192.234
9757, 55.21, 192.251
9758, 55.25, 192.267
9759, 55.3, 192.284
9760, 55.34, 192.301
9761, 55.38, 192.317
9762, 55.47, 192.35
9763, 55.52, 192.367
9764, 55.57, 192.384
9765, 55.61, 192.4
9766, 55.66, 192.417
9767, 55.7, 192.434
9768, 55.74, 192.451
9769, 55.79, 192.467
9770, 55.83, 192.484
9771, 55.87, 192.501
9772, 55.92, 192.517
9773, 55.97, 192.534
9774, 56.01, 192.551
9775, 56.09, 192.584
9776, 56.13, 192.6
9777, 56.17, 192.617
9778, 56.22, 192.634
9779, 56.26, 192.65
9780, 56.3, 192.667
9781, 56.35, 192.684
9782, 56.39, 192.701
9783, 56.43, 192.717
9784, 56.47, 192.734
9785, 56.52, 192.751
9786, 56.56, 192.767
9787, 56.6, 192.784
9788, 56.64, 192.801
9789, 56.68, 192.817
9790, 56.73, 192.834
9791, 56.81, 192.867
9792, 56.85, 192.884
9793, 56.89, 192.9
9794, 56.93, 192.917
9795, 56.97, 192.934
9796, 57.01, 192.951
9797, 57.05, 192.967
9798, 57.09, 192.984
9799, 57.13, 193.001
9800, 57.17, 193.017
9801, 57.21, 193.034
9802, 57.25, 193.051
9803, 57.29, 193.067
9804, 57.34, 193.084
9805, 57.38, 193.1
9806, 57.42, 193.117
9807, 57.46, 193.134
9808, 57.49, 193.15
9809, 57.53, 193.167
9810, 57.56, 193.184
9811, 57.63, 193.217
9812, 57.67, 193.234
9813, 57.7, 193.251
9814, 57.74, 193.267
9815, 57.78, 193.284
9816, 57.82, 193.301
9817, 57.85, 193.317
9818, 57.89, 193.334
9819, 57.92, 193.35
9820, 57.95, 193.367
9821, 57.98, 193.384
9822, 58.02, 193.4
9823, 58.05, 193.417
9824, 58.09, 193.434
9825, 58.13, 193.451
9826, 58.16, 193.467
9827, 58.2, 193.484
9828, 58.23, 193.501
9829, 58.26, 193.517
9830, 58.3, 193.534
9831, 58.33, 193.551
9832, 58.36, 193.567
9833, 58.4, 193.584
9834, 58.43, 193.6
9835, 58.41, 193.617
9836, 58.36, 193.634
9837, 58.48, 193.65
9838, 58.52, 193.667
9839, 58.5, 193.684
9840, 58.58, 193.717
9841, 58.6, 193.734
9842, 58.62, 193.751
9843, 58.66, 193.767
9844, 58.69, 193.784
9845, 58.72, 193.801
9846, 58.75, 193.817
9847, 58.78, 193.834
9848, 58.82, 193.85
9849, 58.85, 193.867
9850, 58.88, 193.884
9851, 58.91, 193.9
9852, 58.94, 193.917
9853, 58.97, 193.934
9854, 59, 193.951
9855, 59.03, 193.967
9856, 59.06, 193.984
9857, 59.08, 194.001
9858, 59.11, 194.017
9859, 59.14, 194.034
9860, 59.17, 194.051
9861, 59.2, 194.067
9862, 59.23, 194.084
9863, 59.26, 194.1
9864, 59.28, 194.117
9865, 59.31, 194.134
9866, 59.35, 194.15
9867, 59.38, 194.167
9868, 59.42, 194.184
9869, 59.45, 194.201
9870, 59.48, 194.217
9871, 59.52, 194.234
9872, 59.55, 194.251
9873, 59.58, 194.267
9874, 59.62, 194.284
9875, 59.65, 194.301
9876, 59.67, 194.317
9877, 59.7, 194.334
9878, 59.72, 194.35
9879, 59.75, 194.367
9880, 59.79, 194.384
9881, 59.83, 194.4
9882, 59.86, 194.417
9883, 59.89, 194.434
9884, 59.92, 194.451
9885, 59.95, 194.467
9886, 59.98, 194.484
9887, 60.01, 194.501
9888, 60.03, 194.517
9889, 60.06, 194.534
9890, 60.09, 194.551
9891, 60.12, 194.567
9892, 60.16, 194.584
9893, 60.19, 194.6
9894, 60.22, 194.617
9895, 60.25, 194.634
9896, 60.29, 194.65
9897, 60.32, 194.667
9898, 60.35, 194.684
9899, 60.38, 194.701
9900, 60.41, 194.717
9901, 60.45, 194.734
9902, 60.48, 194.751
9903, 60.5, 194.767
9904, 60.53, 194.784
9905, 60.56, 194.801
9906, 60.58, 194.817
9907, 60.61, 194.834
9908, 60.64, 194.85
9909, 60.66, 194.867
9910, 60.69, 194.884
9911, 60.72, 194.9
9912, 60.75, 194.917
9913, 60.79, 194.934
9914, 60.82, 194.951
9915, 60.85, 194.967
9916, 60.88, 194.984
9917, 60.91, 195.001
9918, 60.94, 195.017
9919, 60.96, 195.034
9920, 60.99, 195.051
9921, 61.02, 195.067
9922, 61.04, 195.084
9923, 61.07, 195.1
9924, 61.1, 195.117
9925, 61.12, 195.134
9926, 61.15, 195.15
9927, 61.18, 195.167
9928, 61.21, 195.184
9929, 61.24, 195.201
9930, 61.27, 195.217
9931, 61.31, 195.234
9932, 61.34, 195.251
9933, 61.37, 195.267
9934, 61.4, 195.284
9935, 61.42, 195.301
9936, 61.45, 195.317
9937, 61.47, 195.334
9938, 61.5, 195.35
9939, 61.52, 195.367
9940, 61.52, 195.367
9941, 61.55, 195.384
9942, 61.58, 195.4
9943, 61.6, 195.417
9944, 61.63, 195.434
9945, 61.66, 195.451
9946, 61.69, 195.467
9947, 61.72, 195.484
9948, 61.75, 195.501
9949, 61.78, 195.517
9950, 61.8, 195.534
9951, 61.82, 195.551
9952, 61.85, 195.567
9953, 61.88, 195.584
9954, 61.9, 195.6
9955, 61.94, 195.617
9956, 61.97, 195.634
9957, 62, 195.65
9958, 62.03, 195.667
9959, 62.05, 195.684
9960, 62.08, 195.701
9961, 62.1, 195.717
9962, 62.13, 195.734
9963, 62.16, 195.751
9964, 62.18, 195.767
9965, 62.21, 195.784
9966, 62.24, 195.801
9967, 62.27, 195.817
9968, 62.29, 195.834
9969, 62.32, 195.85
9970, 62.34, 195.867
9971, 62.37, 195.884
9972, 62.39, 195.9
9973, 62.41, 195.917
9974, 62.41, 195.917
9975, 62.44, 195.934
9976, 62.46, 195.951
9977, 62.49, 195.967
9978, 62.51, 195.984
9979, 62.54, 196.001
9980, 62.57, 196.017
9981, 62.59, 196.034
9982, 62.62, 196.051
9983, 62.65, 196.067
9984, 62.68, 196.084
9985, 62.71, 196.1
9986, 62.74, 196.117
9987, 62.76, 196.134
9988, 62.78, 196.15
9989, 62.81, 196.167
9990, 62.83, 196.184
9991, 62.85, 196.201
9992, 62.88, 196.217
9993, 62.9, 196.234
9994, 62.93, 196.251
9995, 62.95, 196.267
9996, 62.98, 196.284
9997, 63, 196.301
9998, 63, 196.301
9999, 63.02, 196.317
10000, 63.05, 196.334
10001, 63.07, 196.35
10002, 63.1, 196.367
10003, 63.12, 196.384
10004, 63.15, 196.4
10005, 63.17, 196.417
10006, 63.19, 196.434
10007, 63.22, 196.451
10008, 63.24, 196.467
10009, 63.26, 196.484
10010, 63.28, 196.501
10011, 63.3, 196.517
10012, 63.33, 196.534
10013, 63.35, 196.551
10014, 63.38, 196.567
10015, 63.41, 196.584
10016, 63.43, 196.6
10017, 63.46, 196.617
10018, 63.46, 196.617
10019, 63.48, 196.634
10020, 63.51, 196.65
10021, 63.53, 196.667
10022, 63.56, 196.684
10023, 63.58, 196.701
10024, 63.6, 196.717
10025, 63.63, 196.734
10026, 63.66, 196.751
10027, 63.68, 196.767
10028, 63.7, 196.784
10029, 63.72, 196.801
10030, 63.74, 196.817
10031, 63.76, 196.834
10032, 63.79, 196.85
10033, 63.83, 196.867
10034, 63.86, 196.884
10035, 63.89, 196.9
10036, 63.94, 196.917
10037, 63.94, 196.917
10038, 63.99, 196.934
10039, 64, 196.951
10040, 64.01, 196.967
10041, 64.03, 196.984
10042, 64.05, 197.001
10043, 64.07, 197.017
10044, 64.09, 197.034
10045, 64.11, 197.051
10046, 64.13, 197.067
10047, 64.15, 197.084
10048, 64.18, 197.1
10049, 64.21, 197.117
10050, 64.23, 197.134
10051, 64.26, 197.15
10052, 64.29, 197.167
10053, 64.29, 197.167
10054, 64.32, 197.184
10055, 64.34, 197.201
10056, 64.36, 197.217
10057, 64.39, 197.234
10058, 64.41, 197.251
10059, 64.44, 197.267
10060, 64.47, 197.284
10061, 64.5, 197.301
10062, 64.52, 197.317
10063, 64.54, 197.334
10064, 64.57, 197.35
10065, 64.59, 197.367
10066, 64.62, 197.384
10067, 64.65, 197.4
10068, 64.65, 197.4
10069, 64.69, 197.417
10070, 64.72, 197.434
10071, 64.74, 197.451
10072, 64.76, 197.467
10073, 64.78, 197.484
10074, 64.8, 197.501
10075, 64.82, 197.517
10076, 64.85, 197.534
10077, 64.87, 197.551
10078, 64.9, 197.567
10079, 64.93, 197.584
10080, 64.96, 197.6
10081, 64.99, 197.617
10082, 64.99, 197.617
10083, 65.02, 197.634
10084, 65.04, 197.65
10085, 65.07, 197.667
10086, 65.09, 197.684
10087, 65.12, 197.701
10088, 65.14, 197.717
10089, 65.17, 197.734
10090, 65.19, 197.751
10091, 65.22, 197.767
10092, 65.24, 197.784
10093, 65.26, 197.801
10094, 65.29, 197.817
10095, 65.29, 197.817
10096, 65.31, 197.834
10097, 65.33, 197.85
10098, 65.35, 197.867
10099, 65.38, 197.884
10100, 65.4, 197.9
10101, 65.43, 197.917
10102, 65.45, 197.934
10103, 65.48, 197.951
10104, 65.48, 197.951
10105, 65.53, 197.984
10106, 65.55, 198.001
10107, 65.55, 198.001
10108, 65.58, 198.017
10109, 65.6, 198.034
10110, 65.63, 198.051
10111, 65.66, 198.067
10112, 65.66, 198.067
10113, 65.7, 198.1
10114, 65.73, 198.117
10115, 65.75, 198.134
10116, 65.77, 198.15
10117, 65.79, 198.167
10118, 65.79, 198.167
10119, 65.79, 198.167
10120, 65.84, 198.201
10121, 65.87, 198.217
10122, 65.9, 198.234
10123, 65.92, 198.251
10124, 65.92, 198.251
10125, 65.92, 198.251
10126, 65.92, 198.251
10127, 65.99, 198.317
10128, 66.01, 198.334
10129, 66.03, 198.35
10130, 66.05, 198.367
10131, 66.05, 198.367
10132, 66.07, 198.384
10133, 66.09, 198.4
10134, 66.1, 198.417
10135, 66.12, 198.434
10136, 66.14, 198.451
10137, 66.16, 198.467
10138, 66.17, 198.484
10139, 66.19, 198.501
10140, 66.2, 198.517
10141, 66.22, 198.534
10142, 66.22, 198.534
10143, 66.23, 198.551
10144, 66.25, 198.567
10145, 66.27, 198.584
10146, 66.28, 198.6
10147, 66.3, 198.617
10148, 66.32, 198.634
10149, 66.33, 198.65
10150, 66.35, 198.667
10151, 66.36, 198.684
10152, 66.38, 198.701
10153, 66.38, 198.701
10154, 66.4, 198.717
10155, 66.42, 198.734
10156, 66.44, 198.751
10157, 66.46, 198.767
10158, 66.48, 198.784
10159, 66.5, 198.801
10160, 66.52, 198.817
10161, 66.54, 198.834
10162, 66.56, 198.85
10163, 66.56, 198.85
10164, 66.58, 198.867
10165, 66.59, 198.884
10166, 66.61, 198.9
10167, 66.63, 198.917
10168, 66.64, 198.934
10169, 66.66, 198.951
10170, 66.68, 198.967
10171, 66.7, 198.984
10172, 66.7, 198.984
10173, 66.71, 199.001
10174, 66.73, 199.017
10175, 66.74, 199.034
10176, 66.75, 199.067
10177, 66.76, 199.084
10178, 66.77, 199.1
10179, 66.77, 199.117
10180, 66.78, 199.134
10181, 66.78, 199.15
10182, 66.78, 199.15
10183, 66.79, 199.167
10184, 66.79, 199.184
10185, 66.8, 199.201
10186, 66.8, 199.217
10187, 66.81, 199.234
10188, 66.81, 199.251
10189, 66.81, 199.267
10190, 66.82, 199.284
10191, 66.82, 199.284
10192, 66.82, 199.301
10193, 66.82, 199.317
10194, 66.83, 199.334
10195, 66.83, 199.35
10196, 66.83, 199.367
10197, 66.83, 199.384
10198, 66.82, 199.4
10199, 66.82, 199.4
10200, 66.82, 199.417
10201, 66.81, 199.434
10202, 66.82, 199.451
10203, 66.82, 199.467
10204, 66.83, 199.484
10205, 66.84, 199.501
10206, 66.85, 199.517
10207, 66.85, 199.534
10208, 66.85, 199.534
10209, 66.85, 199.551
10210, 66.85, 199.567
10211, 66.85, 199.584
10212, 66.85, 199.6
10213, 66.84, 199.617
10214, 66.83, 199.634
10215, 66.85, 199.65
10216, 66.85, 199.65
10217, 66.85, 199.65
10218, 66.9, 199.684
10219, 66.89, 199.701
10220, 66.88, 199.717
10221, 66.87, 199.734
10222, 66.86, 199.751
10223, 66.84, 199.767
10224, 66.83, 199.784
10225, 66.84, 199.801
10226, 66.84, 199.801
10227, 66.84, 199.801
10228, 66.86, 199.834
10229, 66.88, 199.85
10230, 66.89, 199.867
10231, 66.89, 199.884
10232, 66.9, 199.9
10233, 66.91, 199.917
10234, 66.92, 199.934
10235, 66.93, 199.951
10236, 66.93, 199.951
10237, 66.94, 199.967
10238, 66.96, 199.984
10239, 66.97, 200.001
10240, 66.99, 200.017
10241, 66.99, 200.017
10242, 67, 200.051
10243, 67.01, 200.067
10244, 67.03, 200.084
10245, 67.03, 200.084
10246, 67.04, 200.1
10247, 67.05, 200.117
10248, 67.07, 200.134
10249, 67.09, 200.15
10250, 67.1, 200.167
10251, 67.12, 200.184
10252, 67.14, 200.201
10253, 67.15, 200.217
10254, 67.15, 200.217
10255, 67.15, 200.234
10256, 67.17, 200.251
10257, 67.2, 200.267
10258, 67.22, 200.284
10259, 67.22, 200.301
10260, 67.23, 200.317
10261, 67.26, 200.334
10262, 67.27, 200.35
10263, 67.27, 200.35
10264, 67.27, 200.367
10265, 67.26, 200.384
10266, 67.28, 200.4
10267, 67.32, 200.417
10268, 67.34, 200.434
10269, 67.35, 200.451
10270, 67.36, 200.467
10271, 67.37, 200.484
10272, 67.37, 200.484
10273, 67.38, 200.501
10274, 67.38, 200.517
10275, 67.38, 200.534
10276, 67.37, 200.551
10277, 67.36, 200.567
10278, 67.33, 200.584
10279, 67.3, 200.6
10280, 67.25, 200.617
10281, 67.2, 200.634
10282, 67.2, 200.634
10283, 67.2, 200.634
10284, 67.06, 200.667
10285, 66.97, 200.684
10286, 66.85, 200.701
10287, 66.7, 200.717
10288, 66.54, 200.734
10289, 66.36, 200.751
10290, 66.15, 200.767
10291, 65.94, 200.784
10292, 65.94, 200.784
10293, 65.94, 200.784
10294, 65.94, 200.784
10295, 65.94, 200.784
10296, 65.94, 200.784
10297, 64.55, 200.867
10298, 64.24, 200.884
10299, 63.92, 200.9
10300, 63.61, 200.917
10301, 63.32, 200.934
10302, 63.01, 200.951
10303, 62.71, 200.967
10304, 62.4, 200.984
10305, 62.08, 201.001
10306, 61.75, 201.017
10307, 61.43, 201.034
10308, 61.12, 201.051
10309, 60.8, 201.067
10310, 60.47, 201.084
10311, 60.15, 201.1
10312, 59.83, 201.117
10313, 59.5, 201.134
10314, 59.18, 201.15
10315, 58.86, 201.167
10316, 58.55, 201.184
10317, 58.24, 201.201
10318, 57.92, 201.217
10319, 57.6, 201.234
10320, 57.28, 201.251
10321, 56.96, 201.267
10322, 56.64, 201.284
10323, 56.33, 201.301
10324, 56, 201.317
10325, 55.61, 201.334
10326, 55.25, 201.35
10327, 54.94, 201.367
10328, 54.63, 201.384
10329, 54.33, 201.4
10330, 54.02, 201.417
10331, 53.36, 201.451
10332, 53.05, 201.467
10333, 52.75, 201.484
10334, 52.45, 201.501
10335, 52.13, 201.517
10336, 51.83, 201.534
10337, 51.53, 201.551
10338, 50.94, 201.584
10339, 50.65, 201.6
10340, 50.36, 201.617
10341, 50.08, 201.634
10342, 49.78, 201.65
10343, 49.22, 201.684
10344, 48.94, 201.701
10345, 48.67, 201.717
10346, 48.41, 201.734
10347, 48.15, 201.751
10348, 47.63, 201.784
10349, 47.38, 201.801
10350, 47.15, 201.817
10351, 46.92, 201.834
10352, 46.36, 201.867
10353, 46.12, 201.884
10354, 45.93, 201.9
10355, 45.52, 201.934
10356, 45.3, 201.951
10357, 45.11, 201.967
10358, 44.75, 202.001
10359, 44.57, 202.017
10360, 44.4, 202.034
10361, 44.09, 202.067
10362, 43.94, 202.084
10363, 43.78, 202.1
10364, 43.48, 202.134
10365, 43.33, 202.15
10366, 43.03, 202.184
10367, 42.88, 202.201
10368, 42.73, 202.217
10369, 42.45, 202.251
10370, 42.31, 202.267
10371, 42.03, 202.301
10372, 41.91, 202.317
10373, 41.8, 202.334
10374, 41.54, 202.367
10375, 41.41, 202.384
10376, 41.23, 202.417
10377, 41.12, 202.434
10378, 40.92, 202.467
10379, 40.84, 202.484
10380, 40.65, 202.517
10381, 40.55, 202.534
10382, 40.39, 202.567
10383, 40.32, 202.584
10384, 40.25, 202.6
10385, 40.12, 202.634
10386, 40.05, 202.65
10387, 39.93, 202.684
10388, 39.87, 202.701
10389, 39.77, 202.734
10390, 39.7, 202.751
10391, 39.59, 202.784
10392, 39.53, 202.801
10393, 39.42, 202.834
10394, 39.37, 202.85
10395, 39.26, 202.884
10396, 39.2, 202.9
10397, 39.07, 202.934
10398, 39, 202.951
10399, 38.88, 202.984
10400, 38.81, 203.001
10401, 38.68, 203.034
10402, 38.61, 203.051
10403, 38.47, 203.084
10404, 38.41, 203.1
10405, 38.28, 203.134
10406, 38.23, 203.15
10407, 38.18, 203.167
10408, 38.07, 203.201
10409, 38.02, 203.217
10410, 37.92, 203.251
10411, 37.88, 203.267
10412, 37.82, 203.301
10413, 37.79, 203.317
10414, 37.74, 203.35
10415, 37.67, 203.384
10416, 37.66, 203.4
10417, 37.61, 203.434
10418, 37.57, 203.451
10419, 37.51, 203.484
10420, 37.52, 203.501
10421, 37.43, 203.534
10422, 37.33, 203.567
10423, 37.32, 203.584
10424, 37.29, 203.617
10425, 37.27, 203.634
10426, 37.27, 203.667
10427, 37.24, 203.701
10428, 37.24, 203.717
10429, 37.3, 203.751
10430, 37.29, 203.784
10431, 37.28, 203.801
10432, 37.31, 203.834
10433, 37.32, 203.85
10434, 37.39, 203.884
10435, 37.56, 203.917
10436, 37.61, 203.934
10437, 37.65, 203.967
10438, 37.7, 204.001
10439, 37.74, 204.017
10440, 37.83, 204.051
10441, 37.89, 204.051
10442, 37.98, 204.084
10443, 38.09, 204.117
10444, 38.15, 204.134
10445, 38.26, 204.167
10446, 38.33, 204.184
10447, 38.47, 204.217
10448, 38.54, 204.234
10449, 38.71, 204.267
10450, 38.86, 204.301
10451, 38.93, 204.317
10452, 39.09, 204.35
10453, 39.17, 204.367
10454, 39.33, 204.4
10455, 39.42, 204.417
10456, 39.58, 204.451
10457, 39.67, 204.467
10458, 39.83, 204.501
10459, 39.91, 204.517
10460, 40.08, 204.551
10461, 40.16, 204.567
10462, 40.33, 204.6
10463, 40.41, 204.617
10464, 40.57, 204.65
10465, 40.65, 204.667
10466, 40.8, 204.701
10467, 40.89, 204.717
10468, 41.05, 204.751
10469, 41.14, 204.767
10470, 41.3, 204.801
10471, 41.38, 204.817
10472, 41.46, 204.834
10473, 41.61, 204.867
10474, 41.69, 204.884
10475, 41.84, 204.917
10476, 41.91, 204.934
10477, 42.06, 204.967
10478, 42.13, 204.984
10479, 42.21, 205.001
10480, 42.35, 205.034
10481, 42.41, 205.051
10482, 42.56, 205.084
10483, 42.63, 205.1
10484, 42.75, 205.134
10485, 42.79, 205.15
10486, 42.85, 205.167
10487, 43.01, 205.201
10488, 43.07, 205.217
10489, 43.12, 205.234
10490, 43.24, 205.267
10491, 43.29, 205.284
10492, 43.39, 205.317
10493, 43.44, 205.334
10494, 43.48, 205.35
10495, 43.59, 205.384
10496, 43.66, 205.4
10497, 43.75, 205.417
10498, 43.89, 205.451
10499, 43.95, 205.467
10500, 44.06, 205.501
10501, 44.12, 205.517
10502, 44.18, 205.534
10503, 44.31, 205.567
10504, 44.38, 205.584
10505, 44.44, 205.6
10506, 44.58, 205.634
10507, 44.64, 205.65
10508, 44.71, 205.667
10509, 44.85, 205.701
10510, 44.92, 205.717
10511, 44.99, 205.734
10512, 45.14, 205.767
10513, 45.21, 205.784
10514, 45.28, 205.801
10515, 45.42, 205.834
10516, 45.49, 205.85
10517, 45.56, 205.867
10518, 45.7, 205.9
10519, 45.78, 205.917
10520, 45.85, 205.934
10521, 45.93, 205.951
10522, 46.09, 205.984
10523, 46.16, 206.001
10524, 46.24, 206.017
10525, 46.39, 206.051
10526, 46.46, 206.067
10527, 46.54, 206.084
10528, 46.69, 206.117
10529, 46.77, 206.134
10530, 46.85, 206.15
10531, 46.92, 206.167
10532, 47.07, 206.201
10533, 47.14, 206.217
10534, 47.22, 206.234
10535, 47.29, 206.251
10536, 47.44, 206.284
10537, 47.51, 206.301
10538, 47.58, 206.317
10539, 47.72, 206.35
10540, 47.79, 206.367
10541, 47.86, 206.384
10542, 47.93, 206.4
10543, 48.08, 206.434
10544, 48.15, 206.451
10545, 48.21, 206.467
10546, 48.28, 206.484
10547, 48.43, 206.517
10548, 48.5, 206.534
10549, 48.57, 206.551
10550, 48.57, 206.567
10551, 48.54, 206.584
10552, 48.8, 206.617
10553, 48.83, 206.634
10554, 48.88, 206.65
10555, 48.94, 206.667
10556, 49.08, 206.701
10557, 49.14, 206.717
10558, 49.2, 206.734
10559, 49.27, 206.751
10560, 49.4, 206.784
10561, 49.46, 206.801
10562, 49.53, 206.817
10563, 49.59, 206.834
10564, 49.65, 206.85
10565, 49.77, 206.884
10566, 49.83, 206.9
10567, 49.89, 206.917
10568, 49.95, 206.934
10569, 50.01, 206.951
10570, 50.12, 206.984
10571, 50.17, 207.001
10572, 50.2, 207.017
10573, 50.25, 207.034
10574, 50.35, 207.051
10575, 50.54, 207.084
10576, 50.58, 207.1
10577, 50.62, 207.117
10578, 50.66, 207.134
10579, 50.71, 207.15
10580, 50.84, 207.184
10581, 50.93, 207.201
10582, 51, 207.217
10583, 51.07, 207.234
10584, 51.12, 207.251
10585, 51.23, 207.284
10586, 51.29, 207.301
10587, 51.34, 207.317
10588, 51.38, 207.334
10589, 51.42, 207.35
10590, 51.44, 207.367
10591, 51.48, 207.4
10592, 51.49, 207.417
10593, 51.5, 207.434
10594, 51.49, 207.451
10595, 51.46, 207.467
10596, 51.41, 207.484
10597, 51.21, 207.517
10598, 51.07, 207.534
10599, 50.91, 207.551
10600, 50.74, 207.567
10601, 50.56, 207.584
10602, 50.18, 207.617
10603, 49.95, 207.634
10604, 49.7, 207.65
10605, 49.49, 207.667
10606, 49.27, 207.684
10607, 48.8, 207.717
10608, 48.58, 207.734
10609, 48.38, 207.751
10610, 48.16, 207.767
10611, 47.67, 207.801
10612, 47.42, 207.817
10613, 47.15, 207.834
10614, 46.7, 207.867
10615, 46.48, 207.884
10616, 46.26, 207.9
10617, 46.02, 207.917
10618, 45.58, 207.951
10619, 45.36, 207.967
10620, 45.1, 207.984
10621, 44.62, 208.017
10622, 44.41, 208.034
10623, 44.15, 208.051
10624, 43.72, 208.084
10625, 43.57, 208.1
10626, 43.18, 208.134
10627, 42.98, 208.15
10628, 42.74, 208.167
10629, 42.37, 208.201
10630, 42.24, 208.217
10631, 41.92, 208.251
10632, 41.74, 208.267
10633, 41.39, 208.301
10634, 41.25, 208.317
10635, 40.97, 208.35
10636, 40.84, 208.367
10637, 40.58, 208.4
10638, 40.38, 208.417
10639, 40, 208.451
10640, 39.88, 208.467
10641, 39.63, 208.501
10642, 39.48, 208.517
10643, 39.2, 208.551
10644, 39.1, 208.567
10645, 38.92, 208.6
10646, 38.79, 208.617
10647, 38.55, 208.65
10648, 38.41, 208.684
10649, 38.33, 208.701
10650, 38.14, 208.734
10651, 38.07, 208.751
10652, 37.99, 208.784
10653, 37.89, 208.817
10654, 37.85, 208.834
10655, 37.77, 208.867
10656, 37.68, 208.9
10657, 37.64, 208.917
10658, 37.55, 208.951
10659, 37.46, 208.984
10660, 37.41, 209.001
10661, 37.3, 209.034
10662, 37.25, 209.051
10663, 37.15, 209.084
10664, 37.06, 209.117
10665, 37.01, 209.134
10666, 36.9, 209.167
10667, 36.81, 209.201
10668, 36.77, 209.217
10669, 36.66, 209.251
10670, 36.52, 209.284
10671, 36.44, 209.301
10672, 36.28, 209.334
10673, 36.12, 209.367
10674, 35.97, 209.4
10675, 35.89, 209.417
10676, 35.73, 209.451
10677, 35.57, 209.484
10678, 35.5, 209.501
10679, 35.37, 209.534
10680, 35.26, 209.567
10681, 35.16, 209.6
10682, 35.11, 209.617
10683, 35.02, 209.65
10684, 34.91, 209.684
10685, 34.8, 209.717
10686, 34.75, 209.734
10687, 34.64, 209.767
10688, 34.55, 209.801
10689, 34.46, 209.834
10690, 34.41, 209.85
10691, 34.25, 209.884
10692, 34.11, 209.917
10693, 34.05, 209.951
10694, 34.03, 209.967
10695, 33.99, 210.001
10696, 34.09, 210.034
10697, 34.14, 210.067
10698, 34.13, 210.084
10699, 34.16, 210.117
10700, 34.2, 210.15
10701, 34.19, 210.184
10702, 34.18, 210.201
10703, 34.17, 210.234
10704, 34.17, 210.267
10705, 34.15, 210.301
10706, 34.14, 210.317
10707, 34.16, 210.35
10708, 34.23, 210.384
10709, 34.32, 210.417
10710, 34.36, 210.434
10711, 34.46, 210.467
10712, 34.57, 210.501
10713, 34.72, 210.534
10714, 34.79, 210.551
10715, 34.89, 210.584
10716, 34.98, 210.617
10717, 35.02, 210.634
10718, 35.11, 210.667
10719, 35.25, 210.701
10720, 35.3, 210.717
10721, 35.38, 210.751
10722, 35.43, 210.767
10723, 35.51, 210.801
10724, 35.59, 210.834
10725, 35.63, 210.85
10726, 35.71, 210.884
10727, 35.77, 210.9
10728, 35.9, 210.934
10729, 35.96, 210.951
10730, 36.07, 210.984
10731, 36.25, 211.017
10732, 36.35, 211.034
10733, 36.5, 211.067
10734, 36.59, 211.084
10735, 36.8, 211.117
10736, 36.9, 211.134
10737, 37.1, 211.167
10738, 37.31, 211.201
10739, 37.41, 211.217
10740, 37.58, 211.251
10741, 37.67, 211.267
10742, 37.87, 211.301
10743, 37.97, 211.317
10744, 38.17, 211.35
10745, 38.33, 211.384
10746, 38.4, 211.4
10747, 38.61, 211.434
10748, 38.74, 211.451
10749, 38.94, 211.484
10750, 39.02, 211.501
10751, 39.19, 211.534
10752, 39.27, 211.551
10753, 39.44, 211.584
10754, 39.61, 211.617
10755, 39.71, 211.634
10756, 39.9, 211.667
10757, 39.99, 211.684
10758, 40.13, 211.717
10759, 40.19, 211.734
10760, 40.2, 211.767
10761, 40.29, 211.784
10762, 40.52, 211.817
10763, 40.59, 211.834
10764, 40.84, 211.867
10765, 40.9, 211.884
10766, 41.09, 211.917
10767, 41.2, 211.934
10768, 41.37, 211.967
10769, 41.45, 211.984
10770, 41.53, 212.001
10771, 41.72, 212.034
10772, 41.81, 212.051
10773, 41.99, 212.084
10774, 42.09, 212.1
10775, 42.25, 212.134
10776, 42.34, 212.15
10777, 42.53, 212.184
10778, 42.61, 212.201
10779, 42.7, 212.217
10780, 42.87, 212.251
10781, 42.97, 212.267
10782, 43.15, 212.301
10783, 43.24, 212.317
10784, 43.33, 212.334
10785, 43.51, 212.367
10786, 43.59, 212.384
10787, 43.77, 212.417
10788, 43.86, 212.434
10789, 43.95, 212.451
10790, 44.12, 212.484
10791, 44.21, 212.501
10792, 44.3, 212.517
10793, 44.47, 212.551
10794, 44.56, 212.567
10795, 44.64, 212.584
10796, 44.81, 212.617
10797, 44.9, 212.634
10798, 45.06, 212.667
10799, 45.14, 212.684
10800, 45.22, 212.701
10801, 45.39, 212.734
10802, 45.47, 212.751
10803, 45.56, 212.767
10804, 45.73, 212.801
10805, 45.82, 212.817
10806, 45.9, 212.834
10807, 45.97, 212.85
10808, 46.13, 212.884
10809, 46.21, 212.9
10810, 46.29, 212.917
10811, 46.44, 212.951
10812, 46.52, 212.967
10813, 46.61, 212.984
10814, 46.76, 213.017
10815, 46.84, 213.034
10816, 46.92, 213.051
10817, 47, 213.067
10818, 47.15, 213.1
10819, 47.22, 213.117
10820, 47.3, 213.134
10821, 47.45, 213.167
10822, 47.52, 213.184
10823, 47.59, 213.201
10824, 47.67, 213.217
10825, 47.82, 213.251
10826, 47.89, 213.267
10827, 47.96, 213.284
10828, 48.04, 213.301
10829, 48.18, 213.334
10830, 48.25, 213.35
10831, 48.32, 213.367
10832, 48.39, 213.384
10833, 48.53, 213.417
10834, 48.6, 213.434
10835, 48.68, 213.451
10836, 48.76, 213.467
10837, 48.91, 213.501
10838, 48.98, 213.517
10839, 49.05, 213.534
10840, 49.12, 213.551
10841, 49.26, 213.584
10842, 49.33, 213.6
10843, 49.4, 213.617
10844, 49.4, 213.634
10845, 49.37, 213.65
10846, 49.67, 213.684
10847, 49.66, 213.701
10848, 49.69, 213.717
10849, 49.78, 213.734
10850, 49.92, 213.767
10851, 49.96, 213.784
10852, 50.04, 213.801
10853, 50.11, 213.817
10854, 50.17, 213.834
10855, 50.29, 213.867
10856, 50.36, 213.884
10857, 50.42, 213.9
10858, 50.48, 213.917
10859, 50.54, 213.934
10860, 50.67, 213.967
10861, 50.73, 213.984
10862, 50.79, 214.001
10863, 50.85, 214.017
10864, 50.91, 214.034
10865, 51.03, 214.067
10866, 51.1, 214.084
10867, 51.16, 214.1
10868, 51.22, 214.117
10869, 51.29, 214.134
10870, 51.35, 214.15
10871, 51.47, 214.184
10872, 51.53, 214.201
10873, 51.59, 214.217
10874, 51.65, 214.234
10875, 51.71, 214.251
10876, 51.83, 214.284
10877, 51.89, 214.301
10878, 51.96, 214.317
10879, 52.02, 214.334
10880, 52.08, 214.35
10881, 52.14, 214.367
10882, 52.26, 214.4
10883, 52.31, 214.417
10884, 52.37, 214.434
10885, 52.44, 214.451
10886, 52.5, 214.467
10887, 52.55, 214.484
10888, 52.67, 214.517
10889, 52.72, 214.534
10890, 52.77, 214.551
10891, 52.82, 214.567
10892, 52.87, 214.584
10893, 52.93, 214.6
10894, 52.99, 214.617
10895, 53.1, 214.65
10896, 53.16, 214.667
10897, 53.23, 214.684
10898, 53.29, 214.701
10899, 53.34, 214.717
10900, 53.39, 214.734
10901, 53.45, 214.751
10902, 53.56, 214.784
10903, 53.61, 214.801
10904, 53.68, 214.817
10905, 53.74, 214.834
10906, 53.8, 214.85
10907, 53.86, 214.867
10908, 53.91, 214.884
10909, 54.01, 214.917
10910, 54.04, 214.934
10911, 54.05, 214.951
10912, 54.12, 214.967
10913, 54.24, 214.984
10914, 54.34, 215.001
10915, 54.36, 215.017
10916, 54.37, 215.034
10917, 54.41, 215.051
10918, 54.49, 215.084
10919, 54.51, 215.1
10920, 54.57, 215.117
10921, 54.63, 215.134
10922, 54.68, 215.15
10923, 54.7, 215.167
10924, 54.73, 215.184
10925, 54.76, 215.201
10926, 54.81, 215.234
10927, 54.84, 215.251
10928, 54.87, 215.267
10929, 54.9, 215.284
10930, 54.93, 215.301
10931, 54.97, 215.317
10932, 55, 215.334
10933, 55.02, 215.35
10934, 55.04, 215.367
10935, 55.11, 215.4
10936, 55.13, 215.417
10937, 55.15, 215.434
10938, 55.18, 215.451
10939, 55.22, 215.467
10940, 55.25, 215.484
10941, 55.26, 215.501
10942, 55.28, 215.517
10943, 55.32, 215.534
10944, 55.35, 215.551
10945, 55.38, 215.584
10946, 55.43, 215.6
10947, 55.46, 215.617
10948, 55.5, 215.634
10949, 55.5, 215.65
10950, 55.51, 215.667
10951, 55.52, 215.684
10952, 55.53, 215.701
10953, 55.59, 215.717
10954, 55.69, 215.751
10955, 55.69, 215.767
10956, 55.69, 215.784
10957, 55.7, 215.801
10958, 55.75, 215.817
10959, 55.78, 215.834
10960, 55.8, 215.85
10961, 55.8, 215.867
10962, 55.82, 215.884
10963, 55.85, 215.9
10964, 55.86, 215.917
10965, 55.89, 215.951
10966, 55.89, 215.967
10967, 55.96, 215.984
10968, 56.07, 216.001
10969, 56.16, 216.017
10970, 56.16, 216.034
10971, 56.07, 216.051
10972, 56.08, 216.067
10973, 56.15, 216.084
10974, 56.19, 216.1
10975, 56.19, 216.117
10976, 56.23, 216.134
10977, 56.34, 216.167
10978, 56.36, 216.184
10979, 56.38, 216.201
10980, 56.41, 216.217
10981, 56.43, 216.234
10982, 56.45, 216.251
10983, 56.48, 216.267
10984, 56.52, 216.284
10985, 56.57, 216.301
10986, 56.6, 216.317
10987, 56.62, 216.334
10988, 56.65, 216.35
10989, 56.69, 216.367
10990, 56.72, 216.384
10991, 56.76, 216.417
10992, 56.78, 216.434
10993, 56.82, 216.451
10994, 56.86, 216.467
10995, 56.91, 216.484
10996, 56.98, 216.501
10997, 57.05, 216.517
10998, 57.09, 216.534
10999, 57.1, 216.551
11000, 57.14, 216.567
11001, 57.18, 216.584
11002, 57.2, 216.6
11003, 57.23, 216.617
11004, 57.3, 216.634
11005, 57.42, 216.65
11006, 57.51, 216.667
11007, 57.53, 216.684
11008, 57.52, 216.701
11009, 57.56, 216.717
11010, 57.62, 216.734
11011, 57.68, 216.767
11012, 57.71, 216.784
11013, 57.77, 216.801
11014, 57.83, 216.817
11015, 57.9, 216.834
11016, 57.95, 216.85
11017, 57.99, 216.867
11018, 58.03, 216.884
11019, 58.07, 216.9
11020, 58.13, 216.917
11021, 58.19, 216.934
11022, 58.24, 216.951
11023, 58.29, 216.967
11024, 58.33, 216.984
11025, 58.37, 217.001
11026, 58.41, 217.017
11027, 58.45, 217.034
11028, 58.49, 217.051
11029, 58.54, 217.067
11030, 58.58, 217.084
11031, 58.62, 217.1
11032, 58.66, 217.117
11033, 58.7, 217.134
11034, 58.74, 217.15
11035, 58.77, 217.167
11036, 58.81, 217.184
11037, 58.85, 217.201
11038, 58.94, 217.234
11039, 58.98, 217.251
11040, 59.02, 217.267
11041, 59.07, 217.284
11042, 59.11, 217.301
11043, 59.15, 217.317
11044, 59.2, 217.334
11045, 59.25, 217.35
11046, 59.29, 217.367
11047, 59.31, 217.384
11048, 59.35, 217.4
11049, 59.38, 217.417
11050, 59.39, 217.434
11051, 59.41, 217.451
11052, 59.45, 217.467
11053, 59.46, 217.484
11054, 59.49, 217.501
11055, 59.55, 217.517
11056, 59.59, 217.534
11057, 59.62, 217.551
11058, 59.66, 217.567
11059, 59.65, 217.584
11060, 59.61, 217.6
11061, 59.74, 217.617
11062, 59.8, 217.634
11063, 59.77, 217.65
11064, 59.83, 217.667
11065, 59.9, 217.684
11066, 59.93, 217.701
11067, 59.95, 217.717
11068, 60, 217.734
11069, 60.05, 217.751
11070, 60.09, 217.767
11071, 60.13, 217.784
11072, 60.17, 217.801
11073, 60.21, 217.817
11074, 60.24, 217.834
11075, 60.28, 217.85
11076, 60.32, 217.867
11077, 60.35, 217.884
11078, 60.39, 217.9
11079, 60.42, 217.917
11080, 60.46, 217.934
11081, 60.49, 217.951
11082, 60.53, 217.967
11083, 60.57, 217.984
11084, 60.6, 218.001
11085, 60.64, 218.017
11086, 60.67, 218.034
11087, 60.71, 218.051
11088, 60.74, 218.067
11089, 60.77, 218.084
11090, 60.79, 218.1
11091, 60.82, 218.117
11092, 60.87, 218.134
11093, 60.94, 218.15
11094, 60.98, 218.167
11095, 61.01, 218.184
11096, 61.04, 218.201
11097, 61.08, 218.217
11098, 61.11, 218.234
11099, 61.14, 218.251
11100, 61.17, 218.267
11101, 61.2, 218.284
11102, 61.23, 218.301
11103, 61.27, 218.317
11104, 61.3, 218.334
11105, 61.34, 218.35
11106, 61.39, 218.367
11107, 61.42, 218.384
11108, 61.45, 218.4
11109, 61.49, 218.417
11110, 61.54, 218.434
11111, 61.59, 218.451
11112, 61.62, 218.467
11113, 61.65, 218.484
11114, 61.68, 218.501
11115, 61.72, 218.517
11116, 61.76, 218.534
11117, 61.8, 218.551
11118, 61.85, 218.567
11119, 61.89, 218.584
11120, 61.92, 218.6
11121, 61.95, 218.617
11122, 61.98, 218.634
11123, 62.01, 218.65
11124, 62.04, 218.667
11125, 62.08, 218.684
11126, 62.12, 218.701
11127, 62.17, 218.717
11128, 62.21, 218.734
11129, 62.25, 218.751
11130, 62.28, 218.767
11131, 62.31, 218.784
11132, 62.31, 218.784
11133, 62.34, 218.801
11134, 62.37, 218.817
11135, 62.4, 218.834
11136, 62.43, 218.85
11137, 62.47, 218.867
11138, 62.48, 218.884
11139, 62.51, 218.9
11140, 62.54, 218.917
11141, 62.57, 218.934
11142, 62.6, 218.951
11143, 62.64, 218.967
11144, 62.67, 218.984
11145, 62.7, 219.001
11146, 62.74, 219.017
11147, 62.77, 219.034
11148, 62.8, 219.051
11149, 62.83, 219.067
11150, 62.86, 219.084
11151, 62.88, 219.1
11152, 62.9, 219.117
11153, 62.92, 219.134
11154, 62.95, 219.15
11155, 62.97, 219.167
11156, 62.99, 219.184
11157, 63.01, 219.201
11158, 63.04, 219.217
11159, 63.06, 219.234
11160, 63.09, 219.251
11161, 63.09, 219.251
11162, 63.12, 219.267
11163, 63.14, 219.284
11164, 63.16, 219.301
11165, 63.17, 219.317
11166, 63.17, 219.334
11167, 63.17, 219.35
11168, 63.15, 219.367
11169, 63.13, 219.384
11170, 63.11, 219.4
11171, 63.09, 219.417
11172, 63.06, 219.434
11173, 63.03, 219.451
11174, 62.99, 219.467
11175, 62.95, 219.484
11176, 62.91, 219.501
11177, 62.86, 219.517
11178, 62.82, 219.534
11179, 62.78, 219.551
11180, 62.73, 219.567
11181, 62.68, 219.584
11182, 62.58, 219.6
11183, 62.58, 219.6
11184, 62.47, 219.617
11185, 62.43, 219.634
11186, 62.37, 219.65
11187, 62.29, 219.667
11188, 62.2, 219.684
11189, 62.14, 219.701
11190, 62.08, 219.717
11191, 62, 219.734
11192, 61.92, 219.751
11193, 61.85, 219.767
11194, 61.79, 219.784
11195, 61.73, 219.801
11196, 61.68, 219.817
11197, 61.63, 219.834
11198, 61.58, 219.85
11199, 61.54, 219.867
11200, 61.49, 219.884
11201, 61.42, 219.9
11202, 61.34, 219.917
11203, 61.25, 219.934
11204, 61.16, 219.951
11205, 61.08, 219.967
11206, 61, 219.984
11207, 60.94, 220.001
11208, 60.9, 220.017
11209, 60.86, 220.034
11210, 60.83, 220.051
11211, 60.79, 220.067
11212, 60.78, 220.084
11213, 60.79, 220.1
11214, 60.72, 220.117
11215, 60.69, 220.134
11216, 60.68, 220.15
11217, 60.65, 220.167
11218, 60.63, 220.184
11219, 60.63, 220.201
11220, 60.63, 220.217
11221, 60.64, 220.234
11222, 60.71, 220.251
11223, 60.76, 220.267
11224, 60.76, 220.284
11225, 60.75, 220.301
11226, 60.77, 220.317
11227, 60.79, 220.334
11228, 60.8, 220.35
11229, 60.84, 220.367
11230, 60.88, 220.384
11231, 60.91, 220.4
11232, 60.93, 220.417
11233, 60.96, 220.434
11234, 60.98, 220.451
11235, 60.98, 220.451
11236, 61.01, 220.467
11237, 61.04, 220.484
11238, 61.06, 220.501
11239, 61.1, 220.517
11240, 61.13, 220.534
11241, 61.15, 220.551
11242, 61.17, 220.567
11243, 61.19, 220.584
11244, 61.2, 220.6
11245, 61.21, 220.617
11246, 61.23, 220.634
11247, 61.25, 220.65
11248, 61.26, 220.667
11249, 61.27, 220.684
11250, 61.28, 220.701
11251, 61.28, 220.717
11252, 61.29, 220.734
11253, 61.29, 220.751
11254, 61.29, 220.767
11255, 61.3, 220.784
11256, 61.32, 220.801
11257, 61.35, 220.817
11258, 61.37, 220.834
11259, 61.39, 220.85
11260, 61.4, 220.867
11261, 61.4, 220.884
11262, 61.39, 220.9
11263, 61.39, 220.917
11264, 61.38, 220.934
11265, 61.38, 220.934
11266, 61.38, 220.951
11267, 61.38, 220.967
11268, 61.41, 220.984
11269, 61.48, 221.001
11270, 61.49, 221.017
11271, 61.42, 221.034
11272, 61.39, 221.051
11273, 61.41, 221.067
11274, 61.41, 221.084
11275, 61.41, 221.1
11276, 61.43, 221.117
11277, 61.45, 221.134
11278, 61.46, 221.15
11279, 61.47, 221.167
11280, 61.48, 221.184
11281, 61.47, 221.201
11282, 61.47, 221.217
11283, 61.46, 221.234
11284, 61.45, 221.251
11285, 61.45, 221.267
11286, 61.45, 221.284
11287, 61.46, 221.301
11288, 61.48, 221.317
11289, 61.49, 221.334
11290, 61.49, 221.35
11291, 61.48, 221.367
11292, 61.48, 221.384
11293, 61.48, 221.4
11294, 61.46, 221.417
11295, 61.45, 221.434
11296, 61.46, 221.451
11297, 61.46, 221.467
11298, 61.46, 221.484
11299, 61.47, 221.501
11300, 61.48, 221.517
11301, 61.48, 221.534
11302, 61.48, 221.534
11303, 61.49, 221.551
11304, 61.5, 221.567
11305, 61.51, 221.584
11306, 61.52, 221.6
11307, 61.52, 221.617
11308, 61.53, 221.634
11309, 61.54, 221.65
11310, 61.55, 221.667
11311, 61.55, 221.684
11312, 61.56, 221.701
11313, 61.57, 221.717
11314, 61.58, 221.734
11315, 61.59, 221.751
11316, 61.6, 221.767
11317, 61.61, 221.784
11318, 61.62, 221.801
11319, 61.63, 221.817
11320, 61.64, 221.834
11321, 61.66, 221.85
11322, 61.67, 221.867
11323, 61.68, 221.884
11324, 61.7, 221.9
11325, 61.72, 221.917
11326, 61.72, 221.934
11327, 61.73, 221.951
11328, 61.74, 221.967
11329, 61.75, 221.984
11330, 61.76, 222.001
11331, 61.76, 222.017
11332, 61.77, 222.034
11333, 61.79, 222.051
11334, 61.82, 222.067
11335, 61.87, 222.084
11336, 61.91, 222.1
11337, 61.93, 222.117
11338, 61.93, 222.117
11339, 61.93, 222.134
11340, 61.95, 222.15
11341, 61.96, 222.167
11342, 61.98, 222.184
11343, 62.01, 222.201
11344, 62.05, 222.217
11345, 62.08, 222.234
11346, 62.11, 222.251
11347, 62.14, 222.267
11348, 62.17, 222.284
11349, 62.2, 222.301
11350, 62.22, 222.317
11351, 62.25, 222.334
11352, 62.28, 222.35
11353, 62.32, 222.367
11354, 62.35, 222.384
11355, 62.37, 222.4
11356, 62.4, 222.417
11357, 62.43, 222.434
11358, 62.46, 222.451
11359, 62.5, 222.467
11360, 62.53, 222.484
11361, 62.57, 222.501
11362, 62.61, 222.517
11363, 62.64, 222.534
11364, 62.68, 222.551
11365, 62.72, 222.567
11366, 62.76, 222.584
11367, 62.76, 222.584
11368, 62.79, 222.6
11369, 62.81, 222.617
11370, 62.84, 222.634
11371, 62.87, 222.65
11372, 62.89, 222.667
11373, 62.92, 222.684
11374, 62.96, 222.701
11375, 62.99, 222.717
11376, 63.03, 222.734
11377, 63.06, 222.751
11378, 63.09, 222.767
11379, 63.12, 222.784
11380, 63.15, 222.801
11381, 63.18, 222.817
11382, 63.21, 222.834
11383, 63.24, 222.85
11384, 63.27, 222.867
11385, 63.3, 222.884
11386, 63.33, 222.9
11387, 63.36, 222.917
11388, 63.39, 222.934
11389, 63.39, 222.934
11390, 63.42, 222.951
11391, 63.45, 222.967
11392, 63.48, 222.984
11393, 63.51, 223.001
11394, 63.54, 223.017
11395, 63.56, 223.034
11396, 63.59, 223.051
11397, 63.61, 223.067
11398, 63.64, 223.084
11399, 63.67, 223.1
11400, 63.7, 223.117
11401, 63.73, 223.134
11402, 63.76, 223.15
11403, 63.8, 223.167
11404, 63.83, 223.184
11405, 63.86, 223.201
11406, 63.88, 223.217
11407, 63.88, 223.217
11408, 63.91, 223.234
11409, 63.94, 223.251
11410, 63.97, 223.267
11411, 64.01, 223.284
11412, 64.04, 223.301
11413, 64.07, 223.317
11414, 64.09, 223.334
11415, 64.12, 223.35
11416, 64.15, 223.367
11417, 64.18, 223.384
11418, 64.21, 223.4
11419, 64.23, 223.417
11420, 64.26, 223.434
11421, 64.29, 223.451
11422, 64.33, 223.467
11423, 64.33, 223.467
11424, 64.36, 223.484
11425, 64.39, 223.501
11426, 64.42, 223.517
11427, 64.45, 223.534
11428, 64.47, 223.551
11429, 64.5, 223.567
11430, 64.53, 223.584
11431, 64.56, 223.6
11432, 64.59, 223.617
11433, 64.62, 223.634
11434, 64.65, 223.65
11435, 64.68, 223.667
11436, 64.71, 223.684
11437, 64.74, 223.701
11438, 64.74, 223.701
11439, 64.76, 223.717
11440, 64.79, 223.734
11441, 64.82, 223.751
11442, 64.85, 223.767
11443, 64.87, 223.784
11444, 64.9, 223.801
11445, 64.93, 223.817
11446, 64.95, 223.834
11447, 64.98, 223.85
11448, 65.01, 223.867
11449, 65.03, 223.884
11450, 65.05, 223.9
11451, 65.05, 223.9
11452, 65.06, 223.917
11453, 65.06, 223.934
11454, 65.06, 223.951
11455, 65.05, 223.967
11456, 65.04, 223.984
11457, 65.02, 224.001
11458, 65, 224.017
11459, 64.97, 224.034
11460, 64.94, 224.051
11461, 64.9, 224.067
11462, 64.85, 224.084
11463, 64.79, 224.1
11464, 64.72, 224.117
11465, 64.72, 224.117
11466, 64.64, 224.134
11467, 64.56, 224.15
11468, 64.46, 224.167
11469, 64.34, 224.184
11470, 64.21, 224.201
11471, 64.05, 224.217
11472, 63.87, 224.234
11473, 63.66, 224.251
11474, 63.42, 224.267
11475, 63.16, 224.284
11476, 62.91, 224.301
11477, 62.63, 224.317
11478, 62.32, 224.334
11479, 62.03, 224.35
11480, 61.76, 224.367
11481, 61.47, 224.384
11482, 61.17, 224.4
11483, 60.83, 224.417
11484, 60.52, 224.434
11485, 60.22, 224.451
11486, 59.92, 224.467
11487, 59.62, 224.484
11488, 59.33, 224.501
11489, 59.04, 224.517
11490, 58.74, 224.534
11491, 58.45, 224.551
11492, 58.17, 224.567
11493, 57.88, 224.584
11494, 57.61, 224.6
11495, 57.35, 224.617
11496, 57.08, 224.634
11497, 56.81, 224.65
11498, 56.54, 224.667
11499, 56.28, 224.684
11500, 56.01, 224.701
11501, 55.76, 224.717
11502, 55.51, 224.734
11503, 55.25, 224.751
11504, 54.95, 224.767
11505, 54.67, 224.784
11506, 54.18, 224.817
11507, 53.92, 224.834
11508, 53.66, 224.85
11509, 53.41, 224.867
11510, 53.13, 224.884
11511, 52.84, 224.9
11512, 52.58, 224.917
11513, 52.3, 224.934
11514, 51.8, 224.967
11515, 51.55, 224.984
11516, 51.31, 225.001
11517, 51.07, 225.017
11518, 50.83, 225.034
11519, 50.6, 225.051
11520, 50.13, 225.084
11521, 49.88, 225.1
11522, 49.65, 225.117
11523, 49.44, 225.134
11524, 49.23, 225.15
11525, 48.88, 225.184
11526, 48.7, 225.201
11527, 48.5, 225.217
11528, 48.29, 225.234
11529, 47.97, 225.267
11530, 47.81, 225.284
11531, 47.64, 225.301
11532, 47.47, 225.317
11533, 47.19, 225.35
11534, 47.04, 225.367
11535, 46.89, 225.384
11536, 46.68, 225.4
11537, 46.23, 225.434
11538, 46.08, 225.451
11539, 45.96, 225.467
11540, 45.59, 225.501
11541, 45.44, 225.517
11542, 45.33, 225.534
11543, 45.01, 225.567
11544, 44.83, 225.584
11545, 44.62, 225.6
11546, 44.2, 225.634
11547, 44.04, 225.65
11548, 43.88, 225.667
11549, 43.54, 225.701
11550, 43.36, 225.717
11551, 43.18, 225.734
11552, 42.79, 225.767
11553, 42.59, 225.784
11554, 42.21, 225.817
11555, 42.02, 225.834
11556, 41.83, 225.85
11557, 41.45, 225.884
11558, 41.26, 225.9
11559, 40.87, 225.934
11560, 40.69, 225.951
11561, 40.32, 225.984
11562, 40.11, 226.001
11563, 39.73, 226.034
11564, 39.54, 226.051
11565, 39.14, 226.084
11566, 38.95, 226.1
11567, 38.53, 226.134
11568, 38.27, 226.15
11569, 37.81, 226.184
11570, 37.43, 226.217
11571, 37.24, 226.234
11572, 36.84, 226.267
11573, 36.46, 226.301
11574, 36.26, 226.317
11575, 35.84, 226.35
11576, 35.45, 226.384
11577, 35.24, 226.4
11578, 34.81, 226.434
11579, 34.42, 226.467
11580, 34.23, 226.484
11581, 33.83, 226.517
11582, 33.44, 226.551
11583, 33.07, 226.584
11584, 32.69, 226.617
11585, 32.45, 226.634
11586, 32.03, 226.667
11587, 31.74, 226.701
11588, 31.42, 226.734
11589, 31.16, 226.767
11590, 31.09, 226.801
11591, 30.92, 226.834
11592, 30.74, 226.867
11593, 30.58, 226.9
11594, 30.45, 226.917
11595, 30.19, 226.951
11596, 29.87, 226.984
11597, 29.5, 227.017
11598, 29.28, 227.051
11599, 29.16, 227.084
11600, 29.04, 227.117
11601, 28.93, 227.15
11602, 28.73, 227.201
11603, 28.42, 227.234
11604, 27.84, 227.267
11605, 27.37, 227.301
11606, 27.2, 227.334
11607, 27.07, 227.367
11608, 26.89, 227.417
11609, 26.64, 227.451
11610, 26.27, 227.484
11611, 26.07, 227.534
11612, 25.98, 227.567
11613, 25.85, 227.6
11614, 25.69, 227.65
11615, 25.55, 227.684
11616, 25.33, 227.734
11617, 25.16, 227.767
11618, 24.79, 227.817
11619, 24.5, 227.867
11620, 24.3, 227.9
11621, 24.01, 227.951
11622, 23.79, 228.001
11623, 23.65, 228.034
11624, 23.33, 228.084
11625, 23.1, 228.134
11626, 22.85, 228.184
11627, 22.58, 228.234
11628, 22.39, 228.284
11629, 22.23, 228.334
11630, 22.07, 228.384
11631, 21.95, 228.434
11632, 21.8, 228.484
11633, 21.69, 228.534
11634, 21.61, 228.584
11635, 21.46, 228.634
11636, 21.34, 228.684
11637, 21.19, 228.751
11638, 21.11, 228.801
11639, 21.01, 228.85
11640, 20.95, 228.9
11641, 21.01, 228.967
11642, 21.07, 229.017
11643, 21.14, 229.051
11644, 21.22, 229.1
11645, 21.31, 229.15
11646, 21.41, 229.201
11647, 21.64, 229.267
11648, 21.83, 229.317
11649, 22.07, 229.367
11650, 22.32, 229.417
11651, 22.53, 229.451
11652, 22.83, 229.501
11653, 23.18, 229.551
11654, 23.53, 229.6
11655, 23.8, 229.634
11656, 24.2, 229.684
11657, 24.59, 229.734
11658, 25.01, 229.767
11659, 25.52, 229.817
11660, 25.84, 229.85
11661, 26.17, 229.884
11662, 26.63, 229.934
11663, 26.92, 229.967
11664, 27.21, 230.001
11665, 27.64, 230.051
11666, 27.92, 230.084
11667, 28.21, 230.117
11668, 28.5, 230.15
11669, 28.77, 230.184
11670, 29.05, 230.217
11671, 29.33, 230.251
11672, 29.6, 230.284
11673, 29.87, 230.317
11674, 30.13, 230.35
11675, 30.38, 230.384
11676, 30.63, 230.417
11677, 30.88, 230.451
11678, 31.13, 230.484
11679, 31.33, 230.517
11680, 31.48, 230.551
11681, 31.44, 230.584
11682, 31.77, 230.617
11683, 32.02, 230.65
11684, 32.16, 230.684
11685, 32.36, 230.717
11686, 32.48, 230.734
11687, 32.71, 230.767
11688, 32.88, 230.801
11689, 33.05, 230.834
11690, 33.25, 230.867
11691, 33.39, 230.884
11692, 33.54, 230.917
11693, 33.7, 230.951
11694, 33.95, 230.984
11695, 34.14, 231.017
11696, 34.25, 231.034
11697, 34.49, 231.067
11698, 34.69, 231.1
11699, 34.78, 231.117
11700, 34.98, 231.15
11701, 35.19, 231.184
11702, 35.3, 231.201
11703, 35.51, 231.234
11704, 35.71, 231.267
11705, 35.81, 231.284
11706, 36.01, 231.317
11707, 36.22, 231.35
11708, 36.32, 231.367
11709, 36.52, 231.4
11710, 36.62, 231.417
11711, 36.82, 231.451
11712, 37.02, 231.484
11713, 37.11, 231.501
11714, 37.3, 231.534
11715, 37.39, 231.551
11716, 37.57, 231.584
11717, 37.66, 231.6
11718, 37.84, 231.634
11719, 38.03, 231.667
11720, 38.13, 231.684
11721, 38.31, 231.717
11722, 38.4, 231.734
11723, 38.57, 231.767
11724, 38.65, 231.784
11725, 38.83, 231.817
11726, 38.92, 231.834
11727, 39.09, 231.867
11728, 39.11, 231.884
11729, 39.19, 231.917
11730, 39.33, 231.934
11731, 39.47, 231.967
11732, 39.58, 231.984
11733, 39.72, 232.017
11734, 39.8, 232.034
11735, 39.96, 232.067
11736, 40.02, 232.084
11737, 40.19, 232.117
11738, 40.28, 232.134
11739, 40.44, 232.167
11740, 40.53, 232.184
11741, 40.71, 232.217
11742, 40.79, 232.234
11743, 40.98, 232.267
11744, 41.07, 232.284
11745, 41.24, 232.317
11746, 41.33, 232.334
11747, 41.5, 232.367
11748, 41.59, 232.384
11749, 41.76, 232.417
11750, 41.84, 232.434
11751, 41.93, 232.451
11752, 42.1, 232.484
11753, 42.19, 232.501
11754, 42.36, 232.534
11755, 42.44, 232.551
11756, 42.53, 232.567
11757, 42.7, 232.6
11758, 42.79, 232.617
11759, 42.96, 232.65
11760, 43.04, 232.667
11761, 43.2, 232.701
11762, 43.28, 232.717
11763, 43.37, 232.734
11764, 43.54, 232.767
11765, 43.63, 232.784
11766, 43.72, 232.801
11767, 43.9, 232.834
11768, 43.97, 232.85
11769, 44.13, 232.884
11770, 44.22, 232.9
11771, 44.3, 232.917
11772, 44.47, 232.951
11773, 44.55, 232.967
11774, 44.63, 232.984
11775, 44.8, 233.017
11776, 44.88, 233.034
11777, 44.97, 233.051
11778, 45.14, 233.084
11779, 45.23, 233.1
11780, 45.31, 233.117
11781, 45.47, 233.15
11782, 45.55, 233.167
11783, 45.64, 233.184
11784, 45.8, 233.217
11785, 45.88, 233.234
11786, 45.96, 233.251
11787, 46.13, 233.284
11788, 46.2, 233.301
11789, 46.28, 233.317
11790, 46.37, 233.334
11791, 46.53, 233.367
11792, 46.61, 233.384
11793, 46.69, 233.4
11794, 46.86, 233.434
11795, 46.94, 233.451
11796, 47.02, 233.467
11797, 47.1, 233.484
11798, 47.26, 233.517
11799, 47.33, 233.534
11800, 47.41, 233.551
11801, 47.57, 233.584
11802, 47.65, 233.6
11803, 47.72, 233.617
11804, 47.79, 233.634
11805, 47.94, 233.667
11806, 48, 233.684
11807, 48.07, 233.701
11808, 48.15, 233.717
11809, 48.31, 233.751
11810, 48.38, 233.767
11811, 48.45, 233.784
11812, 48.52, 233.801
11813, 48.67, 233.834
11814, 48.75, 233.85
11815, 48.82, 233.867
11816, 48.82, 233.884
11817, 48.96, 233.917
11818, 49.09, 233.934
11819, 49.09, 233.951
11820, 49.13, 233.967
11821, 49.21, 233.984
11822, 49.35, 234.017
11823, 49.4, 234.034
11824, 49.47, 234.051
11825, 49.54, 234.067
11826, 49.6, 234.084
11827, 49.73, 234.117
11828, 49.8, 234.134
11829, 49.86, 234.15
11830, 49.93, 234.167
11831, 50.06, 234.201
11832, 50.13, 234.217
11833, 50.19, 234.234
11834, 50.25, 234.251
11835, 50.32, 234.267
11836, 50.44, 234.301
11837, 50.51, 234.317
11838, 50.57, 234.334
11839, 50.63, 234.35
11840, 50.69, 234.367
11841, 50.76, 234.384
11842, 50.88, 234.417
11843, 50.94, 234.434
11844, 51.01, 234.451
11845, 51.07, 234.467
11846, 51.13, 234.484
11847, 51.26, 234.517
11848, 51.32, 234.534
11849, 51.38, 234.551
11850, 51.43, 234.567
11851, 51.5, 234.584
11852, 51.56, 234.6
11853, 51.69, 234.634
11854, 51.75, 234.65
11855, 51.81, 234.667
11856, 51.87, 234.684
11857, 51.93, 234.701
11858, 52, 234.717
11859, 52.13, 234.751
11860, 52.19, 234.767
11861, 52.25, 234.784
11862, 52.32, 234.801
11863, 52.38, 234.817
11864, 52.43, 234.834
11865, 52.49, 234.85
11866, 52.61, 234.884
11867, 52.67, 234.9
11868, 52.73, 234.917
11869, 52.79, 234.934
11870, 52.85, 234.951
11871, 52.91, 234.967
11872, 52.97, 234.984
11873, 53.08, 235.017
11874, 53.14, 235.034
11875, 53.2, 235.051
11876, 53.25, 235.067
11877, 53.31, 235.084
11878, 53.37, 235.1
11879, 53.43, 235.117
11880, 53.55, 235.15
11881, 53.61, 235.167
11882, 53.67, 235.184
11883, 53.72, 235.201
11884, 53.77, 235.217
11885, 53.82, 235.234
11886, 53.88, 235.251
11887, 53.93, 235.267
11888, 53.99, 235.284
11889, 54.11, 235.317
11890, 54.17, 235.334
11891, 54.22, 235.35
11892, 54.28, 235.367
11893, 54.33, 235.384
11894, 54.39, 235.4
11895, 54.44, 235.417
11896, 54.5, 235.434
11897, 54.55, 235.451
11898, 54.66, 235.484
11899, 54.72, 235.501
11900, 54.78, 235.517
11901, 54.84, 235.534
11902, 54.89, 235.551
11903, 54.94, 235.567
11904, 54.99, 235.584
11905, 55.05, 235.6
11906, 55.11, 235.617
11907, 55.16, 235.634
11908, 55.28, 235.667
11909, 55.33, 235.684
11910, 55.39, 235.701
11911, 55.44, 235.717
11912, 55.49, 235.734
11913, 55.55, 235.751
11914, 55.6, 235.767
11915, 55.65, 235.784
11916, 55.7, 235.801
11917, 55.75, 235.817
11918, 55.81, 235.834
11919, 55.86, 235.85
11920, 55.96, 235.884
11921, 56.02, 235.9
11922, 56.07, 235.917
11923, 56.12, 235.934
11924, 56.17, 235.951
11925, 56.22, 235.967
11926, 56.26, 235.984
11927, 56.31, 236.001
11928, 56.36, 236.017
11929, 56.42, 236.034
11930, 56.48, 236.051
11931, 56.54, 236.067
11932, 56.59, 236.084
11933, 56.71, 236.117
11934, 56.75, 236.134
11935, 56.79, 236.15
11936, 56.84, 236.167
11937, 56.89, 236.184
11938, 56.94, 236.201
11939, 56.99, 236.217
11940, 57.04, 236.234
11941, 57.1, 236.251
11942, 57.14, 236.267
11943, 57.2, 236.284
11944, 57.25, 236.301
11945, 57.3, 236.317
11946, 57.35, 236.334
11947, 57.41, 236.35
11948, 57.47, 236.367
11949, 57.52, 236.384
11950, 57.62, 236.417
11951, 57.67, 236.434
11952, 57.72, 236.451
11953, 57.76, 236.467
11954, 57.82, 236.484
11955, 57.87, 236.501
11956, 57.93, 236.517
11957, 57.98, 236.534
11958, 58.03, 236.551
11959, 58.07, 236.567
11960, 58.11, 236.584
11961, 58.16, 236.6
11962, 58.2, 236.617
11963, 58.24, 236.634
11964, 58.3, 236.65
11965, 58.37, 236.667
11966, 58.45, 236.684
11967, 58.51, 236.701
11968, 58.54, 236.717
11969, 58.57, 236.734
11970, 58.62, 236.751
11971, 58.66, 236.767
11972, 58.7, 236.784
11973, 58.74, 236.801
11974, 58.78, 236.817
11975, 58.83, 236.834
11976, 58.88, 236.85
11977, 58.97, 236.884
11978, 59.02, 236.9
11979, 59.06, 236.917
11980, 59.1, 236.934
11981, 59.15, 236.951
11982, 59.19, 236.967
11983, 59.23, 236.984
11984, 59.27, 237.001
11985, 59.32, 237.017
11986, 59.36, 237.034
11987, 59.41, 237.051
11988, 59.45, 237.067
11989, 59.44, 237.084
11990, 59.39, 237.1
11991, 59.52, 237.117
11992, 59.57, 237.134
11993, 59.55, 237.15
11994, 59.61, 237.167
11995, 59.67, 237.184
11996, 59.7, 237.201
11997, 59.74, 237.217
11998, 59.79, 237.234
11999, 59.84, 237.251
12000, 59.88, 237.267
12001, 59.92, 237.284
12002, 59.97, 237.301
12003, 60, 237.317
12004, 60.03, 237.334
12005, 60.06, 237.35
12006, 60.08, 237.367
12007, 60.09, 237.384
12008, 60.1, 237.4
12009, 60.1, 237.417
12010, 60.1, 237.434
12011, 60.1, 237.451
12012, 60.09, 237.467
12013, 60.09, 237.484
12014, 60.07, 237.501
12015, 60.04, 237.517
12016, 60, 237.534
12017, 59.94, 237.551
12018, 59.87, 237.567
12019, 59.79, 237.584
12020, 59.7, 237.6
12021, 59.6, 237.617
12022, 59.49, 237.634
12023, 59.35, 237.65
12024, 59.19, 237.667
12025, 59.01, 237.684
12026, 58.81, 237.701
12027, 58.6, 237.717
12028, 58.37, 237.734
12029, 58.12, 237.751
12030, 57.86, 237.767
12031, 57.59, 237.784
12032, 57.31, 237.801
12033, 57.02, 237.817
12034, 56.74, 237.834
12035, 56.45, 237.85
12036, 56.14, 237.867
12037, 55.57, 237.9
12038, 55.27, 237.917
12039, 54.97, 237.934
12040, 54.69, 237.951
12041, 54.41, 237.967
12042, 54.12, 237.984
12043, 53.75, 238.001
12044, 53.43, 238.017
12045, 53.17, 238.034
12046, 52.9, 238.051
12047, 52.37, 238.084
12048, 52.09, 238.1
12049, 51.75, 238.117
12050, 51.46, 238.134
12051, 51.16, 238.15
12052, 50.88, 238.167
12053, 50.34, 238.201
12054, 50.07, 238.217
12055, 49.84, 238.234
12056, 49.61, 238.251
12057, 49.35, 238.267
12058, 48.89, 238.301
12059, 48.67, 238.317
12060, 48.45, 238.334
12061, 48.17, 238.35
12062, 47.7, 238.384
12063, 47.52, 238.4
12064, 47.33, 238.417
12065, 47.14, 238.434
12066, 46.69, 238.467
12067, 46.5, 238.484
12068, 46.32, 238.501
12069, 45.94, 238.534
12070, 45.76, 238.551
12071, 45.58, 238.567
12072, 45.27, 238.6
12073, 45.13, 238.617
12074, 44.97, 238.634
12075, 44.66, 238.667
12076, 44.54, 238.684
12077, 44.43, 238.701
12078, 44.21, 238.734
12079, 44.12, 238.751
12080, 44.04, 238.767
12081, 43.87, 238.801
12082, 43.8, 238.817
12083, 43.68, 238.85
12084, 43.63, 238.867
12085, 43.58, 238.884
12086, 43.48, 238.917
12087, 43.44, 238.934
12088, 43.35, 238.967
12089, 43.3, 238.984
12090, 43.24, 239.001
12091, 43.14, 239.051
12092, 43.09, 239.067
12093, 42.99, 239.1
12094, 42.94, 239.117
12095, 42.9, 239.134
12096, 42.8, 239.167
12097, 42.76, 239.184
12098, 42.67, 239.217
12099, 42.62, 239.234
12100, 42.52, 239.267
12101, 42.47, 239.284
12102, 42.42, 239.301
12103, 42.32, 239.334
12104, 42.27, 239.35
12105, 42.15, 239.384
12106, 42.1, 239.4
12107, 42.04, 239.417
12108, 41.93, 239.451
12109, 41.88, 239.467
12110, 41.76, 239.501
12111, 41.7, 239.517
12112, 41.59, 239.551
12113, 41.53, 239.567
12114, 41.47, 239.584
12115, 41.36, 239.617
12116, 41.32, 239.634
12117, 41.24, 239.667
12118, 41.21, 239.684
12119, 41.21, 239.717
12120, 41.21, 239.734
12121, 41.23, 239.767
12122, 41.27, 239.784
12123, 41.29, 239.817
12124, 41.3, 239.834
12125, 41.38, 239.867
12126, 41.43, 239.884
12127, 41.47, 239.9
12128, 41.59, 239.934
12129, 41.65, 239.951
12130, 41.76, 239.984
12131, 41.83, 240.001
12132, 41.96, 240.034
12133, 42.02, 240.051
12134, 42.13, 240.084
12135, 42.2, 240.1
12136, 42.25, 240.117
12137, 42.37, 240.15
12138, 42.44, 240.167
12139, 42.57, 240.201
12140, 42.62, 240.217
12141, 42.73, 240.251
12142, 42.8, 240.267
12143, 42.85, 240.284
12144, 42.93, 240.317
12145, 42.99, 240.334
12146, 43.06, 240.367
12147, 43.09, 240.384
12148, 43.12, 240.4
12149, 43.19, 240.434
12150, 43.24, 240.451
12151, 43.38, 240.484
12152, 43.43, 240.501
12153, 43.48, 240.517
12154, 43.51, 240.551
12155, 43.55, 240.567
12156, 43.7, 240.6
12157, 43.73, 240.617
12158, 43.73, 240.634
12159, 43.79, 240.667
12160, 43.86, 240.684
12161, 44.05, 240.717
12162, 44.13, 240.734
12163, 44.18, 240.751
12164, 44.26, 240.784
12165, 44.3, 240.801
12166, 44.35, 240.817
12167, 44.51, 240.85
12168, 44.57, 240.867
12169, 44.64, 240.9
12170, 44.72, 240.917
12171, 44.83, 240.934
12172, 44.99, 240.967
12173, 45.03, 240.984
12174, 45.06, 241.001
12175, 45.17, 241.034
12176, 45.23, 241.051
12177, 45.3, 241.067
12178, 45.49, 241.1
12179, 45.57, 241.117
12180, 45.63, 241.134
12181, 45.76, 241.167
12182, 45.81, 241.184
12183, 45.87, 241.201
12184, 46.02, 241.234
12185, 46.11, 241.251
12186, 46.19, 241.267
12187, 46.27, 241.284
12188, 46.37, 241.317
12189, 46.42, 241.334
12190, 46.5, 241.35
12191, 46.66, 241.384
12192, 46.72, 241.4
12193, 46.78, 241.417
12194, 46.97, 241.451
12195, 47.04, 241.467
12196, 47.09, 241.484
12197, 47.14, 241.501
12198, 47.29, 241.534
12199, 47.38, 241.551
12200, 47.46, 241.567
12201, 47.53, 241.584
12202, 47.66, 241.617
12203, 47.74, 241.634
12204, 47.82, 241.65
12205, 47.9, 241.667
12206, 48.04, 241.701
12207, 48.11, 241.717
12208, 48.18, 241.734
12209, 48.25, 241.751
12210, 48.38, 241.784
12211, 48.44, 241.801
12212, 48.52, 241.817
12213, 48.59, 241.834
12214, 48.74, 241.867
12215, 48.8, 241.884
12216, 48.87, 241.9
12217, 48.93, 241.917
12218, 48.99, 241.934
12219, 49.12, 241.967
12220, 49.19, 241.984
12221, 49.26, 242.001
12222, 49.32, 242.017
12223, 49.36, 242.051
12224, 49.33, 242.067
12225, 49.48, 242.084
12226, 49.59, 242.1
12227, 49.57, 242.117
12228, 49.68, 242.15
12229, 49.78, 242.167
12230, 49.81, 242.184
12231, 49.85, 242.201
12232, 49.92, 242.217
12233, 50.02, 242.251
12234, 50.06, 242.267
12235, 50.12, 242.284
12236, 50.18, 242.301
12237, 50.23, 242.317
12238, 50.33, 242.35
12239, 50.39, 242.367
12240, 50.44, 242.384
12241, 50.49, 242.4
12242, 50.54, 242.417
12243, 50.6, 242.434
12244, 50.69, 242.467
12245, 50.74, 242.484
12246, 50.8, 242.501
12247, 50.85, 242.517
12248, 50.89, 242.534
12249, 50.99, 242.567
12250, 51.04, 242.584
12251, 51.08, 242.6
12252, 51.13, 242.617
12253, 51.17, 242.634
12254, 51.22, 242.65
12255, 51.29, 242.684
12256, 51.33, 242.701
12257, 51.38, 242.717
12258, 51.41, 242.734
12259, 51.43, 242.751
12260, 51.45, 242.767
12261, 51.46, 242.784
12262, 51.46, 242.817
12263, 51.44, 242.834
12264, 51.42, 242.85
12265, 51.38, 242.867
12266, 51.29, 242.884
12267, 51.18, 242.9
12268, 50.91, 242.934
12269, 50.76, 242.951
12270, 50.59, 242.967
12271, 50.41, 242.984
12272, 50.22, 243.001
12273, 49.8, 243.034
12274, 49.64, 243.051
12275, 49.47, 243.067
12276, 49.3, 243.084
12277, 48.94, 243.117
12278, 48.73, 243.134
12279, 48.58, 243.15
12280, 48.43, 243.167
12281, 48.04, 243.201
12282, 47.81, 243.217
12283, 47.68, 243.234
12284, 47.56, 243.251
12285, 47.32, 243.284
12286, 47.22, 243.301
12287, 47.08, 243.317
12288, 46.93, 243.334
12289, 46.66, 243.367
12290, 46.55, 243.384
12291, 46.44, 243.4
12292, 46.23, 243.434
12293, 46.14, 243.451
12294, 46.05, 243.467
12295, 45.87, 243.501
12296, 45.79, 243.517
12297, 45.71, 243.534
12298, 45.57, 243.567
12299, 45.5, 243.584
12300, 45.43, 243.6
12301, 45.24, 243.634
12302, 45.14, 243.65
12303, 44.94, 243.684
12304, 44.85, 243.701
12305, 44.76, 243.717
12306, 44.58, 243.751
12307, 44.51, 243.767
12308, 44.44, 243.784
12309, 44.28, 243.817
12310, 44.2, 243.834
12311, 44.01, 243.867
12312, 43.9, 243.884
12313, 43.8, 243.9
12314, 43.59, 243.934
12315, 43.49, 243.951
12316, 43.32, 243.984
12317, 43.24, 244.001
12318, 43.17, 244.017
12319, 43.02, 244.051
12320, 42.94, 244.067
12321, 42.74, 244.1
12322, 42.62, 244.117
12323, 42.49, 244.134
12324, 42.24, 244.167
12325, 42.13, 244.184
12326, 41.95, 244.217
12327, 41.83, 244.234
12328, 41.61, 244.267
12329, 41.51, 244.284
12330, 41.3, 244.317
12331, 41.2, 244.334
12332, 41, 244.367
12333, 40.91, 244.384
12334, 40.74, 244.417
12335, 40.64, 244.434
12336, 40.44, 244.467
12337, 40.33, 244.484
12338, 40.09, 244.517
12339, 39.97, 244.534
12340, 39.77, 244.567
12341, 39.65, 244.584
12342, 39.43, 244.617
12343, 39.33, 244.634
12344, 39.14, 244.667
12345, 39.05, 244.684
12346, 38.88, 244.717
12347, 38.71, 244.751
12348, 38.64, 244.767
12349, 38.47, 244.801
12350, 38.4, 244.817
12351, 38.29, 244.85
12352, 38.23, 244.867
12353, 38.23, 244.9
12354, 38.18, 244.934
12355, 38.17, 244.951
12356, 38.22, 244.984
12357, 38.26, 245.001
12358, 38.28, 245.034
12359, 38.33, 245.067
12360, 38.41, 245.084
12361, 38.58, 245.117
12362, 38.64, 245.134
12363, 38.72, 245.167
12364, 38.77, 245.184
12365, 38.92, 245.217
12366, 39.07, 245.251
12367, 39.14, 245.267
12368, 39.27, 245.301
12369, 39.32, 245.317
12370, 39.45, 245.35
12371, 39.5, 245.367
12372, 39.64, 245.4
12373, 39.71, 245.417
12374, 39.86, 245.451
12375, 39.92, 245.467
12376, 40.04, 245.501
12377, 40.1, 245.517
12378, 40.22, 245.551
12379, 40.29, 245.567
12380, 40.4, 245.6
12381, 40.46, 245.617
12382, 40.61, 245.65
12383, 40.68, 245.667
12384, 40.8, 245.701
12385, 40.86, 245.717
12386, 40.98, 245.751
12387, 41.05, 245.767
12388, 41.17, 245.801
12389, 41.24, 245.817
12390, 41.37, 245.85
12391, 41.43, 245.867
12392, 41.55, 245.9
12393, 41.6, 245.917
12394, 41.71, 245.951
12395, 41.76, 245.967
12396, 41.87, 246.001
12397, 41.93, 246.017
12398, 41.99, 246.034
12399, 42.12, 246.067
12400, 42.19, 246.084
12401, 42.33, 246.117
12402, 42.39, 246.134
12403, 42.49, 246.167
12404, 42.55, 246.184
12405, 42.61, 246.201
12406, 42.74, 246.234
12407, 42.8, 246.251
12408, 42.94, 246.284
12409, 43, 246.301
12410, 43.06, 246.317
12411, 43.18, 246.35
12412, 43.25, 246.367
12413, 43.39, 246.4
12414, 43.45, 246.417
12415, 43.5, 246.434
12416, 43.62, 246.467
12417, 43.68, 246.484
12418, 43.79, 246.517
12419, 43.85, 246.534
12420, 43.92, 246.551
12421, 44.06, 246.584
12422, 44.11, 246.6
12423, 44.15, 246.617
12424, 44.26, 246.65
12425, 44.32, 246.667
12426, 44.47, 246.701
12427, 44.54, 246.717
12428, 44.6, 246.734
12429, 44.71, 246.767
12430, 44.78, 246.784
12431, 44.84, 246.801
12432, 44.95, 246.834
12433, 45.01, 246.85
12434, 45.07, 246.867
12435, 45.19, 246.9
12436, 45.26, 246.917
12437, 45.32, 246.934
12438, 45.45, 246.967
12439, 45.5, 246.984
12440, 45.56, 247.001
12441, 45.69, 247.034
12442, 45.75, 247.051
12443, 45.82, 247.067
12444, 45.88, 247.084
12445, 46, 247.117
12446, 46.05, 247.134
12447, 46.11, 247.15
12448, 46.23, 247.184
12449, 46.29, 247.201
12450, 46.34, 247.217
12451, 46.46, 247.251
12452, 46.52, 247.267
12453, 46.58, 247.284
12454, 46.64, 247.301
12455, 46.76, 247.334
12456, 46.82, 247.35
12457, 46.88, 247.367
12458, 47, 247.4
12459, 47.06, 247.417
12460, 47.12, 247.434
12461, 47.18, 247.451
12462, 47.3, 247.484
12463, 47.36, 247.501
12464, 47.42, 247.517
12465, 47.49, 247.534
12466, 47.61, 247.567
12467, 47.66, 247.584
12468, 47.72, 247.6
12469, 47.78, 247.617
12470, 47.89, 247.65
12471, 47.95, 247.667
12472, 48.01, 247.684
12473, 48.07, 247.701
12474, 48.19, 247.734
12475, 48.25, 247.751
12476, 48.31, 247.767
12477, 48.37, 247.784
12478, 48.42, 247.817
12479, 48.37, 247.834
12480, 48.5, 247.85
12481, 48.6, 247.867
12482, 48.68, 247.9
12483, 48.73, 247.917
12484, 48.78, 247.934
12485, 48.84, 247.951
12486, 48.94, 247.984
12487, 48.99, 248.001
12488, 49.05, 248.017
12489, 49.1, 248.034
12490, 49.15, 248.051
12491, 49.25, 248.084
12492, 49.3, 248.1
12493, 49.35, 248.117
12494, 49.4, 248.134
12495, 49.5, 248.167
12496, 49.56, 248.184
12497, 49.61, 248.201
12498, 49.66, 248.217
12499, 49.71, 248.234
12500, 49.81, 248.267
12501, 49.86, 248.284
12502, 49.91, 248.301
12503, 49.96, 248.317
12504, 50.01, 248.334
12505, 50.11, 248.367
12506, 50.16, 248.384
12507, 50.21, 248.4
12508, 50.26, 248.417
12509, 50.31, 248.434
12510, 50.42, 248.467
12511, 50.48, 248.484
12512, 50.53, 248.501
12513, 50.57, 248.517
12514, 50.62, 248.534
12515, 50.67, 248.551
12516, 50.78, 248.584
12517, 50.83, 248.6
12518, 50.89, 248.617
12519, 50.94, 248.634
12520, 51, 248.65
12521, 51.11, 248.684
12522, 51.16, 248.701
12523, 51.21, 248.717
12524, 51.26, 248.734
12525, 51.31, 248.751
12526, 51.36, 248.767
12527, 51.47, 248.801
12528, 51.53, 248.817
12529, 51.58, 248.834
12530, 51.63, 248.85
12531, 51.68, 248.867
12532, 51.73, 248.884
12533, 51.83, 248.917
12534, 51.87, 248.934
12535, 51.92, 248.951
12536, 51.97, 248.967
12537, 52.02, 248.984
12538, 52.07, 249.001
12539, 52.14, 249.017
12540, 52.26, 249.051
12541, 52.3, 249.067
12542, 52.35, 249.084
12543, 52.41, 249.1
12544, 52.46, 249.117
12545, 52.51, 249.134
12546, 52.56, 249.15
12547, 52.66, 249.184
12548, 52.71, 249.201
12549, 52.77, 249.217
12550, 52.82, 249.234
12551, 52.87, 249.251
12552, 52.93, 249.267
12553, 52.98, 249.284
12554, 53.08, 249.317
12555, 53.14, 249.334
12556, 53.19, 249.35
12557, 53.24, 249.367
12558, 53.29, 249.384
12559, 53.35, 249.4
12560, 53.4, 249.417
12561, 53.45, 249.434
12562, 53.56, 249.467
12563, 53.61, 249.484
12564, 53.66, 249.501
12565, 53.71, 249.517
12566, 53.77, 249.534
12567, 53.82, 249.551
12568, 53.87, 249.567
12569, 53.92, 249.584
12570, 54.02, 249.617
12571, 54.07, 249.634
12572, 54.13, 249.65
12573, 54.18, 249.667
12574, 54.23, 249.684
12575, 54.28, 249.701
12576, 54.34, 249.717
12577, 54.39, 249.734
12578, 54.44, 249.751
12579, 54.54, 249.784
12580, 54.59, 249.801
12581, 54.64, 249.817
12582, 54.69, 249.834
12583, 54.74, 249.85
12584, 54.79, 249.867
12585, 54.84, 249.884
12586, 54.9, 249.9
12587, 54.95, 249.917
12588, 55, 249.934
12589, 55.05, 249.951
12590, 55.14, 249.984
12591, 55.19, 250.001
12592, 55.23, 250.017
12593, 55.28, 250.034
12594, 55.32, 250.051
12595, 55.36, 250.067
12596, 55.4, 250.084
12597, 55.45, 250.1
12598, 55.49, 250.117
12599, 55.54, 250.134
12600, 55.58, 250.15
12601, 55.66, 250.184
12602, 55.7, 250.201
12603, 55.74, 250.217
12604, 55.79, 250.234
12605, 55.85, 250.251
12606, 55.9, 250.267
12607, 55.95, 250.284
12608, 56, 250.301
12609, 56.05, 250.317
12610, 56.09, 250.334
12611, 56.13, 250.35
12612, 56.17, 250.367
12613, 56.21, 250.384
12614, 56.25, 250.4
12615, 56.33, 250.434
12616, 56.38, 250.451
12617, 56.42, 250.467
12618, 56.47, 250.484
12619, 56.51, 250.501
12620, 56.55, 250.517
12621, 56.59, 250.534
12622, 56.63, 250.551
12623, 56.67, 250.567
12624, 56.71, 250.584
12625, 56.74, 250.6
12626, 56.78, 250.617
12627, 56.83, 250.634
12628, 56.87, 250.65
12629, 56.91, 250.667
12630, 56.95, 250.684
12631, 57.02, 250.717
12632, 57.06, 250.734
12633, 57.1, 250.751
12634, 57.14, 250.767
12635, 57.18, 250.784
12636, 57.21, 250.801
12637, 57.24, 250.817
12638, 57.27, 250.834
12639, 57.31, 250.85
12640, 57.35, 250.867
12641, 57.4, 250.884
12642, 57.44, 250.9
12643, 57.49, 250.917
12644, 57.52, 250.934
12645, 57.56, 250.951
12646, 57.6, 250.967
12647, 57.63, 250.984
12648, 57.67, 251.001
12649, 57.71, 251.017
12650, 57.74, 251.034
12651, 57.77, 251.051
12652, 57.83, 251.084
12653, 57.87, 251.1
12654, 57.9, 251.117
12655, 57.93, 251.134
12656, 57.97, 251.15
12657, 58, 251.167
12658, 58.03, 251.184
12659, 58.07, 251.201
12660, 58.1, 251.217
12661, 58.14, 251.234
12662, 58.17, 251.251
12663, 58.21, 251.267
12664, 58.24, 251.284
12665, 58.27, 251.301
12666, 58.3, 251.317
12667, 58.34, 251.334
12668, 58.37, 251.35
12669, 58.4, 251.367
12670, 58.43, 251.384
12671, 58.45, 251.4
12672, 58.48, 251.417
12673, 58.5, 251.434
12674, 58.53, 251.451
12675, 58.56, 251.467
12676, 58.59, 251.484
12677, 58.62, 251.501
12678, 58.65, 251.517
12679, 58.69, 251.534
12680, 58.74, 251.551
12681, 58.76, 251.567
12682, 58.79, 251.584
12683, 58.82, 251.6
12684, 58.85, 251.617
12685, 58.87, 251.634
12686, 58.88, 251.65
12687, 58.79, 251.684
12688, 58.9, 251.701
12689, 58.94, 251.717
12690, 58.92, 251.734
12691, 58.97, 251.751
12692, 59, 251.767
12693, 59.01, 251.784
12694, 59.03, 251.801
12695, 59.06, 251.817
12696, 59.08, 251.834
12697, 59.1, 251.85
12698, 59.12, 251.867
12699, 59.14, 251.884
12700, 59.16, 251.9
12701, 59.18, 251.917
12702, 59.2, 251.934
12703, 59.22, 251.951
12704, 59.24, 251.967
12705, 59.26, 251.984
12706, 59.28, 252.001
12707, 59.3, 252.017
12708, 59.31, 252.034
12709, 59.33, 252.051
12710, 59.35, 252.067
12711, 59.37, 252.084
12712, 59.39, 252.1
12713, 59.41, 252.117
12714, 59.44, 252.134
12715, 59.46, 252.15
12716, 59.48, 252.167
12717, 59.5, 252.184
12718, 59.53, 252.201
12719, 59.55, 252.217
12720, 59.58, 252.234
12721, 59.61, 252.251
12722, 59.63, 252.267
12723, 59.65, 252.284
12724, 59.67, 252.301
12725, 59.69, 252.317
12726, 59.71, 252.334
12727, 59.72, 252.35
12728, 59.75, 252.367
12729, 59.77, 252.384
12730, 59.79, 252.4
12731, 59.82, 252.417
12732, 59.84, 252.434
12733, 59.87, 252.451
12734, 59.91, 252.467
12735, 59.95, 252.484
12736, 59.98, 252.501
12737, 60.01, 252.517
12738, 60.04, 252.534
12739, 60.06, 252.551
12740, 60.08, 252.567
12741, 60.1, 252.584
12742, 60.11, 252.6
12743, 60.14, 252.617
12744, 60.16, 252.634
12745, 60.19, 252.65
12746, 60.22, 252.667
12747, 60.24, 252.684
12748, 60.27, 252.701
12749, 60.29, 252.717
12750, 60.32, 252.734
12751, 60.35, 252.751
12752, 60.38, 252.767
12753, 60.4, 252.784
12754, 60.44, 252.801
12755, 60.46, 252.817
12756, 60.49, 252.834
12757, 60.51, 252.85
12758, 60.53, 252.867
12759, 60.56, 252.884
12760, 60.58, 252.9
12761, 60.6, 252.917
12762, 60.62, 252.934
12763, 60.65, 252.951
12764, 60.67, 252.967
12765, 60.7, 252.984
12766, 60.72, 253.001
12767, 60.75, 253.017
12768, 60.78, 253.034
12769, 60.8, 253.051
12770, 60.82, 253.067
12771, 60.85, 253.084
12772, 60.87, 253.1
12773, 60.9, 253.117
12774, 60.92, 253.134
12775, 60.94, 253.15
12776, 60.97, 253.167
12777, 60.99, 253.184
12778, 61.02, 253.201
12779, 61.04, 253.217
12780, 61.06, 253.234
12781, 61.08, 253.251
12782, 61.1, 253.267
12783, 61.12, 253.284
12784, 61.15, 253.301
12785, 61.17, 253.317
12786, 61.19, 253.334
12787, 61.22, 253.35
12788, 61.24, 253.367
12789, 61.24, 253.367
12790, 61.26, 253.384
12791, 61.28, 253.4
12792, 61.31, 253.417
12793, 61.33, 253.434
12794, 61.35, 253.451
12795, 61.38, 253.467
12796, 61.4, 253.484
12797, 61.42, 253.501
12798, 61.45, 253.517
12799, 61.47, 253.534
12800, 61.49, 253.551
12801, 61.51, 253.567
12802, 61.52, 253.584
12803, 61.54, 253.6
12804, 61.56, 253.617
12805, 61.57, 253.634
12806, 61.6, 253.65
12807, 61.63, 253.667
12808, 61.66, 253.684
12809, 61.69, 253.701
12810, 61.71, 253.717
12811, 61.73, 253.734
12812, 61.74, 253.751
12813, 61.76, 253.767
12814, 61.78, 253.784
12815, 61.8, 253.801
12816, 61.82, 253.817
12817, 61.84, 253.834
12818, 61.87, 253.85
12819, 61.89, 253.867
12820, 61.91, 253.884
12821, 61.93, 253.9
12822, 61.95, 253.917
12823, 61.97, 253.934
12824, 61.99, 253.951
12825, 62.01, 253.967
12826, 62.01, 253.967
12827, 62.02, 253.984
12828, 62.04, 254.001
12829, 62.06, 254.017
12830, 62.08, 254.034
12831, 62.12, 254.034
12832, 62.15, 254.051
12833, 62.17, 254.067
12834, 62.19, 254.084
12835, 62.21, 254.1
12836, 62.23, 254.117
12837, 62.24, 254.134
12838, 62.26, 254.15
12839, 62.28, 254.167
12840, 62.3, 254.184
12841, 62.32, 254.201
12842, 62.34, 254.217
12843, 62.37, 254.234
12844, 62.39, 254.251
12845, 62.41, 254.267
12846, 62.43, 254.284
12847, 62.45, 254.301
12848, 62.46, 254.317
12849, 62.49, 254.334
12850, 62.51, 254.35
12851, 62.53, 254.367
12852, 62.54, 254.384
12853, 62.55, 254.4
12854, 62.55, 254.4
12855, 62.55, 254.417
12856, 62.56, 254.434
12857, 62.57, 254.451
12858, 62.59, 254.467
12859, 62.64, 254.484
12860, 62.68, 254.501
12861, 62.7, 254.517
12862, 62.7, 254.534
12863, 62.71, 254.551
12864, 62.73, 254.567
12865, 62.74, 254.584
12866, 62.75, 254.6
12867, 62.75, 254.617
12868, 62.76, 254.634
12869, 62.77, 254.65
12870, 62.79, 254.667
12871, 62.81, 254.684
12872, 62.83, 254.701
12873, 62.86, 254.717
12874, 62.88, 254.734
12875, 62.89, 254.751
12876, 62.89, 254.751
12877, 62.9, 254.767
12878, 62.9, 254.784
12879, 62.91, 254.801
12880, 62.93, 254.817
12881, 62.96, 254.834
12882, 63.01, 254.85
12883, 63.03, 254.867
12884, 63.03, 254.884
12885, 63.02, 254.9
12886, 63.02, 254.917
12887, 63, 254.934
12888, 62.98, 254.951
12889, 62.98, 254.967
12890, 63.03, 254.984
12891, 63.14, 255.001
12892, 63.22, 255.017
12893, 63.22, 255.034
12894, 63.18, 255.051
12895, 63.2, 255.067
12896, 63.2, 255.067
12897, 63.24, 255.084
12898, 63.24, 255.1
12899, 63.26, 255.117
12900, 63.29, 255.134
12901, 63.31, 255.15
12902, 63.32, 255.167
12903, 63.34, 255.184
12904, 63.38, 255.201
12905, 63.41, 255.217
12906, 63.44, 255.234
12907, 63.45, 255.251
12908, 63.47, 255.267
12909, 63.5, 255.284
12910, 63.52, 255.301
12911, 63.54, 255.317
12912, 63.56, 255.334
12913, 63.58, 255.35
12914, 63.59, 255.367
12915, 63.59, 255.367
12916, 63.61, 255.384
12917, 63.63, 255.4
12918, 63.65, 255.417
12919, 63.67, 255.434
12920, 63.7, 255.451
12921, 63.74, 255.467
12922, 63.78, 255.484
12923, 63.82, 255.501
12924, 63.85, 255.517
12925, 63.87, 255.534
12926, 63.88, 255.551
12927, 63.89, 255.567
12928, 63.91, 255.584
12929, 63.92, 255.6
12930, 63.93, 255.617
12931, 63.93, 255.617
12932, 63.96, 255.634
12933, 64, 255.65
12934, 64.02, 255.667
12935, 64.03, 255.684
12936, 64.1, 255.701
12937, 64.15, 255.717
12938, 64.17, 255.734
12939, 64.13, 255.751
12940, 64.14, 255.767
12941, 64.16, 255.784
12942, 64.14, 255.801
12943, 64.12, 255.817
12944, 64.18, 255.834
12945, 64.27, 255.85
12946, 64.31, 255.867
12947, 64.31, 255.867
12948, 64.33, 255.884
12949, 64.35, 255.9
12950, 64.37, 255.917
12951, 64.38, 255.934
12952, 64.39, 255.951
12953, 64.41, 255.967
12954, 64.42, 255.984
12955, 64.43, 256
12956, 64.45, 256.017
12957, 64.46, 256.034
12958, 64.47, 256.051
12959, 64.49, 256.067
12960, 64.51, 256.084
12961, 64.51, 256.084
12962, 64.52, 256.1
12963, 64.53, 256.117
12964, 64.54, 256.134
12965, 64.55, 256.151
12966, 64.56, 256.167
12967, 64.58, 256.184
12968, 64.59, 256.201
12969, 64.6, 256.217
12970, 64.6, 256.234
12971, 64.6, 256.25
12972, 64.6, 256.267
12973, 64.59, 256.284
12974, 64.57, 256.301
12975, 64.55, 256.317
12976, 64.55, 256.317
12977, 64.53, 256.334
12978, 64.51, 256.35
12979, 64.48, 256.367
12980, 64.45, 256.384
12981, 64.41, 256.401
12982, 64.36, 256.417
12983, 64.29, 256.434
12984, 64.21, 256.451
12985, 64.12, 256.467
12986, 64.01, 256.484
12987, 63.87, 256.5
12988, 63.7, 256.517
12989, 63.53, 256.534
12990, 63.33, 256.551
12991, 63.33, 256.551
12992, 63.08, 256.567
12993, 62.82, 256.584
12994, 62.54, 256.6
12995, 62.24, 256.617
12996, 61.94, 256.634
12997, 61.61, 256.651
12998, 61.26, 256.667
12999, 60.94, 256.684
13000, 60.63, 256.701
13001, 60.32, 256.717
13002, 60.01, 256.734
13003, 59.7, 256.75
13004, 59.37, 256.767
13005, 59.05, 256.784
13006, 58.71, 256.801
13007, 58.38, 256.817
13008, 58.05, 256.834
13009, 57.72, 256.85
13010, 57.38, 256.867
13011, 57.05, 256.884
13012, 56.41, 256.917
13013, 56.1, 256.934
13014, 55.8, 256.951
13015, 55.5, 256.967
13016, 55.15, 256.984
13017, 54.82, 257
13018, 54.56, 257.017
13019, 54.26, 257.034
13020, 53.94, 257.051
13021, 53.65, 257.067
13022, 53.31, 257.084
13023, 52.66, 257.117
13024, 52.41, 257.134
13025, 52.14, 257.151
13026, 51.85, 257.167
13027, 51.54, 257.184
13028, 51.22, 257.201
13029, 50.94, 257.217
13030, 50.41, 257.25
13031, 50.13, 257.267
13032, 49.85, 257.284
13033, 49.58, 257.301
13034, 49.32, 257.317
13035, 48.8, 257.35
13036, 48.57, 257.367
13037, 48.33, 257.384
13038, 48.09, 257.401
13039, 47.68, 257.434
13040, 47.47, 257.451
13041, 47.26, 257.467
13042, 47.09, 257.484
13043, 46.72, 257.517
13044, 46.55, 257.534
13045, 46.39, 257.551
13046, 45.99, 257.584
13047, 45.81, 257.6
13048, 45.66, 257.617
13049, 45.36, 257.651
13050, 45.2, 257.667
13051, 45.07, 257.684
13052, 44.85, 257.717
13053, 44.74, 257.734
13054, 44.62, 257.75
13055, 44.39, 257.784
13056, 44.29, 257.801
13057, 44.17, 257.817
13058, 43.94, 257.85
13059, 43.83, 257.867
13060, 43.6, 257.901
13061, 43.49, 257.917
13062, 43.38, 257.934
13063, 43.14, 257.967
13064, 43.03, 257.984
13065, 42.92, 258
13066, 42.69, 258.034
13067, 42.57, 258.051
13068, 42.36, 258.084
13069, 42.25, 258.1
13070, 42.05, 258.134
13071, 41.96, 258.151
13072, 41.87, 258.167
13073, 41.67, 258.201
13074, 41.57, 258.217
13075, 41.4, 258.25
13076, 41.32, 258.267
13077, 41.18, 258.301
13078, 41.12, 258.317
13079, 41.01, 258.35
13080, 40.96, 258.367
13081, 40.88, 258.401
13082, 40.84, 258.417
13083, 40.79, 258.434
13084, 40.71, 258.467
13085, 40.67, 258.484
13086, 40.59, 258.517
13087, 40.55, 258.534
13088, 40.47, 258.567
13089, 40.43, 258.584
13090, 40.35, 258.617
13091, 40.31, 258.634
13092, 40.24, 258.667
13093, 40.2, 258.684
13094, 40.11, 258.717
13095, 40.07, 258.734
13096, 40, 258.767
13097, 39.96, 258.784
13098, 39.87, 258.817
13099, 39.83, 258.834
13100, 39.76, 258.867
13101, 39.72, 258.884
13102, 39.64, 258.917
13103, 39.61, 258.934
13104, 39.56, 258.967
13105, 39.53, 258.984
13106, 39.49, 259.017
13107, 39.46, 259.034
13108, 39.46, 259.067
13109, 39.44, 259.084
13110, 39.39, 259.117
13111, 39.36, 259.134
13112, 39.18, 259.167
13113, 39.16, 259.184
13114, 39.12, 259.201
13115, 39.04, 259.234
13116, 38.97, 259.25
13117, 38.87, 259.284
13118, 38.83, 259.301
13119, 38.71, 259.334
13120, 38.65, 259.35
13121, 38.55, 259.384
13122, 38.49, 259.401
13123, 38.37, 259.434
13124, 38.31, 259.451
13125, 38.19, 259.484
13126, 38.13, 259.5
13127, 38.03, 259.534
13128, 37.91, 259.567
13129, 37.85, 259.584
13130, 37.73, 259.617
13131, 37.67, 259.634
13132, 37.55, 259.667
13133, 37.49, 259.684
13134, 37.39, 259.717
13135, 37.34, 259.734
13136, 37.25, 259.767
13137, 37.17, 259.801
13138, 37.13, 259.817
13139, 37.23, 259.85
13140, 37.24, 259.867
13141, 37.26, 259.901
13142, 37.36, 259.934
13143, 37.41, 259.951
13144, 37.53, 259.984
13145, 37.59, 260
13146, 37.71, 260.034
13147, 37.76, 260.051
13148, 37.87, 260.084
13149, 37.96, 260.117
13150, 38.04, 260.134
13151, 38.2, 260.167
13152, 38.25, 260.184
13153, 38.37, 260.217
13154, 38.45, 260.234
13155, 38.6, 260.267
13156, 38.67, 260.284
13157, 38.8, 260.317
13158, 38.86, 260.334
13159, 38.99, 260.367
13160, 39.07, 260.384
13161, 39.18, 260.417
13162, 39.22, 260.434
13163, 39.39, 260.467
13164, 39.48, 260.484
13165, 39.58, 260.517
13166, 39.63, 260.534
13167, 39.78, 260.567
13168, 39.83, 260.584
13169, 39.93, 260.617
13170, 40.01, 260.634
13171, 40.14, 260.667
13172, 40.2, 260.684
13173, 40.34, 260.717
13174, 40.4, 260.734
13175, 40.49, 260.767
13176, 40.57, 260.784
13177, 40.71, 260.817
13178, 40.75, 260.834
13179, 40.85, 260.867
13180, 40.92, 260.884
13181, 41.05, 260.917
13182, 41.12, 260.934
13183, 41.24, 260.967
13184, 41.3, 260.984
13185, 41.42, 261.017
13186, 41.47, 261.034
13187, 41.52, 261.051
13188, 41.62, 261.084
13189, 41.67, 261.1
13190, 41.81, 261.134
13191, 41.87, 261.151
13192, 41.98, 261.184
13193, 42.03, 261.201
13194, 42.16, 261.234
13195, 42.2, 261.25
13196, 42.25, 261.267
13197, 42.39, 261.301
13198, 42.46, 261.317
13199, 42.58, 261.35
13200, 42.63, 261.367
13201, 42.69, 261.384
13202, 42.83, 261.417
13203, 42.89, 261.434
13204, 43, 261.467
13205, 43.06, 261.484
13206, 43.11, 261.5
13207, 43.26, 261.534
13208, 43.34, 261.551
13209, 43.44, 261.584
13210, 43.5, 261.6
13211, 43.57, 261.617
13212, 43.71, 261.651
13213, 43.77, 261.667
13214, 43.89, 261.701
13215, 43.96, 261.717
13216, 44.02, 261.734
13217, 44.15, 261.767
13218, 44.21, 261.784
13219, 44.27, 261.801
13220, 44.38, 261.834
13221, 44.44, 261.85
13222, 44.57, 261.884
13223, 44.63, 261.901
13224, 44.68, 261.917
13225, 44.8, 261.951
13226, 44.87, 261.967
13227, 44.93, 261.984
13228, 45.04, 262.017
13229, 45.11, 262.034
13230, 45.17, 262.051
13231, 45.28, 262.084
13232, 45.35, 262.1
13233, 45.41, 262.117
13234, 45.53, 262.151
13235, 45.58, 262.167
13236, 45.64, 262.184
13237, 45.69, 262.201
13238, 45.79, 262.234
13239, 45.84, 262.25
13240, 45.89, 262.267
13241, 46.05, 262.301
13242, 46.12, 262.317
13243, 46.18, 262.334
13244, 46.3, 262.367
13245, 46.37, 262.384
13246, 46.43, 262.401
13247, 46.48, 262.417
13248, 46.6, 262.451
13249, 46.66, 262.467
13250, 46.71, 262.484
13251, 46.82, 262.517
13252, 46.88, 262.534
13253, 46.93, 262.551
13254, 46.99, 262.567
13255, 47.09, 262.6
13256, 47.15, 262.617
13257, 47.22, 262.634
13258, 47.33, 262.667
13259, 47.38, 262.684
13260, 47.42, 262.701
13261, 47.47, 262.717
13262, 47.57, 262.75
13263, 47.62, 262.767
13264, 47.67, 262.784
13265, 47.73, 262.801
13266, 47.86, 262.834
13267, 47.92, 262.85
13268, 47.98, 262.867
13269, 48.03, 262.884
13270, 48.13, 262.917
13271, 48.18, 262.934
13272, 48.23, 262.951
13273, 48.29, 262.967
13274, 48.4, 263
13275, 48.45, 263.017
13276, 48.5, 263.034
13277, 48.55, 263.051
13278, 48.6, 263.067
13279, 48.7, 263.1
13280, 48.77, 263.117
13281, 48.82, 263.134
13282, 48.87, 263.151
13283, 48.98, 263.184
13284, 48.96, 263.201
13285, 48.91, 263.217
13286, 49.04, 263.234
13287, 49.14, 263.267
13288, 49.17, 263.284
13289, 49.23, 263.301
13290, 49.29, 263.317
13291, 49.33, 263.334
13292, 49.43, 263.367
13293, 49.48, 263.384
13294, 49.53, 263.401
13295, 49.57, 263.417
13296, 49.61, 263.434
13297, 49.7, 263.467
13298, 49.74, 263.484
13299, 49.78, 263.5
13300, 49.83, 263.517
13301, 49.91, 263.551
13302, 49.95, 263.567
13303, 49.99, 263.584
13304, 50.03, 263.6
13305, 50.08, 263.617
13306, 50.17, 263.651
13307, 50.21, 263.667
13308, 50.26, 263.684
13309, 50.3, 263.701
13310, 50.35, 263.717
13311, 50.43, 263.75
13312, 50.47, 263.767
13313, 50.51, 263.784
13314, 50.56, 263.801
13315, 50.59, 263.817
13316, 50.64, 263.834
13317, 50.74, 263.867
13318, 50.79, 263.884
13319, 50.83, 263.901
13320, 50.87, 263.917
13321, 50.92, 263.934
13322, 50.99, 263.967
13323, 51.02, 263.984
13324, 51.06, 264
13325, 51.07, 264.017
13326, 51.11, 264.034
13327, 51.2, 264.051
13328, 51.33, 264.084
13329, 51.32, 264.1
13330, 51.35, 264.117
13331, 51.4, 264.134
13332, 51.45, 264.151
13333, 51.47, 264.167
13334, 51.56, 264.201
13335, 51.61, 264.217
13336, 51.65, 264.234
13337, 51.69, 264.25
13338, 51.73, 264.267
13339, 51.78, 264.284
13340, 51.85, 264.317
13341, 51.89, 264.334
13342, 51.95, 264.35
13343, 52, 264.367
13344, 52.04, 264.384
13345, 52.08, 264.401
13346, 52.15, 264.434
13347, 52.19, 264.451
13348, 52.23, 264.467
13349, 52.27, 264.484
13350, 52.31, 264.5
13351, 52.36, 264.517
13352, 52.45, 264.551
13353, 52.49, 264.567
13354, 52.52, 264.584
13355, 52.55, 264.6
13356, 52.59, 264.617
13357, 52.63, 264.634
13358, 52.67, 264.651
13359, 52.76, 264.684
13360, 52.8, 264.701
13361, 52.84, 264.717
13362, 52.88, 264.734
13363, 52.92, 264.75
13364, 52.96, 264.767
13365, 53, 264.784
13366, 53.03, 264.801
13367, 53.1, 264.834
13368, 53.13, 264.85
13369, 53.16, 264.867
13370, 53.19, 264.884
13371, 53.23, 264.901
13372, 53.28, 264.917
13373, 53.33, 264.934
13374, 53.37, 264.951
13375, 53.44, 264.984
13376, 53.48, 265
13377, 53.52, 265.017
13378, 53.55, 265.051
13379, 53.59, 265.067
13380, 53.63, 265.084
13381, 53.66, 265.1
13382, 53.7, 265.117
13383, 53.78, 265.151
13384, 53.83, 265.167
13385, 53.86, 265.184
13386, 53.89, 265.201
13387, 53.92, 265.217
13388, 53.95, 265.234
13389, 53.98, 265.25
13390, 54.01, 265.267
13391, 54.04, 265.284
13392, 54.15, 265.317
13393, 54.2, 265.334
13394, 54.24, 265.35
13395, 54.27, 265.367
13396, 54.31, 265.384
13397, 54.35, 265.401
13398, 54.38, 265.417
13399, 54.42, 265.434
13400, 54.46, 265.451
13401, 54.54, 265.484
13402, 54.6, 265.5
13403, 54.65, 265.517
13404, 54.69, 265.534
13405, 54.73, 265.551
13406, 54.77, 265.567
13407, 54.81, 265.584
13408, 54.85, 265.6
13409, 54.89, 265.617
13410, 54.93, 265.634
13411, 54.98, 265.651
13412, 55.06, 265.684
13413, 55.1, 265.701
13414, 55.14, 265.717
13415, 55.19, 265.734
13416, 55.23, 265.75
13417, 55.27, 265.767
13418, 55.31, 265.784
13419, 55.35, 265.801
13420, 55.39, 265.817
13421, 55.43, 265.834
13422, 55.47, 265.85
13423, 55.54, 265.884
13424, 55.58, 265.901
13425, 55.62, 265.917
13426, 55.66, 265.934
13427, 55.69, 265.951
13428, 55.74, 265.967
13429, 55.78, 265.984
13430, 55.81, 266
13431, 55.85, 266.017
13432, 55.89, 266.034
13433, 55.93, 266.051
13434, 55.97, 266.067
13435, 56, 266.084
13436, 56.08, 266.117
13437, 56.12, 266.134
13438, 56.16, 266.151
13439, 56.19, 266.167
13440, 56.23, 266.184
13441, 56.26, 266.201
13442, 56.29, 266.217
13443, 56.29, 266.217
13444, 56.36, 266.25
13445, 56.36, 266.25
13446, 56.43, 266.284
13447, 56.47, 266.301
13448, 56.5, 266.317
13449, 56.53, 266.334
13450, 56.56, 266.35
13451, 56.63, 266.384
13452, 56.66, 266.401
13453, 56.69, 266.417
13454, 56.72, 266.434
13455, 56.75, 266.451
13456, 56.79, 266.467
13457, 56.82, 266.484
13458, 56.85, 266.5
13459, 56.89, 266.517
13460, 56.92, 266.534
13461, 56.95, 266.551
13462, 56.98, 266.567
13463, 57.01, 266.584
13464, 57.04, 266.6
13465, 57.07, 266.617
13466, 57.1, 266.634
13467, 57.12, 266.651
13468, 57.14, 266.667
13469, 57.19, 266.701
13470, 57.19, 266.701
13471, 57.24, 266.734
13472, 57.3, 266.75
13473, 57.37, 266.767
13474, 57.39, 266.784
13475, 57.36, 266.801
13476, 57.38, 266.817
13477, 57.42, 266.834
13478, 57.44, 266.85
13479, 57.44, 266.867
13480, 57.46, 266.884
13481, 57.51, 266.901
13482, 57.55, 266.917
13483, 57.58, 266.934
13484, 57.61, 266.951
13485, 57.64, 266.967
13486, 57.68, 266.984
13487, 57.71, 267
13488, 57.74, 267.017
13489, 57.76, 267.034
13490, 57.81, 267.067
13491, 57.84, 267.084
13492, 57.86, 267.1
13493, 57.89, 267.117
13494, 57.91, 267.134
13495, 57.94, 267.151
13496, 57.97, 267.167
13497, 58, 267.184
13498, 58.03, 267.201
13499, 58.06, 267.217
13500, 58.06, 267.217
13501, 58.11, 267.25
13502, 58.13, 267.267
13503, 58.15, 267.284
13504, 58.18, 267.301
13505, 58.2, 267.317
13506, 58.22, 267.334
13507, 58.25, 267.35
13508, 58.28, 267.367
13509, 58.31, 267.384
13510, 58.34, 267.401
13511, 58.37, 267.417
13512, 58.39, 267.434
13513, 58.41, 267.451
13514, 58.43, 267.467
13515, 58.45, 267.484
13516, 58.47, 267.5
13517, 58.5, 267.517
13518, 58.54, 267.551
13519, 58.57, 267.567
13520, 58.59, 267.584
13521, 58.61, 267.6
13522, 58.64, 267.617
13523, 58.66, 267.634
13524, 58.68, 267.651
13525, 58.7, 267.667
13526, 58.72, 267.684
13527, 58.74, 267.701
13528, 58.76, 267.717
13529, 58.78, 267.734
13530, 58.8, 267.75
13531, 58.83, 267.767
13532, 58.85, 267.784
13533, 58.87, 267.801
13534, 58.89, 267.817
13535, 58.92, 267.834
13536, 58.94, 267.85
13537, 58.96, 267.867
13538, 58.99, 267.884
13539, 59.01, 267.901
13540, 59.04, 267.917
13541, 59.06, 267.934
13542, 59.08, 267.951
13543, 59.11, 267.967
13544, 59.14, 267.984
13545, 59.16, 268
13546, 59.18, 268.017
13547, 59.21, 268.034
13548, 59.23, 268.051
13549, 59.25, 268.067
13550, 59.28, 268.084
13551, 59.3, 268.1
13552, 59.33, 268.117
13553, 59.36, 268.134
13554, 59.38, 268.151
13555, 59.4, 268.167
13556, 59.42, 268.184
13557, 59.45, 268.201
13558, 59.41, 268.217
13559, 59.35, 268.234
13560, 59.46, 268.25
13561, 59.49, 268.267
13562, 59.44, 268.284
13563, 59.48, 268.301
13564, 59.52, 268.317
13565, 59.53, 268.334
13566, 59.54, 268.35
13567, 59.56, 268.367
13568, 59.57, 268.384
13569, 59.58, 268.401
13570, 59.6, 268.417
13571, 59.64, 268.451
13572, 59.67, 268.467
13573, 59.69, 268.484
13574, 59.71, 268.5
13575, 59.72, 268.517
13576, 59.74, 268.534
13577, 59.76, 268.551
13578, 59.78, 268.567
13579, 59.8, 268.584
13580, 59.83, 268.6
13581, 59.85, 268.617
13582, 59.87, 268.634
13583, 59.89, 268.651
13584, 59.92, 268.667
13585, 59.94, 268.684
13586, 59.96, 268.701
13587, 59.98, 268.717
13588, 60, 268.734
13589, 60.02, 268.75
13590, 60.04, 268.767
13591, 60.06, 268.784
13592, 60.08, 268.801
13593, 60.1, 268.817
13594, 60.12, 268.834
13595, 60.14, 268.85
13596, 60.16, 268.867
13597, 60.18, 268.884
13598, 60.19, 268.901
13599, 60.21, 268.917
13600, 60.23, 268.934
13601, 60.25, 268.951
13602, 60.27, 268.967
13603, 60.29, 268.984
13604, 60.31, 269
13605, 60.33, 269.017
13606, 60.35, 269.034
13607, 60.37, 269.051
13608, 60.39, 269.067
13609, 60.42, 269.084
13610, 60.44, 269.1
13611, 60.46, 269.117
13612, 60.48, 269.134
13613, 60.5, 269.151
13614, 60.52, 269.167
13615, 60.54, 269.184
13616, 60.57, 269.201
13617, 60.6, 269.217
13618, 60.62, 269.234
13619, 60.64, 269.25
13620, 60.66, 269.267
13621, 60.68, 269.284
13622, 60.7, 269.301
13623, 60.72, 269.317
13624, 60.74, 269.334
13625, 60.77, 269.35
13626, 60.79, 269.367
13627, 60.82, 269.384
13628, 60.82, 269.384
13629, 60.84, 269.401
13630, 60.86, 269.417
13631, 60.88, 269.434
13632, 60.9, 269.451
13633, 60.92, 269.467
13634, 60.95, 269.484
13635, 60.97, 269.5
13636, 60.99, 269.517
13637, 61.01, 269.534
13638, 61.03, 269.551
13639, 61.05, 269.567
13640, 61.08, 269.584
13641, 61.1, 269.6
13642, 61.13, 269.617
13643, 61.15, 269.634
13644, 61.17, 269.651
13645, 61.2, 269.667
13646, 61.22, 269.684
13647, 61.24, 269.701
13648, 61.27, 269.717
13649, 61.3, 269.734
13650, 61.31, 269.75
13651, 61.34, 269.767
13652, 61.36, 269.784
13653, 61.39, 269.801
13654, 61.41, 269.817
13655, 61.43, 269.834
13656, 61.45, 269.85
13657, 61.47, 269.867
13658, 61.49, 269.884
13659, 61.52, 269.901
13660, 61.54, 269.917
13661, 61.56, 269.934
13662, 61.59, 269.951
13663, 61.61, 269.967
13664, 61.63, 269.984
13665, 61.64, 270
13666, 61.65, 270.017
13667, 61.67, 270.034
13668, 61.69, 270.034
13669, 61.71, 270.051
13670, 61.73, 270.067
13671, 61.75, 270.084
13672, 61.77, 270.1
13673, 61.79, 270.117
13674, 61.81, 270.134
13675, 61.83, 270.151
13676, 61.84, 270.167
13677, 61.84, 270.167
13678, 61.86, 270.184
13679, 61.88, 270.201
13680, 61.89, 270.217
13681, 61.92, 270.234
13682, 61.94, 270.25
13683, 61.95, 270.267
13684, 61.97, 270.284
13685, 61.99, 270.301
13686, 62.01, 270.317
13687, 62.02, 270.334
13688, 62.04, 270.35
13689, 62.05, 270.367
13690, 62.07, 270.384
13691, 62.09, 270.401
13692, 62.1, 270.417
13693, 62.12, 270.434
13694, 62.13, 270.451
13695, 62.15, 270.467
13696, 62.17, 270.484
13697, 62.18, 270.5
13698, 62.2, 270.517
13699, 62.21, 270.534
13700, 62.23, 270.551
13701, 62.24, 270.567
13702, 62.26, 270.584
13703, 62.28, 270.6
13704, 62.29, 270.617
13705, 62.29, 270.617
13706, 62.31, 270.634
13707, 62.33, 270.651
13708, 62.34, 270.667
13709, 62.36, 270.684
13710, 62.37, 270.701
13711, 62.39, 270.717
13712, 62.4, 270.734
13713, 62.42, 270.75
13714, 62.44, 270.767
13715, 62.46, 270.784
13716, 62.47, 270.801
13717, 62.49, 270.817
13718, 62.5, 270.834
13719, 62.51, 270.85
13720, 62.53, 270.867
13721, 62.54, 270.884
13722, 62.56, 270.901
13723, 62.57, 270.917
13724, 62.59, 270.934
13725, 62.61, 270.951
13726, 62.63, 270.967
13727, 62.64, 270.984
13728, 62.65, 271
13729, 62.65, 271
13730, 62.66, 271.017
13731, 62.67, 271.034
13732, 62.68, 271.051
13733, 62.69, 271.067
13734, 62.72, 271.084
13735, 62.74, 271.1
13736, 62.75, 271.117
13737, 62.76, 271.134
13738, 62.78, 271.151
13739, 62.79, 271.167
13740, 62.8, 271.184
13741, 62.82, 271.201
13742, 62.83, 271.217
13743, 62.83, 271.234
13744, 62.85, 271.25
13745, 62.86, 271.267
13746, 62.87, 271.284
13747, 62.89, 271.301
13748, 62.91, 271.317
13749, 62.92, 271.334
13750, 62.92, 271.334
13751, 62.94, 271.35
13752, 62.95, 271.367
13753, 62.96, 271.384
13754, 62.97, 271.401
13755, 62.99, 271.417
13756, 63, 271.434
13757, 63, 271.451
13758, 63.01, 271.467
13759, 63.03, 271.484
13760, 63.03, 271.5
13761, 63.04, 271.517
13762, 63.05, 271.534
13763, 63.06, 271.551
13764, 63.07, 271.567
13765, 63.09, 271.584
13766, 63.1, 271.6
13767, 63.11, 271.617
13768, 63.12, 271.634
13769, 63.12, 271.634
13770, 63.13, 271.651
13771, 63.14, 271.667
13772, 63.15, 271.684
13773, 63.16, 271.701
13774, 63.18, 271.717
13775, 63.19, 271.734
13776, 63.2, 271.75
13777, 63.22, 271.767
13778, 63.23, 271.784
13779, 63.24, 271.801
13780, 63.25, 271.817
13781, 63.27, 271.834
13782, 63.28, 271.85
13783, 63.29, 271.867
13784, 63.3, 271.884
13785, 63.31, 271.901
13786, 63.33, 271.917
13787, 63.34, 271.934
13788, 63.34, 271.934
13789, 63.35, 271.951
13790, 63.36, 271.967
13791, 63.38, 271.984
13792, 63.39, 272
13793, 63.4, 272.017
13794, 63.41, 272.034
13795, 63.43, 272.051
13796, 63.44, 272.067
13797, 63.46, 272.084
13798, 63.47, 272.1
13799, 63.49, 272.117
13800, 63.5, 272.134
13801, 63.51, 272.151
13802, 63.52, 272.167
13803, 63.54, 272.184
13804, 63.55, 272.201
13805, 63.55, 272.201
13806, 63.56, 272.217
13807, 63.58, 272.234
13808, 63.59, 272.25
13809, 63.6, 272.267
13810, 63.61, 272.284
13811, 63.62, 272.301
13812, 63.63, 272.317
13813, 63.64, 272.334
13814, 63.65, 272.35
13815, 63.66, 272.367
13816, 63.67, 272.384
13817, 63.68, 272.401
13818, 63.7, 272.417
13819, 63.7, 272.434
13820, 63.71, 272.451
13821, 63.71, 272.451
13822, 63.72, 272.467
13823, 63.73, 272.484
13824, 63.73, 272.5
13825, 63.74, 272.517
13826, 63.75, 272.534
13827, 63.75, 272.551
13828, 63.76, 272.567
13829, 63.76, 272.584
13830, 63.77, 272.6
13831, 63.78, 272.617
13832, 63.78, 272.634
13833, 63.79, 272.651
13834, 63.8, 272.667
13835, 63.81, 272.684
13836, 63.82, 272.701
13837, 63.82, 272.701
13838, 63.82, 272.717
13839, 63.83, 272.734
13840, 63.84, 272.75
13841, 63.84, 272.767
13842, 63.85, 272.784
13843, 63.86, 272.801
13844, 63.86, 272.817
13845, 63.87, 272.834
13846, 63.87, 272.85
13847, 63.88, 272.867
13848, 63.88, 272.884
13849, 63.89, 272.901
13850, 63.9, 272.917
13851, 63.91, 272.934
13852, 63.91, 272.951
13853, 63.91, 272.951
13854, 63.92, 272.967
13855, 63.92, 272.984
13856, 63.93, 273
13857, 63.94, 273.017
13858, 63.94, 273.034
13859, 63.95, 273.051
13860, 63.96, 273.067
13861, 63.97, 273.084
13862, 63.98, 273.1
13863, 64, 273.117
13864, 64.02, 273.134
13865, 64.04, 273.151
13866, 64.05, 273.167
13867, 64.06, 273.184
13868, 64.07, 273.201
13869, 64.07, 273.201
13870, 64.09, 273.217
13871, 64.11, 273.234
13872, 64.12, 273.25
13873, 64.14, 273.267
13874, 64.15, 273.284
13875, 64.16, 273.301
13876, 64.17, 273.317
13877, 64.18, 273.334
13878, 64.19, 273.35
13879, 64.2, 273.367
13880, 64.21, 273.384
13881, 64.23, 273.401
13882, 64.24, 273.417
13883, 64.25, 273.434
13884, 64.27, 273.451
13885, 64.27, 273.451
13886, 64.29, 273.467
13887, 64.3, 273.484
13888, 64.31, 273.5
13889, 64.32, 273.517
13890, 64.33, 273.534
13891, 64.34, 273.551
13892, 64.35, 273.567
13893, 64.36, 273.584
13894, 64.37, 273.6
13895, 64.38, 273.617
13896, 64.39, 273.634
13897, 64.4, 273.651
13898, 64.41, 273.667
13899, 64.41, 273.667
13900, 64.42, 273.684
13901, 64.44, 273.701
13902, 64.45, 273.717
13903, 64.47, 273.734
13904, 64.49, 273.75
13905, 64.51, 273.767
13906, 64.53, 273.784
13907, 64.54, 273.801
13908, 64.55, 273.817
13909, 64.56, 273.834
13910, 64.57, 273.85
13911, 64.59, 273.867
13912, 64.6, 273.884
13913, 64.62, 273.901
13914, 64.62, 273.901
13915, 64.65, 273.917
13916, 64.68, 273.934
13917, 64.69, 273.951
13918, 64.68, 273.967
13919, 64.69, 273.984
13920, 64.71, 274
13921, 64.71, 274.017
13922, 64.72, 274.034
13923, 64.74, 274.051
13924, 64.77, 274.067
13925, 64.81, 274.084
13926, 64.84, 274.1
13927, 64.84, 274.1
13928, 64.86, 274.117
13929, 64.87, 274.134
13930, 64.9, 274.151
13931, 64.92, 274.167
13932, 64.94, 274.184
13933, 64.96, 274.201
13934, 64.97, 274.217
13935, 64.99, 274.234
13936, 65, 274.25
13937, 65.02, 274.267
13938, 65.03, 274.284
13939, 65.05, 274.301
13940, 65.06, 274.317
13941, 65.06, 274.317
13942, 65.08, 274.334
13943, 65.09, 274.35
13944, 65.11, 274.367
13945, 65.13, 274.384
13946, 65.15, 274.401
13947, 65.17, 274.417
13948, 65.2, 274.434
13949, 65.22, 274.451
13950, 65.23, 274.467
13951, 65.25, 274.484
13952, 65.26, 274.5
13953, 65.26, 274.5
13954, 65.27, 274.517
13955, 65.29, 274.534
13956, 65.31, 274.551
13957, 65.32, 274.567
13958, 65.34, 274.584
13959, 65.36, 274.6
13960, 65.38, 274.617
13961, 65.4, 274.634
13962, 65.42, 274.651
13963, 65.44, 274.667
13964, 65.46, 274.684
13965, 65.46, 274.684
13966, 65.48, 274.701
13967, 65.5, 274.717
13968, 65.51, 274.734
13969, 65.53, 274.75
13970, 65.54, 274.767
13971, 65.56, 274.784
13972, 65.57, 274.801
13973, 65.59, 274.817
13974, 65.61, 274.834
13975, 65.62, 274.85
13976, 65.64, 274.867
13977, 65.64, 274.867
13978, 65.66, 274.884
13979, 65.67, 274.901
13980, 65.68, 274.917
13981, 65.7, 274.934
13982, 65.71, 274.951
13983, 65.72, 274.967
13984, 65.74, 274.984
13985, 65.76, 275
13986, 65.77, 275.017
13987, 65.79, 275.051
13988, 65.8, 275.067
13989, 65.8, 275.067
13990, 65.81, 275.084
13991, 65.83, 275.1
13992, 65.84, 275.117
13993, 65.86, 275.134
13994, 65.87, 275.151
13995, 65.89, 275.167
13996, 65.9, 275.184
13997, 65.91, 275.201
13998, 65.92, 275.217
13999, 65.93, 275.234
14000, 65.93, 275.234
14001, 65.95, 275.25
14002, 65.96, 275.267
14003, 65.97, 275.284
14004, 65.98, 275.301
14005, 65.99, 275.317
14006, 66, 275.334
14007, 66.02, 275.35
14008, 66.02, 275.367
14009, 66.03, 275.384
14010, 66.03, 275.401
14011, 66.03, 275.401
14012, 66.04, 275.417
14013, 66.04, 275.434
14014, 66.05, 275.451
14015, 66.07, 275.467
14016, 66.08, 275.484
14017, 66.1, 275.5
14018, 66.1, 275.517
14019, 66.1, 275.534
14020, 66.1, 275.551
14021, 66.1, 275.551
14022, 66.1, 275.567
14023, 66.11, 275.584
14024, 66.12, 275.6
14025, 66.14, 275.617
14026, 66.14, 275.634
14027, 66.15, 275.651
14028, 66.16, 275.667
14029, 66.18, 275.684
14030, 66.2, 275.701
14031, 66.22, 275.717
14032, 66.22, 275.717
14033, 66.23, 275.734
14034, 66.23, 275.75
14035, 66.24, 275.767
14036, 66.25, 275.784
14037, 66.25, 275.801
14038, 66.27, 275.817
14039, 66.29, 275.834
14040, 66.31, 275.85
14041, 66.32, 275.867
14042, 66.32, 275.867
14043, 66.34, 275.884
14044, 66.35, 275.901
14045, 66.36, 275.917
14046, 66.36, 275.934
14047, 66.37, 275.951
14048, 66.38, 275.967
14049, 66.39, 275.984
14050, 66.4, 276
14051, 66.41, 276.017
14052, 66.41, 276.034
14053, 66.41, 276.034
14054, 66.42, 276.051
14055, 66.43, 276.067
14056, 66.43, 276.084
14057, 66.42, 276.1
14058, 66.43, 276.117
14059, 66.44, 276.134
14060, 66.44, 276.151
14061, 66.44, 276.167
14062, 66.45, 276.184
14063, 66.45, 276.184
14064, 66.46, 276.201
14065, 66.47, 276.217
14066, 66.48, 276.234
14067, 66.48, 276.25
14068, 66.49, 276.267
14069, 66.5, 276.284
14070, 66.5, 276.301
14071, 66.5, 276.317
14072, 66.5, 276.334
14073, 66.51, 276.35
14074, 66.51, 276.35
14075, 66.51, 276.367
14076, 66.52, 276.384
14077, 66.53, 276.401
14078, 66.54, 276.417
14079, 66.52, 276.434
14080, 66.52, 276.451
14081, 66.53, 276.467
14082, 66.53, 276.484
14083, 66.53, 276.5
14084, 66.53, 276.5
14085, 66.56, 276.517
14086, 66.57, 276.534
14087, 66.57, 276.551
14088, 66.58, 276.567
14089, 66.61, 276.584
14090, 66.61, 276.6
14091, 66.59, 276.617
14092, 66.59, 276.634
14093, 66.59, 276.651
14094, 66.59, 276.651
14095, 66.59, 276.667
14096, 66.58, 276.684
14097, 66.59, 276.701
14098, 66.6, 276.717
14099, 66.6, 276.734
14100, 66.62, 276.75
14101, 66.63, 276.767
14102, 66.64, 276.784
14103, 66.64, 276.801
14104, 66.64, 276.801
14105, 66.64, 276.817
14106, 66.65, 276.834
14107, 66.65, 276.85
14108, 66.66, 276.867
14109, 66.66, 276.884
14110, 66.67, 276.901
14111, 66.68, 276.917
14112, 66.69, 276.934
14113, 66.69, 276.951
14114, 66.69, 276.951
14115, 66.7, 276.967
14116, 66.71, 276.984
14117, 66.72, 277
14118, 66.73, 277.017
14119, 66.73, 277.034
14120, 66.74, 277.051
14121, 66.75, 277.067
14122, 66.76, 277.084
14123, 66.77, 277.1
14124, 66.77, 277.1
14125, 66.77, 277.117
14126, 66.78, 277.134
14127, 66.78, 277.151
14128, 66.79, 277.167
14129, 66.79, 277.184
14130, 66.8, 277.201
14131, 66.81, 277.217
14132, 66.82, 277.234
14133, 66.82, 277.25
14134, 66.82, 277.25
14135, 66.82, 277.267
14136, 66.83, 277.284
14137, 66.83, 277.301
14138, 66.82, 277.317
14139, 66.83, 277.334
14140, 66.83, 277.35
14141, 66.83, 277.367
14142, 66.83, 277.384
14143, 66.84, 277.401
14144, 66.84, 277.401
14145, 66.84, 277.417
14146, 66.85, 277.434
14147, 66.86, 277.451
14148, 66.87, 277.467
14149, 66.89, 277.484
14150, 66.89, 277.5
14151, 66.89, 277.517
14152, 66.89, 277.534
14153, 66.89, 277.534
14154, 66.89, 277.551
14155, 66.89, 277.567
14156, 66.89, 277.584
14157, 66.89, 277.6
14158, 66.9, 277.617
14159, 66.91, 277.634
14160, 66.92, 277.651
14161, 66.94, 277.667
14162, 66.94, 277.684
14163, 66.94, 277.684
14164, 66.94, 277.701
14165, 66.94, 277.717
14166, 66.95, 277.734
14167, 66.95, 277.75
14168, 66.96, 277.767
14169, 66.96, 277.784
14170, 66.96, 277.801
14171, 66.96, 277.817
14172, 66.96, 277.834
14173, 66.96, 277.834
14174, 66.97, 277.85
14175, 66.98, 277.867
14176, 66.99, 277.884
14177, 67.01, 277.901
14178, 67.03, 277.917
14179, 67.04, 277.934
14180, 67.03, 277.951
14181, 67.03, 277.967
14182, 67.04, 277.984
14183, 67.04, 277.984
14184, 67.04, 278
14185, 67.03, 278.017
14186, 67.03, 278.034
14187, 67.02, 278.051
14188, 67.01, 278.067
14189, 67.01, 278.084
14190, 67.01, 278.1
14191, 67.04, 278.117
14192, 67.04, 278.117
14193, 67.07, 278.134
14194, 67.08, 278.151
14195, 67.07, 278.167
14196, 67.06, 278.184
14197, 67.06, 278.201
14198, 67.05, 278.217
14199, 67.05, 278.234
14200, 67.05, 278.25
14201, 67.07, 278.267
14202, 67.07, 278.267
14203, 67.09, 278.284
14204, 67.1, 278.301
14205, 67.1, 278.317
14206, 67.1, 278.334
14207, 67.1, 278.35
14208, 67.1, 278.367
14209, 67.1, 278.384
14210, 67.1, 278.401
14211, 67.11, 278.417
14212, 67.11, 278.417
14213, 67.11, 278.434
14214, 67.12, 278.451
14215, 67.13, 278.467
14216, 67.14, 278.484
14217, 67.14, 278.5
14218, 67.15, 278.517
14219, 67.16, 278.534
14220, 67.16, 278.551
14221, 67.16, 278.567
14222, 67.16, 278.567
14223, 67.15, 278.584
14224, 67.16, 278.6
14225, 67.16, 278.617
14226, 67.16, 278.634
14227, 67.16, 278.651
14228, 67.15, 278.667
14229, 67.14, 278.684
14230, 67.15, 278.701
14231, 67.15, 278.701
14232, 67.15, 278.717
14233, 67.17, 278.734
14234, 67.21, 278.75
14235, 67.22, 278.767
14236, 67.2, 278.784
14237, 67.17, 278.801
14238, 67.16, 278.817
14239, 67.16, 278.834
14240, 67.15, 278.85
14241, 67.15, 278.85
14242, 67.15, 278.867
14243, 67.16, 278.884
14244, 67.18, 278.901
14245, 67.19, 278.917
14246, 67.19, 278.934
14247, 67.19, 278.951
14248, 67.19, 278.967
14249, 67.19, 278.984
14250, 67.19, 279
14251, 67.19, 279
14252, 67.19, 279.017
14253, 67.2, 279.034
14254, 67.2, 279.051
14255, 67.21, 279.067
14256, 67.21, 279.084
14257, 67.22, 279.1
14258, 67.22, 279.117
14259, 67.21, 279.134
14260, 67.21, 279.134
14261, 67.21, 279.151
14262, 67.2, 279.167
14263, 67.2, 279.184
14264, 67.2, 279.201
14265, 67.2, 279.217
14266, 67.2, 279.234
14267, 67.2, 279.25
14268, 67.21, 279.267
14269, 67.21, 279.284
14270, 67.21, 279.284
14271, 67.21, 279.301
14272, 67.22, 279.317
14273, 67.22, 279.334
14274, 67.23, 279.35
14275, 67.22, 279.367
14276, 67.23, 279.384
14277, 67.22, 279.401
14278, 67.22, 279.417
14279, 67.22, 279.434
14280, 67.22, 279.434
14281, 67.23, 279.451
14282, 67.23, 279.467
14283, 67.23, 279.484
14284, 67.23, 279.5
14285, 67.24, 279.517
14286, 67.24, 279.534
14287, 67.24, 279.551
14288, 67.24, 279.567
14289, 67.24, 279.567
14290, 67.23, 279.584
14291, 67.23, 279.6
14292, 67.23, 279.617
14293, 67.23, 279.634
14294, 67.22, 279.651
14295, 67.22, 279.667
14296, 67.22, 279.684
14297, 67.22, 279.701
14298, 67.22, 279.717
14299, 67.22, 279.717
14300, 67.23, 279.734
14301, 67.23, 279.75
14302, 67.24, 279.767
14303, 67.25, 279.784
14304, 67.25, 279.801
14305, 67.25, 279.817
14306, 67.25, 279.834
14307, 67.26, 279.85
14308, 67.26, 279.85
14309, 67.26, 279.867
14310, 67.26, 279.884
14311, 67.26, 279.901
14312, 67.26, 279.917
14313, 67.26, 279.934
14314, 67.26, 279.951
14315, 67.26, 279.967
14316, 67.26, 279.984
14317, 67.26, 280
14318, 67.26, 280
14319, 67.27, 280.017
14320, 67.27, 280.034
14321, 67.27, 280.051
14322, 67.27, 280.067
14323, 67.26, 280.084
14324, 67.26, 280.1
14325, 67.26, 280.117
14326, 67.26, 280.134
14327, 67.26, 280.134
14328, 67.25, 280.151
14329, 67.25, 280.167
14330, 67.25, 280.184
14331, 67.24, 280.201
14332, 67.24, 280.217
14333, 67.25, 280.234
14334, 67.25, 280.25
14335, 67.26, 280.267
14336, 67.26, 280.284
14337, 67.26, 280.284
14338, 67.27, 280.301
14339, 67.27, 280.317
14340, 67.27, 280.334
14341, 67.27, 280.35
14342, 67.27, 280.367
14343, 67.26, 280.384
14344, 67.26, 280.401
14345, 67.26, 280.417
14346, 67.26, 280.417
14347, 67.26, 280.434
14348, 67.26, 280.451
14349, 67.25, 280.467
14350, 67.25, 280.484
14351, 67.25, 280.5
14352, 67.25, 280.517
14353, 67.25, 280.534
14354, 67.25, 280.551
14355, 67.25, 280.567
14356, 67.25, 280.567
14357, 67.25, 280.584
14358, 67.25, 280.6
14359, 67.25, 280.617
14360, 67.25, 280.634
14361, 67.25, 280.651
14362, 67.25, 280.667
14363, 67.25, 280.684
14364, 67.24, 280.701
14365, 67.24, 280.717
14366, 67.24, 280.717
14367, 67.24, 280.734
14368, 67.25, 280.75
14369, 67.25, 280.767
14370, 67.25, 280.784
14371, 67.25, 280.801
14372, 67.25, 280.817
14373, 67.25, 280.834
14374, 67.25, 280.85
14375, 67.25, 280.85
14376, 67.25, 280.867
14377, 67.24, 280.884
14378, 67.24, 280.901
14379, 67.24, 280.917
14380, 67.24, 280.934
14381, 67.24, 280.951
14382, 67.24, 280.967
14383, 67.24, 280.984
14384, 67.24, 281
14385, 67.24, 281
14386, 67.24, 281.017
14387, 67.24, 281.034
14388, 67.24, 281.051
14389, 67.24, 281.067
14390, 67.24, 281.084
14391, 67.25, 281.1
14392, 67.25, 281.117
14393, 67.25, 281.134
14394, 67.25, 281.134
14395, 67.25, 281.151
14396, 67.25, 281.167
14397, 67.26, 281.184
14398, 67.26, 281.201
14399, 67.25, 281.217
14400, 67.25, 281.234
14401, 67.25, 281.25
14402, 67.25, 281.267
14403, 67.25, 281.284
14404, 67.25, 281.284
14405, 67.25, 281.301
14406, 67.26, 281.317
14407, 67.26, 281.334
14408, 67.26, 281.35
14409, 67.27, 281.367
14410, 67.28, 281.384
14411, 67.28, 281.401
14412, 67.28, 281.417
14413, 67.28, 281.417
14414, 67.28, 281.434
14415, 67.28, 281.451
14416, 67.27, 281.467
14417, 67.27, 281.484
14418, 67.27, 281.5
14419, 67.28, 281.517
14420, 67.28, 281.534
14421, 67.28, 281.551
14422, 67.28, 281.567
14423, 67.28, 281.567
14424, 67.29, 281.584
14425, 67.29, 281.6
14426, 67.29, 281.617
14427, 67.29, 281.634
14428, 67.29, 281.651
14429, 67.29, 281.667
14430, 67.29, 281.684
14431, 67.28, 281.701
14432, 67.28, 281.717
14433, 67.28, 281.717
14434, 67.28, 281.734
14435, 67.28, 281.75
14436, 67.28, 281.767
14437, 67.28, 281.784
14438, 67.28, 281.801
14439, 67.28, 281.817
14440, 67.28, 281.834
14441, 67.29, 281.85
14442, 67.29, 281.85
14443, 67.29, 281.867
14444, 67.29, 281.884
14445, 67.29, 281.901
14446, 67.29, 281.917
14447, 67.29, 281.934
14448, 67.29, 281.951
14449, 67.29, 281.967
14450, 67.3, 281.984
14451, 67.29, 282
14452, 67.29, 282
14453, 67.29, 282.017
14454, 67.29, 282.034
14455, 67.28, 282.051
14456, 67.27, 282.067
14457, 67.27, 282.084
14458, 67.27, 282.1
14459, 67.27, 282.117
14460, 67.27, 282.134
14461, 67.27, 282.134
14462, 67.27, 282.151
14463, 67.28, 282.167
14464, 67.28, 282.184
14465, 67.28, 282.201
14466, 67.28, 282.217
14467, 67.28, 282.234
14468, 67.28, 282.25
14469, 67.28, 282.267
14470, 67.28, 282.284
14471, 67.28, 282.284
14472, 67.28, 282.301
14473, 67.28, 282.317
14474, 67.28, 282.334
14475, 67.28, 282.35
14476, 67.28, 282.367
14477, 67.28, 282.384
14478, 67.27, 282.401
14479, 67.27, 282.417
14480, 67.27, 282.434
14481, 67.27, 282.434
14482, 67.27, 282.451
14483, 67.27, 282.467
14484, 67.26, 282.484
14485, 67.26, 282.5
14486, 67.27, 282.517
14487, 67.27, 282.534
14488, 67.27, 282.551
14489, 67.27, 282.567
14490, 67.27, 282.584
14491, 67.27, 282.584
14492, 67.27, 282.6
14493, 67.26, 282.617
14494, 67.25, 282.634
14495, 67.25, 282.651
14496, 67.24, 282.667
14497, 67.23, 282.684
14498, 67.23, 282.701
14499, 67.22, 282.717
14500, 67.22, 282.717
14501, 67.22, 282.734
14502, 67.22, 282.75
14503, 67.22, 282.767
14504, 67.23, 282.784
14505, 67.23, 282.801
14506, 67.22, 282.817
14507, 67.22, 282.834
14508, 67.22, 282.85
14509, 67.21, 282.867
14510, 67.21, 282.867
14511, 67.2, 282.884
14512, 67.2, 282.901
14513, 67.19, 282.917
14514, 67.19, 282.934
14515, 67.18, 282.951
14516, 67.18, 282.967
14517, 67.17, 282.984
14518, 67.16, 283
14519, 67.16, 283.017
14520, 67.16, 283.017
14521, 67.15, 283.034
14522, 67.15, 283.051
14523, 67.15, 283.067
14524, 67.15, 283.084
14525, 67.15, 283.1
14526, 67.15, 283.117
14527, 67.14, 283.134
14528, 67.13, 283.151
14529, 67.13, 283.167
14530, 67.13, 283.167
14531, 67.12, 283.184
14532, 67.11, 283.201
14533, 67.1, 283.217
14534, 67.1, 283.234
14535, 67.08, 283.25
14536, 67.07, 283.267
14537, 67.07, 283.284
14538, 67.06, 283.301
14539, 67.05, 283.317
14540, 67.05, 283.317
14541, 67.05, 283.334
14542, 67.05, 283.35
14543, 67.05, 283.367
14544, 67.04, 283.384
14545, 67.03, 283.401
14546, 67.03, 283.417
14547, 67.02, 283.434
14548, 67.02, 283.451
14549, 67.01, 283.467
14550, 67, 283.484
14551, 67, 283.484
14552, 67, 283.5
14553, 66.99, 283.517
14554, 66.99, 283.534
14555, 66.99, 283.551
14556, 66.99, 283.567
14557, 66.99, 283.584
14558, 66.99, 283.6
14559, 66.98, 283.617
14560, 66.97, 283.634
14561, 66.97, 283.634
14562, 66.97, 283.651
14563, 66.97, 283.667
14564, 66.97, 283.684
14565, 66.97, 283.701
14566, 66.96, 283.717
14567, 66.96, 283.734
14568, 66.96, 283.75
14569, 66.95, 283.767
14570, 66.95, 283.784
14571, 66.95, 283.784
14572, 66.95, 283.801
14573, 66.96, 283.817
14574, 66.96, 283.834
14575, 66.96, 283.85
14576, 66.96, 283.867
14577, 66.96, 283.884
14578, 66.97, 283.901
14579, 66.97, 283.917
14580, 66.97, 283.934
14581, 66.97, 283.951
14582, 66.97, 283.951
14583, 66.97, 283.967
14584, 66.96, 283.984
14585, 66.96, 284
14586, 66.96, 284.017
14587, 66.96, 284.034
14588, 66.96, 284.051
14589, 66.95, 284.067
14590, 66.95, 284.084
14591, 66.96, 284.1
14592, 66.96, 284.1
14593, 66.96, 284.117
14594, 66.96, 284.134
14595, 66.96, 284.151
14596, 66.96, 284.167
14597, 66.95, 284.184
14598, 66.95, 284.201
14599, 66.95, 284.217
14600, 66.94, 284.234
14601, 66.95, 284.25
14602, 66.95, 284.25
14603, 66.95, 284.267
14604, 66.96, 284.284
14605, 66.96, 284.301
14606, 66.96, 284.317
14607, 66.96, 284.334
14608, 66.96, 284.35
14609, 66.96, 284.367
14610, 66.96, 284.384
14611, 66.96, 284.401
14612, 66.96, 284.401
14613, 66.96, 284.417
14614, 66.96, 284.434
14615, 66.96, 284.451
14616, 66.96, 284.467
14617, 66.96, 284.484
14618, 66.96, 284.5
14619, 66.96, 284.517
14620, 66.97, 284.534
14621, 66.97, 284.551
14622, 66.97, 284.551
14623, 66.97, 284.567
14624, 66.97, 284.584
14625, 66.96, 284.6
14626, 66.96, 284.617
14627, 66.96, 284.634
14628, 66.96, 284.651
14629, 66.96, 284.667
14630, 66.96, 284.684
14631, 66.97, 284.701
14632, 66.97, 284.701
14633, 66.97, 284.717
14634, 66.97, 284.734
14635, 66.97, 284.75
14636, 66.97, 284.767
14637, 66.97, 284.784
14638, 66.97, 284.801
14639, 66.96, 284.817
14640, 66.96, 284.834
14641, 66.97, 284.85
14642, 66.97, 284.85
14643, 66.97, 284.867
14644, 66.98, 284.884
14645, 66.98, 284.901
14646, 66.99, 284.917
14647, 66.98, 284.934
14648, 66.98, 284.951
14649, 66.98, 284.967
14650, 66.97, 284.984
14651, 66.97, 285
14652, 66.97, 285
14653, 66.97, 285.017
14654, 66.97, 285.034
14655, 66.96, 285.051
14656, 66.96, 285.067
14657, 66.96, 285.084
14658, 66.95, 285.1
14659, 66.95, 285.117
14660, 66.95, 285.134
14661, 66.95, 285.151
14662, 66.95, 285.151
14663, 66.94, 285.167
14664, 66.94, 285.184
14665, 66.94, 285.201
14666, 66.94, 285.217
14667, 66.94, 285.234
14668, 66.94, 285.25
14669, 66.94, 285.267
14670, 66.93, 285.284
14671, 66.93, 285.301
14672, 66.93, 285.301
14673, 66.93, 285.317
14674, 66.94, 285.334
14675, 66.93, 285.35
14676, 66.93, 285.367
14677, 66.93, 285.384
14678, 66.93, 285.401
14679, 66.93, 285.417
14680, 66.93, 285.434
14681, 66.94, 285.451
14682, 66.94, 285.451
14683, 66.94, 285.467
14684, 66.94, 285.484
14685, 66.94, 285.5
14686, 66.94, 285.517
14687, 66.93, 285.534
14688, 66.93, 285.551
14689, 66.92, 285.567
14690, 66.92, 285.584
14691, 66.92, 285.6
14692, 66.92, 285.6
14693, 66.92, 285.617
14694, 66.92, 285.634
14695, 66.92, 285.651
14696, 66.92, 285.667
14697, 66.92, 285.684
14698, 66.92, 285.701
14699, 66.92, 285.717
14700, 66.92, 285.734
14701, 66.92, 285.75
14702, 66.92, 285.75
14703, 66.92, 285.767
14704, 66.92, 285.784
14705, 66.91, 285.801
14706, 66.9, 285.817
14707, 66.9, 285.834
14708, 66.9, 285.85
14709, 66.89, 285.867
14710, 66.89, 285.884
14711, 66.89, 285.901
14712, 66.89, 285.901
14713, 66.89, 285.917
14714, 66.88, 285.934
14715, 66.88, 285.951
14716, 66.88, 285.967
14717, 66.87, 285.984
14718, 66.87, 286
14719, 66.87, 286.017
14720, 66.86, 286.034
14721, 66.86, 286.051
14722, 66.86, 286.051
14723, 66.86, 286.067
14724, 66.85, 286.084
14725, 66.86, 286.1
14726, 66.86, 286.117
14727, 66.86, 286.134
14728, 66.86, 286.151
14729, 66.86, 286.167
14730, 66.86, 286.184
14731, 66.85, 286.201
14732, 66.85, 286.201
14733, 66.84, 286.217
14734, 66.84, 286.234
14735, 66.83, 286.25
14736, 66.83, 286.267
14737, 66.83, 286.284
14738, 66.84, 286.301
14739, 66.84, 286.317
14740, 66.85, 286.334
14741, 66.85, 286.35
14742, 66.85, 286.35
14743, 66.85, 286.367
14744, 66.85, 286.384
14745, 66.84, 286.401
14746, 66.84, 286.417
14747, 66.83, 286.434
14748, 66.83, 286.451
14749, 66.82, 286.467
14750, 66.82, 286.484
14751, 66.81, 286.5
14752, 66.81, 286.5
14753, 66.81, 286.517
14754, 66.81, 286.534
14755, 66.81, 286.551
14756, 66.8, 286.567
14757, 66.79, 286.584
14758, 66.79, 286.6
14759, 66.79, 286.617
14760, 66.78, 286.634
14761, 66.78, 286.651
14762, 66.78, 286.651
14763, 66.77, 286.667
14764, 66.77, 286.684
14765, 66.76, 286.701
14766, 66.76, 286.717
14767, 66.75, 286.734
14768, 66.75, 286.75
14769, 66.76, 286.767
14770, 66.77, 286.784
14771, 66.78, 286.801
14772, 66.78, 286.801
14773, 66.79, 286.817
14774, 66.8, 286.834
14775, 66.8, 286.85
14776, 66.8, 286.867
14777, 66.8, 286.884
14778, 66.8, 286.901
14779, 66.8, 286.917
14780, 66.8, 286.934
14781, 66.8, 286.951
14782, 66.8, 286.951
14783, 66.8, 286.967
14784, 66.8, 286.984
14785, 66.81, 287
14786, 66.81, 287.017
14787, 66.81, 287.034
14788, 66.82, 287.051
14789, 66.82, 287.067
14790, 66.81, 287.084
14791, 66.82, 287.1
14792, 66.82, 287.1
14793, 66.82, 287.117
14794, 66.82, 287.134
14795, 66.82, 287.151
14796, 66.82, 287.167
14797, 66.82, 287.184
14798, 66.83, 287.201
14799, 66.83, 287.217
14800, 66.83, 287.234
14801, 66.83, 287.25
14802, 66.84, 287.267
14803, 66.84, 287.267
14804, 66.84, 287.284
14805, 66.84, 287.301
14806, 66.84, 287.317
14807, 66.84, 287.334
14808, 66.83, 287.35
14809, 66.83, 287.367
14810, 66.83, 287.384
14811, 66.83, 287.401
14812, 66.83, 287.417
14813, 66.83, 287.417
14814, 66.83, 287.434
14815, 66.83, 287.451
14816, 66.83, 287.467
14817, 66.84, 287.484
14818, 66.84, 287.5
14819, 66.84, 287.517
14820, 66.84, 287.534
14821, 66.84, 287.551
14822, 66.84, 287.567
14823, 66.84, 287.584
14824, 66.84, 287.584
14825, 66.84, 287.6
14826, 66.85, 287.617
14827, 66.85, 287.634
14828, 66.85, 287.651
14829, 66.85, 287.667
14830, 66.86, 287.684
14831, 66.87, 287.701
14832, 66.87, 287.717
14833, 66.87, 287.734
14834, 66.87, 287.734
14835, 66.87, 287.75
14836, 66.87, 287.767
14837, 66.86, 287.784
14838, 66.86, 287.801
14839, 66.86, 287.817
14840, 66.86, 287.834
14841, 66.86, 287.85
14842, 66.86, 287.867
14843, 66.86, 287.884
14844, 66.86, 287.901
14845, 66.86, 287.901
14846, 66.86, 287.917
14847, 66.87, 287.934
14848, 66.87, 287.951
14849, 66.87, 287.967
14850, 66.87, 287.984
14851, 66.88, 288
14852, 66.88, 288.017
14853, 66.88, 288.034
14854, 66.88, 288.051
14855, 66.88, 288.051
14856, 66.88, 288.067
14857, 66.88, 288.084
14858, 66.88, 288.1
14859, 66.89, 288.117
14860, 66.89, 288.134
14861, 66.89, 288.151
14862, 66.9, 288.167
14863, 66.9, 288.184
14864, 66.9, 288.201
14865, 66.89, 288.217
14866, 66.89, 288.217
14867, 66.89, 288.234
14868, 66.89, 288.25
14869, 66.89, 288.267
14870, 66.89, 288.284
14871, 66.88, 288.301
14872, 66.89, 288.317
14873, 66.89, 288.334
14874, 66.89, 288.35
14875, 66.89, 288.367
14876, 66.89, 288.367
14877, 66.89, 288.384
14878, 66.89, 288.401
14879, 66.89, 288.417
14880, 66.89, 288.434
14881, 66.89, 288.451
14882, 66.89, 288.467
14883, 66.89, 288.484
14884, 66.89, 288.5
14885, 66.9, 288.517
14886, 66.9, 288.517
14887, 66.91, 288.534
14888, 66.91, 288.551
14889, 66.91, 288.567
14890, 66.91, 288.584
14891, 66.92, 288.6
14892, 66.91, 288.617
14893, 66.91, 288.634
14894, 66.91, 288.651
14895, 66.91, 288.667
14896, 66.91, 288.667
14897, 66.91, 288.684
14898, 66.92, 288.701
14899, 66.93, 288.717
14900, 66.93, 288.734
14901, 66.93, 288.75
14902, 66.93, 288.767
14903, 66.93, 288.784
14904, 66.92, 288.801
14905, 66.92, 288.817
14906, 66.91, 288.834
14907, 66.91, 288.834
14908, 66.9, 288.85
14909, 66.9, 288.867
14910, 66.9, 288.884
14911, 66.9, 288.901
14912, 66.9, 288.917
14913, 66.9, 288.934
14914, 66.9, 288.951
14915, 66.9, 288.967
14916, 66.9, 288.984
14917, 66.9, 288.984
14918, 66.91, 289
14919, 66.91, 289.017
14920, 66.91, 289.034
14921, 66.91, 289.051
14922, 66.91, 289.067
14923, 66.91, 289.084
14924, 66.91, 289.1
14925, 66.91, 289.117
14926, 66.91, 289.134
14927, 66.91, 289.134
14928, 66.91, 289.151
14929, 66.91, 289.167
14930, 66.92, 289.184
14931, 66.92, 289.201
14932, 66.92, 289.217
14933, 66.91, 289.234
14934, 66.91, 289.25
14935, 66.91, 289.267
14936, 66.91, 289.284
14937, 66.91, 289.301
14938, 66.91, 289.301
14939, 66.91, 289.317
14940, 66.9, 289.334
14941, 66.9, 289.35
14942, 66.9, 289.367
14943, 66.89, 289.384
14944, 66.89, 289.401
14945, 66.88, 289.417
14946, 66.88, 289.434
14947, 66.88, 289.451
14948, 66.88, 289.451
14949, 66.87, 289.467
14950, 66.87, 289.484
14951, 66.87, 289.5
14952, 66.86, 289.517
14953, 66.85, 289.534
14954, 66.85, 289.551
14955, 66.84, 289.567
14956, 66.84, 289.584
14957, 66.84, 289.6
14958, 66.85, 289.617
14959, 66.85, 289.617
14960, 66.84, 289.634
14961, 66.84, 289.651
14962, 66.84, 289.667
14963, 66.83, 289.684
14964, 66.84, 289.701
14965, 66.84, 289.717
14966, 66.83, 289.734
14967, 66.83, 289.75
14968, 66.83, 289.767
14969, 66.83, 289.784
14970, 66.83, 289.784
14971, 66.83, 289.801
14972, 66.83, 289.817
14973, 66.83, 289.834
14974, 66.82, 289.85
14975, 66.81, 289.867
14976, 66.8, 289.884
14977, 66.79, 289.901
14978, 66.79, 289.917
14979, 66.79, 289.934
14980, 66.79, 289.951
14981, 66.79, 289.951
14982, 66.79, 289.967
14983, 66.79, 289.984
14984, 66.78, 290
14985, 66.76, 290.017
14986, 66.75, 290.034
14987, 66.74, 290.051
14988, 66.73, 290.067
14989, 66.73, 290.084
14990, 66.72, 290.1
14991, 66.72, 290.1
14992, 66.72, 290.117
14993, 66.71, 290.134
14994, 66.7, 290.151
14995, 66.7, 290.167
14996, 66.69, 290.184
14997, 66.68, 290.201
14998, 66.67, 290.217
14999, 66.67, 290.234
15000, 66.68, 290.25
15001, 66.68, 290.267
15002, 66.68, 290.267
15003, 66.68, 290.284
15004, 66.67, 290.301
15005, 66.67, 290.317
15006, 66.66, 290.334
15007, 66.65, 290.35
15008, 66.64, 290.367
15009, 66.64, 290.384
15010, 66.63, 290.401
15011, 66.63, 290.417
15012, 66.63, 290.417
15013, 66.62, 290.434
15014, 66.62, 290.451
15015, 66.61, 290.467
15016, 66.6, 290.484
15017, 66.6, 290.5
15018, 66.61, 290.517
15019, 66.6, 290.534
15020, 66.6, 290.551
15021, 66.59, 290.567
15022, 66.59, 290.567
15023, 66.59, 290.584
15024, 66.59, 290.6
15025, 66.57, 290.617
15026, 66.54, 290.634
15027, 66.52, 290.651
15028, 66.49, 290.667
15029, 66.47, 290.684
15030, 66.46, 290.701
15031, 66.46, 290.717
15032, 66.46, 290.734
15033, 66.46, 290.734
15034, 66.45, 290.75
15035, 66.44, 290.767
15036, 66.42, 290.784
15037, 66.4, 290.801
15038, 66.38, 290.817
15039, 66.37, 290.834
15040, 66.35, 290.85
15041, 66.34, 290.867
15042, 66.33, 290.884
15043, 66.33, 290.884
15044, 66.31, 290.901
15045, 66.3, 290.917
15046, 66.28, 290.934
15047, 66.27, 290.951
15048, 66.26, 290.967
15049, 66.25, 290.984
15050, 66.24, 291
15051, 66.22, 291.017
15052, 66.22, 291.034
15053, 66.21, 291.051
15054, 66.2, 291.067
15055, 66.2, 291.067
15056, 66.2, 291.084
15057, 66.19, 291.1
15058, 66.18, 291.117
15059, 66.16, 291.134
15060, 66.15, 291.151
15061, 66.13, 291.167
15062, 66.12, 291.184
15063, 66.11, 291.201
15064, 66.12, 291.217
15065, 66.11, 291.234
15066, 66.11, 291.234
15067, 66.08, 291.25
15068, 66.06, 291.267
15069, 66.06, 291.284
15070, 66.05, 291.301
15071, 66.05, 291.317
15072, 66.05, 291.334
15073, 66.04, 291.35
15074, 66.02, 291.367
15075, 66.02, 291.384
15076, 66.01, 291.401
15077, 66, 291.417
15078, 66, 291.417
15079, 65.99, 291.434
15080, 65.98, 291.451
15081, 65.98, 291.467
15082, 65.97, 291.484
15083, 65.96, 291.5
15084, 65.95, 291.517
15085, 65.94, 291.534
15086, 65.93, 291.551
15087, 65.92, 291.567
15088, 65.92, 291.584
15089, 65.91, 291.6
15090, 65.91, 291.6
15091, 65.91, 291.617
15092, 65.91, 291.634
15093, 65.89, 291.651
15094, 65.89, 291.667
15095, 65.88, 291.684
15096, 65.88, 291.701
15097, 65.87, 291.717
15098, 65.87, 291.734
15099, 65.87, 291.75
15100, 65.86, 291.767
15101, 65.86, 291.784
15102, 65.86, 291.784
15103, 65.86, 291.801
15104, 65.86, 291.817
15105, 65.85, 291.834
15106, 65.85, 291.85
15107, 65.85, 291.867
15108, 65.84, 291.884
15109, 65.84, 291.901
15110, 65.84, 291.917
15111, 65.84, 291.934
15112, 65.84, 291.951
15113, 65.84, 291.967
15114, 65.84, 291.967
15115, 65.84, 291.984
15116, 65.84, 292
15117, 65.84, 292.017
15118, 65.83, 292.034
15119, 65.83, 292.051
15120, 65.83, 292.067
15121, 65.83, 292.084
15122, 65.83, 292.1
15123, 65.83, 292.117
15124, 65.83, 292.134
15125, 65.83, 292.151
15126, 65.83, 292.151
15127, 65.82, 292.167
15128, 65.82, 292.184
15129, 65.82, 292.201
15130, 65.81, 292.217
15131, 65.81, 292.234
15132, 65.81, 292.25
15133, 65.81, 292.267
15134, 65.81, 292.284
15135, 65.81, 292.301
15136, 65.81, 292.317
15137, 65.81, 292.317
15138, 65.82, 292.334
15139, 65.83, 292.35
15140, 65.82, 292.367
15141, 65.83, 292.384
15142, 65.83, 292.401
15143, 65.83, 292.417
15144, 65.83, 292.434
15145, 65.84, 292.451
15146, 65.84, 292.467
15147, 65.84, 292.484
15148, 65.84, 292.5
15149, 65.84, 292.5
15150, 65.84, 292.517
15151, 65.84, 292.534
15152, 65.85, 292.551
15153, 65.86, 292.567
15154, 65.86, 292.584
15155, 65.87, 292.6
15156, 65.87, 292.617
15157, 65.88, 292.634
15158, 65.89, 292.651
15159, 65.89, 292.667
15160, 65.9, 292.684
15161, 65.9, 292.684
15162, 65.91, 292.701
15163, 65.91, 292.717
15164, 65.91, 292.734
15165, 65.92, 292.75
15166, 65.92, 292.767
15167, 65.93, 292.784
15168, 65.93, 292.801
15169, 65.94, 292.817
15170, 65.95, 292.834
15171, 65.95, 292.85
15172, 65.95, 292.85
15173, 65.95, 292.867
15174, 65.96, 292.884
15175, 65.96, 292.901
15176, 65.96, 292.917
15177, 65.97, 292.934
15178, 65.97, 292.951
15179, 65.97, 292.967
15180, 65.97, 292.984
15181, 65.97, 293
15182, 65.98, 293.017
15183, 65.98, 293.017
15184, 65.98, 293.034
15185, 65.99, 293.051
15186, 66, 293.067
15187, 66, 293.084
15188, 66.01, 293.1
15189, 66.01, 293.117
15190, 66.01, 293.134
15191, 66.01, 293.151
15192, 66.01, 293.167
15193, 66.01, 293.184
15194, 66.02, 293.201
15195, 66.02, 293.201
15196, 66.02, 293.217
15197, 66.03, 293.234
15198, 66.03, 293.25
15199, 66.04, 293.267
15200, 66.04, 293.284
15201, 66.05, 293.301
15202, 66.05, 293.317
15203, 66.05, 293.334
15204, 66.05, 293.35
15205, 66.05, 293.367
15206, 66.05, 293.367
15207, 66.06, 293.384
15208, 66.06, 293.401
15209, 66.06, 293.417
15210, 66.06, 293.434
15211, 66.06, 293.451
15212, 66.07, 293.467
15213, 66.07, 293.484
15214, 66.08, 293.5
15215, 66.09, 293.517
15216, 66.1, 293.534
15217, 66.11, 293.551
15218, 66.11, 293.551
15219, 66.11, 293.567
15220, 66.11, 293.584
15221, 66.11, 293.6
15222, 66.11, 293.617
15223, 66.11, 293.634
15224, 66.11, 293.651
15225, 66.12, 293.667
15226, 66.12, 293.684
15227, 66.12, 293.701
15228, 66.13, 293.717
15229, 66.13, 293.717
15230, 66.14, 293.734
15231, 66.14, 293.75
15232, 66.15, 293.767
15233, 66.15, 293.784
15234, 66.15, 293.801
15235, 66.15, 293.817
15236, 66.15, 293.834
15237, 66.16, 293.85
15238, 66.16, 293.867
15239, 66.17, 293.884
15240, 66.17, 293.884
15241, 66.18, 293.901
15242, 66.18, 293.917
15243, 66.18, 293.934
15244, 66.18, 293.951
15245, 66.18, 293.967
15246, 66.18, 293.984
15247, 66.18, 294
15248, 66.18, 294.017
15249, 66.19, 294.034
15250, 66.19, 294.051
15251, 66.19, 294.051
15252, 66.2, 294.067
15253, 66.21, 294.084
15254, 66.22, 294.1
15255, 66.23, 294.117
15256, 66.24, 294.134
15257, 66.25, 294.151
15258, 66.26, 294.167
15259, 66.27, 294.184
15260, 66.28, 294.201
15261, 66.29, 294.217
15262, 66.29, 294.217
15263, 66.29, 294.234
15264, 66.29, 294.25
15265, 66.3, 294.267
15266, 66.3, 294.284
15267, 66.31, 294.301
15268, 66.32, 294.317
15269, 66.33, 294.334
15270, 66.34, 294.35
15271, 66.33, 294.367
15272, 66.33, 294.384
15273, 66.33, 294.384
15274, 66.33, 294.401
15275, 66.33, 294.417
15276, 66.33, 294.434
15277, 66.33, 294.451
15278, 66.33, 294.467
15279, 66.33, 294.484
15280, 66.33, 294.5
15281, 66.33, 294.517
15282, 66.34, 294.534
15283, 66.34, 294.534
15284, 66.34, 294.551
15285, 66.34, 294.567
15286, 66.35, 294.584
15287, 66.36, 294.6
15288, 66.36, 294.617
15289, 66.36, 294.634
15290, 66.36, 294.651
15291, 66.36, 294.667
15292, 66.36, 294.684
15293, 66.36, 294.701
15294, 66.36, 294.701
15295, 66.36, 294.717
15296, 66.36, 294.734
15297, 66.37, 294.75
15298, 66.37, 294.767
15299, 66.37, 294.784
15300, 66.36, 294.801
15301, 66.36, 294.817
15302, 66.36, 294.834
15303, 66.35, 294.85
15304, 66.35, 294.867
15305, 66.35, 294.867
15306, 66.35, 294.884
15307, 66.35, 294.901
15308, 66.36, 294.917
15309, 66.37, 294.934
15310, 66.37, 294.951
15311, 66.37, 294.967
15312, 66.38, 294.984
15313, 66.38, 295
15314, 66.37, 295.017
15315, 66.37, 295.034
15316, 66.37, 295.034
15317, 66.37, 295.051
15318, 66.37, 295.067
15319, 66.37, 295.084
15320, 66.37, 295.1
15321, 66.37, 295.117
15322, 66.37, 295.134
15323, 66.37, 295.151
15324, 66.37, 295.167
15325, 66.36, 295.184
15326, 66.36, 295.201
15327, 66.36, 295.201
15328, 66.37, 295.217
15329, 66.37, 295.234
15330, 66.38, 295.25
15331, 66.38, 295.267
15332, 66.39, 295.284
15333, 66.39, 295.301
15334, 66.39, 295.317
15335, 66.39, 295.334
15336, 66.38, 295.35
15337, 66.38, 295.367
15338, 66.38, 295.367
15339, 66.39, 295.384
15340, 66.39, 295.401
15341, 66.39, 295.417
15342, 66.4, 295.434
15343, 66.4, 295.451
15344, 66.4, 295.467
15345, 66.4, 295.484
15346, 66.4, 295.5
15347, 66.4, 295.517
15348, 66.4, 295.534
15349, 66.4, 295.534
15350, 66.4, 295.551
15351, 66.4, 295.567
15352, 66.4, 295.584
15353, 66.4, 295.6
15354, 66.4, 295.617
15355, 66.42, 295.634
15356, 66.42, 295.651
15357, 66.41, 295.667
15358, 66.39, 295.684
15359, 66.39, 295.684
15360, 66.39, 295.701
15361, 66.41, 295.717
15362, 66.42, 295.734
15363, 66.47, 295.75
15364, 66.49, 295.767
15365, 66.48, 295.784
15366, 66.46, 295.801
15367, 66.46, 295.817
15368, 66.46, 295.834
15369, 66.47, 295.85
15370, 66.47, 295.85
15371, 66.53, 295.867
15372, 66.57, 295.884
15373, 66.58, 295.901
15374, 66.57, 295.917
15375, 66.58, 295.934
15376, 66.59, 295.951
15377, 66.57, 295.967
15378, 66.57, 295.984
15379, 66.56, 296
15380, 66.56, 296
15381, 66.53, 296.017
15382, 66.5, 296.034
15383, 66.5, 296.051
15384, 66.59, 296.067
15385, 66.66, 296.084
15386, 66.67, 296.1
15387, 66.62, 296.117
15388, 66.63, 296.134
15389, 66.64, 296.151
15390, 66.64, 296.151
15391, 66.63, 296.167
15392, 66.63, 296.184
15393, 66.64, 296.201
15394, 66.65, 296.217
15395, 66.67, 296.234
15396, 66.7, 296.25
15397, 66.71, 296.267
15398, 66.71, 296.284
15399, 66.72, 296.301
15400, 66.72, 296.301
15401, 66.73, 296.317
15402, 66.73, 296.334
15403, 66.73, 296.35
15404, 66.73, 296.367
15405, 66.74, 296.384
15406, 66.74, 296.401
15407, 66.74, 296.417
15408, 66.75, 296.434
15409, 66.75, 296.451
15410, 66.76, 296.467
15411, 66.76, 296.467
15412, 66.76, 296.484
15413, 66.77, 296.5
15414, 66.77, 296.517
15415, 66.78, 296.534
15416, 66.78, 296.551
15417, 66.79, 296.567
15418, 66.79, 296.584
15419, 66.8, 296.6
15420, 66.8, 296.617
15421, 66.8, 296.617
15422, 66.8, 296.634
15423, 66.8, 296.651
15424, 66.8, 296.667
15425, 66.8, 296.684
15426, 66.8, 296.701
15427, 66.79, 296.717
15428, 66.79, 296.734
15429, 66.79, 296.75
15430, 66.8, 296.767
15431, 66.8, 296.767
15432, 66.82, 296.784
15433, 66.83, 296.801
15434, 66.83, 296.817
15435, 66.84, 296.834
15436, 66.84, 296.85
15437, 66.83, 296.867
15438, 66.84, 296.884
15439, 66.86, 296.901
15440, 66.88, 296.917
15441, 66.88, 296.917
15442, 66.87, 296.934
15443, 66.86, 296.951
15444, 66.85, 296.967
15445, 66.83, 296.984
15446, 66.84, 297
15447, 66.89, 297.017
15448, 66.91, 297.034
15449, 66.89, 297.051
15450, 66.88, 297.067
15451, 66.88, 297.067
15452, 66.89, 297.084
15453, 66.89, 297.1
15454, 66.9, 297.117
15455, 66.91, 297.134
15456, 66.93, 297.151
15457, 66.94, 297.167
15458, 66.95, 297.184
15459, 66.96, 297.201
15460, 66.96, 297.201
15461, 66.97, 297.217
15462, 66.98, 297.234
15463, 66.98, 297.25
15464, 66.97, 297.267
15465, 66.97, 297.284
15466, 66.98, 297.301
15467, 66.98, 297.317
15468, 66.98, 297.334
15469, 66.97, 297.35
15470, 66.97, 297.35
15471, 66.96, 297.367
15472, 66.96, 297.384
15473, 66.96, 297.401
15474, 66.96, 297.417
15475, 66.97, 297.434
15476, 66.97, 297.451
15477, 66.96, 297.467
15478, 66.96, 297.484
15479, 66.96, 297.484
15480, 66.96, 297.5
15481, 66.95, 297.517
15482, 66.97, 297.534
15483, 66.98, 297.551
15484, 66.98, 297.567
15485, 66.98, 297.584
15486, 66.98, 297.6
15487, 66.98, 297.617
15488, 66.98, 297.634
15489, 66.98, 297.634
15490, 66.99, 297.651
15491, 66.99, 297.667
15492, 66.98, 297.684
15493, 66.98, 297.701
15494, 66.98, 297.717
15495, 66.98, 297.734
15496, 66.98, 297.75
15497, 66.98, 297.767
15498, 66.98, 297.784
15499, 66.98, 297.784
15500, 66.98, 297.801
15501, 66.99, 297.817
15502, 66.99, 297.834
15503, 66.99, 297.85
15504, 67, 297.867
15505, 66.99, 297.884
15506, 66.99, 297.901
15507, 66.99, 297.917
15508, 66.98, 297.934
15509, 66.98, 297.934
15510, 66.98, 297.951
15511, 66.98, 297.967
15512, 66.98, 297.984
15513, 66.98, 298
15514, 66.99, 298.017
15515, 66.99, 298.034
15516, 66.98, 298.051
15517, 66.98, 298.067
15518, 66.98, 298.067
15519, 66.99, 298.084
15520, 66.99, 298.1
15521, 67, 298.117
15522, 67, 298.134
15523, 67, 298.151
15524, 67, 298.167
15525, 67, 298.184
15526, 66.99, 298.201
15527, 66.99, 298.217
15528, 66.99, 298.217
15529, 66.99, 298.234
15530, 67, 298.25
15531, 67, 298.267
15532, 67.01, 298.284
15533, 67.01, 298.301
15534, 67, 298.317
15535, 67, 298.334
15536, 67, 298.35
15537, 66.99, 298.367
15538, 66.99, 298.367
15539, 66.98, 298.384
15540, 66.97, 298.401
15541, 66.96, 298.417
15542, 66.97, 298.434
15543, 67, 298.451
15544, 67.02, 298.467
15545, 67.03, 298.484
15546, 67.01, 298.5
15547, 67, 298.517
15548, 67, 298.517
15549, 66.98, 298.534
15550, 66.97, 298.551
15551, 66.97, 298.567
15552, 66.98, 298.584
15553, 66.98, 298.6
15554, 66.99, 298.617
15555, 66.99, 298.634
15556, 66.99, 298.651
15557, 66.99, 298.667
15558, 66.99, 298.667
15559, 66.99, 298.684
15560, 66.99, 298.701
15561, 66.99, 298.717
15562, 66.99, 298.734
15563, 66.99, 298.75
15564, 66.99, 298.767
15565, 66.99, 298.784
15566, 67, 298.801
15567, 67, 298.817
15568, 67, 298.817
15569, 67.01, 298.834
15570, 67.01, 298.85
15571, 67.01, 298.867
15572, 67.01, 298.884
15573, 67, 298.901
15574, 67, 298.917
15575, 67, 298.934
15576, 67, 298.951
15577, 67, 298.951
15578, 67, 298.967
15579, 67, 298.984
15580, 67, 299
15581, 67, 299.017
15582, 67, 299.034
15583, 67, 299.051
15584, 67, 299.067
15585, 67, 299.084
15586, 67, 299.1
15587, 67, 299.1
15588, 66.99, 299.117
15589, 66.99, 299.134
15590, 66.99, 299.151
15591, 66.99, 299.167
15592, 66.99, 299.184
15593, 66.99, 299.201
15594, 66.99, 299.217
15595, 66.99, 299.234
15596, 66.99, 299.25
15597, 66.99, 299.25
15598, 66.98, 299.267
15599, 66.98, 299.284
15600, 66.98, 299.301
15601, 66.98, 299.317
15602, 66.98, 299.334
15603, 66.98, 299.35
15604, 66.98, 299.367
15605, 66.98, 299.384
15606, 66.98, 299.401
15607, 66.98, 299.401
15608, 66.99, 299.417
15609, 66.99, 299.434
15610, 66.99, 299.451
15611, 66.99, 299.467
15612, 66.98, 299.484
15613, 66.98, 299.5
15614, 66.97, 299.517
15615, 66.97, 299.534
15616, 66.96, 299.551
15617, 66.96, 299.551
15618, 66.96, 299.567
15619, 66.96, 299.584
15620, 66.96, 299.6
15621, 66.96, 299.617
15622, 66.95, 299.634
15623, 66.94, 299.651
15624, 66.92, 299.667
15625, 66.89, 299.684
15626, 66.85, 299.701
15627, 66.8, 299.717
15628, 66.8, 299.717
15629, 66.74, 299.734
15630, 66.67, 299.75
15631, 66.59, 299.767
15632, 66.49, 299.784
15633, 66.38, 299.801
15634, 66.25, 299.817
15635, 66.1, 299.834
15636, 65.92, 299.85
15637, 65.72, 299.867
15638, 65.49, 299.884
15639, 65.49, 299.884
15640, 65.24, 299.901
15641, 64.97, 299.917
15642, 64.68, 299.934
15643, 64.39, 299.951
15644, 64.09, 299.967
15645, 63.76, 299.984
15646, 63.41, 300
15647, 63.09, 300.017
15648, 62.78, 300.034
15649, 62.46, 300.051
15650, 62.11, 300.067
15651, 61.77, 300.084
15652, 61.43, 300.1
15653, 61.09, 300.117
15654, 60.75, 300.134
15655, 60.44, 300.151
15656, 60.14, 300.167
15657, 59.83, 300.184
15658, 59.54, 300.201
15659, 59.24, 300.217
15660, 58.93, 300.234
15661, 58.6, 300.25
15662, 58.24, 300.267
15663, 57.86, 300.284
15664, 57.47, 300.301
15665, 57.12, 300.317
15666, 56.8, 300.334
15667, 56.48, 300.35
15668, 56.16, 300.367
15669, 55.83, 300.384
15670, 55.5, 300.401
15671, 55.1, 300.417
15672, 54.71, 300.434
15673, 54.07, 300.467
15674, 53.77, 300.484
15675, 53.46, 300.5
15676, 53.13, 300.517
15677, 52.79, 300.534
15678, 52.45, 300.551
15679, 52.13, 300.567
15680, 51.81, 300.584
15681, 51.16, 300.617
15682, 50.8, 300.634
15683, 50.47, 300.651
15684, 50.15, 300.667
15685, 49.85, 300.684
15686, 49.22, 300.717
15687, 48.92, 300.734
15688, 48.62, 300.75
15689, 48.33, 300.767
15690, 47.76, 300.801
15691, 47.46, 300.817
15692, 47.16, 300.834
15693, 46.87, 300.85
15694, 46.31, 300.884
15695, 46.04, 300.901
15696, 45.75, 300.917
15697, 45.1, 300.951
15698, 44.84, 300.967
15699, 44.57, 300.984
15700, 44.03, 301.017
15701, 43.78, 301.034
15702, 43.53, 301.051
15703, 43.03, 301.084
15704, 42.79, 301.1
15705, 42.56, 301.117
15706, 42.11, 301.151
15707, 41.88, 301.167
15708, 41.41, 301.201
15709, 41.14, 301.217
15710, 40.64, 301.25
15711, 40.38, 301.267
15712, 39.9, 301.301
15713, 39.67, 301.317
15714, 39.23, 301.35
15715, 39, 301.367
15716, 38.59, 301.401
15717, 38.4, 301.417
15718, 38, 301.451
15719, 37.73, 301.467
15720, 37.29, 301.5
15721, 36.94, 301.534
15722, 36.75, 301.551
15723, 36.39, 301.584
15724, 36.05, 301.617
15725, 35.87, 301.634
15726, 35.51, 301.667
15727, 35.16, 301.701
15728, 35, 301.717
15729, 34.67, 301.75
15730, 34.33, 301.784
15731, 33.99, 301.817
15732, 33.84, 301.834
15733, 33.56, 301.867
15734, 33.33, 301.901
15735, 33.1, 301.934
15736, 32.9, 301.967
15737, 32.81, 301.984
15738, 32.66, 302.017
15739, 32.53, 302.051
15740, 32.44, 302.084
15741, 32.37, 302.117
15742, 32.31, 302.151
15743, 32.28, 302.167
15744, 32.23, 302.201
15745, 32.17, 302.234
15746, 32.12, 302.267
15747, 32.07, 302.301
15748, 32.01, 302.334
15749, 32, 302.35
15750, 31.94, 302.384
15751, 31.89, 302.417
15752, 31.86, 302.451
15753, 31.84, 302.484
15754, 31.82, 302.517
15755, 31.81, 302.534
15756, 31.79, 302.567
15757, 31.73, 302.6
15758, 31.65, 302.634
15759, 31.56, 302.667
15760, 31.34, 302.701
15761, 31.22, 302.734
15762, 31.12, 302.767
15763, 31.04, 302.784
15764, 30.9, 302.817
15765, 30.77, 302.85
15766, 30.67, 302.884
15767, 30.57, 302.917
15768, 30.49, 302.951
15769, 30.4, 302.984
15770, 30.29, 303.017
15771, 30.17, 303.051
15772, 30.06, 303.084
15773, 29.93, 303.117
15774, 29.81, 303.151
15775, 29.75, 303.167
15776, 29.65, 303.201
15777, 29.58, 303.234
15778, 29.6, 303.267
15779, 29.53, 303.301
15780, 29.6, 303.334
15781, 29.7, 303.367
15782, 29.72, 303.401
15783, 29.8, 303.434
15784, 29.86, 303.467
15785, 29.93, 303.5
15786, 30.05, 303.534
15787, 30.14, 303.567
15788, 30.23, 303.6
15789, 30.23, 303.617
15790, 30.26, 303.651
15791, 30.35, 303.684
15792, 30.54, 303.717
15793, 30.74, 303.75
15794, 30.86, 303.784
15795, 31, 303.817
15796, 31.02, 303.85
15797, 31.06, 303.884
15798, 31.19, 303.917
15799, 31.24, 303.934
15800, 31.36, 303.967
15801, 31.42, 304
15802, 31.42, 304.034
15803, 31.59, 304.067
15804, 31.74, 304.1
15805, 31.73, 304.117
15806, 31.72, 304.151
15807, 31.8, 304.184
15808, 31.86, 304.217
15809, 31.87, 304.25
15810, 31.86, 304.284
15811, 31.84, 304.301
15812, 31.83, 304.334
15813, 31.97, 304.367
15814, 31.99, 304.401
15815, 31.95, 304.434
15816, 31.97, 304.467
15817, 32, 304.5
15818, 32.16, 304.534
15819, 32.27, 304.567
15820, 32.3, 304.584
15821, 32.37, 304.617
15822, 32.41, 304.651
15823, 32.56, 304.684
15824, 32.68, 304.717
15825, 32.8, 304.75
15826, 32.95, 304.784
15827, 33.07, 304.817
15828, 33.16, 304.834
15829, 33.33, 304.867
15830, 33.46, 304.901
15831, 33.63, 304.934
15832, 33.78, 304.967
15833, 33.92, 305
15834, 34.01, 305.017
15835, 34.15, 305.051
15836, 34.29, 305.084
15837, 34.44, 305.117
15838, 34.58, 305.151
15839, 34.66, 305.167
15840, 34.79, 305.201
15841, 34.92, 305.234
15842, 35.06, 305.267
15843, 35.22, 305.301
15844, 35.29, 305.317
15845, 35.41, 305.35
15846, 35.56, 305.384
15847, 35.68, 305.417
15848, 35.74, 305.434
15849, 35.89, 305.467
15850, 36, 305.5
15851, 36.13, 305.534
15852, 36.2, 305.551
15853, 36.3, 305.584
15854, 36.43, 305.617
15855, 36.51, 305.634
15856, 36.67, 305.667
15857, 36.85, 305.701
15858, 36.93, 305.717
15859, 37.05, 305.75
15860, 37.19, 305.784
15861, 37.27, 305.801
15862, 37.43, 305.834
15863, 37.6, 305.867
15864, 37.66, 305.884
15865, 37.8, 305.917
15866, 37.93, 305.951
15867, 37.99, 305.967
15868, 38.18, 306
15869, 38.36, 306.034
15870, 38.41, 306.051
15871, 38.54, 306.084
15872, 38.63, 306.1
15873, 38.82, 306.134
15874, 38.9, 306.167
15875, 38.85, 306.184
15876, 39.17, 306.217
15877, 39.23, 306.234
15878, 39.29, 306.267
15879, 39.39, 306.284
15880, 39.53, 306.317
15881, 39.65, 306.35
15882, 39.73, 306.367
15883, 39.87, 306.401
15884, 39.94, 306.417
15885, 40.07, 306.451
15886, 40.14, 306.467
15887, 40.29, 306.5
15888, 40.37, 306.517
15889, 40.51, 306.551
15890, 40.58, 306.567
15891, 40.72, 306.6
15892, 40.78, 306.617
15893, 40.91, 306.651
15894, 40.99, 306.667
15895, 41.15, 306.701
15896, 41.23, 306.717
15897, 41.37, 306.75
15898, 41.44, 306.767
15899, 41.58, 306.801
15900, 41.64, 306.817
15901, 41.78, 306.85
15902, 41.85, 306.867
15903, 41.93, 306.884
15904, 42.08, 306.917
15905, 42.15, 306.934
15906, 42.3, 306.967
15907, 42.37, 306.984
15908, 42.51, 307.017
15909, 42.58, 307.034
15910, 42.65, 307.051
15911, 42.78, 307.084
15912, 42.84, 307.1
15913, 42.98, 307.134
15914, 43.04, 307.151
15915, 43.12, 307.167
15916, 43.26, 307.201
15917, 43.31, 307.217
15918, 43.42, 307.25
15919, 43.49, 307.267
15920, 43.57, 307.284
15921, 43.7, 307.317
15922, 43.77, 307.334
15923, 43.84, 307.35
15924, 43.95, 307.384
15925, 44, 307.401
15926, 44.13, 307.434
15927, 44.19, 307.451
15928, 44.25, 307.467
15929, 44.38, 307.5
15930, 44.44, 307.517
15931, 44.5, 307.534
15932, 44.61, 307.567
15933, 44.67, 307.584
15934, 44.73, 307.6
15935, 44.85, 307.634
15936, 44.91, 307.651
15937, 44.97, 307.667
15938, 45.08, 307.701
15939, 45.13, 307.717
15940, 45.19, 307.734
15941, 45.28, 307.767
15942, 45.32, 307.784
15943, 45.38, 307.801
15944, 45.49, 307.834
15945, 45.56, 307.85
15946, 45.66, 307.867
15947, 45.76, 307.901
15948, 45.78, 307.917
15949, 45.84, 307.934
15950, 45.99, 307.967
15951, 46.04, 307.984
15952, 46.07, 308
15953, 46.12, 308.034
15954, 46.16, 308.051
15955, 46.24, 308.067
15956, 46.32, 308.084
15957, 46.48, 308.117
15958, 46.53, 308.134
15959, 46.57, 308.151
15960, 46.69, 308.184
15961, 46.76, 308.201
15962, 46.85, 308.217
15963, 46.98, 308.25
15964, 47.03, 308.267
15965, 47.08, 308.284
15966, 47.15, 308.301
15967, 47.27, 308.334
15968, 47.32, 308.35
15969, 47.37, 308.367
15970, 47.42, 308.384
15971, 47.51, 308.417
15972, 47.56, 308.434
15973, 47.6, 308.451
15974, 47.71, 308.484
15975, 47.79, 308.5
15976, 47.88, 308.517
15977, 47.94, 308.534
15978, 48.03, 308.567
15979, 48.09, 308.584
15980, 48.15, 308.6
15981, 48.2, 308.617
15982, 48.29, 308.651
15983, 48.34, 308.667
15984, 48.39, 308.684
15985, 48.46, 308.701
15986, 48.59, 308.734
15987, 48.64, 308.75
15988, 48.69, 308.767
15989, 48.74, 308.784
15990, 48.79, 308.801
15991, 48.89, 308.834
15992, 48.94, 308.85
15993, 48.99, 308.867
15994, 49.04, 308.884
15995, 49.14, 308.917
15996, 49.2, 308.934
15997, 49.25, 308.951
15998, 49.3, 308.967
15999, 49.4, 309
16000, 49.44, 309.017
16001, 49.49, 309.034
16002, 49.54, 309.051
16003, 49.59, 309.067
16004, 49.66, 309.1
16005, 49.7, 309.117
16006, 49.73, 309.134
16007, 49.76, 309.151
16008, 49.79, 309.167
16009, 49.79, 309.201
16010, 49.75, 309.217
16011, 49.86, 309.234
16012, 49.98, 309.25
16013, 49.96, 309.267
16014, 50.04, 309.301
16015, 50.11, 309.317
16016, 50.15, 309.334
16017, 50.18, 309.35
16018, 50.23, 309.367
16019, 50.31, 309.401
16020, 50.35, 309.417
16021, 50.4, 309.434
16022, 50.44, 309.451
16023, 50.49, 309.467
16024, 50.6, 309.5
16025, 50.64, 309.517
16026, 50.68, 309.534
16027, 50.72, 309.551
16028, 50.77, 309.567
16029, 50.83, 309.6
16030, 50.86, 309.617
16031, 50.9, 309.634
16032, 50.9, 309.651
16033, 50.97, 309.667
16034, 51.08, 309.684
16035, 51.2, 309.717
16036, 51.18, 309.734
16037, 51.22, 309.75
16038, 51.31, 309.767
16039, 51.36, 309.784
16040, 51.4, 309.817
16041, 51.45, 309.834
16042, 51.5, 309.85
16043, 51.54, 309.867
16044, 51.57, 309.884
16045, 51.62, 309.901
16046, 51.71, 309.934
16047, 51.75, 309.951
16048, 51.79, 309.967
16049, 51.82, 309.984
16050, 51.86, 310
16051, 51.9, 310.017
16052, 51.97, 310.051
16053, 52.01, 310.067
16054, 52.05, 310.084
16055, 52.1, 310.1
16056, 52.14, 310.117
16057, 52.19, 310.134
16058, 52.27, 310.167
16059, 52.31, 310.184
16060, 52.34, 310.201
16061, 52.38, 310.217
16062, 52.42, 310.234
16063, 52.47, 310.25
16064, 52.51, 310.267
16065, 52.58, 310.301
16066, 52.61, 310.317
16067, 52.64, 310.334
16068, 52.67, 310.35
16069, 52.7, 310.367
16070, 52.74, 310.384
16071, 52.79, 310.401
16072, 52.88, 310.434
16073, 52.9, 310.451
16074, 52.92, 310.467
16075, 52.93, 310.484
16076, 52.93, 310.5
16077, 52.93, 310.517
16078, 52.93, 310.534
16079, 52.91, 310.567
16080, 52.9, 310.584
16081, 52.87, 310.6
16082, 52.83, 310.617
16083, 52.79, 310.634
16084, 52.74, 310.651
16085, 52.69, 310.667
16086, 52.62, 310.684
16087, 52.39, 310.717
16088, 52.22, 310.734
16089, 52.02, 310.75
16090, 51.81, 310.767
16091, 51.6, 310.784
16092, 51.35, 310.801
16093, 50.81, 310.834
16094, 50.52, 310.85
16095, 50.26, 310.867
16096, 50.01, 310.884
16097, 49.75, 310.901
16098, 49.23, 310.934
16099, 48.93, 310.951
16100, 48.65, 310.967
16101, 48.41, 310.984
16102, 47.87, 311.017
16103, 47.63, 311.034
16104, 47.38, 311.051
16105, 47.07, 311.067
16106, 46.47, 311.1
16107, 46.19, 311.117
16108, 45.91, 311.134
16109, 45.61, 311.151
16110, 45.03, 311.184
16111, 44.75, 311.201
16112, 44.17, 311.234
16113, 43.89, 311.25
16114, 43.6, 311.267
16115, 43.05, 311.301
16116, 42.76, 311.317
16117, 42.48, 311.334
16118, 41.9, 311.367
16119, 41.58, 311.384
16120, 41.03, 311.417
16121, 40.76, 311.434
16122, 40.24, 311.467
16123, 40, 311.484
16124, 39.46, 311.517
16125, 39.23, 311.534
16126, 38.8, 311.567
16127, 38.58, 311.584
16128, 38.13, 311.617
16129, 37.92, 311.634
16130, 37.52, 311.667
16131, 37.13, 311.701
16132, 36.92, 311.717
16133, 36.52, 311.75
16134, 36.15, 311.784
16135, 35.95, 311.801
16136, 35.56, 311.834
16137, 35.19, 311.867
16138, 34.99, 311.884
16139, 34.59, 311.917
16140, 34.18, 311.951
16141, 33.8, 311.984
16142, 33.62, 312
16143, 33.25, 312.034
16144, 32.87, 312.067
16145, 32.56, 312.1
16146, 32.26, 312.134
16147, 32.1, 312.151
16148, 31.77, 312.184
16149, 31.5, 312.217
16150, 31.26, 312.25
16151, 31.08, 312.284
16152, 30.9, 312.317
16153, 30.7, 312.35
16154, 30.57, 312.384
16155, 30.47, 312.417
16156, 30.42, 312.451
16157, 30.36, 312.484
16158, 30.32, 312.517
16159, 30.27, 312.551
16160, 30.23, 312.584
16161, 30.18, 312.617
16162, 30.13, 312.651
16163, 30.08, 312.684
16164, 29.98, 312.717
16165, 29.96, 312.75
16166, 29.86, 312.784
16167, 29.8, 312.817
16168, 29.75, 312.85
16169, 29.73, 312.884
16170, 29.66, 312.917
16171, 29.57, 312.951
16172, 29.46, 312.984
16173, 29.43, 313.017
16174, 29.37, 313.051
16175, 29.31, 313.084
16176, 29.24, 313.117
16177, 29.13, 313.167
16178, 29.05, 313.201
16179, 28.98, 313.234
16180, 28.9, 313.267
16181, 28.81, 313.301
16182, 28.74, 313.334
16183, 28.66, 313.367
16184, 28.59, 313.401
16185, 28.51, 313.434
16186, 28.42, 313.467
16187, 28.35, 313.5
16188, 28.28, 313.534
16189, 28.21, 313.567
16190, 28.16, 313.6
16191, 28.12, 313.634
16192, 28.17, 313.667
16193, 28.17, 313.701
16194, 28.18, 313.734
16195, 28.2, 313.767
16196, 28.24, 313.801
16197, 28.26, 313.834
16198, 28.26, 313.867
16199, 28.27, 313.901
16200, 28.3, 313.934
16201, 28.32, 313.967
16202, 28.33, 314
16203, 28.39, 314.034
16204, 28.42, 314.051
16205, 28.44, 314.084
16206, 28.42, 314.117
16207, 28.37, 314.151
16208, 28.35, 314.167
16209, 28.28, 314.201
16210, 28.19, 314.234
16211, 28.05, 314.267
16212, 27.98, 314.301
16213, 27.9, 314.334
16214, 27.86, 314.35
16215, 27.79, 314.384
16216, 27.68, 314.417
16217, 27.61, 314.451
16218, 27.53, 314.484
16219, 27.45, 314.517
16220, 27.37, 314.551
16221, 27.3, 314.584
16222, 27.25, 314.617
16223, 27.25, 314.651
16224, 27.33, 314.684
16225, 27.3, 314.734
16226, 27.32, 314.767
16227, 27.35, 314.801
16228, 27.39, 314.834
16229, 27.44, 314.867
16230, 27.44, 314.901
16231, 27.48, 314.934
16232, 27.57, 314.967
16233, 27.62, 315
16234, 27.68, 315.034
16235, 27.72, 315.067
16236, 27.67, 315.1
16237, 27.64, 315.134
16238, 27.85, 315.167
16239, 27.9, 315.201
16240, 27.9, 315.234
16241, 28, 315.267
16242, 28.02, 315.301
16243, 28.08, 315.334
16244, 28.2, 315.367
16245, 28.22, 315.401
16246, 28.2, 315.434
16247, 28.24, 315.467
16248, 28.22, 315.5
16249, 28.17, 315.534
16250, 28.15, 315.567
16251, 28.13, 315.6
16252, 28.12, 315.634
16253, 28.07, 315.667
16254, 28.05, 315.701
16255, 28.11, 315.734
16256, 28.14, 315.767
16257, 28.18, 315.801
16258, 28.25, 315.834
16259, 28.29, 315.85
16260, 28.36, 315.884
16261, 28.42, 315.917
16262, 28.54, 315.951
16263, 28.63, 315.984
16264, 28.69, 316.017
16265, 28.8, 316.051
16266, 28.87, 316.084
16267, 28.98, 316.117
16268, 29.13, 316.151
16269, 29.13, 316.184
16270, 29.19, 316.217
16271, 29.35, 316.25
16272, 29.43, 316.284
16273, 29.45, 316.301
16274, 29.58, 316.334
16275, 29.73, 316.367
16276, 29.83, 316.401
16277, 29.9, 316.434
16278, 30.06, 316.467
16279, 30.23, 316.5
16280, 30.31, 316.534
16281, 30.36, 316.551
16282, 30.52, 316.584
16283, 30.64, 316.617
16284, 30.68, 316.651
16285, 30.75, 316.684
16286, 30.81, 316.717
16287, 30.86, 316.75
16288, 31.02, 316.784
16289, 31.33, 316.817
16290, 31.49, 316.85
16291, 31.62, 316.884
16292, 31.7, 316.901
16293, 31.8, 316.934
16294, 31.92, 316.967
16295, 32.1, 317
16296, 32.24, 317.034
16297, 32.33, 317.067
16298, 32.64, 317.1
16299, 33.08, 317.134
16300, 33.2, 317.151
16301, 33.27, 317.184
16302, 33.51, 317.217
16303, 33.79, 317.25
16304, 33.97, 317.284
16305, 34.04, 317.301
16306, 34.23, 317.334
16307, 34.47, 317.367
16308, 34.65, 317.401
16309, 34.73, 317.417
16310, 34.95, 317.451
16311, 35.16, 317.484
16312, 35.38, 317.517
16313, 35.5, 317.534
16314, 35.74, 317.567
16315, 35.95, 317.6
16316, 36.05, 317.617
16317, 36.26, 317.651
16318, 36.46, 317.684
16319, 36.56, 317.701
16320, 36.77, 317.734
16321, 36.98, 317.767
16322, 37.09, 317.784
16323, 37.29, 317.817
16324, 37.39, 317.834
16325, 37.58, 317.867
16326, 37.79, 317.901
16327, 37.9, 317.917
16328, 38.1, 317.951
16329, 38.2, 317.967
16330, 38.39, 318
16331, 38.5, 318.017
16332, 38.69, 318.051
16333, 38.88, 318.084
16334, 38.98, 318.1
16335, 39.18, 318.134
16336, 39.27, 318.151
16337, 39.45, 318.184
16338, 39.54, 318.201
16339, 39.51, 318.234
16340, 39.68, 318.25
16341, 39.96, 318.284
16342, 39.95, 318.301
16343, 40.1, 318.334
16344, 40.22, 318.35
16345, 40.36, 318.384
16346, 40.43, 318.401
16347, 40.61, 318.434
16348, 40.68, 318.451
16349, 40.83, 318.484
16350, 40.91, 318.5
16351, 41.07, 318.534
16352, 41.14, 318.551
16353, 41.3, 318.584
16354, 41.39, 318.6
16355, 41.47, 318.617
16356, 41.62, 318.651
16357, 41.7, 318.667
16358, 41.87, 318.701
16359, 41.95, 318.717
16360, 42.1, 318.75
16361, 42.18, 318.767
16362, 42.26, 318.784
16363, 42.43, 318.817
16364, 42.5, 318.834
16365, 42.65, 318.867
16366, 42.73, 318.884
16367, 42.81, 318.901
16368, 42.97, 318.934
16369, 43.04, 318.951
16370, 43.2, 318.984
16371, 43.28, 319
16372, 43.36, 319.017
16373, 43.52, 319.051
16374, 43.59, 319.067
16375, 43.75, 319.1
16376, 43.83, 319.117
16377, 43.91, 319.134
16378, 44.06, 319.167
16379, 44.13, 319.184
16380, 44.21, 319.201
16381, 44.36, 319.234
16382, 44.44, 319.25
16383, 44.51, 319.267
16384, 44.67, 319.301
16385, 44.75, 319.317
16386, 44.82, 319.334
16387, 44.97, 319.367
16388, 45.05, 319.384
16389, 45.12, 319.401
16390, 45.28, 319.434
16391, 45.36, 319.451
16392, 45.43, 319.467
16393, 45.59, 319.5
16394, 45.66, 319.517
16395, 45.74, 319.534
16396, 45.88, 319.567
16397, 45.96, 319.584
16398, 46.03, 319.6
16399, 46.1, 319.617
16400, 46.23, 319.651
16401, 46.3, 319.667
16402, 46.38, 319.684
16403, 46.53, 319.717
16404, 46.6, 319.734
16405, 46.66, 319.75
16406, 46.8, 319.784
16407, 46.86, 319.801
16408, 46.93, 319.817
16409, 46.99, 319.834
16410, 47.12, 319.867
16411, 47.18, 319.884
16412, 47.26, 319.901
16413, 47.33, 319.917
16414, 47.45, 319.951
16415, 47.51, 319.967
16416, 47.57, 319.984
16417, 47.64, 320
16418, 47.75, 320.034
16419, 47.81, 320.051
16420, 47.88, 320.067
16421, 47.94, 320.084
16422, 48.06, 320.117
16423, 48.12, 320.134
16424, 48.18, 320.151
16425, 48.24, 320.167
16426, 48.35, 320.201
16427, 48.41, 320.217
16428, 48.47, 320.234
16429, 48.53, 320.25
16430, 48.65, 320.284
16431, 48.7, 320.301
16432, 48.76, 320.317
16433, 48.82, 320.334
16434, 48.85, 320.367
16435, 48.81, 320.384
16436, 48.97, 320.401
16437, 49.08, 320.417
16438, 49.06, 320.434
16439, 49.15, 320.467
16440, 49.22, 320.484
16441, 49.26, 320.5
16442, 49.29, 320.517
16443, 49.4, 320.551
16444, 49.45, 320.567
16445, 49.49, 320.584
16446, 49.53, 320.6
16447, 49.58, 320.617
16448, 49.67, 320.651
16449, 49.71, 320.667
16450, 49.76, 320.684
16451, 49.81, 320.701
16452, 49.86, 320.717
16453, 49.95, 320.75
16454, 49.99, 320.767
16455, 50.03, 320.784
16456, 50.08, 320.801
16457, 50.12, 320.817
16458, 50.21, 320.85
16459, 50.26, 320.867
16460, 50.31, 320.884
16461, 50.35, 320.901
16462, 50.39, 320.917
16463, 50.49, 320.951
16464, 50.54, 320.967
16465, 50.59, 320.984
16466, 50.63, 321
16467, 50.68, 321.017
16468, 50.72, 321.034
16469, 50.82, 321.067
16470, 50.87, 321.084
16471, 50.91, 321.1
16472, 50.95, 321.117
16473, 51, 321.134
16474, 51.09, 321.167
16475, 51.14, 321.184
16476, 51.18, 321.201
16477, 51.23, 321.217
16478, 51.27, 321.234
16479, 51.32, 321.25
16480, 51.4, 321.284
16481, 51.45, 321.301
16482, 51.5, 321.317
16483, 51.54, 321.334
16484, 51.59, 321.35
16485, 51.63, 321.367
16486, 51.72, 321.401
16487, 51.76, 321.417
16488, 51.8, 321.434
16489, 51.84, 321.451
16490, 51.88, 321.467
16491, 51.92, 321.484
16492, 51.96, 321.5
16493, 52.07, 321.534
16494, 52.11, 321.551
16495, 52.16, 321.567
16496, 52.2, 321.584
16497, 52.25, 321.6
16498, 52.29, 321.617
16499, 52.38, 321.651
16500, 52.42, 321.667
16501, 52.46, 321.684
16502, 52.5, 321.701
16503, 52.54, 321.717
16504, 52.58, 321.734
16505, 52.62, 321.75
16506, 52.71, 321.784
16507, 52.76, 321.801
16508, 52.81, 321.817
16509, 52.85, 321.834
16510, 52.89, 321.85
16511, 52.93, 321.867
16512, 52.98, 321.884
16513, 53.02, 321.901
16514, 53.1, 321.934
16515, 53.15, 321.951
16516, 53.19, 321.967
16517, 53.23, 321.984
16518, 53.28, 322
16519, 53.32, 322.017
16520, 53.36, 322.034
16521, 53.42, 322.067
16522, 53.45, 322.084
16523, 53.51, 322.1
16524, 53.58, 322.117
16525, 53.65, 322.134
16526, 53.69, 322.151
16527, 53.69, 322.167
16528, 53.72, 322.184
16529, 53.76, 322.201
16530, 53.83, 322.234
16531, 53.87, 322.25
16532, 53.92, 322.267
16533, 53.97, 322.284
16534, 54, 322.301
16535, 54.04, 322.317
16536, 54.08, 322.334
16537, 54.13, 322.35
16538, 54.17, 322.367
16539, 54.24, 322.401
16540, 54.29, 322.417
16541, 54.33, 322.434
16542, 54.37, 322.451
16543, 54.41, 322.467
16544, 54.46, 322.484
16545, 54.49, 322.5
16546, 54.53, 322.517
16547, 54.57, 322.534
16548, 54.66, 322.567
16549, 54.7, 322.584
16550, 54.74, 322.6
16551, 54.78, 322.617
16552, 54.82, 322.634
16553, 54.86, 322.651
16554, 54.9, 322.667
16555, 54.94, 322.684
16556, 54.98, 322.701
16557, 55.01, 322.717
16558, 55.05, 322.734
16559, 55.12, 322.767
16560, 55.16, 322.784
16561, 55.2, 322.801
16562, 55.24, 322.817
16563, 55.28, 322.834
16564, 55.32, 322.85
16565, 55.36, 322.867
16566, 55.4, 322.884
16567, 55.44, 322.901
16568, 55.48, 322.917
16569, 55.52, 322.934
16570, 55.56, 322.951
16571, 55.63, 322.984
16572, 55.66, 323
16573, 55.7, 323.017
16574, 55.73, 323.034
16575, 55.77, 323.051
16576, 55.81, 323.067
16577, 55.85, 323.084
16578, 55.89, 323.1
16579, 55.93, 323.117
16580, 55.97, 323.134
16581, 56.01, 323.151
16582, 56.05, 323.167
16583, 56.08, 323.184
16584, 56.16, 323.217
16585, 56.19, 323.234
16586, 56.23, 323.25
16587, 56.27, 323.267
16588, 56.31, 323.284
16589, 56.34, 323.301
16590, 56.38, 323.317
16591, 56.42, 323.334
16592, 56.46, 323.35
16593, 56.49, 323.367
16594, 56.53, 323.384
16595, 56.56, 323.401
16596, 56.59, 323.417
16597, 56.62, 323.434
16598, 56.65, 323.451
16599, 56.69, 323.467
16600, 56.76, 323.5
16601, 56.79, 323.517
16602, 56.83, 323.534
16603, 56.86, 323.551
16604, 56.89, 323.567
16605, 56.92, 323.584
16606, 56.94, 323.6
16607, 56.97, 323.617
16608, 57, 323.634
16609, 57.02, 323.651
16610, 57.05, 323.667
16611, 57.08, 323.684
16612, 57.11, 323.701
16613, 57.13, 323.717
16614, 57.16, 323.734
16615, 57.18, 323.75
16616, 57.21, 323.767
16617, 57.23, 323.784
16618, 57.29, 323.817
16619, 57.32, 323.834
16620, 57.34, 323.85
16621, 57.37, 323.867
16622, 57.39, 323.884
16623, 57.41, 323.901
16624, 57.43, 323.917
16625, 57.46, 323.934
16626, 57.48, 323.951
16627, 57.5, 323.967
16628, 57.53, 323.984
16629, 57.55, 324
16630, 57.58, 324.017
16631, 57.6, 324.034
16632, 57.63, 324.051
16633, 57.66, 324.067
16634, 57.68, 324.084
16635, 57.7, 324.1
16636, 57.72, 324.117
16637, 57.73, 324.134
16638, 57.75, 324.151
16639, 57.79, 324.184
16640, 57.81, 324.201
16641, 57.83, 324.217
16642, 57.84, 324.234
16643, 57.86, 324.25
16644, 57.87, 324.267
16645, 57.89, 324.284
16646, 57.91, 324.301
16647, 57.92, 324.317
16648, 57.94, 324.334
16649, 57.96, 324.35
16650, 57.97, 324.367
16651, 57.98, 324.384
16652, 57.99, 324.401
16653, 58, 324.417
16654, 58.01, 324.434
16655, 58.03, 324.451
16656, 58.05, 324.467
16657, 58.07, 324.484
16658, 58.08, 324.5
16659, 58.09, 324.517
16660, 58.1, 324.534
16661, 58.11, 324.551
16662, 58.12, 324.567
16663, 58.15, 324.6
16664, 58.16, 324.617
16665, 58.18, 324.634
16666, 58.19, 324.651
16667, 58.2, 324.667
16668, 58.22, 324.684
16669, 58.23, 324.701
16670, 58.25, 324.717
16671, 58.26, 324.734
16672, 58.28, 324.75
16673, 58.3, 324.767
16674, 58.31, 324.784
16675, 58.32, 324.801
16676, 58.33, 324.817
16677, 58.33, 324.834
16678, 58.33, 324.85
16679, 58.32, 324.867
16680, 58.29, 324.884
16681, 58.3, 324.901
16682, 58.34, 324.917
16683, 58.38, 324.934
16684, 58.4, 324.951
16685, 58.39, 324.967
16686, 58.39, 324.984
16687, 58.4, 325.017
16688, 58.4, 325.034
16689, 58.4, 325.067
16690, 58.41, 325.084
16691, 58.43, 325.1
16692, 58.45, 325.117
16693, 58.47, 325.134
16694, 58.49, 325.151
16695, 58.49, 325.167
16696, 58.5, 325.184
16697, 58.51, 325.201
16698, 58.52, 325.217
16699, 58.53, 325.234
16700, 58.55, 325.25
16701, 58.56, 325.267
16702, 58.59, 325.284
16703, 58.61, 325.301
16704, 58.62, 325.317
16705, 58.64, 325.334
16706, 58.67, 325.35
16707, 58.68, 325.367
16708, 58.7, 325.384
16709, 58.71, 325.401
16710, 58.72, 325.417
16711, 58.73, 325.434
16712, 58.75, 325.451
16713, 58.75, 325.467
16714, 58.74, 325.484
16715, 58.73, 325.5
16716, 58.73, 325.517
16717, 58.76, 325.534
16718, 58.77, 325.551
16719, 58.77, 325.567
16720, 58.75, 325.584
16721, 58.74, 325.6
16722, 58.79, 325.617
16723, 58.84, 325.651
16724, 58.82, 325.667
16725, 58.78, 325.684
16726, 58.78, 325.701
16727, 58.8, 325.717
16728, 58.8, 325.734
16729, 58.8, 325.75
16730, 58.83, 325.767
16731, 58.86, 325.784
16732, 58.88, 325.801
16733, 58.89, 325.817
16734, 58.9, 325.834
16735, 58.91, 325.85
16736, 58.92, 325.867
16737, 58.94, 325.884
16738, 58.95, 325.901
16739, 58.97, 325.917
16740, 58.99, 325.934
16741, 59.01, 325.951
16742, 59.03, 325.967
16743, 59.04, 325.984
16744, 59.05, 326
16745, 59.07, 326.017
16746, 59.09, 326.034
16747, 59.07, 326.051
16748, 59.01, 326.067
16749, 59.1, 326.084
16750, 59.13, 326.1
16751, 59.1, 326.117
16752, 59.12, 326.134
16753, 59.16, 326.151
16754, 59.18, 326.167
16755, 59.19, 326.184
16756, 59.19, 326.201
16757, 59.21, 326.217
16758, 59.22, 326.234
16759, 59.23, 326.25
16760, 59.25, 326.267
16761, 59.26, 326.284
16762, 59.28, 326.301
16763, 59.29, 326.317
16764, 59.3, 326.334
16765, 59.32, 326.35
16766, 59.33, 326.367
16767, 59.35, 326.384
16768, 59.38, 326.401
16769, 59.4, 326.417
16770, 59.42, 326.434
16771, 59.43, 326.451
16772, 59.45, 326.467
16773, 59.47, 326.484
16774, 59.48, 326.5
16775, 59.5, 326.517
16776, 59.53, 326.551
16777, 59.55, 326.567
16778, 59.56, 326.584
16779, 59.58, 326.6
16780, 59.59, 326.617
16781, 59.6, 326.634
16782, 59.62, 326.651
16783, 59.63, 326.667
16784, 59.65, 326.684
16785, 59.67, 326.701
16786, 59.69, 326.717
16787, 59.7, 326.734
16788, 59.71, 326.75
16789, 59.72, 326.767
16790, 59.74, 326.784
16791, 59.75, 326.801
16792, 59.76, 326.817
16793, 59.78, 326.834
16794, 59.8, 326.85
16795, 59.81, 326.867
16796, 59.82, 326.884
16797, 59.84, 326.901
16798, 59.85, 326.917
16799, 59.86, 326.934
16800, 59.87, 326.951
16801, 59.88, 326.967
16802, 59.9, 326.984
16803, 59.91, 327
16804, 59.93, 327.017
16805, 59.94, 327.034
16806, 59.95, 327.051
16807, 59.96, 327.067
16808, 59.97, 327.084
16809, 59.98, 327.1
16810, 60, 327.117
16811, 60.01, 327.134
16812, 60.02, 327.151
16813, 60.03, 327.167
16814, 60.04, 327.184
16815, 60.06, 327.201
16816, 60.07, 327.217
16817, 60.08, 327.234
16818, 60.09, 327.25
16819, 60.1, 327.267
16820, 60.11, 327.284
16821, 60.12, 327.301
16822, 60.13, 327.317
16823, 60.15, 327.334
16824, 60.16, 327.35
16825, 60.17, 327.367
16826, 60.18, 327.384
16827, 60.19, 327.401
16828, 60.2, 327.417
16829, 60.22, 327.434
16830, 60.23, 327.451
16831, 60.25, 327.467
16832, 60.26, 327.484
16833, 60.27, 327.5
16834, 60.28, 327.517
16835, 60.29, 327.534
16836, 60.29, 327.551
16837, 60.3, 327.567
16838, 60.3, 327.584
16839, 60.3, 327.6
16840, 60.3, 327.617
16841, 60.31, 327.634
16842, 60.32, 327.651
16843, 60.33, 327.667
16844, 60.34, 327.684
16845, 60.35, 327.701
16846, 60.35, 327.717
16847, 60.36, 327.734
16848, 60.36, 327.75
16849, 60.36, 327.767
16850, 60.37, 327.784
16851, 60.37, 327.801
16852, 60.38, 327.817
16853, 60.38, 327.834
16854, 60.39, 327.85
16855, 60.4, 327.867
16856, 60.41, 327.884
16857, 60.42, 327.901
16858, 60.43, 327.917
16859, 60.44, 327.934
16860, 60.45, 327.951
16861, 60.46, 327.967
16862, 60.47, 327.984
16863, 60.48, 328
16864, 60.49, 328.017
16865, 60.49, 328.034
16866, 60.49, 328.051
16867, 60.5, 328.067
16868, 60.5, 328.084
16869, 60.5, 328.1
16870, 60.5, 328.117
16871, 60.51, 328.134
16872, 60.52, 328.151
16873, 60.52, 328.167
16874, 60.53, 328.184
16875, 60.54, 328.201
16876, 60.54, 328.217
16877, 60.54, 328.234
16878, 60.54, 328.25
16879, 60.54, 328.267
16880, 60.54, 328.284
16881, 60.54, 328.301
16882, 60.54, 328.317
16883, 60.53, 328.334
16884, 60.54, 328.35
16885, 60.56, 328.367
16886, 60.57, 328.384
16887, 60.56, 328.401
16888, 60.55, 328.417
16889, 60.55, 328.434
16890, 60.56, 328.451
16891, 60.56, 328.467
16892, 60.55, 328.484
16893, 60.55, 328.5
16894, 60.55, 328.517
16895, 60.53, 328.534
16896, 60.52, 328.551
16897, 60.49, 328.567
16898, 60.46, 328.584
16899, 60.41, 328.6
16900, 60.35, 328.617
16901, 60.28, 328.634
16902, 60.21, 328.651
16903, 60.14, 328.667
16904, 60.07, 328.684
16905, 60.01, 328.701
16906, 59.94, 328.717
16907, 59.81, 328.734
16908, 59.72, 328.75
16909, 59.65, 328.767
16910, 59.56, 328.784
16911, 59.46, 328.801
16912, 59.36, 328.817
16913, 59.29, 328.834
16914, 59.21, 328.85
16915, 59.12, 328.867
16916, 58.98, 328.901
16917, 58.9, 328.917
16918, 58.82, 328.934
16919, 58.73, 328.951
16920, 58.63, 328.967
16921, 58.54, 328.984
16922, 58.46, 329
16923, 58.38, 329.017
16924, 58.3, 329.034
16925, 58.23, 329.051
16926, 58.15, 329.067
16927, 58.08, 329.084
16928, 58, 329.1
16929, 57.92, 329.117
16930, 57.84, 329.134
16931, 57.77, 329.151
16932, 57.69, 329.167
16933, 57.61, 329.184
16934, 57.55, 329.201
16935, 57.5, 329.217
16936, 57.44, 329.234
16937, 57.42, 329.25
16938, 57.4, 329.267
16939, 57.33, 329.284
16940, 57.21, 329.317
16941, 57.12, 329.334
16942, 57.05, 329.35
16943, 56.98, 329.367
16944, 56.87, 329.384
16945, 56.76, 329.401
16946, 56.7, 329.417
16947, 56.62, 329.434
16948, 56.54, 329.451
16949, 56.46, 329.467
16950, 56.38, 329.484
16951, 56.31, 329.5
16952, 56.16, 329.517
16953, 55.98, 329.534
16954, 55.84, 329.567
16955, 55.78, 329.584
16956, 55.7, 329.6
16957, 55.6, 329.617
16958, 55.46, 329.634
16959, 55.38, 329.651
16960, 55.31, 329.667
16961, 55.21, 329.684
16962, 55.1, 329.701
16963, 55, 329.717
16964, 54.92, 329.734
16965, 54.72, 329.767
16966, 54.63, 329.784
16967, 54.55, 329.801
16968, 54.47, 329.817
16969, 54.4, 329.834
16970, 54.32, 329.85
16971, 54.23, 329.867
16972, 54.13, 329.884
16973, 54.02, 329.901
16974, 53.82, 329.934
16975, 53.73, 329.951
16976, 53.64, 329.967
16977, 53.57, 329.984
16978, 53.49, 330
16979, 53.42, 330.017
16980, 53.34, 330.034
16981, 53.17, 330.067
16982, 53.09, 330.084
16983, 53.02, 330.1
16984, 52.94, 330.117
16985, 52.87, 330.134
16986, 52.8, 330.151
16987, 52.72, 330.167
16988, 52.58, 330.201
16989, 52.5, 330.217
16990, 52.43, 330.234
16991, 52.36, 330.25
16992, 52.29, 330.267
16993, 52.22, 330.284
16994, 52.08, 330.317
16995, 52, 330.334
16996, 51.92, 330.35
16997, 51.85, 330.367
16998, 51.78, 330.384
16999, 51.7, 330.401
17000, 51.56, 330.434
17001, 51.49, 330.451
17002, 51.43, 330.467
17003, 51.35, 330.484
17004, 51.27, 330.5
17005, 51.11, 330.534
17006, 51.04, 330.551
17007, 50.97, 330.567
17008, 50.9, 330.584
17009, 50.83, 330.6
17010, 50.75, 330.617
17011, 50.6, 330.651
17012, 50.52, 330.667
17013, 50.44, 330.684
17014, 50.36, 330.701
17015, 50.28, 330.717
17016, 50.15, 330.75
17017, 50.09, 330.767
17018, 50.03, 330.784
17019, 50.01, 330.801
17020, 49.92, 330.834
17021, 49.87, 330.85
17022, 49.84, 330.867
17023, 49.79, 330.884
17024, 49.75, 330.901
17025, 49.68, 330.934
17026, 49.66, 330.951
17027, 49.65, 330.967
17028, 49.64, 330.984
17029, 49.62, 331.017
17030, 49.62, 331.034
17031, 49.63, 331.051
17032, 49.63, 331.067
17033, 49.63, 331.084
17034, 49.65, 331.117
17035, 49.66, 331.134
17036, 49.68, 331.151
17037, 49.69, 331.167
17038, 49.69, 331.184
17039, 49.71, 331.217
17040, 49.72, 331.234
17041, 49.72, 331.25
17042, 49.73, 331.267
17043, 49.77, 331.301
17044, 49.77, 331.317
17045, 49.77, 331.334
17046, 49.77, 331.35
17047, 49.79, 331.367
17048, 49.82, 331.401
17049, 49.83, 331.417
17050, 49.83, 331.434
17051, 49.84, 331.451
17052, 49.83, 331.467
17053, 49.85, 331.5
17054, 49.85, 331.517
17055, 49.84, 331.534
17056, 49.82, 331.551
17057, 49.81, 331.567
17058, 49.84, 331.6
17059, 49.85, 331.617
17060, 49.85, 331.634
17061, 49.87, 331.651
17062, 49.9, 331.667
17063, 49.9, 331.701
17064, 49.88, 331.717
17065, 49.86, 331.734
17066, 49.86, 331.75
17067, 49.87, 331.767
17068, 50.09, 331.801
17069, 50.13, 331.817
17070, 50.1, 331.834
17071, 50.1, 331.85
17072, 50.11, 331.867
17073, 50.09, 331.901
17074, 50.11, 331.917
17075, 50.19, 331.934
17076, 50.3, 331.951
17077, 50.38, 331.967
17078, 50.41, 332
17079, 50.45, 332.017
17080, 50.49, 332.034
17081, 50.52, 332.051
17082, 50.55, 332.067
17083, 50.63, 332.1
17084, 50.67, 332.117
17085, 50.7, 332.134
17086, 50.75, 332.151
17087, 50.79, 332.167
17088, 50.85, 332.201
17089, 50.88, 332.217
17090, 50.91, 332.234
17091, 50.95, 332.25
17092, 50.99, 332.267
17093, 51.03, 332.284
17094, 51.11, 332.317
17095, 51.15, 332.334
17096, 51.18, 332.35
17097, 51.22, 332.367
17098, 51.25, 332.384
17099, 51.32, 332.417
17100, 51.36, 332.434
17101, 51.4, 332.451
17102, 51.44, 332.467
17103, 51.47, 332.484
17104, 51.51, 332.5
17105, 51.58, 332.534
17106, 51.61, 332.551
17107, 51.64, 332.567
17108, 51.68, 332.584
17109, 51.7, 332.6
17110, 51.73, 332.617
17111, 51.75, 332.651
17112, 51.75, 332.667
17113, 51.73, 332.684
17114, 51.7, 332.701
17115, 51.65, 332.717
17116, 51.58, 332.734
17117, 51.48, 332.75
17118, 51.22, 332.784
17119, 51.08, 332.801
17120, 50.93, 332.817
17121, 50.74, 332.834
17122, 50.56, 332.85
17123, 50.25, 332.884
17124, 50.09, 332.901
17125, 49.9, 332.917
17126, 49.74, 332.934
17127, 49.59, 332.951
17128, 49.24, 332.984
17129, 49.07, 333
17130, 48.9, 333.017
17131, 48.72, 333.034
17132, 48.38, 333.067
17133, 48.22, 333.084
17134, 48.05, 333.1
17135, 47.9, 333.117
17136, 47.6, 333.151
17137, 47.44, 333.167
17138, 47.31, 333.184
17139, 47.19, 333.201
17140, 46.81, 333.234
17141, 46.63, 333.25
17142, 46.48, 333.267
17143, 46.37, 333.284
17144, 46.14, 333.317
17145, 45.99, 333.334
17146, 45.79, 333.35
17147, 45.5, 333.384
17148, 45.4, 333.401
17149, 45.28, 333.417
17150, 45.08, 333.451
17151, 44.98, 333.467
17152, 44.84, 333.484
17153, 44.62, 333.517
17154, 44.43, 333.534
17155, 44.26, 333.551
17156, 44.11, 333.584
17157, 44.06, 333.6
17158, 44, 333.617
17159, 43.85, 333.651
17160, 43.8, 333.667
17161, 43.67, 333.701
17162, 43.61, 333.717
17163, 43.55, 333.734
17164, 43.4, 333.767
17165, 43.33, 333.784
17166, 43.19, 333.817
17167, 43.12, 333.834
17168, 43.06, 333.85
17169, 42.92, 333.884
17170, 42.86, 333.901
17171, 42.73, 333.934
17172, 42.67, 333.951
17173, 42.61, 333.967
17174, 42.49, 334
17175, 42.43, 334.017
17176, 42.32, 334.051
17177, 42.26, 334.067
17178, 42.19, 334.084
17179, 42.03, 334.117
17180, 41.95, 334.134
17181, 41.81, 334.167
17182, 41.75, 334.184
17183, 41.65, 334.217
17184, 41.58, 334.234
17185, 41.51, 334.25
17186, 41.36, 334.284
17187, 41.29, 334.301
17188, 41.17, 334.334
17189, 41.11, 334.35
17190, 40.99, 334.384
17191, 40.93, 334.401
17192, 40.81, 334.434
17193, 40.75, 334.451
17194, 40.63, 334.484
17195, 40.57, 334.5
17196, 40.46, 334.534
17197, 40.41, 334.551
17198, 40.29, 334.584
17199, 40.23, 334.6
17200, 40.11, 334.634
17201, 40.06, 334.651
17202, 39.94, 334.684
17203, 39.88, 334.701
17204, 39.77, 334.734
17205, 39.71, 334.75
17206, 39.59, 334.784
17207, 39.53, 334.801
17208, 39.41, 334.834
17209, 39.35, 334.85
17210, 39.22, 334.884
17211, 39.17, 334.901
17212, 39.08, 334.934
17213, 39.04, 334.951
17214, 39, 334.984
17215, 39.05, 335.017
17216, 39.04, 335.034
17217, 39.05, 335.051
17218, 39.07, 335.067
17219, 39.13, 335.1
17220, 39.16, 335.117
17221, 39.24, 335.151
17222, 39.29, 335.167
17223, 39.39, 335.201
17224, 39.43, 335.217
17225, 39.53, 335.25
17226, 39.59, 335.267
17227, 39.71, 335.301
17228, 39.77, 335.317
17229, 39.89, 335.35
17230, 39.96, 335.367
17231, 40.1, 335.401
17232, 40.17, 335.417
17233, 40.31, 335.451
17234, 40.39, 335.467
17235, 40.52, 335.5
17236, 40.6, 335.517
17237, 40.75, 335.551
17238, 40.83, 335.567
17239, 40.97, 335.6
17240, 41.05, 335.617
17241, 41.2, 335.651
17242, 41.26, 335.667
17243, 41.39, 335.701
17244, 41.47, 335.717
17245, 41.53, 335.734
17246, 41.61, 335.767
17247, 41.7, 335.784
17248, 41.94, 335.817
17249, 42, 335.834
17250, 42.05, 335.867
17251, 42.12, 335.884
17252, 42.2, 335.901
17253, 42.36, 335.934
17254, 42.44, 335.951
17255, 42.58, 335.984
17256, 42.63, 336
17257, 42.69, 336.017
17258, 42.85, 336.034
17259, 42.92, 336.051
17260, 43.05, 336.084
17261, 43.11, 336.1
17262, 43.2, 336.117
17263, 43.34, 336.151
17264, 43.41, 336.167
17265, 43.59, 336.201
17266, 43.66, 336.217
17267, 43.71, 336.234
17268, 43.84, 336.267
17269, 43.92, 336.284
17270, 44, 336.301
17271, 44.14, 336.334
17272, 44.22, 336.35
17273, 44.38, 336.384
17274, 44.44, 336.401
17275, 44.5, 336.417
17276, 44.64, 336.451
17277, 44.71, 336.467
17278, 44.79, 336.484
17279, 44.95, 336.517
17280, 45.02, 336.534
17281, 45.09, 336.551
17282, 45.22, 336.584
17283, 45.29, 336.6
17284, 45.36, 336.617
17285, 45.52, 336.651
17286, 45.6, 336.667
17287, 45.68, 336.684
17288, 45.82, 336.717
17289, 45.89, 336.734
17290, 45.96, 336.75
17291, 46.03, 336.767
17292, 46.18, 336.801
17293, 46.25, 336.817
17294, 46.33, 336.834
17295, 46.47, 336.867
17296, 46.53, 336.884
17297, 46.6, 336.901
17298, 46.73, 336.934
17299, 46.8, 336.951
17300, 46.87, 336.967
17301, 46.94, 336.984
17302, 47.07, 337.017
17303, 47.13, 337.034
17304, 47.2, 337.051
17305, 47.27, 337.067
17306, 47.39, 337.1
17307, 47.46, 337.117
17308, 47.53, 337.134
17309, 47.65, 337.167
17310, 47.71, 337.184
17311, 47.71, 337.184
17312, 47.91, 337.234
17313, 47.96, 337.25
17314, 48.03, 337.267
17315, 48.1, 337.284
17316, 48.17, 337.301
17317, 48.29, 337.334
17318, 48.35, 337.35
17319, 48.41, 337.367
17320, 48.47, 337.384
17321, 48.59, 337.417
17322, 48.6, 337.434
17323, 48.56, 337.451
17324, 48.68, 337.467
17325, 48.82, 337.5
17326, 48.89, 337.517
17327, 48.96, 337.534
17328, 48.96, 337.534
17329, 49.07, 337.584
17330, 49.1, 337.6
17331, 49.11, 337.617
17332, 49.16, 337.634
17333, 49.2, 337.651
17334, 49.4, 337.684
17335, 49.51, 337.701
17336, 49.6, 337.717
17337, 49.63, 337.734
17338, 49.68, 337.75
17339, 49.8, 337.784
17340, 49.85, 337.801
17341, 49.91, 337.817
17342, 49.98, 337.834
17343, 50.05, 337.85
17344, 50.17, 337.884
17345, 50.23, 337.901
17346, 50.29, 337.917
17347, 50.36, 337.934
17348, 50.43, 337.951
17349, 50.43, 337.951
17350, 50.62, 338
17351, 50.62, 338
17352, 50.75, 338.034
17353, 50.81, 338.051
17354, 50.93, 338.084
17355, 50.99, 338.1
17356, 51.05, 338.117
17357, 51.11, 338.134
17358, 51.17, 338.151
17359, 51.23, 338.167
17360, 51.36, 338.201
17361, 51.43, 338.217
17362, 51.49, 338.234
17363, 51.56, 338.25
17364, 51.62, 338.267
17365, 51.68, 338.284
17366, 51.79, 338.317
17367, 51.84, 338.334
17368, 51.9, 338.35
17369, 51.96, 338.367
17370, 52.01, 338.384
17371, 52.07, 338.401
17372, 52.13, 338.417
17373, 52.24, 338.451
17374, 52.29, 338.467
17375, 52.34, 338.484
17376, 52.4, 338.5
17377, 52.45, 338.517
17378, 52.51, 338.534
17379, 52.57, 338.551
17380, 52.68, 338.584
17381, 52.73, 338.6
17382, 52.78, 338.617
17383, 52.84, 338.634
17384, 52.88, 338.651
17385, 52.94, 338.667
17386, 52.99, 338.684
17387, 53.04, 338.701
17388, 53.15, 338.734
17389, 53.2, 338.75
17390, 53.25, 338.767
17391, 53.31, 338.784
17392, 53.36, 338.801
17393, 53.41, 338.817
17394, 53.46, 338.834
17395, 53.52, 338.85
17396, 53.63, 338.884
17397, 53.68, 338.901
17398, 53.73, 338.917
17399, 53.79, 338.934
17400, 53.84, 338.951
17401, 53.89, 338.967
17402, 53.94, 338.984
17403, 54, 339
17404, 54.11, 339.034
17405, 54.16, 339.051
17406, 54.21, 339.067
17407, 54.26, 339.084
17408, 54.31, 339.1
17409, 54.37, 339.117
17410, 54.42, 339.134
17411, 54.47, 339.151
17412, 54.53, 339.167
17413, 54.63, 339.201
17414, 54.69, 339.217
17415, 54.74, 339.234
17416, 54.79, 339.25
17417, 54.84, 339.267
17418, 54.89, 339.284
17419, 54.94, 339.301
17420, 54.99, 339.317
17421, 55.04, 339.334
17422, 55.09, 339.35
17423, 55.2, 339.384
17424, 55.25, 339.401
17425, 55.31, 339.417
17426, 55.36, 339.434
17427, 55.41, 339.451
17428, 55.46, 339.467
17429, 55.5, 339.484
17430, 55.54, 339.5
17431, 55.59, 339.517
17432, 55.64, 339.534
17433, 55.69, 339.551
17434, 55.79, 339.584
17435, 55.83, 339.6
17436, 55.88, 339.617
17437, 55.93, 339.634
17438, 55.97, 339.651
17439, 56.02, 339.667
17440, 56.07, 339.684
17441, 56.11, 339.701
17442, 56.16, 339.717
17443, 56.21, 339.734
17444, 56.25, 339.75
17445, 56.25, 339.75
17446, 56.34, 339.784
17447, 56.44, 339.817
17448, 56.48, 339.834
17449, 56.53, 339.85
17450, 56.53, 339.85
17451, 56.61, 339.884
17452, 56.65, 339.901
17453, 56.7, 339.917
17454, 56.74, 339.934
17455, 56.78, 339.951
17456, 56.82, 339.967
17457, 56.86, 339.984
17458, 56.9, 340
17459, 56.94, 340.017
17460, 56.98, 340.051
17461, 57.02, 340.067
17462, 57.06, 340.084
17463, 57.15, 340.117
17464, 57.19, 340.134
17465, 57.23, 340.151
17466, 57.23, 340.151
17467, 57.3, 340.184
17468, 57.34, 340.201
17469, 57.34, 340.201
17470, 57.41, 340.234
17471, 57.45, 340.25
17472, 57.45, 340.25
17473, 57.53, 340.284
17474, 57.57, 340.301
17475, 57.6, 340.317
17476, 57.64, 340.334
17477, 57.68, 340.35
17478, 57.72, 340.367
17479, 57.76, 340.384
17480, 57.79, 340.401
17481, 57.83, 340.417
17482, 57.86, 340.434
17483, 57.9, 340.451
17484, 57.97, 340.484
17485, 58.01, 340.5
17486, 58.04, 340.517
17487, 58.08, 340.534
17488, 58.11, 340.551
17489, 58.14, 340.567
17490, 58.14, 340.567
17491, 58.2, 340.6
17492, 58.23, 340.617
17493, 58.25, 340.634
17494, 58.28, 340.651
17495, 58.32, 340.667
17496, 58.36, 340.684
17497, 58.4, 340.701
17498, 58.4, 340.701
17499, 58.49, 340.734
17500, 58.53, 340.75
17501, 58.57, 340.767
17502, 58.61, 340.784
17503, 58.66, 340.801
17504, 58.7, 340.817
17505, 58.74, 340.834
17506, 58.78, 340.85
17507, 58.83, 340.867
17508, 58.86, 340.884
17509, 58.9, 340.901
17510, 58.94, 340.917
17511, 58.97, 340.934
17512, 59, 340.951
17513, 58.97, 340.967
17514, 58.94, 340.984
17515, 58.94, 340.984
17516, 59.11, 341.017
17517, 59.07, 341.034
17518, 59.11, 341.051
17519, 59.17, 341.067
17520, 59.17, 341.067
17521, 59.17, 341.067
17522, 59.17, 341.067
17523, 59.25, 341.134
17524, 59.28, 341.151
17525, 59.31, 341.167
17526, 59.34, 341.184
17527, 59.35, 341.201
17528, 59.38, 341.217
17529, 59.41, 341.234
17530, 59.43, 341.25
17531, 59.44, 341.267
17532, 59.46, 341.284
17533, 59.48, 341.301
17534, 59.52, 341.317
17535, 59.57, 341.334
17536, 59.62, 341.35
17537, 59.65, 341.367
17538, 59.66, 341.384
17539, 59.68, 341.401
17540, 59.71, 341.417
17541, 59.74, 341.434
17542, 59.76, 341.451
17543, 59.8, 341.467
17544, 59.83, 341.484
17545, 59.85, 341.5
17546, 59.87, 341.517
17547, 59.88, 341.534
17548, 59.85, 341.551
17549, 59.81, 341.567
17550, 59.74, 341.584
17551, 59.67, 341.6
17552, 59.59, 341.617
17553, 59.51, 341.634
17554, 59.39, 341.651
17555, 59.25, 341.667
17556, 59.18, 341.684
17557, 59.07, 341.701
17558, 58.93, 341.717
17559, 58.78, 341.734
17560, 58.65, 341.75
17561, 58.51, 341.767
17562, 58.35, 341.784
17563, 58.19, 341.801
17564, 57.94, 341.834
17565, 57.78, 341.85
17566, 57.58, 341.867
17567, 57.37, 341.884
17568, 57.18, 341.901
17569, 57.01, 341.917
17570, 56.82, 341.934
17571, 56.64, 341.951
17572, 56.47, 341.967
17573, 56.31, 341.984
17574, 56.15, 342
17575, 55.98, 342.017
17576, 55.82, 342.034
17577, 55.65, 342.051
17578, 55.42, 342.067
17579, 55.2, 342.084
17580, 55.04, 342.1
17581, 54.76, 342.134
17582, 54.62, 342.151
17583, 54.44, 342.167
17584, 54.29, 342.184
17585, 54.17, 342.201
17586, 54.05, 342.217
17587, 53.92, 342.234
17588, 53.8, 342.25
17589, 53.71, 342.267
17590, 53.51, 342.301
17591, 53.43, 342.317
17592, 53.36, 342.334
17593, 53.3, 342.35
17594, 53.23, 342.367
17595, 53.18, 342.384
17596, 53.13, 342.401
17597, 53.08, 342.417
17598, 52.96, 342.451
17599, 52.91, 342.467
17600, 52.86, 342.484
17601, 52.82, 342.5
17602, 52.78, 342.517
17603, 52.74, 342.534
17604, 52.69, 342.551
17605, 52.59, 342.584
17606, 52.53, 342.6
17607, 52.47, 342.617
17608, 52.42, 342.634
17609, 52.36, 342.651
17610, 52.3, 342.667
17611, 52.24, 342.684
17612, 52.13, 342.717
17613, 52.08, 342.734
17614, 52.03, 342.75
17615, 51.97, 342.767
17616, 51.91, 342.784
17617, 51.85, 342.801
17618, 51.75, 342.834
17619, 51.7, 342.85
17620, 51.66, 342.867
17621, 51.61, 342.884
17622, 51.58, 342.901
17623, 51.61, 342.917
17624, 51.57, 342.951
17625, 51.57, 342.967
17626, 51.59, 342.984
17627, 51.59, 343
17628, 51.6, 343.017
17629, 51.62, 343.034
17630, 51.64, 343.051
17631, 51.68, 343.084
17632, 51.71, 343.1
17633, 51.74, 343.117
17634, 51.77, 343.134
17635, 51.81, 343.151
17636, 51.85, 343.167
17637, 51.93, 343.201
17638, 51.97, 343.217
17639, 52.02, 343.234
17640, 52.06, 343.25
17641, 52.1, 343.267
17642, 52.14, 343.284
17643, 52.25, 343.317
17644, 52.3, 343.334
17645, 52.35, 343.35
17646, 52.41, 343.367
17647, 52.45, 343.384
17648, 52.5, 343.401
17649, 52.55, 343.417
17650, 52.65, 343.451
17651, 52.7, 343.467
17652, 52.75, 343.484
17653, 52.79, 343.5
17654, 52.83, 343.517
17655, 52.87, 343.534
17656, 52.91, 343.551
17657, 53, 343.584
17658, 53.03, 343.6
17659, 53.06, 343.617
17660, 53.09, 343.634
17661, 53.12, 343.651
17662, 53.15, 343.667
17663, 53.19, 343.684
17664, 53.21, 343.701
17665, 53.26, 343.734
17666, 53.28, 343.75
17667, 53.31, 343.767
17668, 53.34, 343.784
17669, 53.36, 343.801
17670, 53.37, 343.817
17671, 53.37, 343.834
17672, 53.41, 343.85
17673, 53.46, 343.884
17674, 53.5, 343.901
17675, 53.54, 343.917
17676, 53.57, 343.934
17677, 53.62, 343.951
17678, 53.67, 343.967
17679, 53.75, 343.984
17680, 53.77, 344
17681, 53.8, 344.034
17682, 53.86, 344.051
17683, 53.91, 344.067
17684, 53.95, 344.084
17685, 54.02, 344.1
17686, 54.06, 344.117
17687, 54.1, 344.134
17688, 54.1, 344.151
17689, 54.11, 344.167
17690, 54.2, 344.201
17691, 54.24, 344.217
17692, 54.28, 344.234
17693, 54.32, 344.25
17694, 54.36, 344.267
17695, 54.39, 344.284
17696, 54.43, 344.301
17697, 54.47, 344.317
17698, 54.51, 344.334
17699, 54.6, 344.367
17700, 54.65, 344.384
17701, 54.68, 344.401
17702, 54.72, 344.417
17703, 54.76, 344.434
17704, 54.8, 344.451
17705, 54.83, 344.467
17706, 54.87, 344.484
17707, 54.91, 344.5
17708, 54.95, 344.517
17709, 54.99, 344.551
17710, 55, 344.567
17711, 55.01, 344.584
17712, 55.01, 344.6
17713, 55, 344.617
17714, 54.99, 344.634
17715, 54.97, 344.651
17716, 54.97, 344.667
17717, 54.96, 344.684
17718, 54.94, 344.701
17719, 54.93, 344.717
17720, 54.91, 344.75
17721, 54.88, 344.767
17722, 54.86, 344.784
17723, 54.83, 344.801
17724, 54.8, 344.817
17725, 54.76, 344.834
17726, 54.72, 344.85
17727, 54.69, 344.867
17728, 54.65, 344.884
17729, 54.62, 344.901
17730, 54.58, 344.934
17731, 54.56, 344.951
17732, 54.56, 344.967
17733, 54.55, 344.984
17734, 54.55, 345
17735, 54.55, 345.017
17736, 54.55, 345.034
17737, 54.54, 345.051
17738, 54.53, 345.067
17739, 54.52, 345.084
17740, 54.51, 345.1
17741, 54.58, 345.134
17742, 54.57, 345.151
17743, 54.47, 345.167
17744, 54.44, 345.184
17745, 54.46, 345.201
17746, 54.48, 345.217
17747, 54.46, 345.234
17748, 54.47, 345.25
17749, 54.49, 345.267
17750, 54.54, 345.284
17751, 54.67, 345.317
17752, 54.69, 345.334
17753, 54.68, 345.35
17754, 54.69, 345.367
17755, 54.71, 345.384
17756, 54.74, 345.401
17757, 54.75, 345.417
17758, 54.75, 345.434
17759, 54.77, 345.451
17760, 54.86, 345.484
17761, 54.93, 345.5
17762, 54.96, 345.517
17763, 54.97, 345.534
17764, 54.98, 345.551
17765, 55, 345.567
17766, 55.02, 345.584
17767, 55.04, 345.6
17768, 55.05, 345.617
17769, 55.08, 345.634
17770, 55.24, 345.667
17771, 55.3, 345.684
17772, 55.32, 345.701
17773, 55.35, 345.717
17774, 55.41, 345.734
17775, 55.46, 345.75
17776, 55.51, 345.767
17777, 55.56, 345.784
17778, 55.61, 345.801
17779, 55.66, 345.817
17780, 55.71, 345.834
17781, 55.77, 345.85
17782, 55.89, 345.884
17783, 55.95, 345.901
17784, 56, 345.917
17785, 56.05, 345.934
17786, 56.1, 345.951
17787, 56.15, 345.967
17788, 56.2, 345.984
17789, 56.25, 346
17790, 56.3, 346.017
17791, 56.35, 346.034
17792, 56.39, 346.051
17793, 56.44, 346.067
17794, 56.49, 346.084
17795, 56.6, 346.117
17796, 56.66, 346.134
17797, 56.71, 346.151
17798, 56.75, 346.167
17799, 56.78, 346.184
17800, 56.83, 346.201
17801, 56.88, 346.217
17802, 56.94, 346.234
17803, 57, 346.25
17804, 57.07, 346.267
17805, 57.14, 346.284
17806, 57.19, 346.301
17807, 57.23, 346.317
17808, 57.29, 346.334
17809, 57.33, 346.35
17810, 57.36, 346.367
17811, 57.45, 346.401
17812, 57.49, 346.417
17813, 57.56, 346.434
17814, 57.64, 346.451
17815, 57.69, 346.467
17816, 57.71, 346.484
17817, 57.74, 346.5
17818, 57.79, 346.517
17819, 57.84, 346.534
17820, 57.89, 346.551
17821, 57.94, 346.567
17822, 57.98, 346.584
17823, 58.03, 346.6
17824, 58.07, 346.617
17825, 58.11, 346.634
17826, 58.16, 346.651
17827, 58.21, 346.667
17828, 58.25, 346.684
17829, 58.29, 346.701
17830, 58.33, 346.717
17831, 58.36, 346.734
17832, 58.4, 346.75
17833, 58.44, 346.767
17834, 58.5, 346.784
17835, 58.55, 346.801
17836, 58.59, 346.817
17837, 58.63, 346.834
17838, 58.71, 346.867
17839, 58.77, 346.884
17840, 58.82, 346.901
17841, 58.86, 346.917
17842, 58.89, 346.934
17843, 58.93, 346.951
17844, 58.98, 346.967
17845, 59.01, 346.984
17846, 59.04, 347
17847, 59.08, 347.017
17848, 59.12, 347.034
17849, 59.16, 347.051
17850, 59.2, 347.067
17851, 59.24, 347.084
17852, 59.27, 347.1
17853, 59.31, 347.117
17854, 59.35, 347.134
17855, 59.39, 347.151
17856, 59.43, 347.167
17857, 59.46, 347.184
17858, 59.5, 347.201
17859, 59.52, 347.217
17860, 59.55, 347.234
17861, 59.58, 347.25
17862, 59.62, 347.267
17863, 59.65, 347.284
17864, 59.69, 347.301
17865, 59.72, 347.317
17866, 59.74, 347.334
17867, 59.73, 347.35
17868, 59.71, 347.367
17869, 59.67, 347.384
17870, 59.6, 347.401
17871, 59.5, 347.417
17872, 59.41, 347.434
17873, 59.31, 347.451
17874, 59.2, 347.467
17875, 59.02, 347.484
17876, 58.81, 347.5
17877, 58.69, 347.517
17878, 58.54, 347.534
17879, 58.39, 347.551
17880, 58.22, 347.567
17881, 58.01, 347.584
17882, 57.83, 347.6
17883, 57.68, 347.617
17884, 57.49, 347.634
17885, 57.29, 347.651
17886, 57.09, 347.667
17887, 56.89, 347.684
17888, 56.48, 347.717
17889, 56.29, 347.734
17890, 56.11, 347.75
17891, 55.94, 347.767
17892, 55.75, 347.784
17893, 55.58, 347.801
17894, 55.44, 347.817
17895, 55.29, 347.834
17896, 55.14, 347.85
17897, 55, 347.867
17898, 54.86, 347.884
17899, 54.74, 347.901
17900, 54.5, 347.934
17901, 54.39, 347.951
17902, 54.28, 347.967
17903, 54.18, 347.984
17904, 54.08, 348
17905, 53.99, 348.017
17906, 53.9, 348.034
17907, 53.8, 348.051
17908, 53.58, 348.084
17909, 53.49, 348.1
17910, 53.38, 348.117
17911, 53.25, 348.134
17912, 53.12, 348.151
17913, 53, 348.167
17914, 52.85, 348.184
17915, 52.7, 348.201
17916, 52.5, 348.234
17917, 52.4, 348.25
17918, 52.3, 348.267
17919, 52.2, 348.284
17920, 52.08, 348.301
17921, 51.96, 348.317
17922, 51.84, 348.334
17923, 51.63, 348.367
17924, 51.51, 348.384
17925, 51.4, 348.401
17926, 51.3, 348.417
17927, 51.19, 348.434
17928, 51.09, 348.451
17929, 50.98, 348.467
17930, 50.77, 348.5
17931, 50.67, 348.517
17932, 50.57, 348.534
17933, 50.47, 348.551
17934, 50.37, 348.567
17935, 50.27, 348.584
17936, 50.06, 348.617
17937, 49.95, 348.634
17938, 49.84, 348.651
17939, 49.74, 348.667
17940, 49.65, 348.684
17941, 49.47, 348.717
17942, 49.38, 348.734
17943, 49.27, 348.75
17944, 49.07, 348.767
17945, 48.81, 348.801
17946, 48.72, 348.817
17947, 48.62, 348.834
17948, 48.51, 348.85
17949, 48.33, 348.884
17950, 48.25, 348.901
17951, 48.17, 348.917
17952, 48.09, 348.934
17953, 47.94, 348.967
17954, 47.87, 348.984
17955, 47.78, 349
17956, 47.69, 349.017
17957, 47.5, 349.051
17958, 47.42, 349.067
17959, 47.34, 349.084
17960, 47.27, 349.1
17961, 47.14, 349.134
17962, 47.08, 349.151
17963, 47.03, 349.167
17964, 46.99, 349.184
17965, 46.9, 349.217
17966, 46.86, 349.234
17967, 46.81, 349.25
17968, 46.71, 349.284
17969, 46.65, 349.301
17970, 46.6, 349.317
17971, 46.56, 349.35
17972, 46.58, 349.367
17973, 46.57, 349.384
17974, 46.55, 349.401
17975, 46.56, 349.434
17976, 46.56, 349.451
17977, 46.56, 349.467
17978, 46.56, 349.5
17979, 46.56, 349.517
17980, 46.57, 349.534
17981, 46.6, 349.567
17982, 46.62, 349.584
17983, 46.64, 349.6
17984, 46.65, 349.617
17985, 46.7, 349.651
17986, 46.71, 349.667
17987, 46.71, 349.684
17988, 46.72, 349.717
17989, 46.73, 349.734
17990, 46.79, 349.75
17991, 46.86, 349.767
17992, 46.93, 349.801
17993, 46.9, 349.817
17994, 46.9, 349.834
17995, 46.99, 349.867
17996, 47.02, 349.884
17997, 47.05, 349.901
17998, 47.09, 349.917
17999, 47.16, 349.951
18000, 47.21, 349.967
18001, 47.27, 349.984
18002, 47.38, 350.017
18003, 47.44, 350.034
18004, 47.5, 350.051
18005, 47.55, 350.067
18006, 47.65, 350.1
18007, 47.73, 350.117
18008, 47.81, 350.134
18009, 47.86, 350.151
18010, 47.93, 350.184
18011, 47.97, 350.201
18012, 48.01, 350.217
18013, 48.07, 350.234
18014, 48.21, 350.267
18015, 48.22, 350.284
18016, 48.21, 350.301
18017, 48.34, 350.317
18018, 48.46, 350.35
18019, 48.51, 350.367
18020, 48.59, 350.384
18021, 48.69, 350.401
18022, 48.82, 350.434
18023, 48.87, 350.451
18024, 48.93, 350.467
18025, 49, 350.484
18026, 49.14, 350.517
18027, 49.22, 350.534
18028, 49.29, 350.551
18029, 49.36, 350.567
18030, 49.47, 350.6
18031, 49.53, 350.617
18032, 49.6, 350.634
18033, 49.68, 350.651
18034, 49.76, 350.667
18035, 49.9, 350.701
18036, 49.96, 350.717
18037, 50.03, 350.734
18038, 50.1, 350.75
18039, 50.17, 350.767
18040, 50.31, 350.801
18041, 50.37, 350.817
18042, 50.43, 350.834
18043, 50.5, 350.85
18044, 50.57, 350.867
18045, 50.7, 350.901
18046, 50.77, 350.917
18047, 50.83, 350.934
18048, 50.89, 350.951
18049, 50.95, 350.967
18050, 51.07, 351
18051, 51.14, 351.017
18052, 51.22, 351.034
18053, 51.3, 351.051
18054, 51.38, 351.067
18055, 51.45, 351.084
18056, 51.58, 351.117
18057, 51.65, 351.134
18058, 51.72, 351.151
18059, 51.79, 351.167
18060, 51.85, 351.184
18061, 51.92, 351.201
18062, 52.05, 351.234
18063, 52.12, 351.25
18064, 52.19, 351.267
18065, 52.26, 351.284
18066, 52.33, 351.301
18067, 52.4, 351.317
18068, 52.52, 351.35
18069, 52.58, 351.367
18070, 52.64, 351.384
18071, 52.69, 351.401
18072, 52.74, 351.417
18073, 52.78, 351.434
18074, 52.83, 351.451
18075, 52.91, 351.484
18076, 52.93, 351.5
18077, 52.95, 351.517
18078, 52.98, 351.534
18079, 52.99, 351.551
18080, 53, 351.567
18081, 53.01, 351.584
18082, 53, 351.617
18083, 52.98, 351.634
18084, 52.94, 351.651
18085, 52.88, 351.667
18086, 52.8, 351.684
18087, 52.71, 351.701
18088, 52.61, 351.717
18089, 52.38, 351.75
18090, 52.26, 351.767
18091, 52.14, 351.784
18092, 51.96, 351.801
18093, 51.81, 351.817
18094, 51.7, 351.834
18095, 51.46, 351.867
18096, 51.32, 351.884
18097, 51.2, 351.901
18098, 51.11, 351.917
18099, 51.03, 351.934
18100, 50.87, 351.967
18101, 50.81, 351.984
18102, 50.76, 352
18103, 50.72, 352.017
18104, 50.68, 352.034
18105, 50.62, 352.067
18106, 50.59, 352.084
18107, 50.56, 352.1
18108, 50.53, 352.117
18109, 50.51, 352.134
18110, 50.45, 352.167
18111, 50.42, 352.184
18112, 50.39, 352.201
18113, 50.36, 352.217
18114, 50.33, 352.234
18115, 50.28, 352.267
18116, 50.26, 352.284
18117, 50.25, 352.301
18118, 50.23, 352.317
18119, 50.19, 352.334
18120, 49.9, 352.367
18121, 49.87, 352.384
18122, 49.85, 352.401
18123, 49.81, 352.417
18124, 49.68, 352.451
18125, 49.63, 352.467
18126, 49.58, 352.484
18127, 49.52, 352.5
18128, 49.36, 352.534
18129, 49.29, 352.551
18130, 49.23, 352.567
18131, 49.15, 352.584
18132, 49.08, 352.6
18133, 48.92, 352.634
18134, 48.83, 352.651
18135, 48.76, 352.667
18136, 48.62, 352.701
18137, 48.55, 352.717
18138, 48.5, 352.734
18139, 48.45, 352.75
18140, 48.34, 352.784
18141, 48.29, 352.801
18142, 48.23, 352.817
18143, 48.18, 352.834
18144, 48.09, 352.867
18145, 48.05, 352.884
18146, 48, 352.901
18147, 47.95, 352.917
18148, 47.81, 352.951
18149, 47.74, 352.967
18150, 47.68, 352.984
18151, 47.61, 353
18152, 47.49, 353.034
18153, 47.44, 353.051
18154, 47.39, 353.067
18155, 47.28, 353.1
18156, 47.22, 353.117
18157, 47.17, 353.134
18158, 47.11, 353.151
18159, 46.99, 353.184
18160, 46.94, 353.201
18161, 46.88, 353.217
18162, 46.82, 353.234
18163, 46.7, 353.267
18164, 46.64, 353.284
18165, 46.59, 353.301
18166, 46.47, 353.334
18167, 46.41, 353.35
18168, 46.36, 353.367
18169, 46.3, 353.384
18170, 46.17, 353.417
18171, 46.11, 353.434
18172, 46.05, 353.451
18173, 45.93, 353.484
18174, 45.88, 353.5
18175, 45.83, 353.517
18176, 45.74, 353.551
18177, 45.71, 353.567
18178, 45.65, 353.584
18179, 45.51, 353.617
18180, 45.43, 353.634
18181, 45.37, 353.651
18182, 45.23, 353.684
18183, 45.18, 353.701
18184, 45.14, 353.717
18185, 45.08, 353.75
18186, 45.05, 353.767
18187, 45.01, 353.784
18188, 44.89, 353.817
18189, 44.82, 353.834
18190, 44.75, 353.85
18191, 44.6, 353.884
18192, 44.52, 353.901
18193, 44.46, 353.917
18194, 44.38, 353.951
18195, 44.34, 353.967
18196, 44.31, 353.984
18197, 44.24, 354.017
18198, 44.21, 354.034
18199, 44.18, 354.051
18200, 44.1, 354.084
18201, 44.07, 354.1
18202, 44.07, 354.117
18203, 44.12, 354.151
18204, 44.13, 354.167
18205, 44.16, 354.184
18206, 44.23, 354.217
18207, 44.25, 354.234
18208, 44.27, 354.25
18209, 44.3, 354.284
18210, 44.33, 354.301
18211, 44.36, 354.317
18212, 44.38, 354.35
18213, 44.39, 354.367
18214, 44.41, 354.384
18215, 44.42, 354.417
18216, 44.45, 354.434
18217, 44.53, 354.467
18218, 44.55, 354.484
18219, 44.56, 354.5
18220, 44.62, 354.534
18221, 44.66, 354.551
18222, 44.69, 354.567
18223, 44.77, 354.6
18224, 44.82, 354.617
18225, 44.88, 354.634
18226, 44.98, 354.667
18227, 45.05, 354.684
18228, 45.11, 354.701
18229, 45.24, 354.734
18230, 45.32, 354.75
18231, 45.41, 354.767
18232, 45.54, 354.801
18233, 45.6, 354.817
18234, 45.69, 354.834
18235, 45.79, 354.85
18236, 45.97, 354.884
18237, 46.03, 354.901
18238, 46.1, 354.917
18239, 46.27, 354.951
18240, 46.35, 354.967
18241, 46.43, 354.984
18242, 46.61, 355.017
18243, 46.71, 355.034
18244, 46.79, 355.067
18245, 46.85, 355.084
18246, 47.02, 355.117
18247, 47.11, 355.134
18248, 47.2, 355.151
18249, 47.35, 355.184
18250, 47.43, 355.201
18251, 47.51, 355.217
18252, 47.59, 355.234
18253, 47.74, 355.267
18254, 47.82, 355.284
18255, 47.9, 355.301
18256, 47.97, 355.317
18257, 48.12, 355.35
18258, 48.19, 355.367
18259, 48.26, 355.384
18260, 48.33, 355.401
18261, 48.47, 355.434
18262, 48.54, 355.451
18263, 48.61, 355.467
18264, 48.67, 355.484
18265, 48.81, 355.517
18266, 48.88, 355.534
18267, 48.96, 355.551
18268, 49.02, 355.567
18269, 49.13, 355.6
18270, 49.21, 355.617
18271, 49.28, 355.634
18272, 49.36, 355.651
18273, 49.39, 355.667
18274, 49.4, 355.701
18275, 49.4, 355.717
18276, 49.43, 355.734
18277, 49.41, 355.75
18278, 49.41, 355.784
18279, 49.38, 355.801
18280, 49.53, 355.817
18281, 49.67, 355.834
18282, 49.63, 355.85
18283, 49.7, 355.884
18284, 49.77, 355.901
18285, 49.76, 355.917
18286, 49.73, 355.934
18287, 49.69, 355.951
18288, 49.6, 355.984
18289, 49.54, 356
18290, 49.47, 356.017
18291, 49.34, 356.034
18292, 49.17, 356.067
18293, 49.08, 356.084
18294, 48.98, 356.1
18295, 48.84, 356.117
18296, 48.71, 356.134
18297, 48.48, 356.167
18298, 48.34, 356.184
18299, 48.19, 356.201
18300, 48.05, 356.217
18301, 47.79, 356.25
18302, 47.65, 356.267
18303, 47.51, 356.284
18304, 47.4, 356.301
18305, 47.09, 356.334
18306, 46.93, 356.35
18307, 46.86, 356.367
18308, 46.6, 356.401
18309, 46.55, 356.417
18310, 46.48, 356.434
18311, 46.32, 356.451
18312, 45.94, 356.484
18313, 45.84, 356.5
18314, 45.8, 356.517
18315, 45.7, 356.551
18316, 45.68, 356.567
18317, 45.66, 356.584
18318, 45.58, 356.617
18319, 45.43, 356.634
18320, 45.37, 356.651
18321, 45.08, 356.684
18322, 44.96, 356.701
18323, 44.95, 356.717
18324, 44.9, 356.75
18325, 44.9, 356.767
18326, 44.87, 356.784
18327, 44.81, 356.817
18328, 44.79, 356.834
18329, 44.74, 356.85
18330, 44.6, 356.884
18331, 44.51, 356.901
18332, 44.37, 356.934
18333, 44.32, 356.951
18334, 44.28, 356.967
18335, 44.23, 357
18336, 44.21, 357.017
18337, 44.18, 357.034
18338, 44.1, 357.067
18339, 44.07, 357.084
18340, 44.04, 357.1
18341, 43.98, 357.134
18342, 43.93, 357.151
18343, 43.82, 357.184
18344, 43.76, 357.201
18345, 43.71, 357.217
18346, 43.63, 357.25
18347, 43.6, 357.267
18348, 43.57, 357.284
18349, 43.52, 357.317
18350, 43.5, 357.334
18351, 43.46, 357.35
18352, 43.4, 357.384
18353, 43.38, 357.401
18354, 43.36, 357.417
18355, 43.35, 357.451
18356, 43.34, 357.467
18357, 43.33, 357.5
18358, 43.37, 357.517
18359, 43.39, 357.534
18360, 43.35, 357.567
18361, 43.34, 357.584
18362, 43.35, 357.6
18363, 43.35, 357.634
18364, 43.35, 357.651
18365, 43.36, 357.667
18366, 43.37, 357.701
18367, 43.36, 357.717
18368, 43.35, 357.75
18369, 43.36, 357.767
18370, 43.36, 357.784
18371, 43.43, 357.817
18372, 43.48, 357.834
18373, 43.52, 357.85
18374, 43.52, 357.884
18375, 43.54, 357.901
18376, 43.56, 357.917
18377, 43.73, 357.951
18378, 43.81, 357.967
18379, 43.86, 357.984
18380, 43.79, 358.017
18381, 43.83, 358.034
18382, 43.9, 358.051
18383, 43.94, 358.084
18384, 43.96, 358.1
18385, 44.13, 358.134
18386, 44.22, 358.151
18387, 44.28, 358.167
18388, 44.34, 358.201
18389, 44.39, 358.217
18390, 44.45, 358.234
18391, 44.56, 358.267
18392, 44.63, 358.284
18393, 44.7, 358.301
18394, 44.84, 358.334
18395, 44.92, 358.35
18396, 45.06, 358.384
18397, 45.12, 358.401
18398, 45.18, 358.417
18399, 45.33, 358.451
18400, 45.41, 358.467
18401, 45.47, 358.484
18402, 45.6, 358.517
18403, 45.68, 358.534
18404, 45.76, 358.551
18405, 45.9, 358.584
18406, 45.97, 358.6
18407, 46.04, 358.617
18408, 46.19, 358.651
18409, 46.26, 358.667
18410, 46.33, 358.684
18411, 46.42, 358.701
18412, 46.58, 358.734
18413, 46.64, 358.75
18414, 46.7, 358.767
18415, 46.84, 358.801
18416, 46.89, 358.817
18417, 46.95, 358.834
18418, 47.15, 358.867
18419, 47.23, 358.884
18420, 47.28, 358.901
18421, 47.31, 358.917
18422, 47.43, 358.951
18423, 47.5, 358.967
18424, 47.58, 358.984
18425, 47.73, 359.017
18426, 47.79, 359.034
18427, 47.87, 359.051
18428, 47.94, 359.067
18429, 48.06, 359.1
18430, 48.14, 359.117
18431, 48.22, 359.134
18432, 48.3, 359.151
18433, 48.43, 359.184
18434, 48.5, 359.201
18435, 48.57, 359.217
18436, 48.63, 359.234
18437, 48.77, 359.267
18438, 48.84, 359.284
18439, 48.9, 359.301
18440, 48.96, 359.317
18441, 49.08, 359.35
18442, 49.15, 359.367
18443, 49.22, 359.384
18444, 49.28, 359.401
18445, 49.34, 359.417
18446, 49.47, 359.451
18447, 49.53, 359.467
18448, 49.59, 359.484
18449, 49.65, 359.5
18450, 49.76, 359.534
18451, 49.81, 359.551
18452, 49.85, 359.567
18453, 49.89, 359.584
18454, 49.92, 359.6
18455, 49.97, 359.634
18456, 49.96, 359.651
18457, 49.94, 359.667
18458, 50.05, 359.684
18459, 50.19, 359.701
18460, 50.24, 359.734
18461, 50.3, 359.75
18462, 50.37, 359.767
18463, 50.43, 359.784
18464, 50.47, 359.801
18465, 50.57, 359.834
18466, 50.63, 359.85
18467, 50.69, 359.867
18468, 50.75, 359.884
18469, 50.8, 359.901
18470, 50.86, 359.917
18471, 50.96, 359.951
18472, 51.02, 359.967
18473, 51.07, 359.984
18474, 51.12, 360
18475, 51.17, 360.017
18476, 51.27, 360.051
18477, 51.32, 360.051
18478, 51.37, 360.067
18479, 51.42, 360.084
18480, 51.47, 360.1
18481, 51.52, 360.117
18482, 51.62, 360.151
18483, 51.68, 360.167
18484, 51.73, 360.184
18485, 51.77, 360.201
18486, 51.82, 360.217
18487, 51.86, 360.234
18488, 51.91, 360.25
18489, 52.01, 360.284
18490, 52.07, 360.301
18491, 52.11, 360.317
18492, 52.16, 360.334
18493, 52.2, 360.35
18494, 52.25, 360.367
18495, 52.33, 360.401
18496, 52.38, 360.417
18497, 52.42, 360.434
18498, 52.46, 360.451
18499, 52.49, 360.467
18500, 52.52, 360.484
18501, 52.54, 360.5
18502, 52.58, 360.534
18503, 52.59, 360.551
18504, 52.59, 360.567
18505, 52.59, 360.584
18506, 52.59, 360.6
18507, 52.57, 360.617
18508, 52.54, 360.634
18509, 52.42, 360.667
18510, 52.32, 360.684
18511, 52.21, 360.701
18512, 52.08, 360.717
18513, 51.93, 360.734
18514, 51.77, 360.75
18515, 51.38, 360.784
18516, 51.17, 360.801
18517, 50.95, 360.817
18518, 50.67, 360.834
18519, 50.43, 360.85
18520, 50.24, 360.867
18521, 49.83, 360.901
18522, 49.63, 360.917
18523, 49.39, 360.934
18524, 49.17, 360.951
18525, 48.72, 360.984
18526, 48.48, 361
18527, 48.27, 361.017
18528, 48.07, 361.034
18529, 47.88, 361.051
18530, 47.5, 361.084
18531, 47.22, 361.1
18532, 47.01, 361.117
18533, 46.75, 361.151
18534, 46.64, 361.167
18535, 46.52, 361.184
18536, 46.35, 361.201
18537, 46.07, 361.234
18538, 46, 361.25
18539, 45.91, 361.267
18540, 45.7, 361.301
18541, 45.61, 361.317
18542, 45.54, 361.334
18543, 45.4, 361.367
18544, 45.33, 361.384
18545, 45.26, 361.401
18546, 45.15, 361.434
18547, 45.08, 361.451
18548, 45.01, 361.467
18549, 44.87, 361.5
18550, 44.79, 361.517
18551, 44.72, 361.534
18552, 44.58, 361.567
18553, 44.51, 361.584
18554, 44.45, 361.6
18555, 44.32, 361.634
18556, 44.26, 361.651
18557, 44.13, 361.684
18558, 44.06, 361.701
18559, 44, 361.717
18560, 43.87, 361.75
18561, 43.8, 361.767
18562, 43.73, 361.784
18563, 43.6, 361.817
18564, 43.53, 361.834
18565, 43.47, 361.85
18566, 43.33, 361.884
18567, 43.26, 361.901
18568, 43.18, 361.917
18569, 43.03, 361.951
18570, 42.95, 361.967
18571, 42.88, 361.984
18572, 42.73, 362.017
18573, 42.65, 362.034
18574, 42.58, 362.051
18575, 42.47, 362.084
18576, 42.42, 362.1
18577, 42.38, 362.117
18578, 42.29, 362.151
18579, 42.24, 362.167
18580, 42.21, 362.184
18581, 42.17, 362.217
18582, 42.11, 362.234
18583, 42.06, 362.25
18584, 41.96, 362.284
18585, 41.91, 362.301
18586, 41.85, 362.317
18587, 41.68, 362.35
18588, 41.63, 362.367
18589, 41.57, 362.384
18590, 41.45, 362.417
18591, 41.38, 362.434
18592, 41.2, 362.467
18593, 41.12, 362.484
18594, 41.05, 362.5
18595, 40.9, 362.534
18596, 40.84, 362.551
18597, 40.78, 362.567
18598, 40.68, 362.6
18599, 40.64, 362.617
18600, 40.62, 362.651
18601, 40.61, 362.667
18602, 40.57, 362.684
18603, 40.55, 362.717
18604, 40.54, 362.734
18605, 40.51, 362.767
18606, 40.53, 362.784
18607, 40.57, 362.801
18608, 40.62, 362.834
18609, 40.62, 362.85
18610, 40.63, 362.884
18611, 40.63, 362.901
18612, 40.69, 362.934
18613, 40.76, 362.951
18614, 40.82, 362.984
18615, 40.84, 363
18616, 40.91, 363.034
18617, 40.93, 363.051
18618, 41.03, 363.084
18619, 41.09, 363.1
18620, 41.14, 363.117
18621, 41.28, 363.151
18622, 41.35, 363.167
18623, 41.43, 363.201
18624, 41.49, 363.217
18625, 41.6, 363.25
18626, 41.64, 363.267
18627, 41.8, 363.301
18628, 41.88, 363.317
18629, 41.97, 363.35
18630, 42.01, 363.367
18631, 42.11, 363.401
18632, 42.15, 363.417
18633, 42.27, 363.451
18634, 42.34, 363.467
18635, 42.42, 363.5
18636, 42.43, 363.517
18637, 42.46, 363.534
18638, 42.54, 363.567
18639, 42.54, 363.584
18640, 42.62, 363.617
18641, 42.7, 363.634
18642, 42.82, 363.667
18643, 42.85, 363.684
18644, 42.86, 363.717
18645, 42.88, 363.734
18646, 42.91, 363.75
18647, 43.03, 363.784
18648, 43.11, 363.801
18649, 43.24, 363.834
18650, 43.29, 363.85
18651, 43.35, 363.884
18652, 43.37, 363.901
18653, 43.39, 363.917
18654, 43.43, 363.951
18655, 43.47, 363.967
18656, 43.58, 364
18657, 43.65, 364.017
18658, 43.73, 364.034
18659, 43.84, 364.067
18660, 43.86, 364.084
18661, 43.89, 364.117
18662, 43.89, 364.134
18663, 43.87, 364.151
18664, 43.82, 364.184
18665, 43.8, 364.201
18666, 43.78, 364.234
18667, 43.86, 364.25
18668, 43.84, 364.267
18669, 43.92, 364.301
18670, 43.8, 364.317
18671, 44.02, 364.35
18672, 44.13, 364.367
18673, 44.16, 364.384
18674, 44.08, 364.417
18675, 44.03, 364.434
18676, 44.07, 364.451
18677, 44.3, 364.484
18678, 44.42, 364.5
18679, 44.4, 364.534
18680, 44.37, 364.551
18681, 44.37, 364.567
18682, 44.37, 364.6
18683, 44.35, 364.617
18684, 44.34, 364.634
18685, 44.43, 364.667
18686, 44.46, 364.684
18687, 44.5, 364.701
18688, 44.5, 364.734
18689, 44.47, 364.75
18690, 44.43, 364.784
18691, 44.44, 364.801
18692, 44.46, 364.817
18693, 44.47, 364.85
18694, 44.45, 364.867
18695, 44.45, 364.884
18696, 44.42, 364.917
18697, 44.41, 364.934
18698, 44.4, 364.951
18699, 44.4, 364.984
18700, 44.41, 365
18701, 44.44, 365.034
18702, 44.45, 365.051
18703, 44.46, 365.067
18704, 44.47, 365.1
18705, 44.48, 365.117
18706, 44.5, 365.134
18707, 44.51, 365.167
18708, 44.51, 365.184
18709, 44.57, 365.217
18710, 44.61, 365.234
18711, 44.63, 365.25
18712, 44.63, 365.284
18713, 44.66, 365.301
18714, 44.66, 365.317
18715, 44.63, 365.35
18716, 44.62, 365.367
18717, 44.63, 365.384
18718, 44.78, 365.417
18719, 44.89, 365.434
18720, 44.89, 365.451
18721, 44.84, 365.484
18722, 44.83, 365.5
18723, 44.8, 365.534
18724, 44.83, 365.551
18725, 44.83, 365.567
18726, 44.79, 365.6
18727, 44.79, 365.617
18728, 44.81, 365.634
18729, 44.85, 365.667
18730, 44.87, 365.684
18731, 44.91, 365.701
18732, 44.99, 365.734
18733, 45.04, 365.75
18734, 45.1, 365.767
18735, 45.23, 365.801
18736, 45.29, 365.817
18737, 45.35, 365.834
18738, 45.49, 365.867
18739, 45.57, 365.884
18740, 45.64, 365.901
18741, 45.79, 365.934
18742, 45.86, 365.951
18743, 45.93, 365.967
18744, 46.08, 366
18745, 46.15, 366.017
18746, 46.21, 366.034
18747, 46.35, 366.067
18748, 46.41, 366.084
18749, 46.48, 366.1
18750, 46.56, 366.117
18751, 46.69, 366.151
18752, 46.76, 366.167
18753, 46.83, 366.184
18754, 46.96, 366.217
18755, 47.02, 366.234
18756, 47.09, 366.25
18757, 47.15, 366.267
18758, 47.3, 366.301
18759, 47.38, 366.317
18760, 47.46, 366.334
18761, 47.59, 366.367
18762, 47.67, 366.384
18763, 47.74, 366.401
18764, 47.8, 366.417
18765, 47.93, 366.451
18766, 48, 366.467
18767, 48.06, 366.484
18768, 48.11, 366.5
18769, 48.19, 366.534
18770, 48.23, 366.551
18771, 48.24, 366.567
18772, 48.23, 366.584
18773, 48.16, 366.617
18774, 48.08, 366.634
18775, 47.97, 366.651
18776, 47.85, 366.667
18777, 47.56, 366.701
18778, 47.35, 366.717
18779, 47.13, 366.734
18780, 46.97, 366.75
18781, 46.65, 366.784
18782, 46.46, 366.801
18783, 46.24, 366.817
18784, 45.85, 366.85
18785, 45.67, 366.867
18786, 45.49, 366.884
18787, 45.11, 366.917
18788, 44.94, 366.934
18789, 44.78, 366.951
18790, 44.45, 366.984
18791, 44.29, 367
18792, 44.14, 367.017
18793, 43.85, 367.051
18794, 43.7, 367.067
18795, 43.56, 367.084
18796, 43.28, 367.117
18797, 43.14, 367.134
18798, 42.89, 367.167
18799, 42.77, 367.184
18800, 42.67, 367.201
18801, 42.49, 367.234
18802, 42.4, 367.25
18803, 42.24, 367.284
18804, 42.17, 367.301
18805, 42.04, 367.334
18806, 41.97, 367.35
18807, 41.92, 367.367
18808, 41.81, 367.401
18809, 41.75, 367.417
18810, 41.63, 367.451
18811, 41.57, 367.467
18812, 41.47, 367.5
18813, 41.42, 367.517
18814, 41.31, 367.551
18815, 41.25, 367.567
18816, 41.14, 367.6
18817, 41.09, 367.617
18818, 40.98, 367.651
18819, 40.92, 367.667
18820, 40.86, 367.684
18821, 40.75, 367.717
18822, 40.71, 367.734
18823, 40.63, 367.767
18824, 40.59, 367.784
18825, 40.3, 367.817
18826, 40.14, 367.85
18827, 40.09, 367.867
18828, 39.98, 367.901
18829, 39.91, 367.917
18830, 39.78, 367.951
18831, 39.72, 367.967
18832, 39.57, 368
18833, 39.49, 368.017
18834, 39.35, 368.051
18835, 39.28, 368.067
18836, 39.15, 368.1
18837, 39.08, 368.117
18838, 38.94, 368.151
18839, 38.87, 368.167
18840, 38.74, 368.201
18841, 38.68, 368.217
18842, 38.54, 368.25
18843, 38.47, 368.267
18844, 38.34, 368.301
18845, 38.27, 368.317
18846, 38.14, 368.35
18847, 38.02, 368.384
18848, 37.96, 368.401
18849, 37.85, 368.434
18850, 37.8, 368.451
18851, 37.69, 368.484
18852, 37.63, 368.5
18853, 37.48, 368.534
18854, 37.33, 368.567
18855, 37.26, 368.584
18856, 37.12, 368.617
18857, 37.05, 368.634
18858, 36.91, 368.667
18859, 36.84, 368.684
18860, 36.71, 368.717
18861, 36.56, 368.75
18862, 36.48, 368.767
18863, 36.34, 368.801
18864, 36.21, 368.834
18865, 36.14, 368.85
18866, 36, 368.884
18867, 35.92, 368.901
18868, 35.76, 368.934
18869, 35.61, 368.967
18870, 35.54, 368.984
18871, 35.39, 369.017
18872, 35.29, 369.051
18873, 35.26, 369.067
18874, 35.19, 369.1
18875, 35.22, 369.134
18876, 35.22, 369.151
18877, 35.17, 369.184
18878, 35.17, 369.201
18879, 35.16, 369.234
18880, 35.14, 369.267
18881, 35.19, 369.284
18882, 35.41, 369.317
18883, 35.43, 369.35
18884, 35.39, 369.367
18885, 35.42, 369.401
18886, 35.5, 369.434
18887, 35.49, 369.451
18888, 35.51, 369.484
18889, 35.73, 369.517
18890, 35.9, 369.534
18891, 36.04, 369.567
18892, 36.1, 369.6
18893, 36.14, 369.617
18894, 36.23, 369.651
18895, 36.45, 369.684
18896, 36.6, 369.701
18897, 36.8, 369.734
18898, 36.91, 369.767
18899, 36.98, 369.784
18900, 37.16, 369.817
18901, 37.26, 369.834
18902, 37.43, 369.867
18903, 37.58, 369.901
18904, 37.66, 369.917
18905, 37.82, 369.951
18906, 37.88, 369.967
18907, 38.03, 370
18908, 38.18, 370.034
18909, 38.23, 370.051
18910, 38.37, 370.084
18911, 38.45, 370.1
18912, 38.61, 370.134
18913, 38.67, 370.151
18914, 38.73, 370.184
18915, 38.81, 370.217
18916, 38.97, 370.234
18917, 39.07, 370.267
18918, 39.18, 370.284
18919, 39.34, 370.317
18920, 39.39, 370.334
18921, 39.54, 370.367
18922, 39.62, 370.384
18923, 39.73, 370.417
18924, 39.79, 370.434
18925, 39.94, 370.467
18926, 40, 370.484
18927, 40.1, 370.517
18928, 40.17, 370.534
18929, 40.3, 370.567
18930, 40.37, 370.584
18931, 40.5, 370.617
18932, 40.56, 370.634
18933, 40.62, 370.667
18934, 40.64, 370.684
18935, 40.73, 370.717
18936, 40.85, 370.734
18937, 41.02, 370.767
18938, 41.01, 370.784
18939, 41.19, 370.817
18940, 41.33, 370.834
18941, 41.41, 370.85
18942, 41.46, 370.884
18943, 41.51, 370.901
18944, 41.6, 370.934
18945, 41.65, 370.951
18946, 41.85, 370.984
18947, 41.93, 371
18948, 41.98, 371.017
18949, 42.12, 371.051
18950, 42.18, 371.067
18951, 42.29, 371.1
18952, 42.38, 371.117
18953, 42.44, 371.134
18954, 42.5, 371.167
18955, 42.56, 371.184
18956, 42.72, 371.217
18957, 42.79, 371.234
18958, 42.84, 371.25
18959, 42.95, 371.284
18960, 43.03, 371.301
18961, 43.2, 371.334
18962, 43.27, 371.35
18963, 43.33, 371.367
18964, 43.45, 371.401
18965, 43.52, 371.417
18966, 43.67, 371.451
18967, 43.74, 371.467
18968, 43.8, 371.484
18969, 43.93, 371.517
18970, 44, 371.534
18971, 44.07, 371.551
18972, 44.2, 371.584
18973, 44.27, 371.6
18974, 44.33, 371.617
18975, 44.44, 371.651
18976, 44.52, 371.667
18977, 44.63, 371.684
18978, 44.81, 371.717
18979, 44.84, 371.734
18980, 44.89, 371.75
18981, 45.02, 371.784
18982, 45.09, 371.801
18983, 45.17, 371.817
18984, 45.34, 371.85
18985, 45.4, 371.867
18986, 45.47, 371.884
18987, 45.59, 371.917
18988, 45.65, 371.934
18989, 45.71, 371.951
18990, 45.84, 371.984
18991, 45.9, 372
18992, 45.96, 372.017
18993, 46.13, 372.051
18994, 46.23, 372.067
18995, 46.31, 372.084
18996, 46.45, 372.117
18997, 46.53, 372.134
18998, 46.61, 372.151
18999, 46.68, 372.167
19000, 46.82, 372.201
19001, 46.9, 372.217
19002, 46.97, 372.234
19003, 47.09, 372.267
19004, 47.17, 372.284
19005, 47.25, 372.301
19006, 47.33, 372.317
19007, 47.46, 372.35
19008, 47.54, 372.367
19009, 47.61, 372.384
19010, 47.68, 372.401
19011, 47.8, 372.434
19012, 47.87, 372.451
19013, 47.95, 372.467
19014, 48.02, 372.484
19015, 48.15, 372.517
19016, 48.21, 372.534
19017, 48.28, 372.551
19018, 48.34, 372.567
19019, 48.48, 372.6
19020, 48.55, 372.617
19021, 48.61, 372.634
19022, 48.68, 372.651
19023, 48.82, 372.684
19024, 48.87, 372.701
19025, 48.91, 372.717
19026, 48.96, 372.734
19027, 49, 372.75
19028, 49.07, 372.784
19029, 49.11, 372.801
19030, 49.14, 372.817
19031, 49.19, 372.834
19032, 49.32, 372.867
19033, 49.38, 372.884
19034, 49.44, 372.901
19035, 49.5, 372.917
19036, 49.56, 372.934
19037, 49.66, 372.967
19038, 49.71, 372.984
19039, 49.74, 373
19040, 49.77, 373.017
19041, 49.84, 373.051
19042, 49.87, 373.067
19043, 49.89, 373.084
19044, 49.91, 373.1
19045, 49.92, 373.117
19046, 49.9, 373.151
19047, 50, 373.167
19048, 50.13, 373.184
19049, 50.16, 373.201
19050, 50.22, 373.217
19051, 50.35, 373.25
19052, 50.42, 373.267
19053, 50.49, 373.284
19054, 50.55, 373.301
19055, 50.61, 373.317
19056, 50.74, 373.35
19057, 50.8, 373.367
19058, 50.85, 373.384
19059, 50.92, 373.401
19060, 50.98, 373.417
19061, 51.04, 373.434
19062, 51.17, 373.467
19063, 51.23, 373.484
19064, 51.29, 373.5
19065, 51.36, 373.517
19066, 51.43, 373.534
19067, 51.5, 373.551
19068, 51.62, 373.584
19069, 51.68, 373.6
19070, 51.74, 373.617
19071, 51.8, 373.634
19072, 51.87, 373.651
19073, 51.94, 373.667
19074, 52.08, 373.701
19075, 52.14, 373.717
19076, 52.2, 373.734
19077, 52.26, 373.75
19078, 52.32, 373.767
19079, 52.38, 373.784
19080, 52.44, 373.801
19081, 52.58, 373.834
19082, 52.65, 373.85
19083, 52.73, 373.867
19084, 52.79, 373.884
19085, 52.85, 373.901
19086, 52.92, 373.917
19087, 52.98, 373.934
19088, 53.1, 373.967
19089, 53.16, 373.984
19090, 53.22, 374
19091, 53.29, 374.017
19092, 53.35, 374.034
19093, 53.42, 374.051
19094, 53.47, 374.067
19095, 53.53, 374.084
19096, 53.66, 374.117
19097, 53.71, 374.134
19098, 53.77, 374.151
19099, 53.84, 374.167
19100, 53.9, 374.184
19101, 53.95, 374.201
19102, 54, 374.217
19103, 54.06, 374.234
19104, 54.12, 374.25
19105, 54.23, 374.284
19106, 54.28, 374.301
19107, 54.33, 374.317
19108, 54.39, 374.334
19109, 54.47, 374.35
19110, 54.55, 374.367
19111, 54.62, 374.384
19112, 54.67, 374.401
19113, 54.72, 374.417
19114, 54.78, 374.434
19115, 54.89, 374.467
19116, 54.95, 374.484
19117, 55.02, 374.5
19118, 55.08, 374.517
19119, 55.14, 374.534
19120, 55.2, 374.551
19121, 55.26, 374.567
19122, 55.31, 374.584
19123, 55.37, 374.6
19124, 55.43, 374.617
19125, 55.49, 374.634
19126, 55.6, 374.667
19127, 55.66, 374.684
19128, 55.72, 374.701
19129, 55.77, 374.717
19130, 55.83, 374.734
19131, 55.89, 374.75
19132, 55.95, 374.767
19133, 56.01, 374.784
19134, 56.06, 374.801
19135, 56.11, 374.817
19136, 56.17, 374.834
19137, 56.23, 374.85
19138, 56.29, 374.867
19139, 56.41, 374.901
19140, 56.47, 374.917
19141, 56.53, 374.934
19142, 56.58, 374.951
19143, 56.63, 374.967
19144, 56.69, 374.984
19145, 56.74, 375
19146, 56.81, 375.017
19147, 56.88, 375.034
19148, 56.94, 375.051
19149, 57, 375.067
19150, 57.05, 375.084
19151, 57.11, 375.1
19152, 57.17, 375.117
19153, 57.23, 375.134
19154, 57.28, 375.151
19155, 57.34, 375.167
19156, 57.45, 375.201
19157, 57.5, 375.217
19158, 57.55, 375.234
19159, 57.6, 375.25
19160, 57.66, 375.267
19161, 57.72, 375.284
19162, 57.77, 375.301
19163, 57.82, 375.317
19164, 57.88, 375.334
19165, 57.92, 375.35
19166, 57.97, 375.367
19167, 58.02, 375.384
19168, 58.06, 375.401
19169, 58.11, 375.417
19170, 58.16, 375.434
19171, 58.2, 375.451
19172, 58.24, 375.467
19173, 58.28, 375.484
19174, 58.33, 375.5
19175, 58.38, 375.517
19176, 58.42, 375.534
19177, 58.47, 375.551
19178, 58.52, 375.567
19179, 58.57, 375.584
19180, 58.61, 375.6
19181, 58.67, 375.617
19182, 58.71, 375.634
19183, 58.81, 375.667
19184, 58.86, 375.684
19185, 58.9, 375.701
19186, 58.95, 375.717
19187, 58.99, 375.734
19188, 59.03, 375.75
19189, 59.07, 375.767
19190, 59.11, 375.784
19191, 59.15, 375.801
19192, 59.2, 375.817
19193, 59.24, 375.834
19194, 59.28, 375.85
19195, 59.32, 375.867
19196, 59.37, 375.884
19197, 59.36, 375.901
19198, 59.33, 375.917
19199, 59.47, 375.934
19200, 59.52, 375.951
19201, 59.48, 375.967
19202, 59.53, 375.984
19203, 59.61, 376
19204, 59.63, 376.017
19205, 59.64, 376.034
19206, 59.7, 376.067
19207, 59.74, 376.084
19208, 59.77, 376.1
19209, 59.81, 376.117
19210, 59.86, 376.134
19211, 59.9, 376.151
19212, 59.93, 376.167
19213, 59.97, 376.184
19214, 60.01, 376.201
19215, 60.04, 376.217
19216, 60.08, 376.234
19217, 60.11, 376.25
19218, 60.15, 376.267
19219, 60.18, 376.284
19220, 60.23, 376.301
19221, 60.27, 376.317
19222, 60.3, 376.334
19223, 60.34, 376.35
19224, 60.37, 376.367
19225, 60.4, 376.384
19226, 60.43, 376.401
19227, 60.47, 376.417
19228, 60.5, 376.434
19229, 60.54, 376.451
19230, 60.58, 376.467
19231, 60.63, 376.484
19232, 60.67, 376.5
19233, 60.7, 376.517
19234, 60.73, 376.534
19235, 60.75, 376.551
19236, 60.78, 376.567
19237, 60.81, 376.584
19238, 60.85, 376.6
19239, 60.9, 376.617
19240, 60.96, 376.634
19241, 60.99, 376.651
19242, 61.01, 376.667
19243, 61.04, 376.684
19244, 61.08, 376.701
19245, 61.11, 376.717
19246, 61.14, 376.734
19247, 61.17, 376.75
19248, 61.2, 376.767
19249, 61.23, 376.784
19250, 61.26, 376.801
19251, 61.29, 376.817
19252, 61.32, 376.834
19253, 61.34, 376.85
19254, 61.37, 376.867
19255, 61.4, 376.884
19256, 61.42, 376.901
19257, 61.45, 376.917
19258, 61.45, 376.917
19259, 61.49, 376.934
19260, 61.51, 376.951
19261, 61.54, 376.967
19262, 61.57, 376.984
19263, 61.6, 377
19264, 61.63, 377.017
19265, 61.67, 377.034
19266, 61.7, 377.051
19267, 61.74, 377.067
19268, 61.77, 377.084
19269, 61.81, 377.1
19270, 61.83, 377.117
19271, 61.86, 377.134
19272, 61.89, 377.151
19273, 61.91, 377.167
19274, 61.93, 377.184
19275, 61.96, 377.201
19276, 61.99, 377.217
19277, 62.01, 377.234
19278, 62.03, 377.25
19279, 62.05, 377.267
19280, 62.07, 377.284
19281, 62.1, 377.301
19282, 62.13, 377.317
19283, 62.15, 377.334
19284, 62.18, 377.35
19285, 62.2, 377.367
19286, 62.22, 377.384
19287, 62.24, 377.401
19288, 62.26, 377.417
19289, 62.28, 377.434
19290, 62.3, 377.451
19291, 62.33, 377.467
19292, 62.33, 377.467
19293, 62.35, 377.484
19294, 62.38, 377.5
19295, 62.41, 377.517
19296, 62.44, 377.534
19297, 62.47, 377.551
19298, 62.49, 377.567
19299, 62.51, 377.584
19300, 62.54, 377.6
19301, 62.57, 377.617
19302, 62.59, 377.634
19303, 62.62, 377.651
19304, 62.65, 377.667
19305, 62.67, 377.684
19306, 62.69, 377.701
19307, 62.71, 377.717
19308, 62.74, 377.734
19309, 62.76, 377.75
19310, 62.78, 377.767
19311, 62.81, 377.784
19312, 62.83, 377.801
19313, 62.86, 377.817
19314, 62.9, 377.834
19315, 62.93, 377.85
19316, 62.93, 377.85
19317, 62.97, 377.867
19318, 63, 377.884
19319, 63.04, 377.901
19320, 63.08, 377.917
19321, 63.12, 377.934
19322, 63.15, 377.951
19323, 63.17, 377.967
19324, 63.19, 377.984
19325, 63.21, 378
19326, 63.23, 378.017
19327, 63.25, 378.034
19328, 63.27, 378.051
19329, 63.29, 378.067
19330, 63.32, 378.084
19331, 63.34, 378.1
19332, 63.38, 378.117
19333, 63.42, 378.134
19334, 63.45, 378.151
19335, 63.45, 378.151
19336, 63.47, 378.167
19337, 63.5, 378.184
19338, 63.53, 378.201
19339, 63.55, 378.217
19340, 63.58, 378.234
19341, 63.6, 378.25
19342, 63.63, 378.267
19343, 63.66, 378.284
19344, 63.68, 378.301
19345, 63.7, 378.317
19346, 63.71, 378.334
19347, 63.7, 378.35
19348, 63.7, 378.367
19349, 63.7, 378.384
19350, 63.7, 378.401
19351, 63.68, 378.417
19352, 63.68, 378.417
19353, 63.67, 378.434
19354, 63.63, 378.451
19355, 63.6, 378.467
19356, 63.56, 378.484
19357, 63.53, 378.5
19358, 63.49, 378.517
19359, 63.46, 378.534
19360, 63.43, 378.551
19361, 63.4, 378.567
19362, 63.38, 378.584
19363, 63.31, 378.6
19364, 63.19, 378.617
19365, 63.16, 378.634
19366, 63.08, 378.651
19367, 63.03, 378.667
19368, 62.95, 378.684
19369, 62.89, 378.701
19370, 62.85, 378.717
19371, 62.81, 378.734
19372, 62.81, 378.734
19373, 62.76, 378.75
19374, 62.69, 378.767
19375, 62.62, 378.784
19376, 62.54, 378.801
19377, 62.46, 378.817
19378, 62.37, 378.834
19379, 62.28, 378.85
19380, 62.19, 378.867
19381, 62.1, 378.884
19382, 62.02, 378.901
19383, 61.95, 378.917
19384, 61.85, 378.934
19385, 61.74, 378.951
19386, 61.63, 378.967
19387, 61.52, 378.984
19388, 61.4, 379
19389, 61.28, 379.017
19390, 61.16, 379.034
19391, 61.04, 379.051
19392, 60.91, 379.067
19393, 60.77, 379.084
19394, 60.62, 379.1
19395, 60.5, 379.117
19396, 60.39, 379.134
19397, 60.28, 379.151
19398, 60.16, 379.167
19399, 60.03, 379.184
19400, 59.91, 379.201
19401, 59.72, 379.217
19402, 59.52, 379.234
19403, 59.4, 379.25
19404, 59.29, 379.267
19405, 59.14, 379.284
19406, 58.95, 379.301
19407, 58.8, 379.317
19408, 58.68, 379.334
19409, 58.54, 379.35
19410, 58.39, 379.367
19411, 58.26, 379.384
19412, 58.15, 379.401
19413, 58.05, 379.417
19414, 57.95, 379.434
19415, 57.85, 379.451
19416, 57.78, 379.467
19417, 57.7, 379.484
19418, 57.63, 379.5
19419, 57.55, 379.517
19420, 57.4, 379.551
19421, 57.33, 379.567
19422, 57.26, 379.584
19423, 57.19, 379.6
19424, 57.11, 379.617
19425, 57.03, 379.634
19426, 56.96, 379.651
19427, 56.88, 379.667
19428, 56.8, 379.684
19429, 56.72, 379.701
19430, 56.64, 379.717
19431, 56.56, 379.734
19432, 56.49, 379.75
19433, 56.41, 379.767
19434, 56.33, 379.784
19435, 56.24, 379.801
19436, 56.16, 379.817
19437, 56.08, 379.834
19438, 56, 379.85
19439, 55.85, 379.884
19440, 55.78, 379.901
19441, 55.71, 379.917
19442, 55.64, 379.934
19443, 55.58, 379.951
19444, 55.52, 379.967
19445, 55.47, 379.984
19446, 55.42, 380
19447, 55.38, 380.017
19448, 55.34, 380.034
19449, 55.34, 380.051
19450, 55.31, 380.067
19451, 55.24, 380.084
19452, 55.19, 380.1
19453, 55.15, 380.117
19454, 55.13, 380.134
19455, 55.04, 380.167
19456, 54.97, 380.184
19457, 54.91, 380.201
19458, 54.86, 380.217
19459, 54.82, 380.234
19460, 54.76, 380.25
19461, 54.71, 380.267
19462, 54.68, 380.284
19463, 54.63, 380.301
19464, 54.58, 380.317
19465, 54.54, 380.334
19466, 54.5, 380.35
19467, 54.42, 380.384
19468, 54.37, 380.401
19469, 54.33, 380.417
19470, 54.31, 380.434
19471, 54.28, 380.451
19472, 54.26, 380.467
19473, 54.25, 380.484
19474, 54.28, 380.5
19475, 54.3, 380.517
19476, 54.31, 380.534
19477, 54.32, 380.567
19478, 54.33, 380.584
19479, 54.34, 380.6
19480, 54.37, 380.617
19481, 54.39, 380.634
19482, 54.42, 380.651
19483, 54.44, 380.667
19484, 54.48, 380.684
19485, 54.51, 380.701
19486, 54.54, 380.717
19487, 54.57, 380.734
19488, 54.64, 380.767
19489, 54.68, 380.784
19490, 54.72, 380.801
19491, 54.76, 380.817
19492, 54.79, 380.834
19493, 54.83, 380.85
19494, 54.86, 380.867
19495, 54.9, 380.884
19496, 54.93, 380.901
19497, 54.97, 380.917
19498, 55.01, 380.934
19499, 55.08, 380.967
19500, 55.11, 380.984
19501, 55.15, 381
19502, 55.18, 381.017
19503, 55.22, 381.034
19504, 55.25, 381.051
19505, 55.28, 381.051
19506, 55.32, 381.067
19507, 55.34, 381.084
19508, 55.38, 381.1
19509, 55.41, 381.117
19510, 55.44, 381.134
19511, 55.47, 381.151
19512, 55.5, 381.167
19513, 55.56, 381.201
19514, 55.58, 381.217
19515, 55.61, 381.234
19516, 55.64, 381.25
19517, 55.66, 381.267
19518, 55.69, 381.284
19519, 55.71, 381.301
19520, 55.73, 381.317
19521, 55.75, 381.334
19522, 55.77, 381.35
19523, 55.79, 381.367
19524, 55.82, 381.384
19525, 55.84, 381.401
19526, 55.86, 381.417
19527, 55.88, 381.434
19528, 55.9, 381.451
19529, 55.92, 381.467
19530, 55.96, 381.484
19531, 56.01, 381.517
19532, 56.03, 381.534
19533, 56.04, 381.551
19534, 56.06, 381.567
19535, 56.11, 381.584
19536, 56.17, 381.6
19537, 56.18, 381.617
19538, 56.18, 381.634
19539, 56.2, 381.651
19540, 56.24, 381.667
19541, 56.27, 381.684
19542, 56.29, 381.701
19543, 56.32, 381.717
19544, 56.34, 381.734
19545, 56.37, 381.75
19546, 56.38, 381.767
19547, 56.43, 381.801
19548, 56.46, 381.817
19549, 56.48, 381.834
19550, 56.5, 381.85
19551, 56.52, 381.867
19552, 56.55, 381.884
19553, 56.57, 381.901
19554, 56.6, 381.917
19555, 56.63, 381.934
19556, 56.66, 381.951
19557, 56.69, 381.967
19558, 56.71, 381.984
19559, 56.74, 382
19560, 56.76, 382.017
19561, 56.78, 382.034
19562, 56.8, 382.051
19563, 56.83, 382.067
19564, 56.87, 382.1
19565, 56.89, 382.117
19566, 56.91, 382.134
19567, 56.93, 382.151
19568, 56.96, 382.167
19569, 56.98, 382.184
19570, 57, 382.201
19571, 57.02, 382.217
19572, 57.04, 382.234
19573, 57.06, 382.25
19574, 57.09, 382.267
19575, 57.11, 382.284
19576, 57.14, 382.301
19577, 57.18, 382.317
19578, 57.21, 382.334
19579, 57.24, 382.35
19580, 57.26, 382.367
19581, 57.31, 382.401
19582, 57.34, 382.417
19583, 57.37, 382.434
19584, 57.4, 382.451
19585, 57.43, 382.467
19586, 57.45, 382.484
19587, 57.48, 382.5
19588, 57.52, 382.517
19589, 57.55, 382.534
19590, 57.57, 382.551
19591, 57.6, 382.567
19592, 57.63, 382.584
19593, 57.65, 382.6
19594, 57.68, 382.617
19595, 57.71, 382.634
19596, 57.75, 382.651
19597, 57.77, 382.667
19598, 57.8, 382.684
19599, 57.83, 382.701
19600, 57.86, 382.717
19601, 57.9, 382.734
19602, 57.94, 382.75
19603, 58.01, 382.784
19604, 58.04, 382.801
19605, 58.08, 382.817
19606, 58.1, 382.834
19607, 58.12, 382.85
19608, 58.15, 382.867
19609, 58.16, 382.884
19610, 58.17, 382.901
19611, 58.17, 382.917
19612, 58.2, 382.934
19613, 58.28, 382.951
19614, 58.34, 382.967
19615, 58.37, 382.984
19616, 58.38, 383
19617, 58.38, 383.017
19618, 58.37, 383.034
19619, 58.4, 383.051
19620, 58.43, 383.067
19621, 58.48, 383.084
19622, 58.53, 383.1
19623, 58.54, 383.117
19624, 58.54, 383.134
19625, 58.52, 383.151
19626, 58.49, 383.167
19627, 58.47, 383.184
19628, 58.48, 383.201
19629, 58.49, 383.217
19630, 58.47, 383.234
19631, 58.52, 383.25
19632, 58.57, 383.267
19633, 58.58, 383.284
19634, 58.59, 383.301
19635, 58.62, 383.317
19636, 58.63, 383.334
19637, 58.61, 383.35
19638, 58.58, 383.367
19639, 58.58, 383.401
19640, 58.58, 383.417
19641, 58.6, 383.434
19642, 58.66, 383.451
19643, 58.72, 383.467
19644, 58.73, 383.484
19645, 58.74, 383.5
19646, 58.75, 383.517
19647, 58.74, 383.534
19648, 58.68, 383.551
19649, 58.72, 383.567
19650, 58.7, 383.584
19651, 58.67, 383.6
19652, 58.65, 383.617
19653, 58.69, 383.634
19654, 58.72, 383.651
19655, 58.75, 383.667
19656, 58.81, 383.684
19657, 58.89, 383.701
19658, 58.97, 383.717
19659, 58.92, 383.734
19660, 58.86, 383.75
19661, 58.88, 383.767
19662, 58.91, 383.784
19663, 58.9, 383.801
19664, 58.89, 383.817
19665, 58.9, 383.834
19666, 58.86, 383.85
19667, 58.82, 383.867
19668, 58.8, 383.884
19669, 58.79, 383.901
19670, 58.78, 383.917
19671, 58.77, 383.934
19672, 58.78, 383.951
19673, 58.81, 383.967
19674, 58.83, 383.984
19675, 58.78, 384
19676, 58.75, 384.017
19677, 58.74, 384.034
19678, 58.72, 384.051
19679, 58.7, 384.067
19680, 58.69, 384.084
19681, 58.69, 384.1
19682, 58.68, 384.117
19683, 58.68, 384.134
19684, 58.68, 384.151
19685, 58.67, 384.167
19686, 58.66, 384.184
19687, 58.66, 384.201
19688, 58.65, 384.217
19689, 58.66, 384.234
19690, 58.66, 384.25
19691, 58.66, 384.267
19692, 58.69, 384.301
19693, 58.71, 384.317
19694, 58.73, 384.334
19695, 58.75, 384.35
19696, 58.78, 384.367
19697, 58.82, 384.384
19698, 58.85, 384.401
19699, 58.87, 384.417
19700, 58.9, 384.434
19701, 58.93, 384.451
19702, 58.96, 384.467
19703, 58.98, 384.484
19704, 59.01, 384.5
19705, 59.04, 384.517
19706, 59.06, 384.534
19707, 59.09, 384.551
19708, 59.12, 384.567
19709, 59.15, 384.584
19710, 59.17, 384.6
19711, 59.2, 384.617
19712, 59.23, 384.634
19713, 59.26, 384.651
19714, 59.28, 384.667
19715, 59.31, 384.684
19716, 59.33, 384.701
19717, 59.35, 384.717
19718, 59.38, 384.734
19719, 59.41, 384.75
19720, 59.44, 384.767
19721, 59.46, 384.784
19722, 59.47, 384.801
19723, 59.48, 384.817
19724, 59.47, 384.834
19725, 59.47, 384.85
19726, 59.48, 384.867
19727, 59.59, 384.884
19728, 59.67, 384.901
19729, 59.68, 384.917
19730, 59.65, 384.934
19731, 59.67, 384.951
19732, 59.69, 384.967
19733, 59.71, 384.984
19734, 59.73, 385
19735, 59.8, 385.017
19736, 59.84, 385.034
19737, 59.87, 385.051
19738, 59.88, 385.067
19739, 59.91, 385.084
19740, 59.93, 385.1
19741, 59.95, 385.117
19742, 59.96, 385.134
19743, 59.98, 385.151
19744, 59.99, 385.167
19745, 59.98, 385.184
19746, 59.98, 385.201
19747, 60.04, 385.217
19748, 60.15, 385.234
19749, 60.22, 385.25
19750, 60.2, 385.267
19751, 60.22, 385.284
19752, 60.26, 385.301
19753, 60.3, 385.317
19754, 60.32, 385.334
19755, 60.35, 385.35
19756, 60.38, 385.367
19757, 60.4, 385.384
19758, 60.43, 385.401
19759, 60.47, 385.417
19760, 60.51, 385.434
19761, 60.53, 385.451
19762, 60.55, 385.467
19763, 60.58, 385.484
19764, 60.61, 385.5
19765, 60.64, 385.517
19766, 60.67, 385.534
19767, 60.69, 385.551
19768, 60.72, 385.567
19769, 60.75, 385.584
19770, 60.77, 385.6
19771, 60.8, 385.617
19772, 60.83, 385.634
19773, 60.86, 385.651
19774, 60.88, 385.667
19775, 60.9, 385.684
19776, 60.93, 385.701
19777, 60.95, 385.717
19778, 60.99, 385.734
19779, 61.02, 385.75
19780, 61.05, 385.767
19781, 61.08, 385.784
19782, 61.11, 385.801
19783, 61.14, 385.817
19784, 61.17, 385.834
19785, 61.2, 385.85
19786, 61.24, 385.867
19787, 61.27, 385.884
19788, 61.3, 385.901
19789, 61.32, 385.917
19790, 61.35, 385.934
19791, 61.38, 385.951
19792, 61.4, 385.967
19793, 61.43, 385.984
19794, 61.47, 386
19795, 61.5, 386.017
19796, 61.53, 386.034
19797, 61.56, 386.034
19798, 61.59, 386.051
19799, 61.61, 386.067
19800, 61.63, 386.084
19801, 61.66, 386.1
19802, 61.69, 386.117
19803, 61.69, 386.117
19804, 61.72, 386.134
19805, 61.75, 386.151
19806, 61.78, 386.167
19807, 61.8, 386.184
19808, 61.82, 386.201
19809, 61.84, 386.217
19810, 61.86, 386.234
19811, 61.89, 386.25
19812, 61.91, 386.267
19813, 61.93, 386.284
19814, 61.96, 386.301
19815, 61.98, 386.317
19816, 62.01, 386.334
19817, 62.04, 386.35
19818, 62.06, 386.367
19819, 62.08, 386.384
19820, 62.11, 386.401
19821, 62.13, 386.417
19822, 62.16, 386.434
19823, 62.18, 386.451
19824, 62.21, 386.467
19825, 62.25, 386.484
19826, 62.29, 386.5
19827, 62.32, 386.517
19828, 62.35, 386.534
19829, 62.37, 386.551
19830, 62.39, 386.567
19831, 62.42, 386.584
19832, 62.46, 386.6
19833, 62.46, 386.6
19834, 62.49, 386.617
19835, 62.52, 386.634
19836, 62.56, 386.651
19837, 62.59, 386.667
19838, 62.63, 386.684
19839, 62.67, 386.701
19840, 62.71, 386.717
19841, 62.75, 386.734
19842, 62.79, 386.75
19843, 62.82, 386.767
19844, 62.86, 386.784
19845, 62.89, 386.801
19846, 62.93, 386.817
19847, 62.96, 386.834
19848, 62.99, 386.85
19849, 63.02, 386.867
19850, 63.05, 386.884
19851, 63.08, 386.901
19852, 63.12, 386.917
19853, 63.15, 386.934
19854, 63.15, 386.934
19855, 63.18, 386.951
19856, 63.21, 386.967
19857, 63.25, 386.984
19858, 63.28, 387
19859, 63.31, 387.017
19860, 63.34, 387.034
19861, 63.36, 387.051
19862, 63.38, 387.067
19863, 63.41, 387.084
19864, 63.44, 387.1
19865, 63.48, 387.117
19866, 63.52, 387.134
19867, 63.57, 387.151
19868, 63.61, 387.167
19869, 63.66, 387.184
19870, 63.7, 387.201
19871, 63.73, 387.217
19872, 63.73, 387.217
19873, 63.77, 387.234
19874, 63.81, 387.25
19875, 63.85, 387.267
19876, 63.89, 387.284
19877, 63.93, 387.301
19878, 63.97, 387.317
19879, 64.01, 387.334
19880, 64.06, 387.35
19881, 64.09, 387.367
19882, 64.13, 387.384
19883, 64.18, 387.401
19884, 64.22, 387.417
19885, 64.26, 387.434
19886, 64.3, 387.451
19887, 64.36, 387.467
19888, 64.36, 387.467
19889, 64.41, 387.484
19890, 64.46, 387.5
19891, 64.51, 387.517
19892, 64.54, 387.534
19893, 64.58, 387.551
19894, 64.63, 387.567
19895, 64.68, 387.584
19896, 64.73, 387.6
19897, 64.78, 387.617
19898, 64.83, 387.634
19899, 64.87, 387.651
19900, 64.91, 387.667
19901, 64.95, 387.684
19902, 64.98, 387.701
19903, 64.98, 387.701
19904, 65.01, 387.717
19905, 65.05, 387.734
19906, 65.1, 387.75
19907, 65.14, 387.767
19908, 65.18, 387.784
19909, 65.22, 387.801
19910, 65.25, 387.817
19911, 65.28, 387.834
19912, 65.31, 387.85
19913, 65.37, 387.867
19914, 65.43, 387.884
19915, 65.48, 387.901
19916, 65.48, 387.901
19917, 65.51, 387.917
19918, 65.54, 387.934
19919, 65.57, 387.951
19920, 65.6, 387.967
19921, 65.63, 387.984
19922, 65.67, 388
19923, 65.71, 388.017
19924, 65.74, 388.034
19925, 65.78, 388.051
19926, 65.82, 388.067
19927, 65.86, 388.084
19928, 65.86, 388.084
19929, 65.9, 388.1
19930, 65.93, 388.117
19931, 65.96, 388.134
19932, 65.98, 388.151
19933, 66.01, 388.167
19934, 66.04, 388.184
19935, 66.07, 388.201
19936, 66.1, 388.217
19937, 66.12, 388.234
19938, 66.15, 388.25
19939, 66.15, 388.25
19940, 66.17, 388.267
19941, 66.2, 388.284
19942, 66.22, 388.301
19943, 66.25, 388.317
19944, 66.28, 388.334
19945, 66.31, 388.35
19946, 66.33, 388.367
19947, 66.36, 388.384
19948, 66.38, 388.401
19949, 66.4, 388.417
19950, 66.4, 388.417
19951, 66.41, 388.434
19952, 66.43, 388.451
19953, 66.44, 388.467
19954, 66.46, 388.484
19955, 66.48, 388.5
19956, 66.49, 388.517
19957, 66.51, 388.534
19958, 66.52, 388.551
19959, 66.53, 388.567
19960, 66.53, 388.584
19961, 66.53, 388.584
19962, 66.54, 388.6
19963, 66.56, 388.617
19964, 66.58, 388.634
19965, 66.6, 388.651
19966, 66.62, 388.667
19967, 66.63, 388.684
19968, 66.63, 388.701
19969, 66.63, 388.717
19970, 66.64, 388.734
19971, 66.64, 388.734
19972, 66.64, 388.75
19973, 66.65, 388.767
19974, 66.67, 388.784
19975, 66.69, 388.801
19976, 66.7, 388.817
19977, 66.72, 388.834
19978, 66.72, 388.85
19979, 66.72, 388.867
19980, 66.73, 388.884
19981, 66.73, 388.884
19982, 66.73, 388.901
19983, 66.73, 388.917
19984, 66.74, 388.934
19985, 66.74, 388.951
19986, 66.74, 388.967
19987, 66.75, 388.984
19988, 66.75, 389
19989, 66.76, 389.017
19990, 66.77, 389.034
19991, 66.78, 389.051
19992, 66.78, 389.051
19993, 66.79, 389.067
19994, 66.8, 389.084
19995, 66.8, 389.1
19996, 66.8, 389.117
19997, 66.8, 389.134
19998, 66.8, 389.151
19999, 66.8, 389.167
20000, 66.8, 389.184
20001, 66.81, 389.201
20002, 66.81, 389.201
20003, 66.81, 389.217
20004, 66.82, 389.234
20005, 66.82, 389.25
20006, 66.83, 389.267
20007, 66.83, 389.284
20008, 66.84, 389.301
20009, 66.84, 389.317
20010, 66.84, 389.334
20011, 66.84, 389.35
20012, 66.84, 389.35
20013, 66.84, 389.367
20014, 66.85, 389.384
20015, 66.85, 389.401
20016, 66.86, 389.417
20017, 66.87, 389.434
20018, 66.86, 389.451
20019, 66.86, 389.467
20020, 66.86, 389.484
20021, 66.86, 389.5
20022, 66.86, 389.5
20023, 66.86, 389.517
20024, 66.87, 389.534
20025, 66.88, 389.551
20026, 66.88, 389.567
20027, 66.88, 389.584
20028, 66.88, 389.6
20029, 66.89, 389.617
20030, 66.9, 389.634
20031, 66.9, 389.634
20032, 66.91, 389.651
20033, 66.92, 389.667
20034, 66.93, 389.684
20035, 66.95, 389.701
20036, 66.96, 389.717
20037, 66.97, 389.734
20038, 66.99, 389.75
20039, 67, 389.767
20040, 67.02, 389.784
20041, 67.02, 389.784
20042, 67.03, 389.801
20043, 67.05, 389.817
20044, 67.06, 389.834
20045, 67.07, 389.85
20046, 67.08, 389.867
20047, 67.08, 389.884
20048, 67.08, 389.901
20049, 67.1, 389.917
20050, 67.1, 389.917
20051, 67.11, 389.934
20052, 67.12, 389.951
20053, 67.13, 389.967
20054, 67.14, 389.984
20055, 67.14, 390
20056, 67.15, 390.017
20057, 67.16, 390.034
20058, 67.17, 390.051
20059, 67.18, 390.067
20060, 67.18, 390.067
20061, 67.19, 390.084
20062, 67.2, 390.1
20063, 67.21, 390.117
20064, 67.22, 390.134
20065, 67.23, 390.151
20066, 67.24, 390.167
20067, 67.25, 390.184
20068, 67.26, 390.201
20069, 67.26, 390.201
20070, 67.27, 390.217
20071, 67.29, 390.234
20072, 67.3, 390.25
20073, 67.32, 390.267
20074, 67.33, 390.284
20075, 67.34, 390.301
20076, 67.36, 390.317
20077, 67.37, 390.334
20078, 67.39, 390.35
20079, 67.39, 390.35
20080, 67.4, 390.367
20081, 67.41, 390.384
20082, 67.42, 390.401
20083, 67.43, 390.417
20084, 67.43, 390.434
20085, 67.44, 390.451
20086, 67.45, 390.467
20087, 67.46, 390.484
20088, 67.46, 390.484
20089, 67.47, 390.5
20090, 67.48, 390.517
20091, 67.49, 390.534
20092, 67.5, 390.551
20093, 67.51, 390.567
20094, 67.52, 390.584
20095, 67.52, 390.6
20096, 67.52, 390.617
20097, 67.52, 390.617
20098, 67.53, 390.634
20099, 67.53, 390.651
20100, 67.53, 390.667
20101, 67.54, 390.684
20102, 67.55, 390.701
20103, 67.57, 390.717
20104, 67.58, 390.734
20105, 67.59, 390.75
20106, 67.59, 390.75
20107, 67.59, 390.767
20108, 67.59, 390.784
20109, 67.58, 390.801
20110, 67.59, 390.817
20111, 67.6, 390.834
20112, 67.61, 390.85
20113, 67.62, 390.867
20114, 67.63, 390.884
20115, 67.63, 390.884
20116, 67.64, 390.901
20117, 67.65, 390.917
20118, 67.66, 390.934
20119, 67.66, 390.951
20120, 67.68, 390.967
20121, 67.68, 390.984
20122, 67.69, 391
20123, 67.69, 391
20124, 67.7, 391.017
20125, 67.71, 391.051
20126, 67.72, 391.067
20127, 67.73, 391.084
20128, 67.74, 391.1
20129, 67.75, 391.117
20130, 67.79, 391.134
20131, 67.83, 391.151
20132, 67.83, 391.151
20133, 67.86, 391.167
20134, 67.88, 391.184
20135, 67.9, 391.201
20136, 67.92, 391.217
20137, 67.94, 391.234
20138, 67.96, 391.25
20139, 67.98, 391.267
20140, 67.98, 391.267
20141, 68, 391.284
20142, 68.02, 391.301
20143, 68.03, 391.317
20144, 68.05, 391.334
20145, 68.07, 391.35
20146, 68.1, 391.367
20147, 68.12, 391.384
20148, 68.14, 391.401
20149, 68.14, 391.401
20150, 68.15, 391.417
20151, 68.16, 391.434
20152, 68.18, 391.451
20153, 68.2, 391.467
20154, 68.22, 391.484
20155, 68.25, 391.5
20156, 68.27, 391.517
20157, 68.27, 391.517
20158, 68.29, 391.534
20159, 68.3, 391.551
20160, 68.3, 391.567
20161, 68.31, 391.584
20162, 68.31, 391.6
20163, 68.33, 391.617
20164, 68.35, 391.634
20165, 68.35, 391.634
20166, 68.38, 391.651
20167, 68.4, 391.667
20168, 68.42, 391.684
20169, 68.45, 391.701
20170, 68.45, 391.717
20171, 68.46, 391.734
20172, 68.48, 391.75
20173, 68.48, 391.75
20174, 68.49, 391.767
20175, 68.51, 391.784
20176, 68.52, 391.801
20177, 68.54, 391.817
20178, 68.56, 391.834
20179, 68.58, 391.85
20180, 68.59, 391.867
20181, 68.6, 391.884
20182, 68.6, 391.884
20183, 68.61, 391.901
20184, 68.62, 391.917
20185, 68.64, 391.934
20186, 68.66, 391.951
20187, 68.68, 391.967
20188, 68.7, 391.984
20189, 68.7, 391.984
20190, 68.71, 392
20191, 68.73, 392.017
20192, 68.74, 392.034
20193, 68.76, 392.051
20194, 68.77, 392.067
20195, 68.78, 392.084
20196, 68.8, 392.1
20197, 68.8, 392.1
20198, 68.81, 392.117
20199, 68.83, 392.134
20200, 68.85, 392.151
20201, 68.87, 392.167
20202, 68.89, 392.184
20203, 68.91, 392.201
20204, 68.92, 392.217
20205, 68.92, 392.217
20206, 68.93, 392.234
20207, 68.91, 392.25
20208, 68.92, 392.267
20209, 68.97, 392.284
20210, 69.02, 392.301
20211, 69.04, 392.317
20212, 69.04, 392.334
20213, 69.04, 392.334
20214, 69.06, 392.35
20215, 69.07, 392.367
20216, 69.08, 392.384
20217, 69.09, 392.401
20218, 69.11, 392.417
20219, 69.13, 392.434
20220, 69.13, 392.434
20221, 69.16, 392.451
20222, 69.19, 392.467
20223, 69.22, 392.484
20224, 69.24, 392.5
20225, 69.26, 392.517
20226, 69.28, 392.534
20227, 69.29, 392.551
20228, 69.29, 392.551
20229, 69.31, 392.567
20230, 69.32, 392.584
20231, 69.32, 392.6
20232, 69.33, 392.617
20233, 69.34, 392.634
20234, 69.36, 392.651
20235, 69.36, 392.651
20236, 69.37, 392.667
20237, 69.38, 392.684
20238, 69.4, 392.701
20239, 69.41, 392.717
20240, 69.43, 392.734
20241, 69.45, 392.75
20242, 69.47, 392.767
20243, 69.47, 392.767
20244, 69.48, 392.784
20245, 69.47, 392.801
20246, 69.49, 392.817
20247, 69.5, 392.834
20248, 69.52, 392.85
20249, 69.53, 392.867
20250, 69.53, 392.867
20251, 69.54, 392.884
20252, 69.52, 392.901
20253, 69.46, 392.917
20254, 69.41, 392.934
20255, 69.48, 392.951
20256, 69.5, 392.967
20257, 69.5, 392.967
20258, 69.52, 392.984
20259, 69.52, 393
20260, 69.51, 393.017
20261, 69.51, 393.034
20262, 69.49, 393.051
20263, 69.49, 393.067
20264, 69.49, 393.067
20265, 69.48, 393.084
20266, 69.47, 393.1
20267, 69.47, 393.117
20268, 69.46, 393.134
20269, 69.49, 393.151
20270, 69.56, 393.167
20271, 69.58, 393.184
20272, 69.58, 393.184
20273, 69.53, 393.201
20274, 69.53, 393.217
20275, 69.53, 393.234
20276, 69.52, 393.25
20277, 69.52, 393.267
20278, 69.53, 393.284
20279, 69.53, 393.284
20280, 69.54, 393.301
20281, 69.55, 393.317
20282, 69.55, 393.334
20283, 69.55, 393.35
20284, 69.56, 393.367
20285, 69.57, 393.384
20286, 69.57, 393.384
20287, 69.57, 393.401
20288, 69.59, 393.417
20289, 69.6, 393.434
20290, 69.61, 393.451
20291, 69.62, 393.467
20292, 69.63, 393.484
20293, 69.64, 393.5
20294, 69.64, 393.5
20295, 69.65, 393.517
20296, 69.65, 393.534
20297, 69.66, 393.551
20298, 69.66, 393.567
20299, 69.66, 393.584
20300, 69.66, 393.6
20301, 69.66, 393.6
20302, 69.67, 393.617
20303, 69.68, 393.634
20304, 69.69, 393.651
20305, 69.7, 393.667
20306, 69.71, 393.684
20307, 69.71, 393.701
20308, 69.71, 393.701
20309, 69.71, 393.717
20310, 69.72, 393.734
20311, 69.72, 393.75
20312, 69.73, 393.767
20313, 69.73, 393.784
20314, 69.74, 393.801
20315, 69.74, 393.801
20316, 69.75, 393.817
20317, 69.77, 393.834
20318, 69.78, 393.85
20319, 69.79, 393.867
20320, 69.8, 393.884
20321, 69.81, 393.901
20322, 69.83, 393.917
20323, 69.83, 393.917
20324, 69.84, 393.934
20325, 69.84, 393.951
20326, 69.85, 393.967
20327, 69.86, 393.984
20328, 69.88, 394
20329, 69.89, 394.017
20330, 69.89, 394.017
20331, 69.9, 394.034
20332, 69.92, 394.051
20333, 69.93, 394.067
20334, 69.94, 394.084
20335, 69.94, 394.1
20336, 69.95, 394.117
20337, 69.95, 394.117
20338, 69.96, 394.134
20339, 69.98, 394.151
20340, 69.99, 394.167
20341, 70, 394.184
20342, 70.01, 394.201
20343, 70.02, 394.217
20344, 70.02, 394.217
20345, 70.02, 394.234
20346, 70.03, 394.25
20347, 70.04, 394.267
20348, 70.05, 394.284
20349, 70.06, 394.301
20350, 70.07, 394.317
20351, 70.07, 394.317
20352, 70.08, 394.334
20353, 70.08, 394.35
20354, 70.09, 394.367
20355, 70.1, 394.384
20356, 70.11, 394.401
20357, 70.12, 394.417
20358, 70.12, 394.417
20359, 70.13, 394.434
20360, 70.14, 394.451
20361, 70.15, 394.467
20362, 70.16, 394.484
20363, 70.17, 394.5
20364, 70.17, 394.517
20365, 70.17, 394.517
20366, 70.17, 394.534
20367, 70.18, 394.551
20368, 70.18, 394.567
20369, 70.19, 394.584
20370, 70.2, 394.6
20371, 70.21, 394.617
20372, 70.21, 394.617
20373, 70.22, 394.634
20374, 70.23, 394.651
20375, 70.24, 394.667
20376, 70.25, 394.684
20377, 70.26, 394.701
20378, 70.27, 394.717
20379, 70.27, 394.717
20380, 70.28, 394.734
20381, 70.29, 394.75
20382, 70.29, 394.767
20383, 70.3, 394.784
20384, 70.31, 394.801
20385, 70.31, 394.801
20386, 70.31, 394.817
20387, 70.32, 394.834
20388, 70.33, 394.85
20389, 70.33, 394.867
20390, 70.34, 394.884
20391, 70.35, 394.901
20392, 70.35, 394.901
20393, 70.36, 394.917
20394, 70.36, 394.934
20395, 70.37, 394.951
20396, 70.38, 394.967
20397, 70.38, 394.984
20398, 70.39, 395
20399, 70.39, 395
20400, 70.4, 395.017
20401, 70.41, 395.034
20402, 70.41, 395.051
20403, 70.42, 395.067
20404, 70.42, 395.084
20405, 70.43, 395.1
20406, 70.43, 395.1
20407, 70.43, 395.117
20408, 70.43, 395.134
20409, 70.43, 395.151
20410, 70.43, 395.167
20411, 70.44, 395.184
20412, 70.44, 395.201
20413, 70.44, 395.201
20414, 70.44, 395.217
20415, 70.45, 395.234
20416, 70.45, 395.25
20417, 70.45, 395.267
20418, 70.46, 395.284
20419, 70.46, 395.284
20420, 70.46, 395.301
20421, 70.46, 395.317
20422, 70.46, 395.334
20423, 70.46, 395.35
20424, 70.47, 395.367
20425, 70.47, 395.384
20426, 70.47, 395.384
20427, 70.48, 395.401
20428, 70.48, 395.417
20429, 70.48, 395.434
20430, 70.48, 395.451
20431, 70.48, 395.467
20432, 70.48, 395.484
20433, 70.48, 395.484
20434, 70.49, 395.5
20435, 70.5, 395.517
20436, 70.51, 395.534
20437, 70.52, 395.551
20438, 70.52, 395.567
20439, 70.53, 395.584
20440, 70.53, 395.584
20441, 70.53, 395.6
20442, 70.53, 395.617
20443, 70.54, 395.634
20444, 70.54, 395.651
20445, 70.54, 395.667
20446, 70.54, 395.667
20447, 70.54, 395.684
20448, 70.55, 395.701
20449, 70.55, 395.717
20450, 70.55, 395.734
20451, 70.55, 395.75
20452, 70.56, 395.767
20453, 70.56, 395.767
20454, 70.56, 395.784
20455, 70.56, 395.801
20456, 70.56, 395.817
20457, 70.56, 395.834
20458, 70.56, 395.85
20459, 70.56, 395.867
20460, 70.56, 395.867
20461, 70.56, 395.884
20462, 70.56, 395.901
20463, 70.56, 395.917
20464, 70.56, 395.934
20465, 70.56, 395.951
20466, 70.56, 395.951
20467, 70.57, 395.967
20468, 70.57, 395.984
20469, 70.57, 396
20470, 70.58, 396.017
20471, 70.58, 396.034
20472, 70.58, 396.067
20473, 70.58, 396.067
20474, 70.58, 396.084
20475, 70.59, 396.1
20476, 70.59, 396.117
20477, 70.6, 396.134
20478, 70.6, 396.151
20479, 70.6, 396.167
20480, 70.6, 396.167
20481, 70.61, 396.184
20482, 70.61, 396.201
20483, 70.61, 396.217
20484, 70.6, 396.234
20485, 70.6, 396.25
20486, 70.6, 396.25
20487, 70.6, 396.267
20488, 70.61, 396.284
20489, 70.62, 396.301
20490, 70.63, 396.317
20491, 70.64, 396.334
20492, 70.64, 396.35
20493, 70.64, 396.35
20494, 70.64, 396.367
20495, 70.64, 396.384
20496, 70.64, 396.401
20497, 70.64, 396.417
20498, 70.63, 396.434
20499, 70.63, 396.451
20500, 70.63, 396.451
20501, 70.63, 396.467
20502, 70.62, 396.484
20503, 70.62, 396.5
20504, 70.62, 396.517
20505, 70.62, 396.534
20506, 70.62, 396.534
20507, 70.62, 396.551
20508, 70.62, 396.567
20509, 70.62, 396.584
20510, 70.61, 396.6
20511, 70.61, 396.617
20512, 70.61, 396.634
20513, 70.61, 396.634
20514, 70.61, 396.651
20515, 70.61, 396.667
20516, 70.61, 396.684
20517, 70.61, 396.701
20518, 70.61, 396.717
20519, 70.61, 396.734
20520, 70.61, 396.734
20521, 70.61, 396.75
20522, 70.61, 396.767
20523, 70.61, 396.784
20524, 70.6, 396.801
20525, 70.6, 396.817
20526, 70.6, 396.834
20527, 70.6, 396.834
20528, 70.6, 396.85
20529, 70.6, 396.867
20530, 70.6, 396.884
20531, 70.6, 396.901
20532, 70.6, 396.917
20533, 70.6, 396.934
20534, 70.6, 396.934
20535, 70.59, 396.951
20536, 70.59, 396.967
20537, 70.59, 396.984
20538, 70.59, 397
20539, 70.59, 397.017
20540, 70.59, 397.017
20541, 70.6, 397.034
20542, 70.6, 397.051
20543, 70.6, 397.067
20544, 70.59, 397.084
20545, 70.59, 397.1
20546, 70.58, 397.117
20547, 70.58, 397.117
20548, 70.57, 397.134
20549, 70.57, 397.151
20550, 70.57, 397.167
20551, 70.57, 397.184
20552, 70.57, 397.201
20553, 70.58, 397.217
20554, 70.58, 397.217
20555, 70.58, 397.234
20556, 70.58, 397.25
20557, 70.57, 397.267
20558, 70.57, 397.284
20559, 70.57, 397.301
20560, 70.58, 397.317
20561, 70.58, 397.317
20562, 70.58, 397.334
20563, 70.59, 397.35
20564, 70.59, 397.367
20565, 70.59, 397.384
20566, 70.6, 397.401
20567, 70.59, 397.417
20568, 70.59, 397.417
20569, 70.59, 397.434
20570, 70.59, 397.451
20571, 70.59, 397.467
20572, 70.59, 397.484
20573, 70.6, 397.5
20574, 70.6, 397.517
20575, 70.6, 397.517
20576, 70.61, 397.534
20577, 70.61, 397.551
20578, 70.61, 397.567
20579, 70.61, 397.584
20580, 70.61, 397.6
20581, 70.6, 397.617
20582, 70.6, 397.617
20583, 70.6, 397.634
20584, 70.6, 397.651
20585, 70.6, 397.667
20586, 70.6, 397.684
20587, 70.6, 397.701
20588, 70.61, 397.717
20589, 70.61, 397.717
20590, 70.61, 397.734
20591, 70.62, 397.75
20592, 70.61, 397.767
20593, 70.61, 397.784
20594, 70.61, 397.801
20595, 70.6, 397.817
20596, 70.6, 397.817
20597, 70.58, 397.834
20598, 70.55, 397.85
20599, 70.51, 397.867
20600, 70.46, 397.884
20601, 70.4, 397.901
20602, 70.32, 397.917
20603, 70.32, 397.917
20604, 70.23, 397.934
20605, 70.13, 397.951
20606, 70.03, 397.967
20607, 69.87, 397.984
20608, 69.77, 398
20609, 69.68, 398.017
20610, 69.68, 398.017
20611, 69.57, 398.034
20612, 69.44, 398.051
20613, 69.34, 398.067
20614, 69.24, 398.084
20615, 69.12, 398.1
20616, 69.01, 398.117
20617, 68.9, 398.134
20618, 68.9, 398.134
20619, 68.77, 398.151
20620, 68.65, 398.167
20621, 68.53, 398.184
20622, 68.39, 398.201
20623, 68.25, 398.217
20624, 68.12, 398.234
20625, 67.97, 398.25
20626, 67.97, 398.25
20627, 67.81, 398.267
20628, 67.66, 398.284
20629, 67.5, 398.301
20630, 67.34, 398.317
20631, 67.17, 398.334
20632, 67.02, 398.35
20633, 66.87, 398.367
20634, 66.71, 398.384
20635, 66.55, 398.401
20636, 66.37, 398.417
20637, 66.19, 398.434
20638, 66.19, 398.434
20639, 66.03, 398.451
20640, 65.86, 398.467
20641, 65.7, 398.484
20642, 65.56, 398.5
20643, 65.43, 398.517
20644, 65.31, 398.534
20645, 65.21, 398.551
20646, 65.1, 398.567
20647, 64.98, 398.584
20648, 64.87, 398.6
20649, 64.77, 398.617
20650, 64.68, 398.634
20651, 64.6, 398.651
20652, 64.52, 398.667
20653, 64.52, 398.667
20654, 64.45, 398.684
20655, 64.39, 398.701
20656, 64.32, 398.717
20657, 64.17, 398.734
20658, 64.07, 398.75
20659, 64.03, 398.767
20660, 63.96, 398.784
20661, 63.89, 398.801
20662, 63.8, 398.817
20663, 63.67, 398.834
20664, 63.58, 398.85
20665, 63.49, 398.867
20666, 63.37, 398.884
20667, 63.24, 398.901
20668, 63.12, 398.917
20669, 63, 398.934
20670, 63, 398.934
20671, 62.87, 398.951
20672, 62.75, 398.967
20673, 62.61, 398.984
20674, 62.48, 399
20675, 62.34, 399.017
20676, 62.21, 399.034
20677, 62.07, 399.051
20678, 61.94, 399.067
20679, 61.81, 399.084
20680, 61.67, 399.1
20681, 61.52, 399.117
20682, 61.38, 399.134
20683, 61.24, 399.151
20684, 61.09, 399.167
20685, 60.97, 399.184
20686, 60.85, 399.201
20687, 60.73, 399.217
20688, 60.61, 399.234
20689, 60.51, 399.25
20690, 60.4, 399.267
20691, 60.29, 399.284
20692, 60.2, 399.301
20693, 60.11, 399.317
20694, 60.03, 399.334
20695, 59.95, 399.35
20696, 59.88, 399.367
20697, 59.8, 399.384
20698, 59.73, 399.401
20699, 59.66, 399.417
20700, 59.59, 399.434
20701, 59.52, 399.451
20702, 59.46, 399.467
20703, 59.4, 399.484
20704, 59.34, 399.5
20705, 59.21, 399.517
20706, 59.05, 399.534
20707, 59, 399.551
20708, 58.94, 399.567
20709, 58.87, 399.584
20710, 58.77, 399.6
20711, 58.67, 399.617
20712, 58.59, 399.634
20713, 58.51, 399.651
20714, 58.41, 399.667
20715, 58.31, 399.684
20716, 58.21, 399.701
20717, 58.11, 399.717
20718, 57.99, 399.734
20719, 57.88, 399.75
20720, 57.76, 399.767
20721, 57.54, 399.801
20722, 57.42, 399.817
20723, 57.31, 399.834
20724, 57.2, 399.85
20725, 57.08, 399.867
20726, 56.95, 399.884
20727, 56.83, 399.901
20728, 56.7, 399.917
20729, 56.58, 399.934
20730, 56.45, 399.951
20731, 56.32, 399.967
20732, 56.18, 399.984
20733, 56.05, 400
20734, 55.91, 400.017
20735, 55.77, 400.034
20736, 55.63, 400.051
20737, 55.34, 400.084
20738, 55.19, 400.1
20739, 55.04, 400.117
20740, 54.88, 400.134
20741, 54.72, 400.151
20742, 54.56, 400.167
20743, 54.39, 400.184
20744, 54.23, 400.201
20745, 54.07, 400.217
20746, 53.92, 400.234
20747, 53.6, 400.267
20748, 53.43, 400.284
20749, 53.27, 400.301
20750, 53.11, 400.317
20751, 52.95, 400.334
20752, 52.8, 400.35
20753, 52.64, 400.367
20754, 52.33, 400.401
20755, 52.19, 400.417
20756, 52.06, 400.434
20757, 51.94, 400.451
20758, 51.81, 400.467
20759, 51.7, 400.484
20760, 51.58, 400.5
20761, 51.34, 400.534
20762, 51.23, 400.551
20763, 51.11, 400.567
20764, 51, 400.584
20765, 50.88, 400.6
20766, 50.67, 400.634
20767, 50.56, 400.651
20768, 50.45, 400.667
20769, 50.33, 400.684
20770, 50.22, 400.701
20771, 50, 400.734
20772, 49.89, 400.75
20773, 49.79, 400.767
20774, 49.69, 400.784
20775, 49.55, 400.801
20776, 49.15, 400.834
20777, 49.05, 400.85
20778, 48.94, 400.867
20779, 48.8, 400.884
20780, 48.52, 400.917
20781, 48.4, 400.934
20782, 48.28, 400.951
20783, 48.15, 400.967
20784, 47.91, 401
20785, 47.81, 401.017
20786, 47.71, 401.034
20787, 47.54, 401.067
20788, 47.46, 401.084
20789, 47.38, 401.1
20790, 47.3, 401.117
20791, 47.14, 401.151
20792, 47.07, 401.167
20793, 47, 401.184
20794, 46.86, 401.217
20795, 46.79, 401.234
20796, 46.72, 401.25
20797, 46.57, 401.284
20798, 46.49, 401.301
20799, 46.41, 401.317
20800, 46.24, 401.35
20801, 46.15, 401.367
20802, 46.05, 401.384
20803, 45.85, 401.417
20804, 45.76, 401.434
20805, 45.67, 401.451
20806, 45.47, 401.484
20807, 45.34, 401.5
20808, 45.21, 401.517
20809, 44.99, 401.551
20810, 44.89, 401.567
20811, 44.67, 401.6
20812, 44.56, 401.617
20813, 44.46, 401.634
20814, 44.29, 401.667
20815, 44.2, 401.684
20816, 44.04, 401.717
20817, 43.97, 401.734
20818, 43.89, 401.75
20819, 43.73, 401.784
20820, 43.64, 401.801
20821, 43.46, 401.834
20822, 43.37, 401.85
20823, 43.28, 401.867
20824, 43.11, 401.901
20825, 43.03, 401.917
20826, 42.88, 401.951
20827, 42.81, 401.967
20828, 42.68, 402
20829, 42.61, 402.017
20830, 42.54, 402.034
20831, 42.38, 402.067
20832, 42.26, 402.084
20833, 42.07, 402.117
20834, 41.98, 402.134
20835, 41.83, 402.167
20836, 41.77, 402.184
20837, 41.67, 402.217
20838, 41.63, 402.234
20839, 41.54, 402.267
20840, 41.56, 402.284
20841, 41.53, 402.317
20842, 41.5, 402.334
20843, 41.48, 402.367
20844, 41.47, 402.384
20845, 41.47, 402.401
20846, 41.46, 402.434
20847, 41.45, 402.451
20848, 41.43, 402.484
20849, 41.43, 402.5
20850, 41.43, 402.534
20851, 41.45, 402.551
20852, 41.48, 402.584
20853, 41.51, 402.6
20854, 41.53, 402.617
20855, 41.57, 402.651
20856, 41.61, 402.667
20857, 41.7, 402.701
20858, 41.73, 402.717
20859, 41.82, 402.75
20860, 41.88, 402.767
20861, 42, 402.801
20862, 42.06, 402.817
20863, 42.12, 402.834
20864, 42.25, 402.867
20865, 42.32, 402.884
20866, 42.44, 402.917
20867, 42.51, 402.934
20868, 42.64, 402.967
20869, 42.7, 402.984
20870, 42.77, 403
20871, 42.9, 403.034
20872, 42.96, 403.051
20873, 43.09, 403.084
20874, 43.15, 403.1
20875, 43.21, 403.117
20876, 43.34, 403.151
20877, 43.39, 403.167
20878, 43.52, 403.201
20879, 43.59, 403.217
20880, 43.65, 403.234
20881, 43.78, 403.267
20882, 43.83, 403.284
20883, 43.95, 403.317
20884, 44.02, 403.334
20885, 44.09, 403.35
20886, 44.23, 403.384
20887, 44.3, 403.401
20888, 44.36, 403.417
20889, 44.48, 403.451
20890, 44.55, 403.467
20891, 44.69, 403.5
20892, 44.75, 403.517
20893, 44.82, 403.534
20894, 44.94, 403.567
20895, 45.01, 403.584
20896, 45.07, 403.6
20897, 45.21, 403.634
20898, 45.28, 403.651
20899, 45.34, 403.667
20900, 45.47, 403.701
20901, 45.53, 403.717
20902, 45.6, 403.734
20903, 45.73, 403.767
20904, 45.8, 403.784
20905, 45.86, 403.801
20906, 45.99, 403.834
20907, 46.06, 403.85
20908, 46.12, 403.867
20909, 46.25, 403.901
20910, 46.31, 403.917
20911, 46.38, 403.934
20912, 46.44, 403.951
20913, 46.55, 403.984
20914, 46.61, 404
20915, 46.67, 404.017
20916, 46.8, 404.051
20917, 46.86, 404.067
20918, 46.92, 404.084
20919, 47.04, 404.117
20920, 47.1, 404.134
20921, 47.16, 404.151
20922, 47.21, 404.167
20923, 47.33, 404.201
20924, 47.39, 404.217
20925, 47.45, 404.234
20926, 47.5, 404.25
20927, 47.62, 404.284
20928, 47.69, 404.301
20929, 47.76, 404.317
20930, 47.83, 404.334
20931, 47.97, 404.367
20932, 48.05, 404.384
20933, 48.11, 404.401
20934, 48.21, 404.434
20935, 48.27, 404.451
20936, 48.34, 404.467
20937, 48.43, 404.484
20938, 48.5, 404.5
20939, 48.63, 404.534
20940, 48.7, 404.551
20941, 48.76, 404.567
20942, 48.83, 404.584
20943, 48.8, 404.617
20944, 48.92, 404.634
20945, 49.03, 404.651
20946, 49.08, 404.667
20947, 49.21, 404.701
20948, 49.25, 404.717
20949, 49.31, 404.734
20950, 49.38, 404.75
20951, 49.43, 404.767
20952, 49.56, 404.801
20953, 49.62, 404.817
20954, 49.69, 404.834
20955, 49.75, 404.85
20956, 49.87, 404.884
20957, 49.93, 404.901
20958, 49.98, 404.917
20959, 50.04, 404.934
20960, 50.1, 404.951
20961, 50.22, 404.984
20962, 50.28, 405
20963, 50.34, 405.017
20964, 50.4, 405.034
20965, 50.46, 405.051
20966, 50.51, 405.067
20967, 50.63, 405.1
20968, 50.69, 405.117
20969, 50.74, 405.134
20970, 50.8, 405.151
20971, 50.86, 405.167
20972, 50.97, 405.201
20973, 51.03, 405.217
20974, 51.08, 405.234
20975, 51.14, 405.25
20976, 51.19, 405.267
20977, 51.25, 405.284
20978, 51.37, 405.317
20979, 51.43, 405.334
20980, 51.48, 405.35
20981, 51.54, 405.367
20982, 51.59, 405.384
20983, 51.65, 405.401
20984, 51.77, 405.434
20985, 51.82, 405.451
20986, 51.88, 405.467
20987, 51.94, 405.484
20988, 51.99, 405.5
20989, 52.04, 405.517
20990, 52.12, 405.551
20991, 52.15, 405.567
20992, 52.17, 405.584
20993, 52.19, 405.6
20994, 52.19, 405.617
20995, 52.18, 405.634
20996, 52.17, 405.651
20997, 52.09, 405.684
20998, 52.02, 405.701
20999, 51.92, 405.717
21000, 51.79, 405.734
21001, 51.64, 405.75
21002, 51.47, 405.767
21003, 51.1, 405.801
21004, 50.89, 405.817
21005, 50.67, 405.834
21006, 50.39, 405.85
21007, 50.11, 405.867
21008, 49.67, 405.901
21009, 49.45, 405.917
21010, 49.23, 405.934
21011, 48.99, 405.951
21012, 48.74, 405.967
21013, 48.29, 406
21014, 48.05, 406.017
21015, 47.81, 406.034
21016, 47.59, 406.051
21017, 47.19, 406.067
21018, 47, 406.084
21019, 46.81, 406.1
21020, 46.6, 406.117
21021, 46.17, 406.151
21022, 46, 406.167
21023, 45.85, 406.184
21024, 45.49, 406.217
21025, 45.34, 406.234
21026, 45.2, 406.25
21027, 44.92, 406.284
21028, 44.77, 406.301
21029, 44.63, 406.317
21030, 44.35, 406.35
21031, 44.21, 406.367
21032, 44.07, 406.384
21033, 43.8, 406.417
21034, 43.67, 406.434
21035, 43.39, 406.467
21036, 43.26, 406.484
21037, 43.14, 406.5
21038, 42.91, 406.534
21039, 42.81, 406.551
21040, 42.64, 406.584
21041, 42.57, 406.6
21042, 42.5, 406.617
21043, 42.37, 406.651
21044, 42.32, 406.667
21045, 42.2, 406.701
21046, 42.15, 406.717
21047, 42.09, 406.734
21048, 41.97, 406.767
21049, 41.91, 406.784
21050, 41.79, 406.817
21051, 41.73, 406.834
21052, 41.62, 406.867
21053, 41.56, 406.884
21054, 41.45, 406.917
21055, 41.38, 406.934
21056, 41.32, 406.951
21057, 41.2, 406.984
21058, 41.14, 407
21059, 41.02, 407.034
21060, 40.96, 407.051
21061, 40.86, 407.084
21062, 40.8, 407.1
21063, 40.69, 407.134
21064, 40.63, 407.151
21065, 40.51, 407.184
21066, 40.43, 407.201
21067, 40.23, 407.234
21068, 40.14, 407.25
21069, 40.02, 407.284
21070, 39.96, 407.301
21071, 39.85, 407.334
21072, 39.78, 407.35
21073, 39.71, 407.367
21074, 39.6, 407.401
21075, 39.55, 407.417
21076, 39.41, 407.451
21077, 39.33, 407.467
21078, 39.21, 407.5
21079, 39.15, 407.517
21080, 39.02, 407.551
21081, 38.96, 407.567
21082, 38.84, 407.6
21083, 38.76, 407.617
21084, 38.57, 407.651
21085, 38.44, 407.684
21086, 38.4, 407.701
21087, 38.29, 407.734
21088, 38.25, 407.75
21089, 38.14, 407.784
21090, 38.07, 407.801
21091, 37.9, 407.834
21092, 37.82, 407.85
21093, 37.68, 407.884
21094, 37.62, 407.901
21095, 37.47, 407.934
21096, 37.29, 407.967
21097, 37.24, 407.984
21098, 37.15, 408.017
21099, 37.11, 408.034
21100, 37.06, 408.067
21101, 37.02, 408.084
21102, 36.94, 408.117
21103, 36.85, 408.151
21104, 36.81, 408.167
21105, 36.72, 408.201
21106, 36.67, 408.234
21107, 36.62, 408.25
21108, 36.52, 408.284
21109, 36.43, 408.317
21110, 36.41, 408.334
21111, 36.37, 408.367
21112, 36.33, 408.401
21113, 36.31, 408.417
21114, 36.29, 408.451
21115, 36.37, 408.484
21116, 36.39, 408.5
21117, 36.39, 408.534
21118, 36.43, 408.567
21119, 36.48, 408.6
21120, 36.49, 408.617
21121, 36.5, 408.651
21122, 36.54, 408.684
21123, 36.56, 408.701
21124, 36.81, 408.734
21125, 36.81, 408.734
21126, 36.81, 408.734
21127, 37.04, 408.834
21128, 37.03, 408.85
21129, 37.03, 408.867
21130, 37.37, 408.901
21131, 37.61, 408.934
21132, 37.59, 408.951
21133, 37.7, 408.984
21134, 37.82, 409
21135, 37.96, 409.034
21136, 38.11, 409.067
21137, 38.19, 409.084
21138, 38.32, 409.117
21139, 38.39, 409.134
21140, 38.55, 409.167
21141, 38.63, 409.184
21142, 38.78, 409.217
21143, 38.92, 409.25
21144, 38.98, 409.267
21145, 39.13, 409.301
21146, 39.22, 409.317
21147, 39.37, 409.35
21148, 39.43, 409.367
21149, 39.57, 409.401
21150, 39.74, 409.434
21151, 39.81, 409.451
21152, 39.93, 409.484
21153, 39.99, 409.5
21154, 40.14, 409.534
21155, 40.24, 409.551
21156, 40.4, 409.584
21157, 40.46, 409.6
21158, 40.58, 409.634
21159, 40.65, 409.651
21160, 40.81, 409.684
21161, 40.88, 409.701
21162, 41.03, 409.734
21163, 41.1, 409.75
21164, 41.23, 409.784
21165, 41.3, 409.801
21166, 41.45, 409.834
21167, 41.54, 409.85
21168, 41.69, 409.884
21169, 41.76, 409.901
21170, 41.9, 409.934
21171, 41.99, 409.951
21172, 42.14, 409.984
21173, 42.22, 410
21174, 42.29, 410.017
21175, 42.44, 410.051
21176, 42.51, 410.067
21177, 42.66, 410.1
21178, 42.74, 410.117
21179, 42.89, 410.151
21180, 42.96, 410.167
21181, 43.11, 410.201
21182, 43.18, 410.217
21183, 43.26, 410.234
21184, 43.4, 410.267
21185, 43.47, 410.284
21186, 43.61, 410.317
21187, 43.68, 410.334
21188, 43.75, 410.35
21189, 43.9, 410.384
21190, 43.97, 410.401
21191, 44.11, 410.434
21192, 44.18, 410.451
21193, 44.25, 410.467
21194, 44.39, 410.5
21195, 44.46, 410.517
21196, 44.6, 410.551
21197, 44.67, 410.567
21198, 44.74, 410.584
21199, 44.89, 410.617
21200, 44.96, 410.634
21201, 45.03, 410.651
21202, 45.17, 410.684
21203, 45.25, 410.701
21204, 45.31, 410.717
21205, 45.43, 410.75
21206, 45.49, 410.767
21207, 45.56, 410.784
21208, 45.68, 410.817
21209, 45.75, 410.834
21210, 45.83, 410.85
21211, 45.99, 410.884
21212, 46.06, 410.901
21213, 46.12, 410.917
21214, 46.25, 410.951
21215, 46.33, 410.967
21216, 46.4, 410.984
21217, 46.48, 411
21218, 46.6, 411.034
21219, 46.67, 411.051
21220, 46.74, 411.067
21221, 46.88, 411.1
21222, 46.94, 411.117
21223, 47, 411.134
21224, 47.08, 411.151
21225, 47.26, 411.184
21226, 47.35, 411.201
21227, 47.42, 411.217
21228, 47.55, 411.25
21229, 47.63, 411.267
21230, 47.7, 411.284
21231, 47.77, 411.301
21232, 47.91, 411.334
21233, 47.98, 411.35
21234, 48.05, 411.367
21235, 48.12, 411.384
21236, 48.25, 411.417
21237, 48.32, 411.434
21238, 48.39, 411.451
21239, 48.39, 411.467
21240, 48.36, 411.484
21241, 48.64, 411.517
21242, 48.66, 411.534
21243, 48.71, 411.551
21244, 48.77, 411.567
21245, 48.9, 411.6
21246, 48.9, 411.6
21247, 49.01, 411.634
21248, 49.01, 411.634
21249, 49.13, 411.667
21250, 49.25, 411.701
21251, 49.33, 411.717
21252, 49.39, 411.734
21253, 49.44, 411.75
21254, 49.44, 411.75
21255, 49.62, 411.801
21256, 49.67, 411.817
21257, 49.73, 411.834
21258, 49.79, 411.85
21259, 49.79, 411.85
21260, 49.79, 411.85
21261, 49.79, 411.85
21262, 50.08, 411.934
21263, 50.14, 411.951
21264, 50.25, 411.984
21265, 50.31, 412
21266, 50.37, 412.017
21267, 50.43, 412.034
21268, 50.49, 412.051
21269, 50.55, 412.067
21270, 50.67, 412.1
21271, 50.72, 412.117
21272, 50.77, 412.134
21273, 50.83, 412.151
21274, 50.88, 412.167
21275, 50.98, 412.201
21276, 51.03, 412.217
21277, 51.08, 412.234
21278, 51.14, 412.25
21279, 51.19, 412.267
21280, 51.24, 412.284
21281, 51.35, 412.317
21282, 51.4, 412.334
21283, 51.44, 412.35
21284, 51.49, 412.367
21285, 51.54, 412.384
21286, 51.59, 412.401
21287, 51.64, 412.417
21288, 51.73, 412.451
21289, 51.78, 412.467
21290, 51.83, 412.484
21291, 51.88, 412.5
21292, 51.93, 412.517
21293, 51.98, 412.534
21294, 52.09, 412.567
21295, 52.14, 412.584
21296, 52.17, 412.6
21297, 52.21, 412.617
21298, 52.25, 412.634
21299, 52.3, 412.651
21300, 52.34, 412.667
21301, 52.45, 412.701
21302, 52.52, 412.717
21303, 52.58, 412.734
21304, 52.63, 412.75
21305, 52.67, 412.767
21306, 52.71, 412.784
21307, 52.75, 412.801
21308, 52.84, 412.834
21309, 52.87, 412.85
21310, 52.92, 412.867
21311, 52.97, 412.884
21312, 53.01, 412.901
21313, 53.05, 412.917
21314, 53.1, 412.934
21315, 53.16, 412.951
21316, 53.25, 412.984
21317, 53.29, 413
21318, 53.34, 413.017
21319, 53.38, 413.034
21320, 53.42, 413.051
21321, 53.46, 413.067
21322, 53.5, 413.084
21323, 53.54, 413.1
21324, 53.62, 413.134
21325, 53.67, 413.151
21326, 53.71, 413.167
21327, 53.75, 413.184
21328, 53.79, 413.201
21329, 53.83, 413.217
21330, 53.86, 413.234
21331, 53.89, 413.25
21332, 53.98, 413.284
21333, 54.02, 413.301
21334, 54.07, 413.317
21335, 54.12, 413.334
21336, 54.16, 413.35
21337, 54.19, 413.367
21338, 54.21, 413.384
21339, 54.25, 413.401
21340, 54.29, 413.417
21341, 54.35, 413.451
21342, 54.39, 413.467
21343, 54.43, 413.484
21344, 54.47, 413.5
21345, 54.49, 413.517
21346, 54.53, 413.534
21347, 54.57, 413.551
21348, 54.6, 413.567
21349, 54.62, 413.584
21350, 54.65, 413.6
21351, 54.72, 413.634
21352, 54.74, 413.651
21353, 54.77, 413.667
21354, 54.81, 413.684
21355, 54.84, 413.701
21356, 54.87, 413.717
21357, 54.89, 413.734
21358, 54.92, 413.75
21359, 54.95, 413.767
21360, 54.98, 413.784
21361, 54.99, 413.801
21362, 55.03, 413.834
21363, 55.08, 413.85
21364, 55.1, 413.867
21365, 55.12, 413.884
21366, 55.14, 413.901
21367, 55.18, 413.917
21368, 55.22, 413.934
21369, 55.26, 413.951
21370, 55.27, 413.967
21371, 55.29, 413.984
21372, 55.34, 414.017
21373, 55.36, 414.034
21374, 55.38, 414.051
21375, 55.4, 414.067
21376, 55.43, 414.084
21377, 55.47, 414.1
21378, 55.5, 414.117
21379, 55.52, 414.134
21380, 55.54, 414.151
21381, 55.57, 414.167
21382, 55.6, 414.184
21383, 55.63, 414.201
21384, 55.71, 414.234
21385, 55.73, 414.25
21386, 55.74, 414.267
21387, 55.76, 414.284
21388, 55.79, 414.301
21389, 55.82, 414.317
21390, 55.85, 414.334
21391, 55.88, 414.35
21392, 55.92, 414.367
21393, 55.95, 414.384
21394, 55.97, 414.401
21395, 55.99, 414.417
21396, 56.02, 414.451
21397, 56.04, 414.467
21398, 56.06, 414.484
21399, 56.09, 414.5
21400, 56.13, 414.517
21401, 56.17, 414.534
21402, 56.2, 414.551
21403, 56.21, 414.567
21404, 56.23, 414.584
21405, 56.25, 414.6
21406, 56.26, 414.617
21407, 56.28, 414.634
21408, 56.3, 414.651
21409, 56.33, 414.667
21410, 56.37, 414.701
21411, 56.39, 414.717
21412, 56.41, 414.734
21413, 56.44, 414.75
21414, 56.46, 414.767
21415, 56.47, 414.784
21416, 56.49, 414.801
21417, 56.5, 414.817
21418, 56.51, 414.834
21419, 56.52, 414.85
21420, 56.53, 414.867
21421, 56.54, 414.884
21422, 56.55, 414.901
21423, 56.57, 414.917
21424, 56.57, 414.934
21425, 56.58, 414.951
21426, 56.58, 414.967
21427, 56.59, 414.984
21428, 56.61, 415.017
21429, 56.64, 415.034
21430, 56.67, 415.051
21431, 56.7, 415.067
21432, 56.71, 415.084
21433, 56.71, 415.1
21434, 56.72, 415.117
21435, 56.73, 415.134
21436, 56.73, 415.151
21437, 56.72, 415.167
21438, 56.72, 415.184
21439, 56.73, 415.201
21440, 56.76, 415.217
21441, 56.8, 415.234
21442, 56.83, 415.25
21443, 56.85, 415.267
21444, 56.86, 415.284
21445, 56.86, 415.301
21446, 56.87, 415.317
21447, 56.87, 415.334
21448, 56.87, 415.35
21449, 56.87, 415.367
21450, 56.87, 415.384
21451, 56.87, 415.401
21452, 56.86, 415.417
21453, 56.86, 415.451
21454, 56.87, 415.467
21455, 56.86, 415.484
21456, 56.86, 415.5
21457, 56.84, 415.517
21458, 56.83, 415.534
21459, 56.84, 415.551
21460, 56.84, 415.567
21461, 56.82, 415.584
21462, 56.82, 415.6
21463, 56.84, 415.617
21464, 56.85, 415.634
21465, 56.84, 415.651
21466, 56.83, 415.667
21467, 56.82, 415.684
21468, 56.81, 415.701
21469, 56.79, 415.717
21470, 56.77, 415.734
21471, 56.73, 415.75
21472, 56.69, 415.767
21473, 56.68, 415.801
21474, 56.73, 415.817
21475, 56.79, 415.834
21476, 56.81, 415.85
21477, 56.76, 415.867
21478, 56.76, 415.884
21479, 56.79, 415.901
21480, 56.82, 415.917
21481, 56.83, 415.934
21482, 56.84, 415.951
21483, 56.87, 415.967
21484, 56.91, 415.984
21485, 56.96, 416
21486, 57, 416.017
21487, 57.04, 416.034
21488, 57.07, 416.051
21489, 57.1, 416.067
21490, 57.17, 416.1
21491, 57.21, 416.117
21492, 57.24, 416.134
21493, 57.27, 416.151
21494, 57.3, 416.167
21495, 57.33, 416.184
21496, 57.36, 416.201
21497, 57.39, 416.217
21498, 57.41, 416.234
21499, 57.44, 416.25
21500, 57.46, 416.267
21501, 57.49, 416.284
21502, 57.52, 416.301
21503, 57.55, 416.317
21504, 57.58, 416.334
21505, 57.61, 416.35
21506, 57.64, 416.367
21507, 57.67, 416.384
21508, 57.7, 416.401
21509, 57.73, 416.417
21510, 57.76, 416.434
21511, 57.78, 416.451
21512, 57.81, 416.467
21513, 57.85, 416.5
21514, 57.87, 416.517
21515, 57.89, 416.534
21516, 57.92, 416.551
21517, 57.94, 416.567
21518, 57.97, 416.584
21519, 57.99, 416.6
21520, 58.02, 416.617
21521, 58.04, 416.634
21522, 58.07, 416.651
21523, 58.09, 416.667
21524, 58.11, 416.684
21525, 58.14, 416.701
21526, 58.17, 416.717
21527, 58.2, 416.734
21528, 58.23, 416.75
21529, 58.25, 416.767
21530, 58.27, 416.784
21531, 58.3, 416.801
21532, 58.32, 416.817
21533, 58.35, 416.834
21534, 58.37, 416.85
21535, 58.4, 416.867
21536, 58.42, 416.884
21537, 58.44, 416.901
21538, 58.47, 416.917
21539, 58.5, 416.934
21540, 58.52, 416.951
21541, 58.54, 416.967
21542, 58.57, 416.984
21543, 58.6, 417
21544, 58.66, 417.034
21545, 58.69, 417.051
21546, 58.71, 417.067
21547, 58.73, 417.084
21548, 58.75, 417.1
21549, 58.78, 417.117
21550, 58.82, 417.134
21551, 58.84, 417.151
21552, 58.87, 417.167
21553, 58.9, 417.184
21554, 58.93, 417.201
21555, 58.95, 417.217
21556, 58.98, 417.234
21557, 59.01, 417.25
21558, 59.03, 417.267
21559, 59.01, 417.284
21560, 58.97, 417.301
21561, 59.06, 417.317
21562, 59.09, 417.334
21563, 59.09, 417.35
21564, 59.13, 417.367
21565, 59.16, 417.384
21566, 59.18, 417.401
21567, 59.2, 417.417
21568, 59.22, 417.434
21569, 59.25, 417.451
21570, 59.28, 417.467
21571, 59.31, 417.484
21572, 59.34, 417.5
21573, 59.36, 417.517
21574, 59.37, 417.534
21575, 59.39, 417.551
21576, 59.4, 417.567
21577, 59.42, 417.584
21578, 59.45, 417.6
21579, 59.49, 417.617
21580, 59.53, 417.634
21581, 59.56, 417.651
21582, 59.58, 417.667
21583, 59.58, 417.684
21584, 59.58, 417.701
21585, 59.59, 417.717
21586, 59.6, 417.734
21587, 59.63, 417.75
21588, 59.67, 417.767
21589, 59.73, 417.784
21590, 59.77, 417.801
21591, 59.8, 417.817
21592, 59.82, 417.834
21593, 59.84, 417.85
21594, 59.86, 417.867
21595, 59.88, 417.884
21596, 59.9, 417.901
21597, 59.93, 417.917
21598, 59.96, 417.934
21599, 59.99, 417.951
21600, 60.01, 417.967
21601, 60.04, 417.984
21602, 60.07, 418
21603, 60.1, 418.017
21604, 60.14, 418.034
21605, 60.19, 418.051
21606, 60.22, 418.067
21607, 60.28, 418.1
21608, 60.31, 418.117
21609, 60.34, 418.134
21610, 60.37, 418.151
21611, 60.4, 418.167
21612, 60.43, 418.184
21613, 60.46, 418.201
21614, 60.49, 418.217
21615, 60.51, 418.234
21616, 60.54, 418.25
21617, 60.56, 418.267
21618, 60.59, 418.284
21619, 60.61, 418.301
21620, 60.61, 418.301
21621, 60.64, 418.317
21622, 60.67, 418.334
21623, 60.69, 418.35
21624, 60.71, 418.367
21625, 60.73, 418.384
21626, 60.75, 418.401
21627, 60.78, 418.417
21628, 60.8, 418.434
21629, 60.82, 418.451
21630, 60.84, 418.467
21631, 60.85, 418.484
21632, 60.88, 418.5
21633, 60.9, 418.517
21634, 60.91, 418.534
21635, 60.93, 418.551
21636, 60.95, 418.567
21637, 60.97, 418.584
21638, 60.99, 418.6
21639, 61.02, 418.617
21640, 61.05, 418.634
21641, 61.07, 418.651
21642, 61.09, 418.667
21643, 61.11, 418.684
21644, 61.14, 418.701
21645, 61.16, 418.717
21646, 61.19, 418.734
21647, 61.23, 418.75
21648, 61.26, 418.767
21649, 61.28, 418.784
21650, 61.3, 418.801
21651, 61.33, 418.817
21652, 61.36, 418.834
21653, 61.4, 418.85
21654, 61.44, 418.867
21655, 61.48, 418.884
21656, 61.5, 418.901
21657, 61.53, 418.917
21658, 61.56, 418.934
21659, 61.58, 418.951
21660, 61.6, 418.967
21661, 61.63, 418.984
21662, 61.66, 419
21663, 61.68, 419.017
21664, 61.69, 419.034
21665, 61.71, 419.051
21666, 61.73, 419.067
21667, 61.75, 419.084
21668, 61.77, 419.1
21669, 61.8, 419.117
21670, 61.83, 419.134
21671, 61.87, 419.151
21672, 61.9, 419.167
21673, 61.92, 419.184
21674, 61.94, 419.201
21675, 61.96, 419.217
21676, 61.98, 419.234
21677, 62, 419.25
21678, 62.02, 419.267
21679, 62.05, 419.284
21680, 62.07, 419.301
21681, 62.09, 419.317
21682, 62.12, 419.334
21683, 62.15, 419.35
21684, 62.17, 419.367
21685, 62.2, 419.384
21686, 62.2, 419.384
21687, 62.23, 419.401
21688, 62.26, 419.417
21689, 62.3, 419.434
21690, 62.33, 419.451
21691, 62.37, 419.467
21692, 62.4, 419.484
21693, 62.43, 419.5
21694, 62.46, 419.517
21695, 62.49, 419.534
21696, 62.52, 419.551
21697, 62.55, 419.567
21698, 62.57, 419.584
21699, 62.6, 419.6
21700, 62.63, 419.617
21701, 62.65, 419.634
21702, 62.67, 419.651
21703, 62.7, 419.667
21704, 62.72, 419.684
21705, 62.74, 419.701
21706, 62.76, 419.717
21707, 62.78, 419.734
21708, 62.8, 419.75
21709, 62.82, 419.767
21710, 62.84, 419.784
21711, 62.87, 419.801
21712, 62.89, 419.817
21713, 62.92, 419.834
21714, 62.94, 419.85
21715, 62.96, 419.867
21716, 62.98, 419.884
21717, 63.01, 419.901
21718, 63.03, 419.917
21719, 63.03, 419.917
21720, 63.06, 419.934
21721, 63.08, 419.951
21722, 63.11, 419.967
21723, 63.13, 419.984
21724, 63.15, 420
21725, 63.18, 420.017
21726, 63.2, 420.034
21727, 63.22, 420.051
21728, 63.24, 420.067
21729, 63.26, 420.084
21730, 63.28, 420.1
21731, 63.3, 420.117
21732, 63.32, 420.134
21733, 63.34, 420.151
21734, 63.36, 420.167
21735, 63.38, 420.184
21736, 63.4, 420.201
21737, 63.42, 420.217
21738, 63.43, 420.234
21739, 63.45, 420.25
21740, 63.47, 420.267
21741, 63.47, 420.267
21742, 63.49, 420.284
21743, 63.51, 420.301
21744, 63.53, 420.317
21745, 63.54, 420.334
21746, 63.56, 420.35
21747, 63.58, 420.367
21748, 63.59, 420.384
21749, 63.61, 420.401
21750, 63.63, 420.417
21751, 63.64, 420.434
21752, 63.66, 420.451
21753, 63.68, 420.467
21754, 63.7, 420.484
21755, 63.71, 420.5
21756, 63.73, 420.517
21757, 63.74, 420.534
21758, 63.75, 420.551
21759, 63.76, 420.567
21760, 63.78, 420.584
21761, 63.78, 420.584
21762, 63.8, 420.6
21763, 63.82, 420.617
21764, 63.84, 420.634
21765, 63.86, 420.651
21766, 63.88, 420.667
21767, 63.9, 420.684
21768, 63.93, 420.701
21769, 63.94, 420.717
21770, 63.96, 420.734
21771, 63.97, 420.75
21772, 63.99, 420.767
21773, 64, 420.784
21774, 64.02, 420.801
21775, 64.03, 420.817
21776, 64.05, 420.834
21777, 64.06, 420.85
21778, 64.08, 420.867
21779, 64.08, 420.867
21780, 64.09, 420.884
21781, 64.11, 420.901
21782, 64.12, 420.917
21783, 64.13, 420.934
21784, 64.15, 420.951
21785, 64.17, 420.967
21786, 64.19, 420.984
21787, 64.21, 421
21788, 64.23, 421.017
21789, 64.24, 421.034
21790, 64.26, 421.051
21791, 64.27, 421.067
21792, 64.29, 421.084
21793, 64.31, 421.1
21794, 64.33, 421.117
21795, 64.33, 421.117
21796, 64.36, 421.134
21797, 64.38, 421.151
21798, 64.4, 421.167
21799, 64.41, 421.184
21800, 64.43, 421.201
21801, 64.45, 421.217
21802, 64.48, 421.234
21803, 64.49, 421.25
21804, 64.49, 421.267
21805, 64.48, 421.284
21806, 64.5, 421.301
21807, 64.5, 421.317
21808, 64.51, 421.334
21809, 64.56, 421.35
21810, 64.56, 421.35
21811, 64.63, 421.367
21812, 64.65, 421.384
21813, 64.66, 421.401
21814, 64.68, 421.417
21815, 64.71, 421.434
21816, 64.72, 421.451
21817, 64.74, 421.467
21818, 64.76, 421.484
21819, 64.77, 421.5
21820, 64.79, 421.517
21821, 64.81, 421.534
21822, 64.83, 421.551
21823, 64.85, 421.567
21824, 64.85, 421.567
21825, 64.88, 421.584
21826, 64.91, 421.6
21827, 64.94, 421.617
21828, 64.95, 421.634
21829, 64.95, 421.651
21830, 64.95, 421.667
21831, 64.95, 421.684
21832, 64.95, 421.701
21833, 64.94, 421.717
21834, 64.95, 421.734
21835, 64.99, 421.75
21836, 65.09, 421.767
21837, 65.09, 421.767
21838, 65.14, 421.784
21839, 65.14, 421.801
21840, 65.14, 421.817
21841, 65.16, 421.834
21842, 65.17, 421.85
21843, 65.18, 421.867
21844, 65.21, 421.884
21845, 65.25, 421.901
21846, 65.28, 421.917
21847, 65.3, 421.934
21848, 65.31, 421.951
21849, 65.32, 421.967
21850, 65.32, 421.967
21851, 65.35, 421.984
21852, 65.36, 422
21853, 65.38, 422.017
21854, 65.4, 422.034
21855, 65.42, 422.051
21856, 65.43, 422.067
21857, 65.44, 422.084
21858, 65.45, 422.1
21859, 65.47, 422.117
21860, 65.49, 422.134
21861, 65.53, 422.151
21862, 65.53, 422.151
21863, 65.56, 422.167
21864, 65.58, 422.184
21865, 65.6, 422.201
21866, 65.63, 422.217
21867, 65.65, 422.234
21868, 65.66, 422.25
21869, 65.69, 422.267
21870, 65.71, 422.284
21871, 65.73, 422.301
21872, 65.75, 422.317
21873, 65.75, 422.317
21874, 65.76, 422.334
21875, 65.78, 422.35
21876, 65.8, 422.367
21877, 65.83, 422.384
21878, 65.85, 422.401
21879, 65.87, 422.417
21880, 65.9, 422.434
21881, 65.92, 422.451
21882, 65.94, 422.467
21883, 65.96, 422.484
21884, 65.98, 422.5
21885, 65.98, 422.5
21886, 66, 422.517
21887, 66.01, 422.534
21888, 66.03, 422.551
21889, 66.04, 422.567
21890, 66.06, 422.584
21891, 66.08, 422.6
21892, 66.11, 422.617
21893, 66.14, 422.634
21894, 66.17, 422.651
21895, 66.19, 422.667
21896, 66.19, 422.667
21897, 66.21, 422.684
21898, 66.24, 422.701
21899, 66.26, 422.717
21900, 66.27, 422.734
21901, 66.29, 422.75
21902, 66.31, 422.767
21903, 66.33, 422.784
21904, 66.34, 422.801
21905, 66.36, 422.817
21906, 66.36, 422.817
21907, 66.38, 422.834
21908, 66.39, 422.85
21909, 66.41, 422.867
21910, 66.43, 422.884
21911, 66.45, 422.901
21912, 66.48, 422.917
21913, 66.51, 422.934
21914, 66.54, 422.951
21915, 66.56, 422.967
21916, 66.56, 422.967
21917, 66.58, 422.984
21918, 66.6, 423
21919, 66.62, 423.017
21920, 66.63, 423.034
21921, 66.65, 423.051
21922, 66.67, 423.067
21923, 66.68, 423.084
21924, 66.71, 423.1
21925, 66.73, 423.117
21926, 66.73, 423.117
21927, 66.75, 423.134
21928, 66.77, 423.151
21929, 66.78, 423.167
21930, 66.8, 423.184
21931, 66.81, 423.201
21932, 66.83, 423.217
21933, 66.86, 423.234
21934, 66.9, 423.25
21935, 66.92, 423.267
21936, 66.92, 423.267
21937, 66.93, 423.284
21938, 66.94, 423.301
21939, 66.96, 423.317
21940, 66.97, 423.334
21941, 66.98, 423.35
21942, 67, 423.367
21943, 67.02, 423.384
21944, 67.04, 423.401
21945, 67.06, 423.417
21946, 67.06, 423.417
21947, 67.09, 423.434
21948, 67.12, 423.451
21949, 67.14, 423.467
21950, 67.15, 423.484
21951, 67.16, 423.5
21952, 67.17, 423.517
21953, 67.19, 423.534
21954, 67.21, 423.551
21955, 67.21, 423.551
21956, 67.24, 423.567
21957, 67.26, 423.584
21958, 67.28, 423.6
21959, 67.3, 423.617
21960, 67.32, 423.634
21961, 67.36, 423.651
21962, 67.39, 423.667
21963, 67.41, 423.684
21964, 67.41, 423.684
21965, 67.43, 423.701
21966, 67.44, 423.717
21967, 67.43, 423.734
21968, 67.41, 423.75
21969, 67.4, 423.767
21970, 67.38, 423.784
21971, 67.35, 423.801
21972, 67.33, 423.817
21973, 67.42, 423.834
21974, 67.42, 423.834
21975, 67.49, 423.85
21976, 67.55, 423.867
21977, 67.48, 423.884
21978, 67.48, 423.901
21979, 67.52, 423.917
21980, 67.54, 423.934
21981, 67.51, 423.951
21982, 67.5, 423.967
21983, 67.5, 423.967
21984, 67.48, 423.984
21985, 67.46, 424
21986, 67.57, 424.017
21987, 67.65, 424.034
21988, 67.67, 424.051
21989, 67.59, 424.067
21990, 67.62, 424.084
21991, 67.62, 424.084
21992, 67.67, 424.1
21993, 67.66, 424.117
21994, 67.63, 424.134
21995, 67.66, 424.151
21996, 67.67, 424.167
21997, 67.67, 424.184
21998, 67.71, 424.201
21999, 67.76, 424.217
22000, 67.76, 424.217
22001, 67.77, 424.234
22002, 67.79, 424.25
22003, 67.81, 424.267
22004, 67.83, 424.284
22005, 67.86, 424.301
22006, 67.87, 424.317
22007, 67.89, 424.334
22008, 67.91, 424.35
22009, 67.91, 424.35
22010, 67.92, 424.367
22011, 67.94, 424.384
22012, 67.96, 424.401
22013, 67.97, 424.417
22014, 67.99, 424.434
22015, 68.01, 424.451
22016, 68.02, 424.467
22017, 68.02, 424.467
22018, 68.03, 424.484
22019, 68.05, 424.5
22020, 68.07, 424.517
22021, 68.08, 424.534
22022, 68.1, 424.551
22023, 68.11, 424.567
22024, 68.13, 424.584
22025, 68.14, 424.6
22026, 68.14, 424.6
22027, 68.15, 424.617
22028, 68.17, 424.634
22029, 68.19, 424.651
22030, 68.2, 424.667
22031, 68.23, 424.684
22032, 68.25, 424.701
22033, 68.26, 424.717
22034, 68.26, 424.717
22035, 68.27, 424.734
22036, 68.29, 424.75
22037, 68.3, 424.767
22038, 68.31, 424.784
22039, 68.33, 424.801
22040, 68.34, 424.817
22041, 68.35, 424.834
22042, 68.35, 424.834
22043, 68.38, 424.85
22044, 68.39, 424.867
22045, 68.41, 424.884
22046, 68.42, 424.901
22047, 68.44, 424.917
22048, 68.44, 424.934
22049, 68.45, 424.951
22050, 68.45, 424.951
22051, 68.47, 424.967
22052, 68.49, 424.984
22053, 68.52, 425
22054, 68.54, 425.017
22055, 68.56, 425.034
22056, 68.58, 425.051
22057, 68.59, 425.067
22058, 68.59, 425.067
22059, 68.61, 425.084
22060, 68.62, 425.1
22061, 68.63, 425.117
22062, 68.65, 425.134
22063, 68.66, 425.151
22064, 68.67, 425.167
22065, 68.69, 425.184
22066, 68.69, 425.184
22067, 68.7, 425.201
22068, 68.71, 425.217
22069, 68.72, 425.234
22070, 68.74, 425.25
22071, 68.76, 425.267
22072, 68.78, 425.284
22073, 68.8, 425.301
22074, 68.8, 425.301
22075, 68.82, 425.317
22076, 68.84, 425.334
22077, 68.85, 425.35
22078, 68.87, 425.367
22079, 68.88, 425.384
22080, 68.89, 425.401
22081, 68.9, 425.417
22082, 68.9, 425.417
22083, 68.92, 425.434
22084, 68.93, 425.451
22085, 68.95, 425.467
22086, 68.96, 425.484
22087, 68.97, 425.5
22088, 68.98, 425.517
22089, 68.99, 425.534
22090, 68.99, 425.534
22091, 69.02, 425.551
22092, 69.03, 425.567
22093, 69.07, 425.584
22094, 69.1, 425.6
22095, 69.11, 425.617
22096, 69.1, 425.634
22097, 69.1, 425.634
22098, 69.12, 425.651
22099, 69.13, 425.667
22100, 69.15, 425.684
22101, 69.16, 425.701
22102, 69.18, 425.717
22103, 69.19, 425.734
22104, 69.2, 425.75
22105, 69.2, 425.75
22106, 69.21, 425.767
22107, 69.23, 425.784
22108, 69.24, 425.801
22109, 69.25, 425.817
22110, 69.27, 425.834
22111, 69.28, 425.85
22112, 69.28, 425.85
22113, 69.3, 425.867
22114, 69.32, 425.884
22115, 69.35, 425.901
22116, 69.36, 425.917
22117, 69.37, 425.934
22118, 69.39, 425.951
22119, 69.4, 425.967
22120, 69.4, 425.967
22121, 69.41, 425.984
22122, 69.42, 426
22123, 69.44, 426.017
22124, 69.45, 426.034
22125, 69.46, 426.051
22126, 69.47, 426.067
22127, 69.47, 426.067
22128, 69.48, 426.084
22129, 69.5, 426.1
22130, 69.52, 426.117
22131, 69.55, 426.134
22132, 69.57, 426.151
22133, 69.58, 426.167
22134, 69.58, 426.167
22135, 69.58, 426.184
22136, 69.59, 426.201
22137, 69.6, 426.217
22138, 69.62, 426.234
22139, 69.64, 426.25
22140, 69.67, 426.267
22141, 69.69, 426.284
22142, 69.69, 426.284
22143, 69.69, 426.301
22144, 69.7, 426.317
22145, 69.71, 426.334
22146, 69.72, 426.35
22147, 69.73, 426.367
22148, 69.74, 426.384
22149, 69.74, 426.384
22150, 69.75, 426.401
22151, 69.77, 426.417
22152, 69.79, 426.434
22153, 69.82, 426.451
22154, 69.84, 426.467
22155, 69.86, 426.484
22156, 69.86, 426.484
22157, 69.87, 426.5
22158, 69.87, 426.517
22159, 69.88, 426.534
22160, 69.9, 426.551
22161, 69.91, 426.567
22162, 69.93, 426.584
22163, 69.93, 426.584
22164, 69.94, 426.6
22165, 69.96, 426.617
22166, 69.92, 426.634
22167, 69.87, 426.651
22168, 69.96, 426.667
22169, 69.95, 426.684
22170, 69.95, 426.684
22171, 69.96, 426.701
22172, 69.96, 426.717
22173, 69.98, 426.734
22174, 69.98, 426.75
22175, 69.99, 426.767
22176, 70, 426.784
22177, 70, 426.784
22178, 70.01, 426.801
22179, 70.02, 426.817
22180, 70.04, 426.834
22181, 70.04, 426.85
22182, 70.05, 426.867
22183, 70.06, 426.884
22184, 70.06, 426.884
22185, 70.07, 426.901
22186, 70.07, 426.917
22187, 70.08, 426.934
22188, 70.08, 426.951
22189, 70.1, 426.967
22190, 70.11, 426.984
22191, 70.11, 426.984
22192, 70.13, 427
22193, 70.15, 427.017
22194, 70.17, 427.034
22195, 70.18, 427.051
22196, 70.19, 427.067
22197, 70.2, 427.084
22198, 70.2, 427.084
22199, 70.2, 427.1
22200, 70.21, 427.117
22201, 70.21, 427.134
22202, 70.22, 427.151
22203, 70.23, 427.167
22204, 70.23, 427.184
22205, 70.23, 427.184
22206, 70.24, 427.201
22207, 70.25, 427.217
22208, 70.26, 427.234
22209, 70.27, 427.25
22210, 70.28, 427.267
22211, 70.29, 427.284
22212, 70.29, 427.284
22213, 70.31, 427.301
22214, 70.33, 427.317
22215, 70.35, 427.334
22216, 70.36, 427.35
22217, 70.36, 427.367
22218, 70.37, 427.384
22219, 70.37, 427.384
22220, 70.38, 427.401
22221, 70.39, 427.417
22222, 70.39, 427.417
22223, 70.39, 427.417
22224, 70.39, 427.417
22225, 70.39, 427.417
22226, 70.42, 427.484
22227, 70.44, 427.5
22228, 70.47, 427.517
22229, 70.47, 427.534
22230, 70.46, 427.551
22231, 70.46, 427.567
22232, 70.46, 427.567
22233, 70.46, 427.584
22234, 70.46, 427.6
22235, 70.47, 427.617
22236, 70.49, 427.634
22237, 70.51, 427.651
22238, 70.53, 427.667
22239, 70.53, 427.667
22240, 70.54, 427.684
22241, 70.55, 427.701
22242, 70.55, 427.717
22243, 70.56, 427.734
22244, 70.57, 427.75
22245, 70.57, 427.767
22246, 70.57, 427.767
22247, 70.57, 427.784
22248, 70.57, 427.801
22249, 70.58, 427.817
22250, 70.58, 427.834
22251, 70.59, 427.85
22252, 70.59, 427.85
22253, 70.61, 427.867
22254, 70.64, 427.884
22255, 70.67, 427.901
22256, 70.68, 427.917
22257, 70.68, 427.934
22258, 70.67, 427.951
22259, 70.67, 427.951
22260, 70.66, 427.967
22261, 70.67, 427.984
22262, 70.68, 428
22263, 70.71, 428.017
22264, 70.72, 428.034
22265, 70.72, 428.051
22266, 70.72, 428.051
22267, 70.73, 428.067
22268, 70.73, 428.084
22269, 70.73, 428.1
22270, 70.74, 428.117
22271, 70.75, 428.134
22272, 70.75, 428.134
22273, 70.76, 428.151
22274, 70.77, 428.167
22275, 70.77, 428.184
22276, 70.77, 428.201
22277, 70.79, 428.217
22278, 70.8, 428.234
22279, 70.8, 428.234
22280, 70.82, 428.25
22281, 70.83, 428.267
22282, 70.83, 428.284
22283, 70.82, 428.301
22284, 70.82, 428.317
22285, 70.82, 428.317
22286, 70.81, 428.334
22287, 70.81, 428.35
22288, 70.82, 428.367
22289, 70.83, 428.384
22290, 70.85, 428.401
22291, 70.87, 428.417
22292, 70.87, 428.417
22293, 70.88, 428.434
22294, 70.9, 428.451
22295, 70.9, 428.467
22296, 70.9, 428.484
22297, 70.9, 428.5
22298, 70.9, 428.5
22299, 70.9, 428.517
22300, 70.91, 428.534
22301, 70.91, 428.551
22302, 70.91, 428.567
22303, 70.91, 428.584
22304, 70.91, 428.6
22305, 70.91, 428.6
22306, 70.92, 428.617
22307, 70.94, 428.634
22308, 70.96, 428.651
22309, 70.97, 428.667
22310, 70.97, 428.684
22311, 70.97, 428.684
22312, 70.97, 428.701
22313, 70.98, 428.717
22314, 70.97, 428.734
22315, 70.98, 428.75
22316, 70.99, 428.767
22317, 71, 428.784
22318, 71, 428.784
22319, 71.01, 428.801
22320, 71.02, 428.817
22321, 71.03, 428.834
22322, 71.03, 428.85
22323, 71.04, 428.867
22324, 71.04, 428.867
22325, 71.04, 428.884
22326, 71.03, 428.901
22327, 71.03, 428.917
22328, 71.03, 428.934
22329, 71.03, 428.951
22330, 71.05, 428.967
22331, 71.05, 428.967
22332, 71.07, 428.984
22333, 71.11, 429
22334, 71.11, 429.017
22335, 71.09, 429.034
22336, 71.08, 429.051
22337, 71.08, 429.051
22338, 71.08, 429.067
22339, 71.07, 429.084
22340, 71.07, 429.1
22341, 71.09, 429.117
22342, 71.11, 429.134
22343, 71.11, 429.134
22344, 71.12, 429.151
22345, 71.12, 429.167
22346, 71.12, 429.184
22347, 71.13, 429.201
22348, 71.14, 429.217
22349, 71.14, 429.234
22350, 71.14, 429.234
22351, 71.15, 429.25
22352, 71.15, 429.267
22353, 71.15, 429.284
22354, 71.16, 429.301
22355, 71.17, 429.317
22356, 71.17, 429.317
22357, 71.17, 429.334
22358, 71.18, 429.35
22359, 71.18, 429.367
22360, 71.18, 429.384
22361, 71.17, 429.401
22362, 71.17, 429.417
22363, 71.17, 429.417
22364, 71.17, 429.434
22365, 71.17, 429.451
22366, 71.18, 429.467
22367, 71.18, 429.484
22368, 71.19, 429.5
22369, 71.19, 429.5
22370, 71.2, 429.517
22371, 71.21, 429.534
22372, 71.22, 429.551
22373, 71.22, 429.567
22374, 71.22, 429.584
22375, 71.22, 429.584
22376, 71.22, 429.6
22377, 71.22, 429.617
22378, 71.22, 429.634
22379, 71.23, 429.651
22380, 71.23, 429.667
22381, 71.23, 429.684
22382, 71.23, 429.684
22383, 71.24, 429.701
22384, 71.24, 429.717
22385, 71.25, 429.734
22386, 71.25, 429.75
22387, 71.26, 429.767
22388, 71.26, 429.767
22389, 71.26, 429.784
22390, 71.26, 429.801
22391, 71.26, 429.817
22392, 71.27, 429.834
22393, 71.27, 429.85
22394, 71.27, 429.85
22395, 71.27, 429.867
22396, 71.27, 429.884
22397, 71.28, 429.901
22398, 71.29, 429.917
22399, 71.3, 429.934
22400, 71.3, 429.951
22401, 71.3, 429.951
22402, 71.31, 429.967
22403, 71.31, 429.984
22404, 71.31, 430
22405, 71.32, 430.017
22406, 71.32, 430.034
22407, 71.32, 430.034
22408, 71.33, 430.051
22409, 71.33, 430.067
22410, 71.33, 430.084
22411, 71.32, 430.1
22412, 71.33, 430.117
22413, 71.33, 430.117
22414, 71.33, 430.134
22415, 71.34, 430.151
22416, 71.34, 430.167
22417, 71.35, 430.184
22418, 71.35, 430.201
22419, 71.35, 430.201
22420, 71.36, 430.217
22421, 71.37, 430.234
22422, 71.39, 430.25
22423, 71.39, 430.267
22424, 71.39, 430.284
22425, 71.39, 430.301
22426, 71.39, 430.301
22427, 71.39, 430.317
22428, 71.39, 430.334
22429, 71.38, 430.35
22430, 71.39, 430.367
22431, 71.4, 430.384
22432, 71.4, 430.384
22433, 71.41, 430.401
22434, 71.41, 430.417
22435, 71.4, 430.434
22436, 71.39, 430.451
22437, 71.39, 430.467
22438, 71.39, 430.467
22439, 71.39, 430.484
22440, 71.39, 430.5
22441, 71.39, 430.517
22442, 71.4, 430.534
22443, 71.4, 430.551
22444, 71.4, 430.551
22445, 71.41, 430.567
22446, 71.42, 430.584
22447, 71.43, 430.6
22448, 71.43, 430.617
22449, 71.43, 430.634
22450, 71.43, 430.651
22451, 71.43, 430.651
22452, 71.43, 430.667
22453, 71.43, 430.684
22454, 71.43, 430.701
22455, 71.43, 430.717
22456, 71.43, 430.734
22457, 71.43, 430.734
22458, 71.44, 430.75
22459, 71.44, 430.767
22460, 71.45, 430.784
22461, 71.46, 430.801
22462, 71.47, 430.817
22463, 71.47, 430.817
22464, 71.48, 430.834
22465, 71.48, 430.85
22466, 71.49, 430.867
22467, 71.49, 430.884
22468, 71.49, 430.901
22469, 71.49, 430.901
22470, 71.49, 430.917
22471, 71.48, 430.934
22472, 71.47, 430.951
22473, 71.47, 430.967
22474, 71.46, 430.984
22475, 71.45, 431
22476, 71.45, 431
22477, 71.46, 431.017
22478, 71.47, 431.034
22479, 71.51, 431.051
22480, 71.55, 431.067
22481, 71.55, 431.084
22482, 71.55, 431.084
22483, 71.53, 431.1
22484, 71.52, 431.117
22485, 71.52, 431.134
22486, 71.49, 431.151
22487, 71.49, 431.167
22488, 71.49, 431.167
22489, 71.49, 431.184
22490, 71.5, 431.201
22491, 71.51, 431.217
22492, 71.52, 431.234
22493, 71.54, 431.25
22494, 71.54, 431.25
22495, 71.56, 431.267
22496, 71.56, 431.284
22497, 71.57, 431.301
22498, 71.57, 431.317
22499, 71.56, 431.334
22500, 71.56, 431.334
22501, 71.56, 431.35
22502, 71.55, 431.367
22503, 71.54, 431.384
22504, 71.54, 431.401
22505, 71.54, 431.417
22506, 71.55, 431.434
22507, 71.55, 431.434
22508, 71.56, 431.451
22509, 71.56, 431.467
22510, 71.57, 431.484
22511, 71.57, 431.5
22512, 71.58, 431.517
22513, 71.58, 431.517
22514, 71.57, 431.534
22515, 71.56, 431.551
22516, 71.56, 431.567
22517, 71.56, 431.584
22518, 71.57, 431.6
22519, 71.57, 431.6
22520, 71.59, 431.617
22521, 71.62, 431.634
22522, 71.61, 431.651
22523, 71.59, 431.667
22524, 71.6, 431.684
22525, 71.6, 431.684
22526, 71.6, 431.701
22527, 71.6, 431.717
22528, 71.61, 431.734
22529, 71.62, 431.75
22530, 71.62, 431.767
22531, 71.62, 431.767
22532, 71.63, 431.784
22533, 71.64, 431.801
22534, 71.64, 431.817
22535, 71.64, 431.834
22536, 71.64, 431.85
22537, 71.64, 431.85
22538, 71.63, 431.867
22539, 71.63, 431.884
22540, 71.63, 431.901
22541, 71.63, 431.917
22542, 71.63, 431.934
22543, 71.64, 431.951
22544, 71.64, 431.951
22545, 71.64, 431.967
22546, 71.64, 431.984
22547, 71.64, 432
22548, 71.64, 432.017
22549, 71.64, 432.034
22550, 71.64, 432.034
22551, 71.65, 432.051
22552, 71.65, 432.067
22553, 71.66, 432.084
22554, 71.66, 432.1
22555, 71.66, 432.117
22556, 71.66, 432.117
22557, 71.67, 432.134
22558, 71.67, 432.151
22559, 71.68, 432.167
22560, 71.67, 432.184
22561, 71.67, 432.201
22562, 71.67, 432.201
22563, 71.67, 432.217
22564, 71.66, 432.234
22565, 71.66, 432.25
22566, 71.67, 432.267
22567, 71.68, 432.284
22568, 71.68, 432.284
22569, 71.68, 432.301
22570, 71.69, 432.317
22571, 71.69, 432.334
22572, 71.69, 432.35
22573, 71.7, 432.367
22574, 71.7, 432.367
22575, 71.71, 432.384
22576, 71.71, 432.401
22577, 71.71, 432.417
22578, 71.72, 432.434
22579, 71.72, 432.451
22580, 71.72, 432.451
22581, 71.72, 432.467
22582, 71.73, 432.484
22583, 71.73, 432.5
22584, 71.73, 432.517
22585, 71.74, 432.534
22586, 71.73, 432.551
22587, 71.73, 432.551
22588, 71.73, 432.567
22589, 71.73, 432.584
22590, 71.73, 432.6
22591, 71.74, 432.617
22592, 71.74, 432.634
22593, 71.74, 432.634
22594, 71.73, 432.651
22595, 71.73, 432.667
22596, 71.72, 432.684
22597, 71.72, 432.701
22598, 71.73, 432.717
22599, 71.73, 432.717
22600, 71.73, 432.734
22601, 71.74, 432.75
22602, 71.75, 432.767
22603, 71.75, 432.784
22604, 71.75, 432.801
22605, 71.75, 432.801
22606, 71.76, 432.817
22607, 71.76, 432.834
22608, 71.77, 432.85
22609, 71.78, 432.867
22610, 71.79, 432.884
22611, 71.79, 432.884
22612, 71.79, 432.901
22613, 71.8, 432.917
22614, 71.8, 432.934
22615, 71.8, 432.951
22616, 71.79, 432.967
22617, 71.79, 432.967
22618, 71.78, 432.984
22619, 71.77, 433
22620, 71.76, 433.017
22621, 71.76, 433.034
22622, 71.76, 433.051
22623, 71.76, 433.051
22624, 71.77, 433.067
22625, 71.79, 433.084
22626, 71.8, 433.1
22627, 71.81, 433.117
22628, 71.82, 433.134
22629, 71.82, 433.134
22630, 71.83, 433.151
22631, 71.83, 433.167
22632, 71.83, 433.184
22633, 71.82, 433.201
22634, 71.82, 433.217
22635, 71.82, 433.217
22636, 71.82, 433.234
22637, 71.81, 433.25
22638, 71.81, 433.267
22639, 71.81, 433.284
22640, 71.82, 433.301
22641, 71.83, 433.317
22642, 71.83, 433.317
22643, 71.84, 433.334
22644, 71.84, 433.35
22645, 71.83, 433.367
22646, 71.82, 433.384
22647, 71.82, 433.401
22648, 71.82, 433.401
22649, 71.83, 433.417
22650, 71.83, 433.434
22651, 71.85, 433.451
22652, 71.85, 433.467
22653, 71.85, 433.484
22654, 71.85, 433.484
22655, 71.85, 433.5
22656, 71.85, 433.517
22657, 71.85, 433.534
22658, 71.86, 433.551
22659, 71.87, 433.567
22660, 71.87, 433.567
22661, 71.87, 433.584
22662, 71.88, 433.6
22663, 71.88, 433.617
22664, 71.88, 433.634
22665, 71.88, 433.651
22666, 71.88, 433.651
22667, 71.88, 433.667
22668, 71.88, 433.684
22669, 71.88, 433.701
22670, 71.87, 433.717
22671, 71.86, 433.734
22672, 71.86, 433.734
22673, 71.84, 433.75
22674, 71.83, 433.767
22675, 71.82, 433.784
22676, 71.82, 433.801
22677, 71.87, 433.817
22678, 71.87, 433.817
22679, 71.92, 433.834
22680, 71.92, 433.85
22681, 71.9, 433.867
22682, 71.91, 433.884
22683, 71.9, 433.901
22684, 71.9, 433.901
22685, 71.9, 433.917
22686, 71.9, 433.934
22687, 71.89, 433.951
22688, 71.89, 433.967
22689, 71.89, 433.984
22690, 71.89, 433.984
22691, 71.89, 434
22692, 71.9, 434.017
22693, 71.91, 434.034
22694, 71.92, 434.051
22695, 71.93, 434.067
22696, 71.93, 434.067
22697, 71.93, 434.084
22698, 71.93, 434.1
22699, 71.94, 434.117
22700, 71.94, 434.134
22701, 71.94, 434.151
22702, 71.94, 434.151
22703, 71.94, 434.167
22704, 71.94, 434.184
22705, 71.94, 434.201
22706, 71.94, 434.217
22707, 71.95, 434.234
22708, 71.95, 434.234
22709, 71.94, 434.25
22710, 71.94, 434.267
22711, 71.94, 434.284
22712, 71.94, 434.301
22713, 71.95, 434.317
22714, 71.95, 434.317
22715, 71.95, 434.334
22716, 71.95, 434.35
22717, 71.96, 434.367
22718, 71.96, 434.384
22719, 71.97, 434.401
22720, 71.97, 434.401
22721, 71.97, 434.417
22722, 71.96, 434.434
22723, 71.96, 434.451
22724, 71.96, 434.467
22725, 71.96, 434.484
22726, 71.96, 434.484
22727, 71.96, 434.5
22728, 71.95, 434.517
22729, 71.95, 434.534
22730, 71.96, 434.551
22731, 71.96, 434.567
22732, 71.96, 434.567
22733, 71.98, 434.584
22734, 71.99, 434.6
22735, 72, 434.617
22736, 72, 434.634
22737, 72, 434.651
22738, 72, 434.651
22739, 71.99, 434.667
22740, 71.99, 434.684
22741, 71.99, 434.701
22742, 71.99, 434.717
22743, 71.99, 434.734
22744, 71.99, 434.734
22745, 71.99, 434.75
22746, 71.99, 434.767
22747, 71.99, 434.784
22748, 72, 434.801
22749, 72.01, 434.817
22750, 72.01, 434.817
22751, 72.02, 434.834
22752, 72.02, 434.85
22753, 72.02, 434.867
22754, 72.02, 434.884
22755, 72.02, 434.901
22756, 72.02, 434.901
22757, 72.01, 434.917
22758, 72.01, 434.934
22759, 72.02, 434.951
22760, 72.01, 434.967
22761, 72.01, 434.984
22762, 72.01, 434.984
22763, 72.01, 435
22764, 72.01, 435.017
22765, 72.01, 435.034
22766, 72.01, 435.051
22767, 72.01, 435.067
22768, 72.01, 435.067
22769, 72.01, 435.084
22770, 72.02, 435.1
22771, 72.03, 435.117
22772, 72.03, 435.134
22773, 72.03, 435.151
22774, 72.03, 435.151
22775, 72.04, 435.167
22776, 72.04, 435.184
22777, 72.05, 435.201
22778, 72.05, 435.217
22779, 72.04, 435.234
22780, 72.04, 435.234
22781, 72.04, 435.25
22782, 72.04, 435.267
22783, 72.04, 435.284
22784, 72.04, 435.301
22785, 72.04, 435.317
22786, 72.04, 435.317
22787, 72.04, 435.334
22788, 72.04, 435.35
22789, 72.04, 435.367
22790, 72.05, 435.384
22791, 72.06, 435.401
22792, 72.06, 435.401
22793, 72.07, 435.417
22794, 72.07, 435.434
22795, 72.07, 435.451
22796, 72.08, 435.467
22797, 72.08, 435.484
22798, 72.08, 435.484
22799, 72.07, 435.5
22800, 72.07, 435.517
22801, 72.06, 435.534
22802, 72.06, 435.551
22803, 72.07, 435.567
22804, 72.07, 435.567
22805, 72.07, 435.584
22806, 72.07, 435.6
22807, 72.07, 435.617
22808, 72.07, 435.634
22809, 72.07, 435.651
22810, 72.07, 435.651
22811, 72.07, 435.667
22812, 72.07, 435.684
22813, 72.07, 435.701
22814, 72.08, 435.717
22815, 72.09, 435.734
22816, 72.09, 435.734
22817, 72.1, 435.75
22818, 72.1, 435.767
22819, 72.1, 435.784
22820, 72.1, 435.801
22821, 72.11, 435.817
22822, 72.11, 435.817
22823, 72.1, 435.834
22824, 72.1, 435.85
22825, 72.1, 435.867
22826, 72.09, 435.884
22827, 72.09, 435.901
22828, 72.09, 435.901
22829, 72.08, 435.917
22830, 72.09, 435.934
22831, 72.09, 435.951
22832, 72.1, 435.967
22833, 72.11, 435.984
22834, 72.11, 435.984
22835, 72.11, 436
22836, 72.12, 436.017
22837, 72.12, 436.034
22838, 72.13, 436.051
22839, 72.13, 436.067
22840, 72.13, 436.067
22841, 72.13, 436.084
22842, 72.13, 436.1
22843, 72.13, 436.117
22844, 72.12, 436.134
22845, 72.12, 436.151
22846, 72.12, 436.151
22847, 72.13, 436.167
22848, 72.12, 436.184
22849, 72.12, 436.201
22850, 72.12, 436.217
22851, 72.12, 436.234
22852, 72.12, 436.234
22853, 72.13, 436.25
22854, 72.15, 436.267
22855, 72.17, 436.284
22856, 72.17, 436.301
22857, 72.17, 436.301
22858, 72.17, 436.317
22859, 72.17, 436.334
22860, 72.16, 436.35
22861, 72.15, 436.367
22862, 72.15, 436.384
22863, 72.15, 436.384
22864, 72.15, 436.401
22865, 72.14, 436.417
22866, 72.14, 436.434
22867, 72.15, 436.451
22868, 72.15, 436.467
22869, 72.15, 436.467
22870, 72.17, 436.484
22871, 72.18, 436.5
22872, 72.18, 436.5
22873, 72.19, 436.534
22874, 72.2, 436.551
22875, 72.2, 436.551
22876, 72.18, 436.567
22877, 72.15, 436.584
22878, 72.15, 436.6
22879, 72.14, 436.617
22880, 72.15, 436.634
22881, 72.15, 436.634
22882, 72.16, 436.651
22883, 72.17, 436.667
22884, 72.18, 436.684
22885, 72.17, 436.701
22886, 72.16, 436.717
22887, 72.16, 436.717
22888, 72.16, 436.734
22889, 72.15, 436.75
22890, 72.13, 436.767
22891, 72.12, 436.784
22892, 72.12, 436.801
22893, 72.12, 436.801
22894, 72.13, 436.817
22895, 72.15, 436.834
22896, 72.17, 436.85
22897, 72.17, 436.867
22898, 72.16, 436.884
22899, 72.16, 436.884
22900, 72.17, 436.901
22901, 72.17, 436.917
22902, 72.17, 436.934
22903, 72.17, 436.951
22904, 72.17, 436.967
22905, 72.17, 436.967
22906, 72.16, 436.984
22907, 72.16, 437
22908, 72.17, 437.017
22909, 72.17, 437.034
22910, 72.17, 437.051
22911, 72.17, 437.051
22912, 72.17, 437.067
22913, 72.17, 437.084
22914, 72.17, 437.1
22915, 72.17, 437.117
22916, 72.17, 437.134
22917, 72.17, 437.134
22918, 72.17, 437.151
22919, 72.17, 437.167
22920, 72.17, 437.184
22921, 72.17, 437.201
22922, 72.17, 437.217
22923, 72.17, 437.217
22924, 72.16, 437.234
22925, 72.16, 437.25
22926, 72.16, 437.267
22927, 72.16, 437.284
22928, 72.16, 437.301
22929, 72.16, 437.301
22930, 72.15, 437.317
22931, 72.15, 437.334
22932, 72.16, 437.35
22933, 72.16, 437.367
22934, 72.17, 437.384
22935, 72.17, 437.384
22936, 72.17, 437.401
22937, 72.17, 437.417
22938, 72.17, 437.434
22939, 72.17, 437.451
22940, 72.17, 437.467
22941, 72.17, 437.467
22942, 72.16, 437.484
22943, 72.16, 437.5
22944, 72.15, 437.517
22945, 72.15, 437.534
22946, 72.15, 437.551
22947, 72.15, 437.551
22948, 72.15, 437.567
22949, 72.15, 437.584
22950, 72.15, 437.6
22951, 72.15, 437.617
22952, 72.15, 437.634
22953, 72.15, 437.634
22954, 72.15, 437.651
22955, 72.15, 437.667
22956, 72.14, 437.684
22957, 72.14, 437.701
22958, 72.14, 437.701
22959, 72.13, 437.717
22960, 72.13, 437.734
22961, 72.13, 437.75
22962, 72.13, 437.767
22963, 72.13, 437.784
22964, 72.13, 437.784
22965, 72.13, 437.801
22966, 72.14, 437.817
22967, 72.13, 437.834
22968, 72.13, 437.85
22969, 72.14, 437.867
22970, 72.14, 437.867
22971, 72.14, 437.884
22972, 72.14, 437.901
22973, 72.15, 437.917
22974, 72.14, 437.934
22975, 72.14, 437.951
22976, 72.14, 437.951
22977, 72.13, 437.967
22978, 72.13, 437.984
22979, 72.12, 438
22980, 72.12, 438.017
22981, 72.13, 438.034
22982, 72.13, 438.034
22983, 72.13, 438.051
22984, 72.12, 438.067
22985, 72.11, 438.084
22986, 72.11, 438.1
22987, 72.11, 438.117
22988, 72.11, 438.117
22989, 72.11, 438.134
22990, 72.11, 438.151
22991, 72.11, 438.167
22992, 72.11, 438.184
22993, 72.11, 438.201
22994, 72.11, 438.201
22995, 72.11, 438.217
22996, 72.11, 438.234
22997, 72.11, 438.25
22998, 72.1, 438.267
22999, 72.09, 438.284
23000, 72.09, 438.284
23001, 72.09, 438.301
23002, 72.08, 438.317
23003, 72.08, 438.334
23004, 72.07, 438.35
23005, 72.07, 438.367
23006, 72.07, 438.367
23007, 72.07, 438.384
23008, 72.07, 438.401
23009, 72.07, 438.417
23010, 72.07, 438.434
23011, 72.06, 438.451
23012, 72.06, 438.451
23013, 72.06, 438.467
23014, 72.06, 438.484
23015, 72.06, 438.5
23016, 72.06, 438.517
23017, 72.05, 438.534
23018, 72.05, 438.534
23019, 72.05, 438.551
23020, 72.04, 438.567
23021, 72.04, 438.584
23022, 72.04, 438.6
23023, 72.04, 438.617
23024, 72.04, 438.617
23025, 72.04, 438.634
23026, 72.05, 438.651
23027, 72.04, 438.667
23028, 72.04, 438.684
23029, 72.04, 438.701
23030, 72.04, 438.701
23031, 72.03, 438.717
23032, 72.03, 438.734
23033, 72.02, 438.75
23034, 72.02, 438.767
23035, 72.01, 438.784
23036, 72.01, 438.784
23037, 72.01, 438.801
23038, 72, 438.817
23039, 72, 438.834
23040, 72, 438.85
23041, 72, 438.867
23042, 72, 438.867
23043, 72.01, 438.884
23044, 72.01, 438.901
23045, 72.01, 438.917
23046, 72.01, 438.934
23047, 72, 438.951
23048, 72, 438.951
23049, 71.99, 438.967
23050, 71.99, 438.984
23051, 71.98, 439
23052, 71.98, 439.017
23053, 71.97, 439.034
23054, 71.97, 439.034
23055, 71.97, 439.051
23056, 71.97, 439.067
23057, 71.97, 439.084
23058, 71.97, 439.1
23059, 71.97, 439.117
23060, 71.97, 439.117
23061, 71.97, 439.134
23062, 71.96, 439.151
23063, 71.95, 439.167
23064, 71.94, 439.184
23065, 71.94, 439.201
23066, 71.94, 439.201
23067, 71.94, 439.217
23068, 71.94, 439.234
23069, 71.94, 439.25
23070, 71.95, 439.267
23071, 71.95, 439.284
23072, 71.95, 439.284
23073, 71.96, 439.301
23074, 71.96, 439.317
23075, 71.95, 439.334
23076, 71.94, 439.35
23077, 71.93, 439.367
23078, 71.93, 439.367
23079, 71.91, 439.384
23080, 71.9, 439.401
23081, 71.88, 439.417
23082, 71.87, 439.434
23083, 71.87, 439.451
23084, 71.87, 439.451
23085, 71.88, 439.467
23086, 71.9, 439.484
23087, 71.9, 439.5
23088, 71.88, 439.517
23089, 71.86, 439.534
23090, 71.86, 439.534
23091, 71.85, 439.551
23092, 71.85, 439.567
23093, 71.85, 439.584
23094, 71.87, 439.6
23095, 71.87, 439.617
23096, 71.86, 439.634
23097, 71.86, 439.634
23098, 71.86, 439.651
23099, 71.86, 439.667
23100, 71.85, 439.684
23101, 71.84, 439.701
23102, 71.83, 439.717
23103, 71.83, 439.717
23104, 71.82, 439.734
23105, 71.82, 439.75
23106, 71.81, 439.767
23107, 71.81, 439.784
23108, 71.81, 439.801
23109, 71.81, 439.801
23110, 71.81, 439.817
23111, 71.81, 439.834
23112, 71.81, 439.85
23113, 71.81, 439.867
23114, 71.8, 439.884
23115, 71.8, 439.884
23116, 71.79, 439.901
23117, 71.79, 439.917
23118, 71.78, 439.934
23119, 71.78, 439.951
23120, 71.78, 439.967
23121, 71.78, 439.967
23122, 71.77, 439.984
23123, 71.77, 440
23124, 71.77, 440.017
23125, 71.76, 440.034
23126, 71.76, 440.051
23127, 71.76, 440.051
23128, 71.75, 440.067
23129, 71.75, 440.084
23130, 71.74, 440.1
23131, 71.74, 440.117
23132, 71.73, 440.134
23133, 71.73, 440.134
23134, 71.73, 440.151
23135, 71.73, 440.167
23136, 71.73, 440.184
23137, 71.73, 440.201
23138, 71.72, 440.217
23139, 71.72, 440.217
23140, 71.71, 440.234
23141, 71.69, 440.25
23142, 71.68, 440.267
23143, 71.68, 440.284
23144, 71.67, 440.301
23145, 71.67, 440.317
23146, 71.67, 440.317
23147, 71.68, 440.334
23148, 71.68, 440.35
23149, 71.67, 440.367
23150, 71.67, 440.384
23151, 71.66, 440.401
23152, 71.66, 440.401
23153, 71.64, 440.417
23154, 71.63, 440.434
23155, 71.63, 440.451
23156, 71.63, 440.467
23157, 71.63, 440.484
23158, 71.63, 440.484
23159, 71.64, 440.5
23160, 71.64, 440.517
23161, 71.62, 440.534
23162, 71.61, 440.551
23163, 71.61, 440.567
23164, 71.61, 440.567
23165, 71.59, 440.584
23166, 71.59, 440.6
23167, 71.59, 440.617
23168, 71.59, 440.634
23169, 71.58, 440.651
23170, 71.58, 440.651
23171, 71.57, 440.667
23172, 71.56, 440.684
23173, 71.56, 440.701
23174, 71.56, 440.717
23175, 71.55, 440.734
23176, 71.55, 440.75
23177, 71.55, 440.75
23178, 71.55, 440.767
23179, 71.53, 440.784
23180, 71.52, 440.801
23181, 71.52, 440.817
23182, 71.51, 440.834
23183, 71.51, 440.834
23184, 71.51, 440.85
23185, 71.51, 440.867
23186, 71.51, 440.884
23187, 71.5, 440.901
23188, 71.5, 440.917
23189, 71.5, 440.917
23190, 71.49, 440.934
23191, 71.49, 440.951
23192, 71.48, 440.967
23193, 71.48, 440.984
23194, 71.48, 441
23195, 71.48, 441
23196, 71.47, 441.017
23197, 71.46, 441.034
23198, 71.46, 441.051
23199, 71.46, 441.067
23200, 71.46, 441.084
23201, 71.45, 441.1
23202, 71.45, 441.1
23203, 71.44, 441.117
23204, 71.43, 441.134
23205, 71.43, 441.151
23206, 71.42, 441.167
23207, 71.41, 441.184
23208, 71.41, 441.184
23209, 71.41, 441.201
23210, 71.41, 441.217
23211, 71.41, 441.234
23212, 71.41, 441.25
23213, 71.39, 441.267
23214, 71.39, 441.267
23215, 71.38, 441.284
23216, 71.38, 441.301
23217, 71.37, 441.317
23218, 71.37, 441.334
23219, 71.37, 441.35
23220, 71.36, 441.367
23221, 71.36, 441.367
23222, 71.34, 441.384
23223, 71.33, 441.401
23224, 71.32, 441.417
23225, 71.32, 441.434
23226, 71.32, 441.451
23227, 71.32, 441.451
23228, 71.31, 441.467
23229, 71.31, 441.484
23230, 71.31, 441.5
23231, 71.32, 441.517
23232, 71.33, 441.534
23233, 71.33, 441.534
23234, 71.33, 441.551
23235, 71.32, 441.567
23236, 71.31, 441.584
23237, 71.3, 441.6
23238, 71.28, 441.617
23239, 71.27, 441.634
23240, 71.27, 441.634
23241, 71.27, 441.651
23242, 71.27, 441.667
23243, 71.27, 441.684
23244, 71.26, 441.701
23245, 71.26, 441.717
23246, 71.26, 441.717
23247, 71.26, 441.734
23248, 71.25, 441.75
23249, 71.24, 441.767
23250, 71.24, 441.784
23251, 71.24, 441.801
23252, 71.25, 441.817
23253, 71.25, 441.817
23254, 71.24, 441.834
23255, 71.23, 441.85
23256, 71.22, 441.867
23257, 71.21, 441.884
23258, 71.2, 441.901
23259, 71.2, 441.901
23260, 71.21, 441.917
23261, 71.21, 441.934
23262, 71.21, 441.951
23263, 71.2, 441.967
23264, 71.19, 441.984
23265, 71.19, 441.984
23266, 71.19, 442
23267, 71.18, 442.017
23268, 71.16, 442.034
23269, 71.15, 442.051
23270, 71.14, 442.067
23271, 71.14, 442.084
23272, 71.14, 442.084
23273, 71.15, 442.1
23274, 71.17, 442.117
23275, 71.18, 442.134
23276, 71.17, 442.151
23277, 71.15, 442.167
23278, 71.15, 442.167
23279, 71.15, 442.184
23280, 71.14, 442.201
23281, 71.13, 442.217
23282, 71.13, 442.234
23283, 71.12, 442.25
23284, 71.12, 442.25
23285, 71.12, 442.267
23286, 71.12, 442.284
23287, 71.12, 442.301
23288, 71.11, 442.317
23289, 71.1, 442.334
23290, 71.09, 442.35
23291, 71.09, 442.35
23292, 71.08, 442.367
23293, 71.08, 442.384
23294, 71.08, 442.401
23295, 71.08, 442.417
23296, 71.08, 442.434
23297, 71.08, 442.434
23298, 71.08, 442.451
23299, 71.08, 442.467
23300, 71.08, 442.484
23301, 71.07, 442.5
23302, 71.06, 442.517
23303, 71.06, 442.534
23304, 71.06, 442.534
23305, 71.05, 442.551
23306, 71.04, 442.567
23307, 71.03, 442.584
23308, 71.02, 442.6
23309, 71.02, 442.617
23310, 71.02, 442.617
23311, 71.02, 442.634
23312, 71.02, 442.651
23313, 71.03, 442.667
23314, 71.04, 442.684
23315, 71.04, 442.701
23316, 71.04, 442.717
23317, 71.04, 442.717
23318, 71.03, 442.734
23319, 71.02, 442.75
23320, 71.02, 442.767
23321, 71.01, 442.784
23322, 71.01, 442.801
23323, 71.01, 442.801
23324, 71, 442.817
23325, 71, 442.834
23326, 70.99, 442.85
23327, 70.98, 442.867
23328, 70.97, 442.884
23329, 70.97, 442.901
23330, 70.97, 442.901
23331, 70.97, 442.917
23332, 70.98, 442.934
23333, 70.99, 442.951
23334, 70.99, 442.967
23335, 70.98, 442.984
23336, 70.98, 442.984
23337, 70.98, 443
23338, 70.98, 443.017
23339, 70.97, 443.034
23340, 70.97, 443.051
23341, 70.96, 443.067
23342, 70.96, 443.084
23343, 70.96, 443.084
23344, 70.95, 443.1
23345, 70.95, 443.117
23346, 70.95, 443.134
23347, 70.94, 443.151
23348, 70.93, 443.167
23349, 70.93, 443.167
23350, 70.92, 443.184
23351, 70.92, 443.201
23352, 70.94, 443.217
23353, 70.94, 443.234
23354, 70.93, 443.25
23355, 70.92, 443.267
23356, 70.92, 443.267
23357, 70.89, 443.284
23358, 70.93, 443.301
23359, 70.99, 443.317
23360, 70.97, 443.334
23361, 70.9, 443.35
23362, 70.9, 443.35
23363, 70.92, 443.367
23364, 70.93, 443.384
23365, 70.88, 443.401
23366, 70.88, 443.417
23367, 70.87, 443.434
23368, 70.86, 443.451
23369, 70.86, 443.451
23370, 70.87, 443.467
23371, 70.89, 443.484
23372, 70.91, 443.5
23373, 70.91, 443.517
23374, 70.9, 443.534
23375, 70.9, 443.534
23376, 70.9, 443.551
23377, 70.89, 443.567
23378, 70.89, 443.584
23379, 70.89, 443.6
23380, 70.89, 443.617
23381, 70.88, 443.634
23382, 70.88, 443.634
23383, 70.88, 443.651
23384, 70.88, 443.667
23385, 70.87, 443.684
23386, 70.86, 443.701
23387, 70.85, 443.717
23388, 70.85, 443.734
23389, 70.85, 443.734
23390, 70.85, 443.75
23391, 70.86, 443.767
23392, 70.87, 443.784
23393, 70.88, 443.801
23394, 70.88, 443.817
23395, 70.88, 443.817
23396, 70.88, 443.834
23397, 70.88, 443.85
23398, 70.87, 443.867
23399, 70.87, 443.884
23400, 70.85, 443.901
23401, 70.85, 443.917
23402, 70.85, 443.917
23403, 70.8, 443.934
23404, 70.8, 443.934
23405, 70.69, 443.967
23406, 70.62, 443.984
23407, 70.56, 444
23408, 70.56, 444
23409, 70.48, 444.017
23410, 70.42, 444.034
23411, 70.4, 444.051
23412, 70.39, 444.067
23413, 70.39, 444.084
23414, 70.38, 444.1
23415, 70.38, 444.1
23416, 70.39, 444.117
23417, 70.38, 444.134
23418, 70.37, 444.151
23419, 70.38, 444.167
23420, 70.38, 444.184
23421, 70.38, 444.201
23422, 70.38, 444.201
23423, 70.38, 444.217
23424, 70.39, 444.234
23425, 70.39, 444.25
23426, 70.39, 444.267
23427, 70.38, 444.284
23428, 70.38, 444.301
23429, 70.38, 444.301
23430, 70.37, 444.317
23431, 70.38, 444.334
23432, 70.38, 444.35
23433, 70.4, 444.367
23434, 70.41, 444.384
23435, 70.42, 444.401
23436, 70.42, 444.401
23437, 70.42, 444.417
23438, 70.42, 444.434
23439, 70.42, 444.451
23440, 70.42, 444.467
23441, 70.42, 444.484
23442, 70.42, 444.484
23443, 70.43, 444.5
23444, 70.43, 444.517
23445, 70.42, 444.534
23446, 70.42, 444.551
23447, 70.41, 444.567
23448, 70.42, 444.584
23449, 70.42, 444.584
23450, 70.42, 444.6
23451, 70.43, 444.617
23452, 70.43, 444.634
23453, 70.43, 444.651
23454, 70.44, 444.667
23455, 70.45, 444.684
23456, 70.45, 444.684
23457, 70.46, 444.701
23458, 70.46, 444.717
23459, 70.46, 444.734
23460, 70.45, 444.75
23461, 70.46, 444.767
23462, 70.46, 444.784
23463, 70.46, 444.784
23464, 70.46, 444.801
23465, 70.46, 444.817
23466, 70.46, 444.834
23467, 70.46, 444.85
23468, 70.45, 444.867
23469, 70.45, 444.867
23470, 70.46, 444.884
23471, 70.46, 444.901
23472, 70.47, 444.917
23473, 70.48, 444.934
23474, 70.48, 444.951
23475, 70.48, 444.967
23476, 70.48, 444.967
23477, 70.48, 444.984
23478, 70.48, 445
23479, 70.48, 445.017
23480, 70.49, 445.034
23481, 70.49, 445.051
23482, 70.49, 445.067
23483, 70.49, 445.067
23484, 70.5, 445.084
23485, 70.5, 445.1
23486, 70.5, 445.117
23487, 70.49, 445.134
23488, 70.49, 445.151
23489, 70.49, 445.167
23490, 70.49, 445.167
23491, 70.49, 445.184
23492, 70.49, 445.201
23493, 70.5, 445.217
23494, 70.5, 445.234
23495, 70.5, 445.25
23496, 70.5, 445.25
23497, 70.51, 445.267
23498, 70.52, 445.284
23499, 70.52, 445.301
23500, 70.52, 445.317
23501, 70.53, 445.334
23502, 70.53, 445.35
23503, 70.53, 445.35
23504, 70.53, 445.367
23505, 70.52, 445.384
23506, 70.51, 445.401
23507, 70.51, 445.417
23508, 70.51, 445.434
23509, 70.51, 445.451
23510, 70.51, 445.451
23511, 70.51, 445.467
23512, 70.51, 445.484
23513, 70.52, 445.5
23514, 70.53, 445.517
23515, 70.53, 445.534
23516, 70.53, 445.551
23517, 70.53, 445.551
23518, 70.53, 445.567
23519, 70.53, 445.584
23520, 70.53, 445.6
23521, 70.53, 445.617
23522, 70.53, 445.634
23523, 70.53, 445.634
23524, 70.53, 445.651
23525, 70.54, 445.667
23526, 70.54, 445.684
23527, 70.54, 445.701
23528, 70.53, 445.717
23529, 70.52, 445.734
23530, 70.52, 445.734
23531, 70.52, 445.75
23532, 70.53, 445.767
23533, 70.53, 445.784
23534, 70.54, 445.801
23535, 70.55, 445.817
23536, 70.55, 445.834
23537, 70.55, 445.834
23538, 70.55, 445.85
23539, 70.55, 445.867
23540, 70.55, 445.884
23541, 70.55, 445.901
23542, 70.55, 445.917
23543, 70.55, 445.934
23544, 70.55, 445.934
23545, 70.55, 445.951
23546, 70.54, 445.967
23547, 70.53, 445.984
23548, 70.53, 446
23549, 70.53, 446.017
23550, 70.53, 446.017
23551, 70.54, 446.034
23552, 70.54, 446.051
23553, 70.54, 446.067
23554, 70.54, 446.084
23555, 70.54, 446.1
23556, 70.54, 446.117
23557, 70.54, 446.117
23558, 70.54, 446.134
23559, 70.55, 446.151
23560, 70.56, 446.167
23561, 70.55, 446.184
23562, 70.55, 446.201
23563, 70.55, 446.217
23564, 70.55, 446.217
23565, 70.55, 446.234
23566, 70.55, 446.25
23567, 70.55, 446.267
23568, 70.55, 446.284
23569, 70.54, 446.301
23570, 70.54, 446.301
23571, 70.54, 446.317
23572, 70.54, 446.334
23573, 70.55, 446.35
23574, 70.56, 446.367
23575, 70.57, 446.384
23576, 70.57, 446.401
23577, 70.57, 446.401
23578, 70.57, 446.417
23579, 70.56, 446.434
23580, 70.54, 446.451
23581, 70.54, 446.467
23582, 70.54, 446.484
23583, 70.55, 446.5
23584, 70.55, 446.5
23585, 70.56, 446.517
23586, 70.56, 446.534
23587, 70.56, 446.551
23588, 70.55, 446.567
23589, 70.53, 446.584
23590, 70.53, 446.6
23591, 70.53, 446.6
23592, 70.53, 446.617
23593, 70.52, 446.634
23594, 70.52, 446.651
23595, 70.52, 446.667
23596, 70.53, 446.684
23597, 70.53, 446.684
23598, 70.54, 446.701
23599, 70.55, 446.717
23600, 70.55, 446.734
23601, 70.55, 446.75
23602, 70.54, 446.767
23603, 70.53, 446.784
23604, 70.53, 446.784
23605, 70.53, 446.801
23606, 70.52, 446.817
23607, 70.52, 446.834
23608, 70.52, 446.85
23609, 70.52, 446.867
23610, 70.52, 446.884
23611, 70.52, 446.884
23612, 70.52, 446.901
23613, 70.53, 446.917
23614, 70.54, 446.934
23615, 70.55, 446.951
23616, 70.55, 446.967
23617, 70.55, 446.967
23618, 70.55, 446.984
23619, 70.55, 447
23620, 70.55, 447.017
23621, 70.54, 447.034
23622, 70.54, 447.051
23623, 70.53, 447.067
23624, 70.53, 447.067
23625, 70.53, 447.084
23626, 70.53, 447.1
23627, 70.54, 447.117
23628, 70.54, 447.134
23629, 70.55, 447.151
23630, 70.55, 447.167
23631, 70.55, 447.167
23632, 70.55, 447.184
23633, 70.55, 447.201
23634, 70.56, 447.217
23635, 70.56, 447.234
23636, 70.56, 447.25
23637, 70.55, 447.267
23638, 70.55, 447.267
23639, 70.55, 447.284
23640, 70.54, 447.301
23641, 70.54, 447.317
23642, 70.55, 447.334
23643, 70.55, 447.35
23644, 70.55, 447.35
23645, 70.56, 447.367
23646, 70.55, 447.384
23647, 70.55, 447.401
23648, 70.55, 447.417
23649, 70.55, 447.434
23650, 70.55, 447.451
23651, 70.55, 447.451
23652, 70.54, 447.467
23653, 70.53, 447.484
23654, 70.51, 447.5
23655, 70.5, 447.517
23656, 70.49, 447.534
23657, 70.47, 447.551
23658, 70.47, 447.551
23659, 70.46, 447.567
23660, 70.47, 447.584
23661, 70.46, 447.6
23662, 70.45, 447.617
23663, 70.45, 447.634
23664, 70.45, 447.651
23665, 70.45, 447.651
23666, 70.45, 447.667
23667, 70.46, 447.684
23668, 70.46, 447.701
23669, 70.46, 447.717
23670, 70.47, 447.734
23671, 70.47, 447.734
23672, 70.47, 447.75
23673, 70.47, 447.767
23674, 70.47, 447.784
23675, 70.48, 447.801
23676, 70.48, 447.817
23677, 70.48, 447.834
23678, 70.48, 447.834
23679, 70.48, 447.85
23680, 70.48, 447.867
23681, 70.49, 447.884
23682, 70.49, 447.901
23683, 70.5, 447.917
23684, 70.5, 447.934
23685, 70.5, 447.934
23686, 70.51, 447.951
23687, 70.51, 447.967
23688, 70.51, 447.984
23689, 70.51, 448
23690, 70.52, 448.017
23691, 70.52, 448.017
23692, 70.52, 448.034
23693, 70.52, 448.051
23694, 70.53, 448.067
23695, 70.53, 448.084
23696, 70.53, 448.1
23697, 70.53, 448.117
23698, 70.53, 448.117
23699, 70.54, 448.134
23700, 70.54, 448.151
23701, 70.54, 448.167
23702, 70.55, 448.184
23703, 70.55, 448.201
23704, 70.55, 448.217
23705, 70.55, 448.217
23706, 70.56, 448.234
23707, 70.56, 448.25
23708, 70.57, 448.267
23709, 70.57, 448.284
23710, 70.57, 448.301
23711, 70.57, 448.317
23712, 70.57, 448.317
23713, 70.57, 448.334
23714, 70.58, 448.35
23715, 70.59, 448.367
23716, 70.6, 448.384
23717, 70.6, 448.401
23718, 70.6, 448.401
23719, 70.6, 448.417
23720, 70.61, 448.434
23721, 70.61, 448.451
23722, 70.61, 448.467
23723, 70.62, 448.484
23724, 70.62, 448.5
23725, 70.62, 448.5
23726, 70.62, 448.517
23727, 70.62, 448.534
23728, 70.62, 448.551
23729, 70.62, 448.567
23730, 70.62, 448.584
23731, 70.63, 448.6
23732, 70.63, 448.6
23733, 70.64, 448.617
23734, 70.64, 448.634
23735, 70.65, 448.651
23736, 70.65, 448.667
23737, 70.66, 448.684
23738, 70.66, 448.684
23739, 70.66, 448.701
23740, 70.66, 448.717
23741, 70.66, 448.734
23742, 70.66, 448.75
23743, 70.67, 448.767
23744, 70.68, 448.784
23745, 70.68, 448.784
23746, 70.68, 448.801
23747, 70.68, 448.817
23748, 70.69, 448.834
23749, 70.69, 448.85
23750, 70.69, 448.867
23751, 70.69, 448.867
23752, 70.7, 448.884
23753, 70.7, 448.901
23754, 70.71, 448.917
23755, 70.71, 448.934
23756, 70.71, 448.951
23757, 70.72, 448.967
23758, 70.72, 448.967
23759, 70.72, 448.984
23760, 70.72, 449
23761, 70.72, 449.017
23762, 70.73, 449.034
23763, 70.73, 449.051
23764, 70.74, 449.067
23765, 70.74, 449.067
23766, 70.74, 449.084
23767, 70.74, 449.1
23768, 70.75, 449.117
23769, 70.75, 449.134
23770, 70.75, 449.151
23771, 70.75, 449.151
23772, 70.76, 449.167
23773, 70.76, 449.184
23774, 70.76, 449.201
23775, 70.76, 449.217
23776, 70.76, 449.234
23777, 70.76, 449.25
23778, 70.76, 449.25
23779, 70.76, 449.267
23780, 70.77, 449.284
23781, 70.77, 449.301
23782, 70.77, 449.317
23783, 70.77, 449.334
23784, 70.77, 449.334
23785, 70.77, 449.35
23786, 70.78, 449.367
23787, 70.78, 449.384
23788, 70.78, 449.401
23789, 70.78, 449.417
23790, 70.78, 449.434
23791, 70.78, 449.434
23792, 70.78, 449.451
23793, 70.78, 449.467
23794, 70.78, 449.484
23795, 70.78, 449.5
23796, 70.78, 449.517
23797, 70.78, 449.534
23798, 70.78, 449.534
23799, 70.78, 449.551
23800, 70.78, 449.567
23801, 70.79, 449.584
23802, 70.79, 449.6
23803, 70.79, 449.617
23804, 70.79, 449.617
23805, 70.79, 449.634
23806, 70.79, 449.651
23807, 70.79, 449.667
23808, 70.8, 449.684
23809, 70.75, 449.701
23810, 70.69, 449.717
23811, 70.69, 449.717
23812, 70.77, 449.734
23813, 70.73, 449.75
23814, 70.73, 449.767
23815, 70.75, 449.784
23816, 70.75, 449.801
23817, 70.75, 449.801
23818, 70.75, 449.817
23819, 70.75, 449.834
23820, 70.75, 449.85
23821, 70.75, 449.867
23822, 70.76, 449.884
23823, 70.76, 449.901
23824, 70.76, 449.901
23825, 70.77, 449.917
23826, 70.77, 449.934
23827, 70.78, 449.951
23828, 70.78, 449.967
23829, 70.78, 449.984
23830, 70.78, 449.984
23831, 70.79, 450
23832, 70.79, 450.017
23833, 70.8, 450.034
23834, 70.8, 450.051
23835, 70.8, 450.067
23836, 70.81, 450.084
23837, 70.81, 450.084
23838, 70.81, 450.1
23839, 70.81, 450.117
23840, 70.81, 450.134
23841, 70.81, 450.151
23842, 70.82, 450.167
23843, 70.82, 450.184
23844, 70.82, 450.184
23845, 70.83, 450.201
23846, 70.83, 450.217
23847, 70.84, 450.234
23848, 70.84, 450.25
23849, 70.85, 450.267
23850, 70.85, 450.267
23851, 70.85, 450.267
23852, 70.85, 450.267
23853, 70.85, 450.267
23854, 70.85, 450.334
23855, 70.85, 450.35
23856, 70.85, 450.367
23857, 70.85, 450.367
23858, 70.85, 450.384
23859, 70.85, 450.401
23860, 70.84, 450.417
23861, 70.84, 450.434
23862, 70.9, 450.451
23863, 70.9, 450.451
23864, 70.96, 450.467
23865, 70.9, 450.484
23866, 70.88, 450.5
23867, 70.9, 450.517
23868, 70.9, 450.534
23869, 70.89, 450.551
23870, 70.89, 450.551
23871, 70.9, 450.567
23872, 70.88, 450.584
23873, 70.88, 450.6
23874, 70.89, 450.617
23875, 70.89, 450.634
23876, 70.89, 450.634
23877, 70.91, 450.651
23878, 70.93, 450.667
23879, 70.94, 450.684
23880, 70.95, 450.701
23881, 70.95, 450.717
23882, 70.95, 450.734
23883, 70.95, 450.734
23884, 70.96, 450.75
23885, 70.96, 450.767
23886, 70.96, 450.784
23887, 70.96, 450.801
23888, 70.96, 450.817
23889, 70.96, 450.817
23890, 70.96, 450.834
23891, 70.97, 450.85
23892, 70.97, 450.867
23893, 70.97, 450.884
23894, 70.98, 450.901
23895, 70.98, 450.917
23896, 70.98, 450.917
23897, 70.98, 450.934
23898, 70.99, 450.951
23899, 70.99, 450.967
23900, 71, 450.984
23901, 71, 451
23902, 71, 451.017
23903, 71, 451.017
23904, 71, 451.034
23905, 71.01, 451.051
23906, 71.01, 451.067
23907, 71.01, 451.084
23908, 71.02, 451.1
23909, 71.02, 451.1
23910, 71.02, 451.117
23911, 71.02, 451.134
23912, 71.02, 451.151
23913, 71.03, 451.167
23914, 71.04, 451.184
23915, 71.05, 451.201
23916, 71.05, 451.201
23917, 71.06, 451.217
23918, 71.06, 451.234
23919, 71.07, 451.25
23920, 71.07, 451.267
23921, 71.07, 451.284
23922, 71.07, 451.284
23923, 71.08, 451.301
23924, 71.08, 451.317
23925, 71.09, 451.334
23926, 71.1, 451.35
23927, 71.11, 451.367
23928, 71.11, 451.384
23929, 71.11, 451.384
23930, 71.11, 451.401
23931, 71.12, 451.417
23932, 71.12, 451.434
23933, 71.12, 451.451
23934, 71.12, 451.467
23935, 71.12, 451.467
23936, 71.12, 451.484
23937, 71.13, 451.5
23938, 71.14, 451.517
23939, 71.14, 451.534
23940, 71.14, 451.551
23941, 71.15, 451.567
23942, 71.15, 451.567
23943, 71.16, 451.584
23944, 71.17, 451.6
23945, 71.17, 451.617
23946, 71.17, 451.634
23947, 71.17, 451.651
23948, 71.17, 451.651
23949, 71.18, 451.667
23950, 71.17, 451.684
23951, 71.18, 451.701
23952, 71.19, 451.717
23953, 71.19, 451.734
23954, 71.19, 451.75
23955, 71.19, 451.75
23956, 71.2, 451.767
23957, 71.2, 451.784
23958, 71.21, 451.801
23959, 71.21, 451.817
23960, 71.22, 451.834
23961, 71.22, 451.834
23962, 71.23, 451.85
23963, 71.23, 451.867
23964, 71.24, 451.884
23965, 71.25, 451.901
23966, 71.26, 451.917
23967, 71.26, 451.917
23968, 71.26, 451.934
23969, 71.27, 451.951
23970, 71.26, 451.967
23971, 71.26, 451.984
23972, 71.26, 452
23973, 71.27, 452.017
23974, 71.27, 452.017
23975, 71.27, 452.034
23976, 71.27, 452.051
23977, 71.28, 452.067
23978, 71.3, 452.084
23979, 71.31, 452.1
23980, 71.31, 452.1
23981, 71.31, 452.117
23982, 71.31, 452.134
23983, 71.32, 452.151
23984, 71.33, 452.167
23985, 71.33, 452.184
23986, 71.33, 452.184
23987, 71.34, 452.201
23988, 71.33, 452.217
23989, 71.34, 452.234
23990, 71.35, 452.25
23991, 71.35, 452.267
23992, 71.36, 452.284
23993, 71.36, 452.284
23994, 71.37, 452.301
23995, 71.37, 452.317
23996, 71.38, 452.334
23997, 71.39, 452.35
23998, 71.39, 452.367
23999, 71.39, 452.367
24000, 71.39, 452.384
24001, 71.4, 452.401
24002, 71.4, 452.417
24003, 71.4, 452.434
24004, 71.41, 452.451
24005, 71.41, 452.451
24006, 71.41, 452.467
24007, 71.42, 452.484
24008, 71.43, 452.5
24009, 71.43, 452.517
24010, 71.43, 452.534
24011, 71.44, 452.551
24012, 71.44, 452.551
24013, 71.45, 452.567
24014, 71.47, 452.584
24015, 71.47, 452.6
24016, 71.47, 452.617
24017, 71.47, 452.634
24018, 71.47, 452.634
24019, 71.48, 452.651
24020, 71.49, 452.667
24021, 71.52, 452.684
24022, 71.53, 452.701
24023, 71.52, 452.717
24024, 71.52, 452.717
24025, 71.52, 452.734
24026, 71.53, 452.75
24027, 71.54, 452.767
24028, 71.54, 452.784
24029, 71.54, 452.801
24030, 71.54, 452.801
24031, 71.52, 452.817
24032, 71.51, 452.834
24033, 71.49, 452.85
24034, 71.47, 452.867
24035, 71.53, 452.884
24036, 71.53, 452.884
24037, 71.61, 452.901
24038, 71.6, 452.917
24039, 71.57, 452.934
24040, 71.58, 452.951
24041, 71.58, 452.967
24042, 71.58, 452.984
24043, 71.58, 452.984
24044, 71.6, 453
24045, 71.62, 453.017
24046, 71.63, 453.034
24047, 71.63, 453.051
24048, 71.62, 453.067
24049, 71.62, 453.067
24050, 71.63, 453.084
24051, 71.64, 453.1
24052, 71.65, 453.117
24053, 71.66, 453.134
24054, 71.66, 453.151
24055, 71.66, 453.151
24056, 71.67, 453.167
24057, 71.68, 453.184
24058, 71.7, 453.201
24059, 71.72, 453.217
24060, 71.72, 453.234
24061, 71.72, 453.234
24062, 71.7, 453.25
24063, 71.69, 453.267
24064, 71.69, 453.284
24065, 71.69, 453.301
24066, 71.72, 453.317
24067, 71.72, 453.317
24068, 71.76, 453.334
24069, 71.77, 453.35
24070, 71.77, 453.367
24071, 71.76, 453.384
24072, 71.76, 453.401
24073, 71.76, 453.401
24074, 71.75, 453.417
24075, 71.76, 453.434
24076, 71.78, 453.451
24077, 71.8, 453.467
24078, 71.8, 453.484
24079, 71.8, 453.484
24080, 71.8, 453.5
24081, 71.8, 453.517
24082, 71.81, 453.534
24083, 71.81, 453.551
24084, 71.82, 453.567
24085, 71.82, 453.567
24086, 71.83, 453.584
24087, 71.83, 453.6
24088, 71.83, 453.617
24089, 71.84, 453.634
24090, 71.84, 453.651
24091, 71.84, 453.651
24092, 71.85, 453.667
24093, 71.85, 453.684
24094, 71.86, 453.701
24095, 71.87, 453.717
24096, 71.88, 453.734
24097, 71.89, 453.75
24098, 71.89, 453.75
24099, 71.89, 453.767
24100, 71.9, 453.784
24101, 71.9, 453.801
24102, 71.91, 453.817
24103, 71.92, 453.834
24104, 71.92, 453.834
24105, 71.93, 453.85
24106, 71.94, 453.867
24107, 71.95, 453.884
24108, 71.96, 453.901
24109, 71.96, 453.917
24110, 71.96, 453.917
24111, 71.96, 453.934
24112, 71.97, 453.951
24113, 71.97, 453.967
24114, 71.97, 453.984
24115, 71.98, 454
24116, 71.98, 454
24117, 71.99, 454.017
24118, 72, 454.034
24119, 72.02, 454.051
24120, 72.03, 454.067
24121, 72.03, 454.067
24122, 72.03, 454.084
24123, 72.04, 454.1
24124, 72.05, 454.117
24125, 72.05, 454.134
24126, 72.05, 454.151
24127, 72.05, 454.151
24128, 72.06, 454.167
24129, 72.07, 454.184
24130, 72.07, 454.201
24131, 72.08, 454.217
24132, 72.08, 454.234
24133, 72.08, 454.234
24134, 72.08, 454.25
24135, 72.09, 454.267
24136, 72.09, 454.284
24137, 72.09, 454.301
24138, 72.09, 454.317
24139, 72.09, 454.317
24140, 72.11, 454.334
24141, 72.13, 454.35
24142, 72.13, 454.367
24143, 72.13, 454.384
24144, 72.13, 454.401
24145, 72.13, 454.401
24146, 72.13, 454.417
24147, 72.14, 454.434
24148, 72.14, 454.451
24149, 72.15, 454.467
24150, 72.17, 454.484
24151, 72.17, 454.484
24152, 72.18, 454.5
24153, 72.19, 454.517
24154, 72.2, 454.534
24155, 72.2, 454.551
24156, 72.2, 454.567
24157, 72.2, 454.567
24158, 72.2, 454.584
24159, 72.2, 454.6
24160, 72.2, 454.617
24161, 72.21, 454.634
24162, 72.21, 454.651
24163, 72.21, 454.651
24164, 72.21, 454.667
24165, 72.21, 454.684
24166, 72.23, 454.701
24167, 72.24, 454.717
24168, 72.27, 454.734
24169, 72.27, 454.734
24170, 72.29, 454.75
24171, 72.28, 454.767
24172, 72.27, 454.784
24173, 72.26, 454.801
24174, 72.24, 454.817
24175, 72.24, 454.817
24176, 72.23, 454.834
24177, 72.23, 454.85
24178, 72.23, 454.867
24179, 72.23, 454.884
24180, 72.23, 454.901
24181, 72.23, 454.901
24182, 72.24, 454.917
24183, 72.24, 454.934
24184, 72.23, 454.951
24185, 72.23, 454.967
24186, 72.23, 454.984
24187, 72.23, 454.984
24188, 72.24, 455
24189, 72.24, 455.017
24190, 72.23, 455.034
24191, 72.23, 455.051
24192, 72.23, 455.067
24193, 72.23, 455.067
24194, 72.22, 455.084
24195, 72.22, 455.1
24196, 72.22, 455.117
24197, 72.21, 455.134
24198, 72.22, 455.151
24199, 72.22, 455.151
24200, 72.21, 455.167
24201, 72.22, 455.184
24202, 72.22, 455.201
24203, 72.22, 455.217
24204, 72.22, 455.234
24205, 72.22, 455.234
24206, 72.22, 455.25
24207, 72.22, 455.267
24208, 72.21, 455.284
24209, 72.2, 455.301
24210, 72.2, 455.301
24211, 72.19, 455.317
24212, 72.17, 455.334
24213, 72.16, 455.35
24214, 72.15, 455.367
24215, 72.14, 455.384
24216, 72.14, 455.384
24217, 72.13, 455.401
24218, 72.12, 455.417
24219, 72.11, 455.434
24220, 72.1, 455.451
24221, 72.09, 455.467
24222, 72.09, 455.467
24223, 72.09, 455.484
24224, 72.08, 455.5
24225, 72.07, 455.517
24226, 72.05, 455.534
24227, 72.03, 455.551
24228, 72.03, 455.551
24229, 72.01, 455.567
24230, 71.99, 455.584
24231, 71.97, 455.6
24232, 71.95, 455.617
24233, 71.94, 455.634
24234, 71.94, 455.634
24235, 71.93, 455.651
24236, 71.92, 455.667
24237, 71.91, 455.684
24238, 71.9, 455.701
24239, 71.9, 455.717
24240, 71.88, 455.734
24241, 71.88, 455.734
24242, 71.87, 455.75
24243, 71.86, 455.767
24244, 71.85, 455.784
24245, 71.83, 455.801
24246, 71.81, 455.817
24247, 71.81, 455.817
24248, 71.8, 455.834
24249, 71.78, 455.85
24250, 71.77, 455.867
24251, 71.76, 455.884
24252, 71.75, 455.901
24253, 71.75, 455.901
24254, 71.74, 455.917
24255, 71.73, 455.934
24256, 71.72, 455.951
24257, 71.7, 455.967
24258, 71.68, 455.984
24259, 71.68, 455.984
24260, 71.66, 456
24261, 71.64, 456.017
24262, 71.62, 456.034
24263, 71.6, 456.051
24264, 71.59, 456.067
24265, 71.58, 456.084
24266, 71.58, 456.084
24267, 71.57, 456.1
24268, 71.56, 456.117
24269, 71.56, 456.134
24270, 71.55, 456.151
24271, 71.56, 456.167
24272, 71.56, 456.167
24273, 71.56, 456.184
24274, 71.55, 456.201
24275, 71.54, 456.217
24276, 71.54, 456.234
24277, 71.52, 456.25
24278, 71.52, 456.25
24279, 71.51, 456.267
24280, 71.5, 456.284
24281, 71.49, 456.301
24282, 71.47, 456.317
24283, 71.46, 456.334
24284, 71.44, 456.35
24285, 71.44, 456.35
24286, 71.43, 456.367
24287, 71.42, 456.384
24288, 71.41, 456.401
24289, 71.39, 456.417
24290, 71.38, 456.434
24291, 71.38, 456.434
24292, 71.35, 456.451
24293, 71.31, 456.467
24294, 71.29, 456.484
24295, 71.4, 456.5
24296, 71.46, 456.517
24297, 71.46, 456.517
24298, 71.37, 456.534
24299, 71.33, 456.551
24300, 71.35, 456.567
24301, 71.33, 456.584
24302, 71.31, 456.6
24303, 71.32, 456.617
24304, 71.32, 456.617
24305, 71.32, 456.634
24306, 71.32, 456.651
24307, 71.31, 456.667
24308, 71.3, 456.684
24309, 71.29, 456.701
24310, 71.29, 456.701
24311, 71.28, 456.717
24312, 71.27, 456.734
24313, 71.27, 456.75
24314, 71.27, 456.767
24315, 71.27, 456.784
24316, 71.26, 456.801
24317, 71.26, 456.801
24318, 71.25, 456.817
24319, 71.23, 456.834
24320, 71.21, 456.85
24321, 71.2, 456.867
24322, 71.19, 456.884
24323, 71.19, 456.884
24324, 71.19, 456.901
24325, 71.19, 456.917
24326, 71.18, 456.934
24327, 71.18, 456.951
24328, 71.16, 456.967
24329, 71.16, 456.967
24330, 71.15, 456.984
24331, 71.13, 457
24332, 71.12, 457.017
24333, 71.11, 457.034
24334, 71.1, 457.051
24335, 71.08, 457.067
24336, 71.08, 457.067
24337, 71.07, 457.084
24338, 71.05, 457.1
24339, 71.03, 457.117
24340, 71.02, 457.134
24341, 71.01, 457.151
24342, 71.01, 457.167
24343, 71.01, 457.167
24344, 71, 457.184
24345, 70.99, 457.201
24346, 70.98, 457.217
24347, 70.97, 457.234
24348, 70.95, 457.25
24349, 70.95, 457.25
24350, 70.93, 457.267
24351, 70.92, 457.284
24352, 70.91, 457.301
24353, 70.91, 457.317
24354, 70.91, 457.334
24355, 70.89, 457.35
24356, 70.89, 457.35
24357, 70.86, 457.367
24358, 70.84, 457.384
24359, 70.83, 457.401
24360, 70.82, 457.417
24361, 70.83, 457.434
24362, 70.83, 457.451
24363, 70.83, 457.451
24364, 70.83, 457.467
24365, 70.81, 457.484
24366, 70.79, 457.5
24367, 70.78, 457.517
24368, 70.77, 457.534
24369, 70.77, 457.534
24370, 70.75, 457.551
24371, 70.74, 457.567
24372, 70.72, 457.584
24373, 70.7, 457.6
24374, 70.69, 457.617
24375, 70.69, 457.634
24376, 70.69, 457.634
24377, 70.68, 457.651
24378, 70.68, 457.667
24379, 70.67, 457.684
24380, 70.65, 457.701
24381, 70.64, 457.717
24382, 70.63, 457.734
24383, 70.63, 457.734
24384, 70.62, 457.75
24385, 70.61, 457.767
24386, 70.61, 457.784
24387, 70.6, 457.801
24388, 70.59, 457.817
24389, 70.59, 457.834
24390, 70.59, 457.834
24391, 70.58, 457.85
24392, 70.57, 457.867
24393, 70.56, 457.884
24394, 70.55, 457.901
24395, 70.54, 457.917
24396, 70.53, 457.934
24397, 70.53, 457.934
24398, 70.52, 457.951
24399, 70.51, 457.967
24400, 70.5, 457.984
24401, 70.49, 458
24402, 70.49, 458.017
24403, 70.49, 458.017
24404, 70.48, 458.034
24405, 70.47, 458.051
24406, 70.46, 458.067
24407, 70.45, 458.084
24408, 70.44, 458.1
24409, 70.43, 458.117
24410, 70.43, 458.117
24411, 70.42, 458.134
24412, 70.41, 458.151
24413, 70.41, 458.167
24414, 70.4, 458.184
24415, 70.4, 458.201
24416, 70.38, 458.217
24417, 70.38, 458.217
24418, 70.37, 458.234
24419, 70.35, 458.25
24420, 70.35, 458.267
24421, 70.35, 458.284
24422, 70.34, 458.301
24423, 70.33, 458.317
24424, 70.33, 458.317
24425, 70.3, 458.334
24426, 70.28, 458.35
24427, 70.27, 458.367
24428, 70.25, 458.384
24429, 70.24, 458.401
24430, 70.24, 458.417
24431, 70.24, 458.417
24432, 70.26, 458.434
24433, 70.27, 458.451
24434, 70.26, 458.467
24435, 70.25, 458.484
24436, 70.23, 458.5
24437, 70.21, 458.517
24438, 70.21, 458.517
24439, 70.21, 458.534
24440, 70.2, 458.551
24441, 70.2, 458.567
24442, 70.2, 458.584
24443, 70.2, 458.6
24444, 70.19, 458.617
24445, 70.19, 458.617
24446, 70.18, 458.634
24447, 70.17, 458.651
24448, 70.16, 458.667
24449, 70.16, 458.684
24450, 70.15, 458.701
24451, 70.14, 458.717
24452, 70.14, 458.717
24453, 70.14, 458.734
24454, 70.14, 458.75
24455, 70.12, 458.767
24456, 70.11, 458.784
24457, 70.1, 458.801
24458, 70.09, 458.817
24459, 70.09, 458.817
24460, 70.08, 458.834
24461, 70.08, 458.85
24462, 70.1, 458.867
24463, 70.11, 458.884
24464, 70.09, 458.901
24465, 70.07, 458.917
24466, 70.07, 458.917
24467, 70.05, 458.934
24468, 70.03, 458.951
24469, 70.01, 458.967
24470, 70.01, 458.984
24471, 70, 459
24472, 69.99, 459.017
24473, 69.99, 459.017
24474, 70, 459.034
24475, 70, 459.051
24476, 70, 459.067
24477, 70, 459.084
24478, 70, 459.1
24479, 69.97, 459.117
24480, 69.97, 459.117
24481, 69.94, 459.134
24482, 69.93, 459.151
24483, 69.89, 459.167
24484, 69.86, 459.184
24485, 69.94, 459.201
24486, 69.98, 459.217
24487, 69.98, 459.217
24488, 69.93, 459.234
24489, 69.89, 459.25
24490, 69.9, 459.267
24491, 69.89, 459.284
24492, 69.89, 459.301
24493, 69.9, 459.317
24494, 69.9, 459.317
24495, 69.91, 459.334
24496, 69.92, 459.35
24497, 69.91, 459.367
24498, 69.86, 459.384
24499, 69.82, 459.401
24500, 69.77, 459.417
24501, 69.73, 459.434
24502, 69.73, 459.434
24503, 69.67, 459.451
24504, 69.64, 459.467
24505, 69.68, 459.484
24506, 69.67, 459.5
24507, 69.55, 459.517
24508, 69.45, 459.534
24509, 69.45, 459.534
24510, 69.38, 459.551
24511, 69.28, 459.567
24512, 69.17, 459.584
24513, 69.04, 459.6
24514, 68.86, 459.617
24515, 68.66, 459.634
24516, 68.44, 459.651
24517, 68.44, 459.651
24518, 68.22, 459.667
24519, 67.98, 459.684
24520, 67.7, 459.701
24521, 67.43, 459.717
24522, 67.19, 459.734
24523, 66.93, 459.75
24524, 66.67, 459.767
24525, 66.4, 459.784
24526, 66.4, 459.784
24527, 66.12, 459.801
24528, 65.85, 459.817
24529, 65.57, 459.834
24530, 65.29, 459.85
24531, 64.99, 459.867
24532, 64.69, 459.884
24533, 64.39, 459.901
24534, 64.11, 459.917
24535, 63.82, 459.934
24536, 63.53, 459.951
24537, 63.26, 459.967
24538, 62.99, 459.984
24539, 62.71, 460
24540, 62.41, 460.017
24541, 62.11, 460.034
24542, 62.11, 460.034
24543, 61.83, 460.051
24544, 61.54, 460.067
24545, 61.26, 460.084
24546, 60.98, 460.1
24547, 60.71, 460.117
24548, 60.43, 460.134
24549, 60.12, 460.151
24550, 59.76, 460.167
24551, 59.48, 460.184
24552, 59.19, 460.201
24553, 58.93, 460.217
24554, 58.67, 460.234
24555, 58.4, 460.25
24556, 57.81, 460.284
24557, 57.56, 460.301
24558, 57.32, 460.317
24559, 57.08, 460.334
24560, 56.85, 460.35
24561, 56.6, 460.367
24562, 56.34, 460.384
24563, 56.12, 460.401
24564, 55.9, 460.417
24565, 55.68, 460.434
24566, 55.46, 460.451
24567, 55.23, 460.467
24568, 54.96, 460.484
24569, 54.68, 460.5
24570, 54.45, 460.517
24571, 54.01, 460.551
24572, 53.76, 460.567
24573, 53.53, 460.584
24574, 53.3, 460.6
24575, 53.07, 460.617
24576, 52.88, 460.634
24577, 52.69, 460.651
24578, 52.44, 460.667
24579, 51.97, 460.701
24580, 51.77, 460.717
24581, 51.56, 460.734
24582, 51.37, 460.75
24583, 51.17, 460.767
24584, 50.93, 460.784
24585, 50.39, 460.817
24586, 50.19, 460.834
24587, 49.99, 460.85
24588, 49.81, 460.867
24589, 49.65, 460.884
24590, 49.42, 460.917
24591, 49.28, 460.934
24592, 49.08, 460.951
24593, 48.87, 460.967
24594, 48.73, 460.984
24595, 48.44, 461.017
24596, 48.19, 461.034
24597, 47.77, 461.051
24598, 47.49, 461.067
24599, 47.13, 461.1
24600, 46.98, 461.117
24601, 46.77, 461.134
24602, 46.35, 461.167
24603, 46.17, 461.184
24604, 45.97, 461.201
24605, 45.78, 461.217
24606, 45.43, 461.25
24607, 45.24, 461.267
24608, 45.03, 461.284
24609, 44.55, 461.317
24610, 44.35, 461.334
24611, 44.17, 461.35
24612, 43.72, 461.384
24613, 43.47, 461.401
24614, 43.05, 461.434
24615, 42.88, 461.451
24616, 42.7, 461.467
24617, 42.23, 461.5
24618, 42.11, 461.517
24619, 41.75, 461.551
24620, 41.5, 461.567
24621, 41.05, 461.6
24622, 40.84, 461.617
24623, 40.67, 461.634
24624, 40.31, 461.667
24625, 40.14, 461.684
24626, 39.77, 461.717
24627, 39.62, 461.734
24628, 39.3, 461.767
24629, 38.93, 461.801
24630, 38.77, 461.817
24631, 38.45, 461.85
24632, 38.28, 461.867
24633, 37.98, 461.901
24634, 37.83, 461.917
24635, 37.41, 461.951
24636, 37.1, 461.984
24637, 36.96, 462
24638, 36.65, 462.034
24639, 36.46, 462.051
24640, 36.11, 462.084
24641, 35.89, 462.117
24642, 35.77, 462.134
24643, 35.53, 462.167
24644, 35.32, 462.201
24645, 35.22, 462.217
24646, 35.02, 462.25
24647, 34.85, 462.284
24648, 34.68, 462.317
24649, 34.6, 462.334
24650, 34.45, 462.367
24651, 34.32, 462.401
24652, 34.2, 462.434
24653, 34.15, 462.451
24654, 34.04, 462.484
24655, 33.94, 462.517
24656, 33.83, 462.551
24657, 33.78, 462.567
24658, 33.67, 462.6
24659, 33.56, 462.634
24660, 33.51, 462.651
24661, 33.38, 462.684
24662, 33.27, 462.717
24663, 33.17, 462.75
24664, 33.11, 462.767
24665, 32.97, 462.801
24666, 32.82, 462.834
24667, 32.75, 462.85
24668, 32.58, 462.884
24669, 32.43, 462.917
24670, 32.36, 462.934
24671, 32.24, 462.967
24672, 32.09, 463
24673, 31.94, 463.034
24674, 31.86, 463.051
24675, 31.72, 463.084
24676, 31.6, 463.117
24677, 31.46, 463.151
24678, 31.3, 463.184
24679, 31.15, 463.217
24680, 31.04, 463.25
24681, 30.95, 463.284
24682, 30.91, 463.301
24683, 30.82, 463.334
24684, 30.73, 463.367
24685, 30.76, 463.401
24686, 30.68, 463.434
24687, 30.67, 463.467
24688, 30.67, 463.5
24689, 30.79, 463.534
24690, 30.95, 463.567
24691, 30.93, 463.6
24692, 30.98, 463.634
24693, 31.06, 463.667
24694, 31.18, 463.701
24695, 31.31, 463.734
24696, 31.41, 463.767
24697, 31.54, 463.801
24698, 31.62, 463.834
24699, 31.73, 463.867
24700, 31.84, 463.901
24701, 31.94, 463.934
24702, 32.06, 463.967
24703, 32.18, 464
24704, 32.25, 464.017
24705, 32.44, 464.051
24706, 32.63, 464.084
24707, 32.82, 464.117
24708, 33, 464.151
24709, 33.25, 464.184
24710, 33.44, 464.217
24711, 33.53, 464.234
24712, 33.71, 464.267
24713, 33.87, 464.301
24714, 34.04, 464.334
24715, 34.14, 464.35
24716, 34.31, 464.384
24717, 34.48, 464.417
24718, 34.58, 464.434
24719, 34.76, 464.467
24720, 34.92, 464.5
24721, 35.01, 464.517
24722, 35.19, 464.551
24723, 35.36, 464.584
24724, 35.43, 464.6
24725, 35.58, 464.634
24726, 35.75, 464.667
24727, 35.83, 464.684
24728, 35.98, 464.717
24729, 36.1, 464.75
24730, 36.16, 464.767
24731, 36.32, 464.801
24732, 36.48, 464.834
24733, 36.53, 464.85
24734, 36.68, 464.884
24735, 36.76, 464.901
24736, 36.92, 464.934
24737, 37.05, 464.967
24738, 37.13, 464.984
24739, 37.32, 465.017
24740, 37.49, 465.051
24741, 37.57, 465.067
24742, 37.72, 465.1
24743, 37.79, 465.117
24744, 37.96, 465.151
24745, 38.06, 465.167
24746, 38.22, 465.201
24747, 38.37, 465.234
24748, 38.45, 465.25
24749, 38.61, 465.284
24750, 38.61, 465.301
24751, 38.69, 465.334
24752, 38.83, 465.35
24753, 38.94, 465.384
24754, 39.07, 465.417
24755, 39.14, 465.434
24756, 39.29, 465.467
24757, 39.36, 465.484
24758, 39.49, 465.517
24759, 39.56, 465.534
24760, 39.68, 465.567
24761, 39.82, 465.6
24762, 39.9, 465.617
24763, 40.01, 465.651
24764, 40.06, 465.667
24765, 40.23, 465.701
24766, 40.32, 465.717
24767, 40.42, 465.75
24768, 40.48, 465.767
24769, 40.61, 465.801
24770, 40.69, 465.817
24771, 40.84, 465.85
24772, 40.9, 465.867
24773, 41.04, 465.901
24774, 41.1, 465.917
24775, 41.23, 465.951
24776, 41.3, 465.967
24777, 41.44, 466
24778, 41.5, 466.017
24779, 41.62, 466.051
24780, 41.69, 466.067
24781, 41.83, 466.1
24782, 41.91, 466.117
24783, 42.03, 466.151
24784, 42.09, 466.167
24785, 42.15, 466.184
24786, 42.3, 466.217
24787, 42.37, 466.234
24788, 42.5, 466.267
24789, 42.56, 466.284
24790, 42.7, 466.317
24791, 42.77, 466.334
24792, 42.83, 466.35
24793, 42.97, 466.384
24794, 43.04, 466.401
24795, 43.16, 466.434
24796, 43.22, 466.451
24797, 43.29, 466.467
24798, 43.44, 466.5
24799, 43.52, 466.517
24800, 43.65, 466.551
24801, 43.71, 466.567
24802, 43.77, 466.584
24803, 43.92, 466.617
24804, 44, 466.634
24805, 44.08, 466.651
24806, 44.21, 466.684
24807, 44.28, 466.701
24808, 44.35, 466.717
24809, 44.49, 466.75
24810, 44.56, 466.767
24811, 44.62, 466.784
24812, 44.76, 466.817
24813, 44.83, 466.834
24814, 44.9, 466.85
24815, 45.03, 466.884
24816, 45.1, 466.901
24817, 45.17, 466.917
24818, 45.31, 466.951
24819, 45.39, 466.967
24820, 45.46, 466.984
24821, 45.57, 467.017
24822, 45.63, 467.034
24823, 45.69, 467.051
24824, 45.81, 467.084
24825, 45.87, 467.1
24826, 45.94, 467.117
24827, 46.11, 467.151
24828, 46.2, 467.167
24829, 46.27, 467.184
24830, 46.4, 467.217
24831, 46.47, 467.234
24832, 46.53, 467.25
24833, 46.65, 467.284
24834, 46.71, 467.301
24835, 46.78, 467.317
24836, 46.84, 467.334
24837, 46.97, 467.367
24838, 47.03, 467.384
24839, 47.1, 467.401
24840, 47.23, 467.434
24841, 47.29, 467.451
24842, 47.35, 467.467
24843, 47.41, 467.484
24844, 47.54, 467.517
24845, 47.6, 467.534
24846, 47.66, 467.551
24847, 47.78, 467.584
24848, 47.84, 467.6
24849, 47.9, 467.617
24850, 47.96, 467.634
24851, 48.08, 467.667
24852, 48.14, 467.684
24853, 48.2, 467.701
24854, 48.26, 467.717
24855, 48.39, 467.75
24856, 48.45, 467.767
24857, 48.51, 467.784
24858, 48.56, 467.801
24859, 48.52, 467.834
24860, 48.61, 467.85
24861, 48.71, 467.867
24862, 48.76, 467.884
24863, 48.84, 467.901
24864, 48.94, 467.934
24865, 48.99, 467.951
24866, 49.06, 467.967
24867, 49.11, 467.984
24868, 49.19, 468.017
24869, 49.25, 468.034
24870, 49.3, 468.051
24871, 49.35, 468.067
24872, 49.46, 468.1
24873, 49.52, 468.117
24874, 49.58, 468.134
24875, 49.64, 468.151
24876, 49.7, 468.167
24877, 49.8, 468.201
24878, 49.85, 468.217
24879, 49.9, 468.234
24880, 49.95, 468.25
24881, 50, 468.267
24882, 50.11, 468.301
24883, 50.16, 468.317
24884, 50.21, 468.334
24885, 50.26, 468.35
24886, 50.31, 468.367
24887, 50.42, 468.401
24888, 50.47, 468.417
24889, 50.53, 468.434
24890, 50.58, 468.451
24891, 50.64, 468.467
24892, 50.74, 468.5
24893, 50.79, 468.517
24894, 50.84, 468.534
24895, 50.9, 468.551
24896, 50.95, 468.567
24897, 51, 468.584
24898, 51.11, 468.617
24899, 51.17, 468.634
24900, 51.22, 468.651
24901, 51.27, 468.667
24902, 51.32, 468.684
24903, 51.42, 468.717
24904, 51.47, 468.734
24905, 51.52, 468.75
24906, 51.57, 468.767
24907, 51.61, 468.784
24908, 51.66, 468.801
24909, 51.76, 468.834
24910, 51.8, 468.85
24911, 51.85, 468.867
24912, 51.9, 468.884
24913, 51.96, 468.901
24914, 52.02, 468.917
24915, 52.08, 468.934
24916, 52.2, 468.967
24917, 52.24, 468.984
24918, 52.27, 469
24919, 52.32, 469.017
24920, 52.37, 469.034
24921, 52.42, 469.051
24922, 52.47, 469.067
24923, 52.57, 469.1
24924, 52.62, 469.117
24925, 52.68, 469.134
24926, 52.74, 469.151
24927, 52.79, 469.167
24928, 52.83, 469.184
24929, 52.87, 469.201
24930, 52.93, 469.234
24931, 52.93, 469.25
24932, 52.94, 469.267
24933, 52.97, 469.284
24934, 53.06, 469.301
24935, 53.2, 469.317
24936, 53.31, 469.334
24937, 53.37, 469.367
24938, 53.43, 469.384
24939, 53.5, 469.401
24940, 53.54, 469.417
24941, 53.57, 469.434
24942, 53.62, 469.451
24943, 53.68, 469.467
24944, 53.72, 469.484
24945, 53.81, 469.517
24946, 53.86, 469.534
24947, 53.91, 469.551
24948, 53.94, 469.567
24949, 54, 469.584
24950, 54.07, 469.6
24951, 54.14, 469.617
24952, 54.17, 469.634
24953, 54.2, 469.651
24954, 54.3, 469.684
24955, 54.34, 469.701
24956, 54.38, 469.717
24957, 54.42, 469.734
24958, 54.46, 469.75
24959, 54.5, 469.767
24960, 54.55, 469.784
24961, 54.62, 469.801
24962, 54.68, 469.817
24963, 54.72, 469.834
24964, 54.82, 469.867
24965, 54.85, 469.884
24966, 54.88, 469.901
24967, 54.92, 469.917
24968, 54.96, 469.934
24969, 55.01, 469.951
24970, 55.07, 469.967
24971, 55.13, 469.984
24972, 55.17, 470
24973, 55.21, 470.017
24974, 55.25, 470.034
24975, 55.35, 470.067
24976, 55.39, 470.084
24977, 55.42, 470.1
24978, 55.46, 470.117
24979, 55.51, 470.134
24980, 55.56, 470.151
24981, 55.61, 470.167
24982, 55.66, 470.184
24983, 55.71, 470.201
24984, 55.75, 470.217
24985, 55.79, 470.234
24986, 55.84, 470.25
24987, 55.89, 470.267
24988, 55.97, 470.301
24989, 56.02, 470.317
24990, 56.06, 470.334
24991, 56.11, 470.35
24992, 56.15, 470.367
24993, 56.2, 470.384
24994, 56.25, 470.401
24995, 56.29, 470.417
24996, 56.33, 470.434
24997, 56.37, 470.451
24998, 56.42, 470.467
24999, 56.46, 470.484
25000, 56.51, 470.5
25001, 56.55, 470.517
25002, 56.59, 470.534
25003, 56.67, 470.567
25004, 56.72, 470.584
25005, 56.76, 470.6
25006, 56.81, 470.617
25007, 56.85, 470.634
25008, 56.89, 470.651
25009, 56.94, 470.667
25010, 56.98, 470.684
25011, 57.02, 470.701
25012, 57.06, 470.717
25013, 57.1, 470.734
25014, 57.15, 470.75
25015, 57.19, 470.767
25016, 57.23, 470.784
25017, 57.27, 470.801
25018, 57.32, 470.817
25019, 57.36, 470.834
25020, 57.4, 470.85
25021, 57.45, 470.867
25022, 57.49, 470.884
25023, 57.57, 470.917
25024, 57.61, 470.934
25025, 57.65, 470.951
25026, 57.69, 470.967
25027, 57.73, 470.984
25028, 57.77, 471
25029, 57.81, 471.017
25030, 57.85, 471.034
25031, 57.89, 471.051
25032, 57.93, 471.067
25033, 57.97, 471.084
25034, 58.01, 471.1
25035, 58.05, 471.117
25036, 58.09, 471.134
25037, 58.13, 471.151
25038, 58.17, 471.167
25039, 58.21, 471.184
25040, 58.25, 471.201
25041, 58.29, 471.217
25042, 58.33, 471.234
25043, 58.37, 471.25
25044, 58.41, 471.267
25045, 58.45, 471.284
25046, 58.48, 471.301
25047, 58.52, 471.317
25048, 58.56, 471.334
25049, 58.6, 471.35
25050, 58.63, 471.367
25051, 58.67, 471.384
25052, 58.71, 471.401
25053, 58.78, 471.434
25054, 58.82, 471.451
25055, 58.85, 471.467
25056, 58.89, 471.484
25057, 58.92, 471.5
25058, 58.96, 471.517
25059, 58.99, 471.534
25060, 59.03, 471.551
25061, 59.08, 471.567
25062, 59.12, 471.584
25063, 59.1, 471.6
25064, 59.05, 471.617
25065, 59.18, 471.634
25066, 59.22, 471.651
25067, 59.18, 471.667
25068, 59.23, 471.684
25069, 59.29, 471.701
25070, 59.31, 471.717
25071, 59.33, 471.734
25072, 59.37, 471.75
25073, 59.4, 471.767
25074, 59.44, 471.784
25075, 59.47, 471.801
25076, 59.5, 471.817
25077, 59.53, 471.834
25078, 59.56, 471.85
25079, 59.6, 471.867
25080, 59.63, 471.884
25081, 59.66, 471.901
25082, 59.69, 471.917
25083, 59.72, 471.934
25084, 59.76, 471.951
25085, 59.79, 471.967
25086, 59.82, 471.984
25087, 59.86, 472
25088, 59.89, 472.017
25089, 59.91, 472.034
25090, 59.95, 472.051
25091, 59.98, 472.067
25092, 60.01, 472.084
25093, 60.04, 472.1
25094, 60.07, 472.117
25095, 60.1, 472.134
25096, 60.13, 472.151
25097, 60.17, 472.167
25098, 60.2, 472.184
25099, 60.23, 472.201
25100, 60.26, 472.217
25101, 60.29, 472.234
25102, 60.32, 472.25
25103, 60.35, 472.267
25104, 60.38, 472.284
25105, 60.41, 472.301
25106, 60.44, 472.317
25107, 60.47, 472.334
25108, 60.5, 472.35
25109, 60.53, 472.367
25110, 60.56, 472.384
25111, 60.59, 472.401
25112, 60.61, 472.417
25113, 60.64, 472.434
25114, 60.67, 472.451
25115, 60.7, 472.467
25116, 60.73, 472.484
25117, 60.76, 472.5
25118, 60.79, 472.517
25119, 60.82, 472.534
25120, 60.85, 472.551
25121, 60.88, 472.567
25122, 60.91, 472.584
25123, 60.94, 472.6
25124, 60.97, 472.617
25125, 61, 472.634
25126, 61.03, 472.651
25127, 61.06, 472.667
25128, 61.08, 472.684
25129, 61.12, 472.701
25130, 61.15, 472.717
25131, 61.18, 472.734
25132, 61.2, 472.75
25133, 61.23, 472.767
25134, 61.23, 472.767
25135, 61.26, 472.784
25136, 61.29, 472.801
25137, 61.32, 472.817
25138, 61.34, 472.834
25139, 61.37, 472.85
25140, 61.4, 472.867
25141, 61.43, 472.884
25142, 61.45, 472.901
25143, 61.48, 472.917
25144, 61.51, 472.934
25145, 61.54, 472.951
25146, 61.57, 472.967
25147, 61.59, 472.984
25148, 61.62, 473
25149, 61.65, 473.017
25150, 61.68, 473.034
25151, 61.7, 473.051
25152, 61.73, 473.067
25153, 61.76, 473.084
25154, 61.79, 473.1
25155, 61.82, 473.117
25156, 61.85, 473.134
25157, 61.87, 473.151
25158, 61.9, 473.167
25159, 61.93, 473.184
25160, 61.95, 473.201
25161, 61.98, 473.217
25162, 62.01, 473.234
25163, 62.04, 473.25
25164, 62.06, 473.267
25165, 62.09, 473.284
25166, 62.12, 473.301
25167, 62.15, 473.317
25168, 62.17, 473.334
25169, 62.2, 473.35
25170, 62.2, 473.35
25171, 62.23, 473.367
25172, 62.25, 473.384
25173, 62.27, 473.401
25174, 62.3, 473.417
25175, 62.33, 473.434
25176, 62.36, 473.451
