0, 64.47, 113.96
1, 64.49, 113.977
2, 64.53, 113.993
3, 64.56, 114.01
4, 64.56, 114.01
5, 64.59, 114.027
6, 64.63, 114.043
7, 64.67, 114.06
8, 64.7, 114.077
9, 64.73, 114.093
10, 64.75, 114.11
11, 64.78, 114.127
12, 64.82, 114.143
13, 64.86, 114.16
14, 64.89, 114.177
15, 64.93, 114.193
16, 64.95, 114.21
17, 64.95, 114.21
18, 64.98, 114.227
19, 65.01, 114.243
20, 65.05, 114.26
21, 65.09, 114.277
22, 65.11, 114.293
23, 65.14, 114.31
24, 65.18, 114.327
25, 65.21, 114.343
26, 65.24, 114.36
27, 65.27, 114.377
28, 65.3, 114.393
29, 65.34, 114.41
30, 65.34, 114.41
31, 65.37, 114.427
32, 65.4, 114.443
33, 65.43, 114.46
34, 65.47, 114.477
35, 65.51, 114.493
36, 65.53, 114.51
37, 65.54, 114.527
38, 65.58, 114.543
39, 65.62, 114.56
40, 65.65, 114.577
41, 65.68, 114.593
42, 65.68, 114.593
43, 65.72, 114.61
44, 65.75, 114.627
45, 65.78, 114.643
46, 65.8, 114.66
47, 65.83, 114.677
48, 65.87, 114.693
49, 65.9, 114.71
50, 65.93, 114.727
51, 65.96, 114.743
52, 65.99, 114.76
53, 65.99, 114.76
54, 66.02, 114.777
55, 66.05, 114.793
56, 66.08, 114.81
57, 66.11, 114.827
58, 66.15, 114.843
59, 66.18, 114.86
60, 66.2, 114.877
61, 66.22, 114.893
62, 66.25, 114.91
63, 66.28, 114.927
64, 66.28, 114.927
65, 66.32, 114.943
66, 66.36, 114.96
67, 66.39, 114.977
68, 66.41, 114.993
69, 66.43, 115.01
70, 66.46, 115.027
71, 66.5, 115.043
72, 66.54, 115.06
73, 66.57, 115.077
74, 66.57, 115.077
75, 66.59, 115.093
76, 66.61, 115.11
77, 66.64, 115.127
78, 66.67, 115.143
79, 66.7, 115.16
80, 66.73, 115.177
81, 66.76, 115.193
82, 66.79, 115.21
83, 66.82, 115.227
84, 66.82, 115.227
85, 66.85, 115.243
86, 66.88, 115.26
87, 66.91, 115.277
88, 66.94, 115.293
89, 66.97, 115.31
90, 67, 115.327
91, 67.02, 1.411
92, 67.05, 1.428
93, 67.08, 1.445
94, 67.08, 1.445
95, 67.11, 1.461
96, 67.14, 1.478
97, 67.17, 1.495
98, 67.2, 1.511
99, 67.23, 1.528
100, 67.25, 1.545
101, 67.27, 1.561
102, 67.3, 1.578
103, 67.3, 1.578
104, 67.34, 1.595
105, 67.37, 1.611
106, 67.39, 1.628
107, 67.42, 1.645
108, 67.45, 1.661
109, 67.47, 1.678
110, 67.5, 1.695
111, 67.53, 1.711
112, 67.53, 1.711
113, 67.56, 1.728
114, 67.59, 1.745
115, 67.62, 1.761
116, 67.64, 1.778
117, 67.67, 1.795
118, 67.7, 1.811
119, 67.72, 1.828
120, 67.76, 1.845
121, 67.76, 1.845
122, 67.78, 1.861
123, 67.81, 1.878
124, 67.83, 1.895
125, 67.86, 1.911
126, 67.89, 1.928
127, 67.91, 1.945
128, 67.94, 1.961
129, 67.97, 1.978
130, 67.97, 1.978
131, 68, 1.995
132, 68.03, 2.011
133, 68.05, 2.028
134, 68.08, 2.045
135, 68.11, 2.061
136, 68.14, 2.078
137, 68.16, 2.095
138, 68.16, 2.095
139, 68.19, 2.111
140, 68.21, 2.128
141, 68.24, 2.145
142, 68.27, 2.161
143, 68.29, 2.178
144, 68.31, 2.195
145, 68.34, 2.211
146, 68.34, 2.211
147, 68.39, 2.228
148, 68.4, 2.245
149, 68.41, 2.261
150, 68.45, 2.278
151, 68.49, 2.295
152, 68.51, 2.311
153, 68.52, 2.328
154, 68.52, 2.328
155, 68.54, 2.345
156, 68.58, 2.361
157, 68.61, 2.378
158, 68.64, 2.395
159, 68.66, 2.411
160, 68.68, 2.428
161, 68.7, 2.445
162, 68.7, 2.445
163, 68.73, 2.461
164, 68.76, 2.478
165, 68.79, 2.495
166, 68.81, 2.511
167, 68.82, 2.528
168, 68.84, 2.545
169, 68.87, 2.561
170, 68.87, 2.561
171, 68.9, 2.578
172, 68.92, 2.595
173, 68.95, 2.611
174, 68.97, 2.628
175, 69, 2.645
176, 69.02, 2.661
177, 69.05, 2.678
178, 69.05, 2.678
179, 69.08, 2.695
180, 69.1, 2.711
181, 69.13, 2.728
182, 69.15, 2.745
183, 69.18, 2.761
184, 69.2, 2.778
185, 69.2, 2.778
186, 69.22, 2.795
187, 69.25, 2.811
188, 69.28, 2.828
189, 69.3, 2.845
190, 69.32, 2.861
191, 69.34, 2.878
192, 69.37, 2.895
193, 69.37, 2.895
194, 69.4, 2.911
195, 69.42, 2.928
196, 69.45, 2.945
197, 69.48, 2.961
198, 69.5, 2.978
199, 69.52, 2.995
200, 69.52, 2.995
201, 69.54, 3.011
202, 69.56, 3.028
203, 69.58, 3.045
204, 69.61, 3.061
205, 69.64, 3.078
206, 69.67, 3.095
207, 69.7, 3.111
208, 69.7, 3.111
209, 69.72, 3.128
210, 69.72, 3.145
211, 69.74, 3.161
212, 69.78, 3.178
213, 69.81, 3.195
214, 69.83, 3.211
215, 69.83, 3.211
216, 69.85, 3.228
217, 69.88, 3.245
218, 69.9, 3.261
219, 69.93, 3.278
220, 69.95, 3.295
221, 69.97, 3.311
222, 69.97, 3.311
223, 69.99, 3.328
224, 70.02, 3.345
225, 70.05, 3.361
226, 70.07, 3.378
227, 70.09, 3.395
228, 70.12, 3.411
229, 70.12, 3.411
230, 70.14, 3.428
231, 70.16, 3.445
232, 70.18, 3.461
233, 70.21, 3.478
234, 70.23, 3.495
235, 70.26, 3.511
236, 70.26, 3.511
237, 70.28, 3.528
238, 70.31, 3.545
239, 70.33, 3.561
240, 70.35, 3.578
241, 70.37, 3.595
242, 70.37, 3.595
243, 70.39, 3.611
244, 70.42, 3.628
245, 70.44, 3.645
246, 70.46, 3.661
247, 70.48, 3.678
248, 70.51, 3.695
249, 70.51, 3.695
250, 70.54, 3.711
251, 70.56, 3.728
252, 70.58, 3.745
253, 70.6, 3.761
254, 70.62, 3.778
255, 70.65, 3.795
256, 70.65, 3.795
257, 70.67, 3.811
258, 70.69, 3.828
259, 70.71, 3.845
260, 70.73, 3.861
261, 70.7, 3.878
262, 70.7, 3.878
263, 70.64, 3.895
264, 70.7, 3.911
265, 70.72, 3.928
266, 70.71, 3.945
267, 70.72, 3.961
268, 70.74, 3.978
269, 70.74, 3.978
270, 70.76, 3.995
271, 70.79, 4.011
272, 70.81, 4.028
273, 70.81, 4.045
274, 70.81, 4.061
275, 70.82, 4.078
276, 70.82, 4.078
277, 70.84, 4.095
278, 70.86, 4.111
279, 70.88, 4.128
280, 70.9, 4.145
281, 70.92, 4.161
282, 70.92, 4.161
283, 70.93, 4.178
284, 70.95, 4.195
285, 70.97, 4.211
286, 70.99, 4.228
287, 71.01, 4.245
288, 71.02, 4.261
289, 71.02, 4.261
290, 71.03, 4.278
291, 71.05, 4.295
292, 71.06, 4.311
293, 71.08, 4.328
294, 71.1, 4.345
295, 71.1, 4.345
296, 71.11, 4.361
297, 71.13, 4.378
298, 71.15, 4.395
299, 71.16, 4.411
300, 71.18, 4.428
301, 71.18, 4.428
302, 71.19, 4.445
303, 71.21, 4.461
304, 71.23, 4.478
305, 71.25, 4.495
306, 71.26, 4.511
307, 71.27, 4.528
308, 71.27, 4.528
309, 71.29, 4.545
310, 71.31, 4.561
311, 71.31, 4.578
312, 71.32, 4.595
313, 71.33, 4.611
314, 71.33, 4.611
315, 71.33, 4.628
316, 71.34, 4.645
317, 71.34, 4.661
318, 71.34, 4.678
319, 71.33, 4.695
320, 71.33, 4.695
321, 71.32, 4.711
322, 71.3, 4.728
323, 71.27, 4.745
324, 71.24, 4.761
325, 71.2, 4.778
326, 71.14, 4.795
327, 71.14, 4.795
328, 71.07, 4.811
329, 70.98, 4.828
330, 70.89, 4.845
331, 70.78, 4.861
332, 70.65, 4.878
333, 70.65, 4.878
334, 70.51, 4.895
335, 70.32, 4.911
336, 70.14, 4.928
337, 69.93, 4.945
338, 69.71, 4.961
339, 69.49, 4.978
340, 69.49, 4.978
341, 69.26, 4.995
342, 69.02, 5.011
343, 68.79, 5.028
344, 68.51, 5.045
345, 68.25, 5.061
346, 68.01, 5.078
347, 67.75, 5.095
348, 67.51, 5.111
349, 67.51, 5.111
350, 67.29, 5.128
351, 67.06, 5.145
352, 66.78, 5.161
353, 66.49, 5.178
354, 66.25, 5.195
355, 66, 5.211
356, 65.74, 5.228
357, 65.48, 5.245
358, 65.23, 5.261
359, 64.98, 5.278
360, 64.98, 5.278
361, 64.72, 5.295
362, 64.47, 5.311
363, 64.23, 5.328
364, 64, 5.345
365, 63.78, 5.361
366, 63.56, 5.378
367, 63.35, 5.395
368, 63.16, 5.411
369, 62.97, 5.428
370, 62.73, 5.445
371, 62.55, 5.461
372, 62.39, 5.478
373, 62.22, 5.495
374, 62.04, 5.511
375, 61.88, 5.528
376, 61.73, 5.545
377, 61.61, 5.561
378, 61.51, 5.578
379, 61.38, 5.595
380, 61.26, 5.611
381, 61.17, 5.628
382, 61.09, 5.645
383, 61.02, 5.661
384, 60.95, 5.678
385, 60.88, 5.695
386, 60.82, 5.711
387, 60.76, 5.728
388, 60.69, 5.745
389, 60.62, 5.761
390, 60.56, 5.778
391, 60.49, 5.795
392, 60.42, 5.811
393, 60.35, 5.828
394, 60.28, 5.845
395, 60.22, 5.861
396, 60.16, 5.878
397, 60.08, 5.895
398, 60, 5.911
399, 59.93, 5.928
400, 59.86, 5.945
401, 59.8, 5.961
402, 59.73, 5.978
403, 59.67, 5.995
404, 59.6, 6.011
405, 59.54, 6.028
406, 59.47, 6.045
407, 59.41, 6.061
408, 59.36, 6.078
409, 59.3, 6.095
410, 59.23, 6.111
411, 59.15, 6.128
412, 59.08, 6.145
413, 59.01, 6.161
414, 58.93, 6.178
415, 58.85, 6.195
416, 58.76, 6.211
417, 58.68, 6.228
418, 58.51, 6.261
419, 58.43, 6.278
420, 58.34, 6.295
421, 58.26, 6.311
422, 58.18, 6.328
423, 58.09, 6.345
424, 58, 6.361
425, 57.91, 6.378
426, 57.82, 6.395
427, 57.73, 6.411
428, 57.65, 6.428
429, 57.55, 6.445
430, 57.45, 6.461
431, 57.35, 6.478
432, 57.24, 6.495
433, 57.05, 6.528
434, 56.96, 6.545
435, 56.87, 6.561
436, 56.78, 6.578
437, 56.69, 6.595
438, 56.59, 6.611
439, 56.49, 6.628
440, 56.4, 6.645
441, 56.31, 6.661
442, 56.23, 6.678
443, 56.06, 6.711
444, 55.97, 6.728
445, 55.89, 6.745
446, 55.81, 6.761
447, 55.72, 6.778
448, 55.64, 6.795
449, 55.56, 6.811
450, 55.48, 6.828
451, 55.4, 6.845
452, 55.25, 6.878
453, 55.17, 6.895
454, 55.09, 6.911
455, 55, 6.928
456, 54.92, 6.945
457, 54.84, 6.961
458, 54.75, 6.978
459, 54.67, 6.995
460, 54.59, 7.011
461, 54.43, 7.045
462, 54.35, 7.061
463, 54.28, 7.078
464, 54.21, 7.095
465, 54.15, 7.111
466, 54.09, 7.128
467, 54.02, 7.145
468, 53.98, 7.178
469, 53.94, 7.195
470, 53.91, 7.211
471, 53.9, 7.228
472, 53.89, 7.245
473, 53.86, 7.261
474, 53.85, 7.278
475, 53.84, 7.295
476, 53.83, 7.328
477, 53.83, 7.345
478, 53.82, 7.361
479, 53.81, 7.378
480, 53.79, 7.395
481, 53.77, 7.411
482, 53.75, 7.428
483, 53.75, 7.461
484, 53.75, 7.478
485, 53.74, 7.495
486, 53.73, 7.511
487, 53.72, 7.528
488, 53.72, 7.545
489, 53.72, 7.561
490, 53.73, 7.595
491, 53.73, 7.611
492, 53.73, 7.628
493, 53.73, 7.645
494, 53.73, 7.661
495, 53.73, 7.678
496, 53.72, 7.695
497, 53.72, 7.728
498, 53.74, 7.745
499, 53.75, 7.761
500, 53.74, 7.778
501, 53.73, 7.795
502, 53.73, 7.811
503, 53.74, 7.828
504, 53.75, 7.845
505, 53.75, 7.878
506, 53.75, 7.895
507, 53.77, 7.911
508, 53.79, 7.928
509, 53.8, 7.945
510, 53.81, 7.961
511, 53.82, 7.978
512, 53.83, 7.995
513, 53.89, 8.028
514, 53.93, 8.045
515, 53.97, 8.061
516, 54, 8.078
517, 54.02, 8.095
518, 54.03, 8.111
519, 54.04, 8.128
520, 54.06, 8.145
521, 54.11, 8.161
522, 54.23, 8.195
523, 54.27, 8.211
524, 54.31, 8.228
525, 54.33, 8.245
526, 54.34, 8.261
527, 54.37, 8.278
528, 54.4, 8.295
529, 54.43, 8.311
530, 54.46, 8.328
531, 54.53, 8.361
532, 54.57, 8.378
533, 54.61, 8.395
534, 54.64, 8.411
535, 54.66, 8.428
536, 54.69, 8.445
537, 54.72, 8.461
538, 54.76, 8.478
539, 54.79, 8.495
540, 54.87, 8.528
541, 54.91, 8.545
542, 54.94, 8.561
543, 54.97, 8.578
544, 55.01, 8.595
545, 55.05, 8.611
546, 55.1, 8.628
547, 55.14, 8.645
548, 55.17, 8.661
549, 55.21, 8.678
550, 55.24, 8.695
551, 55.33, 8.728
552, 55.37, 8.745
553, 55.4, 8.761
554, 55.43, 8.778
555, 55.48, 8.795
556, 55.53, 8.811
557, 55.57, 8.828
558, 55.61, 8.845
559, 55.64, 8.861
560, 55.67, 8.878
561, 55.71, 8.895
562, 55.75, 8.911
563, 55.85, 8.945
564, 55.89, 8.961
565, 55.93, 8.978
566, 55.98, 8.995
567, 56.02, 9.011
568, 56.06, 9.028
569, 56.09, 9.045
570, 56.13, 9.061
571, 56.16, 9.078
572, 56.21, 9.095
573, 56.25, 9.111
574, 56.3, 9.128
575, 56.34, 9.145
576, 56.39, 9.161
577, 56.43, 9.178
578, 56.52, 9.211
579, 56.56, 9.228
580, 56.59, 9.245
581, 56.63, 9.261
582, 56.67, 9.278
583, 56.71, 9.295
584, 56.75, 9.311
585, 56.8, 9.328
586, 56.85, 9.345
587, 56.9, 9.361
588, 56.94, 9.378
589, 56.98, 9.395
590, 57.01, 9.411
591, 57.04, 9.428
592, 57.09, 9.445
593, 57.14, 9.461
594, 57.19, 9.478
595, 57.23, 9.495
596, 57.26, 9.511
597, 57.34, 9.545
598, 57.39, 9.561
599, 57.45, 9.578
600, 57.5, 9.595
601, 57.55, 9.611
602, 57.59, 9.628
603, 57.63, 9.645
604, 57.67, 9.661
605, 57.71, 9.678
606, 57.75, 9.695
607, 57.79, 9.711
608, 57.87, 9.728
609, 57.93, 9.745
610, 57.98, 9.761
611, 58.02, 9.778
612, 58.06, 9.795
613, 58.1, 9.811
614, 58.15, 9.828
615, 58.21, 9.845
616, 58.27, 9.861
617, 58.31, 9.878
618, 58.36, 9.895
619, 58.4, 9.911
620, 58.4, 9.928
621, 58.41, 9.945
622, 58.44, 9.961
623, 58.52, 9.978
624, 58.6, 9.995
625, 58.68, 10.011
626, 58.77, 10.045
627, 58.81, 10.061
628, 58.86, 10.078
629, 58.91, 10.095
630, 58.96, 10.111
631, 58.99, 10.128
632, 59.03, 10.145
633, 59.08, 10.161
634, 59.13, 10.178
635, 59.18, 10.195
636, 59.22, 10.211
637, 59.28, 10.228
638, 59.33, 10.245
639, 59.37, 10.261
640, 59.42, 10.278
641, 59.47, 10.295
642, 59.53, 10.311
643, 59.59, 10.328
644, 59.64, 10.345
645, 59.68, 10.361
646, 59.73, 10.378
647, 59.79, 10.395
648, 59.84, 10.411
649, 59.89, 10.428
650, 59.93, 10.445
651, 59.98, 10.461
652, 60.03, 10.478
653, 60.08, 10.495
654, 60.13, 10.511
655, 60.18, 10.528
656, 60.23, 10.545
657, 60.28, 10.561
658, 60.33, 10.578
659, 60.37, 10.595
660, 60.42, 10.611
661, 60.47, 10.628
662, 60.52, 10.645
663, 60.56, 10.661
664, 60.61, 10.678
665, 60.66, 10.695
666, 60.7, 10.711
667, 60.75, 10.728
668, 60.79, 10.745
669, 60.84, 10.761
670, 60.88, 10.778
671, 60.93, 10.795
672, 60.97, 10.811
673, 61.01, 10.828
674, 61.06, 10.845
675, 61.11, 10.861
676, 61.15, 10.878
677, 61.2, 10.895
678, 61.25, 10.911
679, 61.29, 10.928
680, 61.34, 10.945
681, 61.38, 10.961
682, 61.38, 10.961
683, 61.43, 10.978
684, 61.47, 10.995
685, 61.51, 11.011
686, 61.56, 11.028
687, 61.61, 11.045
688, 61.66, 11.061
689, 61.7, 11.078
690, 61.75, 11.095
691, 61.79, 11.111
692, 61.84, 11.128
693, 61.88, 11.145
694, 61.93, 11.161
695, 61.98, 11.178
696, 62.02, 11.195
697, 62.06, 11.211
698, 62.08, 11.228
699, 62.09, 11.245
700, 62.1, 11.261
701, 62.11, 11.278
702, 62.11, 11.295
703, 62.11, 11.311
704, 62.12, 11.328
705, 62.12, 11.345
706, 62.1, 11.361
707, 62.05, 11.378
708, 62.13, 11.395
709, 62.18, 11.411
710, 62.2, 11.428
711, 62.24, 11.445
712, 62.29, 11.461
713, 62.32, 11.478
714, 62.36, 11.495
715, 62.36, 11.495
716, 62.4, 11.511
717, 62.44, 11.528
718, 62.47, 11.545
719, 62.51, 11.561
720, 62.55, 11.578
721, 62.59, 11.595
722, 62.63, 11.611
723, 62.67, 11.628
724, 62.7, 11.645
725, 62.74, 11.661
726, 62.78, 11.678
727, 62.82, 11.695
728, 62.85, 11.711
729, 62.89, 11.728
730, 62.92, 11.745
731, 62.96, 11.761
732, 63, 11.778
733, 63.03, 11.795
734, 63.07, 11.811
735, 63.1, 11.828
736, 63.13, 11.845
737, 63.16, 11.861
738, 63.2, 11.878
739, 63.2, 11.878
740, 63.24, 11.895
741, 63.27, 11.911
742, 63.3, 11.928
743, 63.33, 11.945
744, 63.36, 11.961
745, 63.4, 11.978
746, 63.43, 11.995
747, 63.47, 12.011
748, 63.5, 12.028
749, 63.53, 12.045
750, 63.56, 12.061
751, 63.59, 12.078
752, 63.62, 12.095
753, 63.66, 12.111
754, 63.69, 12.128
755, 63.71, 12.145
756, 63.74, 12.161
757, 63.74, 12.161
758, 63.77, 12.178
759, 63.81, 12.195
760, 63.84, 12.211
761, 63.87, 12.228
762, 63.9, 12.245
763, 63.93, 12.261
764, 63.96, 12.278
765, 63.98, 12.295
766, 64.01, 12.311
767, 64.05, 12.328
768, 64.08, 12.345
769, 64.1, 12.361
770, 64.12, 12.378
771, 64.15, 12.395
772, 64.18, 12.411
773, 64.21, 12.428
774, 64.21, 12.428
775, 64.24, 12.445
776, 64.27, 12.461
777, 64.31, 12.478
778, 64.33, 12.495
779, 64.36, 12.511
780, 64.4, 12.528
781, 64.43, 12.545
782, 64.47, 12.561
783, 64.5, 12.578
784, 64.52, 12.595
785, 64.56, 12.611
786, 64.59, 12.628
787, 64.62, 12.645
788, 64.65, 12.661
789, 64.68, 12.678
790, 64.68, 12.678
791, 64.71, 12.695
792, 64.74, 12.711
793, 64.77, 12.728
794, 64.8, 12.745
795, 64.83, 12.761
796, 64.86, 12.778
797, 64.89, 12.795
798, 64.92, 12.811
799, 64.95, 12.828
800, 64.98, 12.845
801, 65.01, 12.861
802, 65.05, 12.878
803, 65.08, 12.895
804, 65.08, 12.895
805, 65.11, 12.911
806, 65.13, 12.928
807, 65.14, 12.945
808, 65.14, 12.961
809, 65.14, 12.978
810, 65.14, 12.995
811, 65.12, 13.011
812, 65.09, 13.028
813, 65.04, 13.045
814, 64.98, 13.061
815, 64.9, 13.078
816, 64.8, 13.095
817, 64.8, 13.095
818, 64.67, 13.111
819, 64.5, 13.128
820, 64.31, 13.145
821, 64.1, 13.161
822, 63.87, 13.178
823, 63.63, 13.195
824, 63.38, 13.211
825, 63.11, 13.228
826, 62.85, 13.245
827, 62.57, 13.261
828, 62.26, 13.278
829, 61.94, 13.295
830, 61.63, 13.311
831, 61.31, 13.328
832, 60.99, 13.345
833, 60.67, 13.361
834, 60.35, 13.378
835, 60.03, 13.395
836, 59.7, 13.411
837, 59.38, 13.428
838, 59.07, 13.445
839, 58.74, 13.461
840, 58.41, 13.478
841, 58.08, 13.495
842, 57.76, 13.511
843, 57.45, 13.528
844, 57.13, 13.545
845, 56.81, 13.561
846, 56.47, 13.578
847, 56.13, 13.595
848, 55.81, 13.611
849, 55.48, 13.628
850, 55.16, 13.645
851, 54.83, 13.661
852, 54.5, 13.678
853, 53.84, 13.711
854, 53.52, 13.728
855, 53.2, 13.745
856, 52.87, 13.761
857, 52.56, 13.778
858, 52.24, 13.795
859, 51.93, 13.811
860, 51.28, 13.845
861, 50.93, 13.861
862, 50.6, 13.878
863, 50.29, 13.895
864, 49.96, 13.911
865, 49.64, 13.928
866, 49, 13.961
867, 48.67, 13.978
868, 48.35, 13.995
869, 48.03, 14.011
870, 47.39, 14.045
871, 47.07, 14.061
872, 46.75, 14.078
873, 46.43, 14.095
874, 45.82, 14.128
875, 45.53, 14.145
876, 45.24, 14.161
877, 44.67, 14.195
878, 44.36, 14.211
879, 44.07, 14.228
880, 43.52, 14.261
881, 43.26, 14.278
882, 42.75, 14.311
883, 42.51, 14.328
884, 42.27, 14.345
885, 41.8, 14.378
886, 41.57, 14.395
887, 41.11, 14.428
888, 40.88, 14.445
889, 40.44, 14.478
890, 40.22, 14.495
891, 39.78, 14.528
892, 39.56, 14.545
893, 39.12, 14.578
894, 38.9, 14.595
895, 38.45, 14.628
896, 38.23, 14.645
897, 37.79, 14.678
898, 37.37, 14.711
899, 37.16, 14.728
900, 36.76, 14.761
901, 36.56, 14.778
902, 36.2, 14.811
903, 35.78, 14.845
904, 35.56, 14.861
905, 35.15, 14.895
906, 34.76, 14.928
907, 34.4, 14.961
908, 34.23, 14.978
909, 33.95, 15.011
910, 33.71, 15.045
911, 33.53, 15.078
912, 33.47, 15.095
913, 33.34, 15.128
914, 33.23, 15.161
915, 33.14, 15.195
916, 33.07, 15.228
917, 33.03, 15.245
918, 32.94, 15.278
919, 32.85, 15.311
920, 32.78, 15.345
921, 32.72, 15.378
922, 32.65, 15.411
923, 32.61, 15.428
924, 32.51, 15.461
925, 32.4, 15.495
926, 32.27, 15.528
927, 32.14, 15.561
928, 32.01, 15.595
929, 31.95, 15.611
930, 31.8, 15.645
931, 31.63, 15.678
932, 31.48, 15.711
933, 31.33, 15.745
934, 31.13, 15.778
935, 30.93, 15.811
936, 30.77, 15.845
937, 30.7, 15.861
938, 30.5, 15.895
939, 30.33, 15.928
940, 30.21, 15.961
941, 30.09, 15.995
942, 29.95, 16.028
943, 29.79, 16.061
944, 29.63, 16.095
945, 29.48, 16.128
946, 29.32, 16.161
947, 29.16, 16.195
948, 29.01, 16.228
949, 28.89, 16.261
950, 28.73, 16.311
951, 28.65, 16.345
952, 28.57, 16.378
953, 28.52, 16.411
954, 28.62, 16.445
955, 28.68, 16.478
956, 28.71, 16.511
957, 28.75, 16.545
958, 28.78, 16.578
959, 28.82, 16.611
960, 28.89, 16.645
961, 28.96, 16.678
962, 29.02, 16.711
963, 29.06, 16.745
964, 29.15, 16.795
965, 29.23, 16.828
966, 29.31, 16.861
967, 29.4, 16.895
968, 29.51, 16.928
969, 29.61, 16.961
970, 29.73, 16.995
971, 29.87, 17.028
972, 30, 17.061
973, 30.16, 17.095
974, 30.32, 17.128
975, 30.48, 17.161
976, 30.65, 17.195
977, 30.84, 17.228
978, 31.04, 17.261
979, 31.26, 17.295
980, 31.47, 17.328
981, 31.58, 17.345
982, 31.8, 17.378
983, 32.01, 17.411
984, 32.23, 17.445
985, 32.48, 17.478
986, 32.72, 17.511
987, 32.97, 17.545
988, 33.09, 17.561
989, 33.34, 17.595
990, 33.61, 17.628
991, 33.87, 17.661
992, 34.1, 17.695
993, 34.2, 17.711
994, 34.32, 17.745
995, 34.43, 17.778
996, 34.64, 17.811
997, 34.7, 17.828
998, 34.85, 17.861
999, 34.99, 17.895
1000, 35.13, 17.928
1001, 35.2, 17.945
1002, 35.32, 17.978
1003, 35.45, 18.011
1004, 35.51, 18.028
1005, 35.66, 18.061
1006, 35.79, 18.095
1007, 35.85, 18.111
1008, 35.98, 18.145
1009, 36.12, 18.178
1010, 36.18, 18.195
1011, 36.32, 18.228
1012, 36.47, 18.261
1013, 36.54, 18.278
1014, 36.67, 18.311
1015, 36.8, 18.345
1016, 36.88, 18.361
1017, 37.05, 18.395
1018, 37.12, 18.411
1019, 37.25, 18.445
1020, 37.4, 18.478
1021, 37.49, 18.495
1022, 37.66, 18.528
1023, 37.75, 18.545
1024, 37.94, 18.578
1025, 38.12, 18.611
1026, 38.21, 18.628
1027, 38.4, 18.661
1028, 38.5, 18.678
1029, 38.7, 18.711
1030, 38.79, 18.728
1031, 38.98, 18.761
1032, 39.07, 18.778
1033, 39.27, 18.811
1034, 39.46, 18.845
1035, 39.56, 18.861
1036, 39.76, 18.895
1037, 39.86, 18.911
1038, 40.05, 18.945
1039, 40.15, 18.961
1040, 40.35, 18.995
1041, 40.46, 19.011
1042, 40.64, 19.045
1043, 40.7, 19.061
1044, 40.76, 19.095
1045, 40.76, 19.111
1046, 40.73, 19.128
1047, 40.62, 19.161
1048, 40.53, 19.178
1049, 40.3, 19.211
1050, 40.18, 19.228
1051, 39.9, 19.261
1052, 39.71, 19.278
1053, 39.35, 19.311
1054, 39.19, 19.328
1055, 38.86, 19.361
1056, 38.52, 19.395
1057, 38.35, 19.411
1058, 38.02, 19.445
1059, 37.85, 19.461
1060, 37.51, 19.495
1061, 37.34, 19.511
1062, 37.01, 19.545
1063, 36.69, 19.578
1064, 36.54, 19.595
1065, 36.25, 19.628
1066, 35.99, 19.661
1067, 35.87, 19.678
1068, 35.65, 19.711
1069, 35.46, 19.745
1070, 35.4, 19.761
1071, 35.31, 19.795
1072, 35.15, 19.828
1073, 34.94, 19.861
1074, 34.88, 19.878
1075, 34.78, 19.911
1076, 34.66, 19.945
1077, 34.59, 19.961
1078, 34.46, 19.995
1079, 34.34, 20.028
1080, 34.22, 20.061
1081, 34.15, 20.078
1082, 34.02, 20.111
1083, 33.89, 20.145
1084, 33.77, 20.178
1085, 33.7, 20.195
1086, 33.57, 20.228
1087, 33.44, 20.261
1088, 33.31, 20.295
1089, 33.18, 20.328
1090, 33.12, 20.345
1091, 33, 20.378
1092, 32.89, 20.411
1093, 32.81, 20.445
1094, 32.74, 20.478
1095, 32.68, 20.511
1096, 32.66, 20.528
1097, 32.73, 20.561
1098, 32.81, 20.595
1099, 32.84, 20.628
1100, 32.89, 20.661
1101, 32.92, 20.678
1102, 32.96, 20.711
1103, 32.93, 20.745
1104, 32.85, 20.778
1105, 32.74, 20.811
1106, 32.62, 20.828
1107, 32.45, 20.861
1108, 32.33, 20.895
1109, 32.21, 20.928
1110, 32.08, 20.961
1111, 31.95, 20.995
1112, 31.81, 21.028
1113, 31.74, 21.045
1114, 31.64, 21.078
1115, 31.56, 21.111
1116, 31.48, 21.145
1117, 31.46, 21.178
1118, 31.55, 21.211
1119, 31.61, 21.245
1120, 31.66, 21.278
1121, 31.69, 21.295
1122, 31.75, 21.328
1123, 31.84, 21.361
1124, 31.93, 21.395
1125, 32, 21.428
1126, 32.06, 21.461
1127, 32.11, 21.495
1128, 32.18, 21.528
1129, 32.21, 21.545
1130, 32.24, 21.578
1131, 32.3, 21.611
1132, 32.37, 21.645
1133, 32.45, 21.678
1134, 32.48, 21.695
1135, 32.52, 21.728
1136, 32.58, 21.761
1137, 32.66, 21.795
1138, 32.74, 21.828
1139, 32.81, 21.861
1140, 32.83, 21.878
1141, 32.9, 21.911
1142, 33.03, 21.945
1143, 33.16, 21.978
1144, 33.28, 22.011
1145, 33.34, 22.028
1146, 33.48, 22.061
1147, 33.64, 22.095
1148, 33.78, 22.128
1149, 33.84, 22.145
1150, 33.97, 22.178
1151, 34.1, 22.211
1152, 34.09, 22.245
1153, 34.29, 22.278
1154, 34.32, 22.295
1155, 34.43, 22.328
1156, 34.53, 22.361
1157, 34.61, 22.395
1158, 34.67, 22.411
1159, 34.79, 22.445
1160, 34.9, 22.478
1161, 34.96, 22.495
1162, 35.08, 22.528
1163, 35.22, 22.561
1164, 35.37, 22.595
1165, 35.45, 22.611
1166, 35.61, 22.645
1167, 35.78, 22.678
1168, 35.87, 22.695
1169, 36.04, 22.728
1170, 36.21, 22.761
1171, 36.3, 22.778
1172, 36.49, 22.811
1173, 36.67, 22.845
1174, 36.76, 22.861
1175, 36.94, 22.895
1176, 37.12, 22.928
1177, 37.21, 22.945
1178, 37.38, 22.978
1179, 37.47, 22.995
1180, 37.65, 23.028
1181, 37.83, 23.061
1182, 37.92, 23.078
1183, 38.11, 23.111
1184, 38.21, 23.128
1185, 38.39, 23.161
1186, 38.56, 23.195
1187, 38.65, 23.211
1188, 38.81, 23.245
1189, 38.88, 23.261
1190, 39.08, 23.295
1191, 39.2, 23.311
1192, 39.41, 23.345
1193, 39.5, 23.361
1194, 39.69, 23.395
1195, 39.77, 23.411
1196, 39.95, 23.445
1197, 40.04, 23.461
1198, 40.22, 23.495
1199, 40.28, 23.511
1200, 40.46, 23.545
1201, 40.61, 23.561
1202, 40.92, 23.595
1203, 41.02, 23.611
1204, 41.2, 23.645
1205, 41.29, 23.661
1206, 41.49, 23.695
1207, 41.58, 23.711
1208, 41.76, 23.745
1209, 41.85, 23.761
1210, 41.95, 23.778
1211, 42.16, 23.811
1212, 42.26, 23.828
1213, 42.46, 23.861
1214, 42.56, 23.878
1215, 42.75, 23.911
1216, 42.84, 23.928
1217, 42.92, 23.945
1218, 43.11, 23.978
1219, 43.2, 23.995
1220, 43.4, 24.028
1221, 43.49, 24.045
1222, 43.58, 24.061
1223, 43.77, 24.095
1224, 43.86, 24.111
1225, 43.96, 24.128
1226, 43.94, 24.161
1227, 44.07, 24.178
1228, 44.22, 24.195
1229, 44.33, 24.228
1230, 44.39, 24.245
1231, 44.56, 24.278
1232, 44.63, 24.295
1233, 44.7, 24.311
1234, 44.85, 24.345
1235, 44.93, 24.361
1236, 45, 24.378
1237, 45.14, 24.411
1238, 45.22, 24.428
1239, 45.3, 24.445
1240, 45.46, 24.478
1241, 45.54, 24.495
1242, 45.61, 24.511
1243, 45.75, 24.545
1244, 45.82, 24.561
1245, 45.9, 24.578
1246, 45.98, 24.595
1247, 46.13, 24.628
1248, 46.21, 24.645
1249, 46.28, 24.661
1250, 46.44, 24.695
1251, 46.51, 24.711
1252, 46.59, 24.728
1253, 46.73, 24.761
1254, 46.81, 24.778
1255, 46.88, 24.795
1256, 46.96, 24.811
1257, 47.11, 24.845
1258, 47.18, 24.861
1259, 47.25, 24.878
1260, 47.41, 24.911
1261, 47.49, 24.928
1262, 47.56, 24.945
1263, 47.64, 24.961
1264, 47.79, 24.995
1265, 47.86, 25.011
1266, 47.94, 25.028
1267, 48.01, 25.045
1268, 48.16, 25.078
1269, 48.24, 25.095
1270, 48.31, 25.111
1271, 48.38, 25.128
1272, 48.52, 25.161
1273, 48.6, 25.178
1274, 48.67, 25.195
1275, 48.75, 25.211
1276, 48.91, 25.245
1277, 48.98, 25.261
1278, 49.05, 25.278
1279, 49.12, 25.295
1280, 49.2, 25.311
1281, 49.35, 25.345
1282, 49.42, 25.361
1283, 49.49, 25.378
1284, 49.56, 25.395
1285, 49.63, 25.411
1286, 49.78, 25.445
1287, 49.85, 25.461
1288, 49.93, 25.478
1289, 50, 25.495
1290, 50.14, 25.528
1291, 50.21, 25.545
1292, 50.28, 25.561
1293, 50.35, 25.578
1294, 50.42, 25.595
1295, 50.56, 25.628
1296, 50.63, 25.645
1297, 50.7, 25.661
1298, 50.76, 25.678
1299, 50.83, 25.695
1300, 50.89, 25.711
1301, 51.03, 25.745
1302, 51.1, 25.761
1303, 51.17, 25.778
1304, 51.24, 25.795
1305, 51.31, 25.811
1306, 51.45, 25.845
1307, 51.52, 25.861
1308, 51.59, 25.878
1309, 51.66, 25.895
1310, 51.73, 25.911
1311, 51.8, 25.928
1312, 51.87, 25.945
1313, 52, 25.978
1314, 52.07, 25.995
1315, 52.14, 26.011
1316, 52.21, 26.028
1317, 52.28, 26.045
1318, 52.28, 26.061
1319, 52.36, 26.095
1320, 52.45, 26.111
1321, 52.48, 26.128
1322, 52.52, 26.145
1323, 52.58, 26.161
1324, 52.64, 26.178
1325, 52.7, 26.195
1326, 52.82, 26.228
1327, 52.87, 26.245
1328, 52.92, 26.261
1329, 52.97, 26.278
1330, 53.03, 26.295
1331, 53.08, 26.311
1332, 53.14, 26.328
1333, 53.25, 26.361
1334, 53.3, 26.378
1335, 53.36, 26.395
1336, 53.41, 26.411
1337, 53.46, 26.428
1338, 53.51, 26.445
1339, 53.57, 26.461
1340, 53.63, 26.478
1341, 53.75, 26.511
1342, 53.8, 26.528
1343, 53.86, 26.545
1344, 53.91, 26.561
1345, 53.96, 26.578
1346, 54.02, 26.595
1347, 54.07, 26.611
1348, 54.13, 26.628
1349, 54.19, 26.645
1350, 54.3, 26.678
1351, 54.36, 26.695
1352, 54.41, 26.711
1353, 54.47, 26.728
1354, 54.52, 26.745
1355, 54.57, 26.761
1356, 54.63, 26.778
1357, 54.69, 26.795
1358, 54.74, 26.811
1359, 54.8, 26.828
1360, 54.91, 26.861
1361, 54.96, 26.878
1362, 55.02, 26.895
1363, 55.07, 26.911
1364, 55.13, 26.928
1365, 55.18, 26.945
1366, 55.23, 26.961
1367, 55.29, 26.978
1368, 55.35, 26.995
1369, 55.4, 27.011
1370, 55.46, 27.028
1371, 55.56, 27.061
1372, 55.61, 27.078
1373, 55.67, 27.095
1374, 55.73, 27.111
1375, 55.78, 27.128
1376, 55.83, 27.145
1377, 55.88, 27.161
1378, 55.94, 27.178
1379, 55.99, 27.195
1380, 56.04, 27.211
1381, 56.1, 27.228
1382, 56.15, 27.245
1383, 56.2, 27.261
1384, 56.25, 27.278
1385, 56.36, 27.311
1386, 56.41, 27.328
1387, 56.46, 27.345
1388, 56.52, 27.361
1389, 56.57, 27.378
1390, 56.62, 27.395
1391, 56.68, 27.411
1392, 56.73, 27.428
1393, 56.78, 27.445
1394, 56.83, 27.461
1395, 56.88, 27.478
1396, 56.94, 27.495
1397, 56.99, 27.511
1398, 57.04, 27.528
1399, 57.09, 27.545
1400, 57.14, 27.561
1401, 57.19, 27.578
1402, 57.29, 27.611
1403, 57.35, 27.628
1404, 57.4, 27.645
1405, 57.45, 27.661
1406, 57.5, 27.678
1407, 57.55, 27.695
1408, 57.6, 27.711
1409, 57.65, 27.728
1410, 57.7, 27.745
1411, 57.75, 27.761
1412, 57.8, 27.778
1413, 57.85, 27.795
1414, 57.91, 27.811
1415, 57.96, 27.828
1416, 58, 27.845
1417, 58.05, 27.861
1418, 58.1, 27.878
1419, 58.15, 27.895
1420, 58.2, 27.911
1421, 58.25, 27.928
1422, 58.3, 27.945
1423, 58.35, 27.961
1424, 58.4, 27.978
1425, 58.45, 27.995
1426, 58.5, 28.011
1427, 58.55, 28.028
1428, 58.59, 28.045
1429, 58.64, 28.061
1430, 58.69, 28.078
1431, 58.79, 28.111
1432, 58.84, 28.128
1433, 58.89, 28.145
1434, 58.94, 28.161
1435, 58.99, 28.178
1436, 59.03, 28.195
1437, 59.08, 28.211
1438, 59.13, 28.228
1439, 59.18, 28.245
1440, 59.22, 28.261
1441, 59.27, 28.278
1442, 59.32, 28.295
1443, 59.37, 28.311
1444, 59.42, 28.328
1445, 59.47, 28.345
1446, 59.51, 28.361
1447, 59.56, 28.378
1448, 59.61, 28.395
1449, 59.66, 28.411
1450, 59.71, 28.428
1451, 59.75, 28.445
1452, 59.8, 28.461
1453, 59.85, 28.478
1454, 59.9, 28.495
1455, 59.95, 28.511
1456, 60, 28.528
1457, 60.04, 28.545
1458, 60.09, 28.561
1459, 60.14, 28.578
1460, 60.19, 28.595
1461, 60.24, 28.611
1462, 60.29, 28.628
1463, 60.33, 28.645
1464, 60.38, 28.661
1465, 60.42, 28.678
1466, 60.47, 28.695
1467, 60.52, 28.711
1468, 60.57, 28.728
1469, 60.62, 28.745
1470, 60.6, 28.761
1471, 60.55, 28.778
1472, 60.65, 28.795
1473, 60.7, 28.811
1474, 60.71, 28.828
1475, 60.75, 28.845
1476, 60.79, 28.861
1477, 60.82, 28.878
1478, 60.85, 28.895
1479, 60.89, 28.911
1480, 60.93, 28.928
1481, 60.96, 28.945
1482, 61, 28.961
1483, 61.03, 28.978
1484, 61.07, 28.995
1485, 61.1, 29.011
1486, 61.1, 29.011
1487, 61.14, 29.028
1488, 61.17, 29.045
1489, 61.21, 29.061
1490, 61.24, 29.078
1491, 61.28, 29.095
1492, 61.32, 29.111
1493, 61.35, 29.128
1494, 61.39, 29.145
1495, 61.42, 29.161
1496, 61.46, 29.178
1497, 61.49, 29.195
1498, 61.53, 29.211
1499, 61.57, 29.228
1500, 61.6, 29.245
1501, 61.64, 29.261
1502, 61.67, 29.278
1503, 61.71, 29.295
1504, 61.74, 29.311
1505, 61.77, 29.328
1506, 61.81, 29.345
1507, 61.84, 29.361
1508, 61.88, 29.378
1509, 61.91, 29.395
1510, 61.95, 29.411
1511, 61.98, 29.428
1512, 62.01, 29.445
1513, 62.05, 29.461
1514, 62.08, 29.478
1515, 62.12, 29.495
1516, 62.15, 29.511
1517, 62.18, 29.528
1518, 62.22, 29.545
1519, 62.25, 29.561
1520, 62.29, 29.578
1521, 62.33, 29.595
1522, 62.36, 29.611
1523, 62.36, 29.611
1524, 62.4, 29.628
1525, 62.43, 29.645
1526, 62.47, 29.661
1527, 62.5, 29.678
1528, 62.54, 29.695
1529, 62.57, 29.711
1530, 62.61, 29.728
1531, 62.64, 29.745
1532, 62.68, 29.761
1533, 62.71, 29.778
1534, 62.74, 29.795
1535, 62.78, 29.811
1536, 62.81, 29.828
1537, 62.85, 29.845
1538, 62.88, 29.861
1539, 62.91, 29.878
1540, 62.94, 29.895
1541, 62.98, 29.911
1542, 63.01, 29.928
1543, 63.04, 29.945
1544, 63.07, 29.961
1545, 63.11, 29.978
1546, 63.14, 29.995
1547, 63.14, 29.995
1548, 63.17, 30.011
1549, 63.21, 30.028
1550, 63.24, 30.045
1551, 63.27, 30.061
1552, 63.31, 30.078
1553, 63.34, 30.095
1554, 63.37, 30.111
1555, 63.41, 30.128
1556, 63.44, 30.145
1557, 63.47, 30.161
1558, 63.5, 30.178
1559, 63.54, 30.195
1560, 63.57, 30.211
1561, 63.6, 30.228
1562, 63.63, 30.245
1563, 63.67, 30.261
1564, 63.7, 30.278
1565, 63.73, 30.295
1566, 63.73, 30.295
1567, 63.77, 30.311
1568, 63.8, 30.328
1569, 63.83, 30.345
1570, 63.87, 30.361
1571, 63.9, 30.378
1572, 63.93, 30.395
1573, 63.96, 30.411
1574, 63.99, 30.428
1575, 64.03, 30.445
1576, 64.06, 30.461
1577, 64.1, 30.478
1578, 64.13, 30.495
1579, 64.16, 30.511
1580, 64.2, 30.528
1581, 64.23, 30.545
1582, 64.26, 30.561
1583, 64.26, 30.561
1584, 64.29, 30.578
1585, 64.33, 30.595
1586, 64.37, 30.611
1587, 64.4, 30.628
1588, 64.43, 30.645
1589, 64.47, 30.661
1590, 64.5, 30.678
1591, 64.54, 30.695
1592, 64.57, 30.711
1593, 64.6, 30.728
1594, 64.63, 30.745
1595, 64.67, 30.761
1596, 64.71, 30.778
1597, 64.71, 30.778
1598, 64.74, 30.795
1599, 64.78, 30.811
1600, 64.81, 30.828
1601, 64.85, 30.845
1602, 64.88, 30.861
1603, 64.92, 30.878
1604, 64.95, 30.895
1605, 64.99, 30.911
1606, 65.02, 30.928
1607, 65.05, 30.945
1608, 65.08, 30.961
1609, 65.12, 30.978
1610, 65.12, 30.978
1611, 65.16, 30.995
1612, 65.19, 31.011
1613, 65.22, 31.028
1614, 65.26, 31.045
1615, 65.29, 31.061
1616, 65.32, 31.078
1617, 65.36, 31.095
1618, 65.39, 31.111
1619, 65.43, 31.128
1620, 65.46, 31.145
1621, 65.49, 31.161
1622, 65.53, 31.178
1623, 65.53, 31.178
1624, 65.56, 31.195
1625, 65.6, 31.211
1626, 65.63, 31.228
1627, 65.66, 31.245
1628, 65.69, 31.261
1629, 65.73, 31.278
1630, 65.76, 31.295
1631, 65.79, 31.311
1632, 65.82, 31.328
1633, 65.86, 31.345
1634, 65.86, 31.345
1635, 65.89, 31.361
1636, 65.92, 31.378
1637, 65.96, 31.395
1638, 65.99, 31.411
1639, 66.02, 31.428
1640, 66.05, 31.445
1641, 66.08, 31.461
1642, 66.11, 31.478
1643, 66.15, 31.495
1644, 66.18, 31.511
1645, 66.18, 31.511
1646, 66.21, 31.528
1647, 66.24, 31.545
1648, 66.27, 31.561
1649, 66.31, 31.578
1650, 66.34, 31.595
1651, 66.37, 31.611
1652, 66.4, 31.628
1653, 66.43, 31.645
1654, 66.46, 31.661
1655, 66.49, 31.678
1656, 66.49, 31.678
1657, 66.52, 31.695
1658, 66.56, 31.711
1659, 66.59, 31.728
1660, 66.62, 31.745
1661, 66.65, 31.761
1662, 66.68, 31.778
1663, 66.71, 31.795
1664, 66.74, 31.811
1665, 66.77, 31.828
1666, 66.77, 31.828
1667, 66.8, 31.845
1668, 66.83, 31.861
1669, 66.86, 31.878
1670, 66.9, 31.895
1671, 66.93, 31.911
1672, 66.95, 31.928
1673, 66.98, 31.945
1674, 67.01, 31.961
1675, 67.01, 31.961
1676, 67.05, 31.978
1677, 67.08, 31.995
1678, 67.11, 32.011
1679, 67.13, 32.028
1680, 67.16, 32.045
1681, 67.2, 32.061
1682, 67.23, 32.078
1683, 67.25, 32.095
1684, 67.28, 32.111
1685, 67.28, 32.111
1686, 67.31, 32.128
1687, 67.35, 32.145
1688, 67.38, 32.161
1689, 67.41, 32.178
1690, 67.43, 32.195
1691, 67.47, 32.211
1692, 67.5, 32.228
1693, 67.52, 32.245
1694, 67.52, 32.245
1695, 67.55, 32.261
1696, 67.58, 32.278
1697, 67.61, 32.295
1698, 67.64, 32.311
1699, 67.67, 32.328
1700, 67.7, 32.345
1701, 67.73, 32.361
1702, 67.76, 32.378
1703, 67.76, 32.378
1704, 67.79, 32.395
1705, 67.82, 32.411
1706, 67.85, 32.428
1707, 67.87, 32.445
1708, 67.9, 32.461
1709, 67.93, 32.478
1710, 67.96, 32.495
1711, 67.96, 32.495
1712, 67.99, 32.511
1713, 68.02, 32.528
1714, 68.04, 32.545
1715, 68.07, 32.561
1716, 68.1, 32.578
1717, 68.13, 32.595
1718, 68.16, 32.611
1719, 68.19, 32.628
1720, 68.19, 32.628
1721, 68.22, 32.645
1722, 68.24, 32.661
1723, 68.27, 32.678
1724, 68.3, 32.695
1725, 68.33, 32.711
1726, 68.35, 32.728
1727, 68.38, 32.745
1728, 68.38, 32.745
1729, 68.41, 32.761
1730, 68.44, 32.778
1731, 68.47, 32.795
1732, 68.49, 32.811
1733, 68.52, 32.828
1734, 68.55, 32.845
1735, 68.58, 32.861
1736, 68.58, 32.861
1737, 68.61, 32.878
1738, 68.64, 32.895
1739, 68.66, 32.911
1740, 68.69, 32.928
1741, 68.72, 32.945
1742, 68.75, 32.961
1743, 68.77, 32.978
1744, 68.77, 32.978
1745, 68.8, 32.995
1746, 68.83, 33.011
1747, 68.86, 33.028
1748, 68.88, 33.045
1749, 68.91, 33.061
1750, 68.94, 33.078
1751, 68.96, 33.095
1752, 68.96, 33.095
1753, 68.99, 33.111
1754, 69.02, 33.128
1755, 69.04, 33.145
1756, 69.07, 33.161
1757, 69.1, 33.178
1758, 69.13, 33.195
1759, 69.13, 33.195
1760, 69.15, 33.211
1761, 69.18, 33.228
1762, 69.2, 33.245
1763, 69.23, 33.261
1764, 69.26, 33.278
1765, 69.28, 33.295
1766, 69.31, 33.311
1767, 69.31, 33.311
1768, 69.34, 33.328
1769, 69.36, 33.345
1770, 69.39, 33.361
1771, 69.42, 33.378
1772, 69.44, 33.395
1773, 69.47, 33.411
1774, 69.47, 33.411
1775, 69.49, 33.428
1776, 69.52, 33.445
1777, 69.55, 33.461
1778, 69.58, 33.478
1779, 69.6, 33.495
1780, 69.62, 33.511
1781, 69.62, 33.511
1782, 69.65, 33.528
1783, 69.67, 33.545
1784, 69.7, 33.561
1785, 69.73, 33.578
1786, 69.76, 33.595
1787, 69.78, 33.611
1788, 69.8, 33.628
1789, 69.8, 33.628
1790, 69.83, 33.645
1791, 69.85, 33.661
1792, 69.88, 33.678
1793, 69.91, 33.695
1794, 69.93, 33.711
1795, 69.95, 33.728
1796, 69.95, 33.728
1797, 69.98, 33.745
1798, 70.01, 33.761
1799, 70.03, 33.778
1800, 70.06, 33.795
1801, 70.08, 33.811
1802, 70.11, 33.828
1803, 70.11, 33.828
1804, 70.13, 33.845
1805, 70.16, 33.861
1806, 70.18, 33.878
1807, 70.2, 33.895
1808, 70.23, 33.911
1809, 70.26, 33.928
1810, 70.26, 33.928
1811, 70.28, 33.945
1812, 70.3, 33.961
1813, 70.33, 33.978
1814, 70.36, 33.995
1815, 70.38, 34.011
1816, 70.38, 34.011
1817, 70.4, 34.028
1818, 70.42, 34.045
1819, 70.44, 34.061
1820, 70.44, 34.078
1821, 70.44, 34.095
1822, 70.43, 34.111
1823, 70.43, 34.111
1824, 70.41, 34.128
1825, 70.38, 34.145
1826, 70.34, 34.161
1827, 70.28, 34.178
1828, 70.2, 34.195
1829, 70.1, 34.211
1830, 70.1, 34.211
1831, 69.97, 34.228
1832, 69.81, 34.245
1833, 69.63, 34.261
1834, 69.39, 34.278
1835, 69.12, 34.295
1836, 68.83, 34.311
1837, 68.83, 34.311
1838, 68.53, 34.328
1839, 68.22, 34.345
1840, 67.87, 34.361
1841, 67.5, 34.378
1842, 67.17, 34.395
1843, 66.83, 34.411
1844, 66.48, 34.428
1845, 66.12, 34.445
1846, 65.77, 34.461
1847, 65.77, 34.461
1848, 65.42, 34.478
1849, 65.07, 34.495
1850, 64.72, 34.511
1851, 64.37, 34.528
1852, 64.02, 34.545
1853, 63.68, 34.561
1854, 63.34, 34.578
1855, 63.01, 34.595
1856, 62.66, 34.611
1857, 62.31, 34.628
1858, 61.95, 34.645
1859, 61.59, 34.661
1860, 61.24, 34.678
1861, 60.88, 34.695
1862, 60.54, 34.711
1863, 60.19, 34.728
1864, 59.8, 34.745
1865, 59.43, 34.761
1866, 59.08, 34.778
1867, 58.73, 34.795
1868, 58.37, 34.811
1869, 58.01, 34.828
1870, 57.66, 34.845
1871, 57.3, 34.861
1872, 56.93, 34.878
1873, 56.58, 34.895
1874, 56.22, 34.911
1875, 55.87, 34.928
1876, 55.52, 34.945
1877, 55.17, 34.961
1878, 54.84, 34.978
1879, 54.5, 34.995
1880, 53.79, 35.028
1881, 53.43, 35.045
1882, 53.08, 35.061
1883, 52.73, 35.078
1884, 52.38, 35.095
1885, 52.02, 35.111
1886, 51.67, 35.128
1887, 50.96, 35.161
1888, 50.61, 35.178
1889, 50.26, 35.195
1890, 49.91, 35.211
1891, 49.57, 35.228
1892, 49.22, 35.245
1893, 48.52, 35.278
1894, 48.18, 35.295
1895, 47.84, 35.311
1896, 47.5, 35.328
1897, 46.84, 35.361
1898, 46.5, 35.378
1899, 46.17, 35.395
1900, 45.51, 35.428
1901, 45.18, 35.445
1902, 44.86, 35.461
1903, 44.22, 35.495
1904, 43.9, 35.511
1905, 43.57, 35.528
1906, 42.89, 35.561
1907, 42.56, 35.578
1908, 42.23, 35.595
1909, 41.55, 35.628
1910, 41.22, 35.645
1911, 40.57, 35.678
1912, 40.24, 35.695
1913, 39.6, 35.728
1914, 39.3, 35.745
1915, 38.66, 35.778
1916, 38.34, 35.795
1917, 37.71, 35.828
1918, 37.07, 35.861
1919, 36.74, 35.878
1920, 36.08, 35.911
1921, 35.76, 35.928
1922, 35.12, 35.961
1923, 34.5, 35.995
1924, 33.93, 36.028
1925, 33.65, 36.045
1926, 33.17, 36.078
1927, 32.66, 36.111
1928, 32.16, 36.145
1929, 31.7, 36.178
1930, 31.26, 36.211
1931, 30.76, 36.245
1932, 30.25, 36.278
1933, 29.81, 36.311
1934, 29.39, 36.345
1935, 28.98, 36.378
1936, 28.62, 36.411
1937, 28.29, 36.445
1938, 27.92, 36.478
1939, 27.55, 36.511
1940, 27.25, 36.545
1941, 26.89, 36.595
1942, 26.68, 36.628
1943, 26.48, 36.661
1944, 26.29, 36.695
1945, 25.99, 36.745
1946, 25.81, 36.778
1947, 25.67, 36.811
1948, 25.5, 36.861
1949, 25.41, 36.895
1950, 25.32, 36.928
1951, 25.19, 36.978
1952, 25.09, 37.011
1953, 24.96, 37.061
1954, 24.87, 37.095
1955, 24.71, 37.145
1956, 24.61, 37.178
1957, 24.51, 37.211
1958, 24.37, 37.261
1959, 24.26, 37.295
1960, 24.1, 37.345
1961, 23.99, 37.378
1962, 23.81, 37.428
1963, 23.69, 37.461
1964, 23.57, 37.495
1965, 23.39, 37.545
1966, 23.26, 37.578
1967, 23.14, 37.611
1968, 22.96, 37.661
1969, 22.83, 37.695
1970, 22.69, 37.728
1971, 22.5, 37.778
1972, 22.37, 37.811
1973, 22.24, 37.845
1974, 22.06, 37.895
1975, 21.92, 37.928
1976, 21.7, 37.978
1977, 21.5, 38.028
1978, 21.39, 38.061
1979, 21.21, 38.111
1980, 21.02, 38.161
1981, 20.89, 38.195
1982, 20.71, 38.245
1983, 20.55, 38.295
1984, 20.37, 38.345
1985, 20.23, 38.378
1986, 20.02, 38.428
1987, 19.89, 38.478
1988, 19.77, 38.528
1989, 19.87, 38.578
1990, 19.92, 38.645
1991, 20.07, 38.695
1992, 20.21, 38.745
1993, 20.36, 38.795
1994, 20.5, 38.845
1995, 20.69, 38.895
1996, 20.9, 38.945
1997, 21.09, 38.995
1998, 21.26, 39.045
1999, 21.46, 39.095
2000, 21.64, 39.128
2001, 21.99, 39.178
2002, 22.31, 39.228
2003, 22.65, 39.278
2004, 22.97, 39.328
2005, 23.2, 39.361
2006, 23.51, 39.411
2007, 23.76, 39.445
2008, 24.14, 39.495
2009, 24.38, 39.528
2010, 24.73, 39.578
2011, 24.96, 39.611
2012, 25.29, 39.661
2013, 25.54, 39.695
2014, 25.89, 39.745
2015, 26.13, 39.778
2016, 26.37, 39.811
2017, 26.63, 39.845
2018, 27.05, 39.895
2019, 27.3, 39.928
2020, 27.54, 39.961
2021, 27.78, 39.995
2022, 28.19, 40.045
2023, 28.47, 40.078
2024, 28.77, 40.111
2025, 29.05, 40.145
2026, 29.33, 40.178
2027, 29.61, 40.211
2028, 29.89, 40.245
2029, 30.16, 40.278
2030, 30.44, 40.311
2031, 30.72, 40.345
2032, 31.02, 40.378
2033, 31.3, 40.411
2034, 31.56, 40.445
2035, 31.82, 40.478
2036, 32.06, 40.511
2037, 32.18, 40.528
2038, 32.45, 40.561
2039, 32.7, 40.595
2040, 32.96, 40.628
2041, 33.26, 40.661
2042, 33.58, 40.695
2043, 33.72, 40.711
2044, 33.99, 40.745
2045, 34.16, 40.778
2046, 34.26, 40.811
2047, 34.42, 40.828
2048, 34.59, 40.861
2049, 34.78, 40.895
2050, 34.96, 40.928
2051, 35.04, 40.945
2052, 35.23, 40.978
2053, 35.42, 41.011
2054, 35.51, 41.028
2055, 35.69, 41.061
2056, 35.88, 41.095
2057, 35.97, 41.111
2058, 36.15, 41.145
2059, 36.34, 41.178
2060, 36.43, 41.195
2061, 36.61, 41.228
2062, 36.82, 41.261
2063, 36.92, 41.278
2064, 37.11, 41.311
2065, 37.3, 41.345
2066, 37.4, 41.361
2067, 37.6, 41.395
2068, 37.7, 41.411
2069, 37.9, 41.445
2070, 38.12, 41.478
2071, 38.22, 41.495
2072, 38.41, 41.528
2073, 38.5, 41.545
2074, 38.7, 41.578
2075, 38.78, 41.595
2076, 38.99, 41.628
2077, 39.1, 41.645
2078, 39.31, 41.678
2079, 39.41, 41.695
2080, 39.59, 41.728
2081, 39.78, 41.761
2082, 39.87, 41.778
2083, 40.06, 41.811
2084, 40.17, 41.828
2085, 40.39, 41.861
2086, 40.48, 41.878
2087, 40.57, 41.895
2088, 40.74, 41.928
2089, 40.83, 41.945
2090, 41.04, 41.978
2091, 41.15, 41.995
2092, 41.36, 42.028
2093, 41.45, 42.045
2094, 41.64, 42.078
2095, 41.74, 42.095
2096, 41.91, 42.128
2097, 41.99, 42.145
2098, 42.06, 42.161
2099, 42.23, 42.195
2100, 42.33, 42.211
2101, 42.58, 42.245
2102, 42.68, 42.261
2103, 42.87, 42.295
2104, 42.96, 42.311
2105, 43.04, 42.328
2106, 43.19, 42.361
2107, 43.28, 42.378
2108, 43.37, 42.395
2109, 43.56, 42.428
2110, 43.65, 42.445
2111, 43.84, 42.478
2112, 43.92, 42.495
2113, 44.01, 42.511
2114, 44.17, 42.545
2115, 44.25, 42.561
2116, 44.33, 42.578
2117, 44.51, 42.611
2118, 44.6, 42.628
2119, 44.62, 42.645
2120, 44.69, 42.678
2121, 44.82, 42.695
2122, 44.89, 42.711
2123, 45, 42.745
2124, 45.07, 42.761
2125, 45.15, 42.778
2126, 45.3, 42.811
2127, 45.38, 42.828
2128, 45.45, 42.845
2129, 45.6, 42.878
2130, 45.67, 42.895
2131, 45.75, 42.911
2132, 45.9, 42.945
2133, 45.98, 42.961
2134, 46.05, 42.978
2135, 46.2, 43.011
2136, 46.28, 43.028
2137, 46.36, 43.045
2138, 46.44, 43.061
2139, 46.6, 43.095
2140, 46.67, 43.111
2141, 46.75, 43.128
2142, 46.91, 43.161
2143, 46.99, 43.178
2144, 47.07, 43.195
2145, 47.14, 43.211
2146, 47.3, 43.245
2147, 47.38, 43.261
2148, 47.46, 43.278
2149, 47.62, 43.311
2150, 47.7, 43.328
2151, 47.77, 43.345
2152, 47.85, 43.361
2153, 48, 43.395
2154, 48.08, 43.411
2155, 48.15, 43.428
2156, 48.23, 43.445
2157, 48.31, 43.461
2158, 48.47, 43.495
2159, 48.54, 43.511
2160, 48.62, 43.528
2161, 48.7, 43.545
2162, 48.85, 43.578
2163, 48.93, 43.595
2164, 49, 43.611
2165, 49.07, 43.628
2166, 49.21, 43.661
2167, 49.29, 43.678
2168, 49.37, 43.695
2169, 49.45, 43.711
2170, 49.53, 43.728
2171, 49.68, 43.761
2172, 49.75, 43.778
2173, 49.82, 43.795
2174, 49.9, 43.811
2175, 49.97, 43.828
2176, 50.1, 43.861
2177, 50.17, 43.878
2178, 50.24, 43.895
2179, 50.32, 43.911
2180, 50.39, 43.928
2181, 50.46, 43.945
2182, 50.59, 43.978
2183, 50.66, 43.995
2184, 50.72, 44.011
2185, 50.79, 44.028
2186, 50.86, 44.045
2187, 50.99, 44.078
2188, 51.06, 44.095
2189, 51.12, 44.111
2190, 51.18, 44.128
2191, 51.25, 44.145
2192, 51.31, 44.161
2193, 51.44, 44.195
2194, 51.51, 44.211
2195, 51.57, 44.228
2196, 51.64, 44.245
2197, 51.7, 44.261
2198, 51.76, 44.278
2199, 51.88, 44.311
2200, 51.95, 44.328
2201, 52.01, 44.345
2202, 52.08, 44.361
2203, 52.14, 44.378
2204, 52.2, 44.395
2205, 52.27, 44.411
2206, 52.4, 44.445
2207, 52.46, 44.461
2208, 52.53, 44.478
2209, 52.59, 44.495
2210, 52.64, 44.511
2211, 52.71, 44.528
2212, 52.77, 44.545
2213, 52.91, 44.578
2214, 52.98, 44.595
2215, 53.06, 44.611
2216, 53.12, 44.628
2217, 53.19, 44.645
2218, 53.24, 44.661
2219, 53.28, 44.678
2220, 53.31, 44.695
2221, 53.35, 44.728
2222, 53.38, 44.745
2223, 53.4, 44.761
2224, 53.38, 44.778
2225, 53.34, 44.795
2226, 53.42, 44.811
2227, 53.51, 44.828
2228, 53.55, 44.845
2229, 53.58, 44.861
2230, 53.7, 44.895
2231, 53.75, 44.911
2232, 53.79, 44.928
2233, 53.84, 44.945
2234, 53.9, 44.961
2235, 53.96, 44.978
2236, 54.01, 44.995
2237, 54.06, 45.011
2238, 54.11, 45.028
2239, 54.22, 45.061
2240, 54.27, 45.078
2241, 54.33, 45.095
2242, 54.39, 45.111
2243, 54.44, 45.128
2244, 54.49, 45.145
2245, 54.54, 45.161
2246, 54.59, 45.178
2247, 54.64, 45.195
2248, 54.7, 45.211
2249, 54.81, 45.245
2250, 54.86, 45.261
2251, 54.91, 45.278
2252, 54.96, 45.295
2253, 55.02, 45.311
2254, 55.07, 45.328
2255, 55.12, 45.345
2256, 55.17, 45.361
2257, 55.22, 45.378
2258, 55.28, 45.395
2259, 55.33, 45.411
2260, 55.44, 45.445
2261, 55.49, 45.461
2262, 55.54, 45.478
2263, 55.59, 45.495
2264, 55.65, 45.511
2265, 55.7, 45.528
2266, 55.75, 45.545
2267, 55.81, 45.561
2268, 55.86, 45.578
2269, 55.91, 45.595
2270, 55.96, 45.611
2271, 56.02, 45.628
2272, 56.07, 45.645
2273, 56.17, 45.678
2274, 56.23, 45.695
2275, 56.28, 45.711
2276, 56.34, 45.728
2277, 56.39, 45.745
2278, 56.44, 45.761
2279, 56.49, 45.778
2280, 56.55, 45.795
2281, 56.6, 45.811
2282, 56.65, 45.828
2283, 56.7, 45.845
2284, 56.76, 45.861
2285, 56.81, 45.878
2286, 56.86, 45.895
2287, 56.91, 45.911
2288, 56.97, 45.928
2289, 57.02, 45.945
2290, 57.12, 45.978
2291, 57.18, 45.995
2292, 57.23, 46.011
2293, 57.28, 46.028
2294, 57.33, 46.045
2295, 57.38, 46.061
2296, 57.44, 46.078
2297, 57.49, 46.095
2298, 57.54, 46.111
2299, 57.59, 46.128
2300, 57.64, 46.145
2301, 57.69, 46.161
2302, 57.74, 46.178
2303, 57.79, 46.195
2304, 57.84, 46.211
2305, 57.9, 46.228
2306, 57.95, 46.245
2307, 58, 46.261
2308, 58.05, 46.278
2309, 58.1, 46.295
2310, 58.15, 46.311
2311, 58.2, 46.328
2312, 58.25, 46.345
2313, 58.3, 46.361
2314, 58.35, 46.378
2315, 58.45, 46.411
2316, 58.5, 46.428
2317, 58.55, 46.445
2318, 58.6, 46.461
2319, 58.65, 46.478
2320, 58.7, 46.495
2321, 58.75, 46.511
2322, 58.8, 46.528
2323, 58.85, 46.545
2324, 58.9, 46.561
2325, 58.95, 46.578
2326, 59, 46.595
2327, 59.05, 46.611
2328, 59.1, 46.628
2329, 59.15, 46.645
2330, 59.2, 46.661
2331, 59.25, 46.678
2332, 59.3, 46.695
2333, 59.34, 46.711
2334, 59.39, 46.728
2335, 59.44, 46.745
2336, 59.49, 46.761
2337, 59.54, 46.778
2338, 59.58, 46.795
2339, 59.63, 46.811
2340, 59.68, 46.828
2341, 59.73, 46.845
2342, 59.77, 46.861
2343, 59.82, 46.878
2344, 59.86, 46.895
2345, 59.91, 46.911
2346, 59.96, 46.928
2347, 60, 46.945
2348, 60.05, 46.961
2349, 60.09, 46.978
2350, 60.14, 46.995
2351, 60.19, 47.011
2352, 60.23, 47.028
2353, 60.28, 47.045
2354, 60.32, 47.061
2355, 60.37, 47.078
2356, 60.41, 47.095
2357, 60.46, 47.111
2358, 60.51, 47.128
2359, 60.55, 47.145
2360, 60.58, 47.161
2361, 60.63, 47.178
2362, 60.68, 47.195
2363, 60.73, 47.211
2364, 60.78, 47.228
2365, 60.82, 47.245
2366, 60.86, 47.261
2367, 60.91, 47.278
2368, 60.95, 47.295
2369, 60.99, 47.311
2370, 61.04, 47.328
2371, 61.08, 47.345
2372, 61.13, 47.361
2373, 61.17, 47.378
2374, 61.22, 47.395
2375, 61.26, 47.411
2376, 61.31, 47.428
2377, 61.35, 47.445
2378, 61.4, 47.461
2379, 61.44, 47.478
2380, 61.43, 47.495
2381, 61.43, 47.495
2382, 61.37, 47.511
2383, 61.46, 47.528
2384, 61.5, 47.545
2385, 61.52, 47.561
2386, 61.55, 47.578
2387, 61.6, 47.595
2388, 61.63, 47.611
2389, 61.66, 47.628
2390, 61.7, 47.645
2391, 61.74, 47.661
2392, 61.77, 47.678
2393, 61.8, 47.695
2394, 61.84, 47.711
2395, 61.87, 47.728
2396, 61.91, 47.745
2397, 61.95, 47.761
2398, 61.98, 47.778
2399, 62.01, 47.795
2400, 62.04, 47.811
2401, 62.08, 47.828
2402, 62.11, 47.845
2403, 62.15, 47.861
2404, 62.19, 47.878
2405, 62.22, 47.895
2406, 62.26, 47.911
2407, 62.29, 47.928
2408, 62.32, 47.945
2409, 62.36, 47.961
2410, 62.4, 47.978
2411, 62.43, 47.995
2412, 62.47, 48.011
2413, 62.47, 48.011
2414, 62.5, 48.028
2415, 62.53, 48.045
2416, 62.57, 48.061
2417, 62.6, 48.078
2418, 62.64, 48.095
2419, 62.67, 48.111
2420, 62.71, 48.128
2421, 62.74, 48.145
2422, 62.78, 48.161
2423, 62.81, 48.178
2424, 62.83, 48.195
2425, 62.87, 48.211
2426, 62.9, 48.228
2427, 62.94, 48.245
2428, 62.97, 48.261
2429, 62.99, 48.278
2430, 63.02, 48.295
2431, 63.03, 48.311
2432, 63.07, 48.328
2433, 63.11, 48.345
2434, 63.11, 48.345
2435, 63.15, 48.361
2436, 63.18, 48.378
2437, 63.21, 48.395
2438, 63.24, 48.411
2439, 63.26, 48.428
2440, 63.28, 48.445
2441, 63.31, 48.461
2442, 63.36, 48.478
2443, 63.4, 48.495
2444, 63.43, 48.511
2445, 63.45, 48.528
2446, 63.48, 48.545
2447, 63.51, 48.561
2448, 63.54, 48.578
2449, 63.56, 48.595
2450, 63.59, 48.611
2451, 63.61, 48.628
2452, 63.63, 48.645
2453, 63.63, 48.645
2454, 63.66, 48.661
2455, 63.7, 48.678
2456, 63.73, 48.695
2457, 63.75, 48.711
2458, 63.78, 48.728
2459, 63.81, 48.745
2460, 63.84, 48.761
2461, 63.87, 48.778
2462, 63.9, 48.795
2463, 63.93, 48.811
2464, 63.96, 48.828
2465, 63.99, 48.845
2466, 64.02, 48.861
2467, 64.05, 48.878
2468, 64.08, 48.895
2469, 64.08, 48.895
2470, 64.12, 48.911
2471, 64.15, 48.928
2472, 64.18, 48.945
2473, 64.21, 48.961
2474, 64.24, 48.978
2475, 64.27, 48.995
2476, 64.29, 49.011
2477, 64.32, 49.028
2478, 64.35, 49.045
2479, 64.39, 49.061
2480, 64.42, 49.078
2481, 64.44, 49.095
2482, 64.47, 49.111
2483, 64.5, 49.128
2484, 64.5, 49.128
2485, 64.53, 49.145
2486, 64.56, 49.161
2487, 64.59, 49.178
2488, 64.63, 49.195
2489, 64.66, 49.211
2490, 64.69, 49.228
2491, 64.72, 49.245
2492, 64.75, 49.261
2493, 64.78, 49.278
2494, 64.82, 49.295
2495, 64.85, 49.311
2496, 64.88, 49.328
2497, 64.91, 49.345
2498, 64.91, 49.345
2499, 64.94, 49.361
2500, 64.98, 49.378
2501, 65.01, 49.395
2502, 65.04, 49.411
2503, 65.07, 49.428
2504, 65.1, 49.445
2505, 65.14, 49.461
2506, 65.17, 49.478
2507, 65.2, 49.495
2508, 65.23, 49.511
2509, 65.26, 49.528
2510, 65.26, 49.528
2511, 65.29, 49.545
2512, 65.32, 49.561
2513, 65.36, 49.578
2514, 65.39, 49.595
2515, 65.42, 49.611
2516, 65.45, 49.628
2517, 65.48, 49.645
2518, 65.51, 49.661
2519, 65.54, 49.678
2520, 65.58, 49.695
2521, 65.61, 49.711
2522, 65.61, 49.711
2523, 65.64, 49.728
2524, 65.67, 49.745
2525, 65.7, 49.761
2526, 65.73, 49.778
2527, 65.77, 49.795
2528, 65.8, 49.811
2529, 65.83, 49.828
2530, 65.86, 49.845
2531, 65.89, 49.861
2532, 65.93, 49.878
2533, 65.93, 49.878
2534, 65.96, 49.895
2535, 65.99, 49.911
2536, 66.02, 49.928
2537, 66.05, 49.945
2538, 66.08, 49.961
2539, 66.11, 49.978
2540, 66.14, 49.995
2541, 66.18, 50.011
2542, 66.21, 50.028
2543, 66.24, 50.045
2544, 66.24, 50.045
2545, 66.27, 50.061
2546, 66.3, 50.078
2547, 66.33, 50.095
2548, 66.36, 50.111
2549, 66.39, 50.128
2550, 66.42, 50.145
2551, 66.45, 50.161
2552, 66.48, 50.178
2553, 66.51, 50.195
2554, 66.51, 50.195
2555, 66.54, 50.211
2556, 66.57, 50.228
2557, 66.6, 50.245
2558, 66.63, 50.261
2559, 66.67, 50.278
2560, 66.7, 50.295
2561, 66.73, 50.311
2562, 66.75, 50.328
2563, 66.77, 50.345
2564, 66.77, 50.345
2565, 66.81, 50.361
2566, 66.84, 50.378
2567, 66.87, 50.395
2568, 66.9, 50.411
2569, 66.93, 50.428
2570, 66.96, 50.445
2571, 66.99, 50.461
2572, 67.02, 50.478
2573, 67.05, 50.495
2574, 67.05, 50.495
2575, 67.08, 50.511
2576, 67.11, 50.528
2577, 67.14, 50.545
2578, 67.17, 50.561
2579, 67.19, 50.578
2580, 67.22, 50.595
2581, 67.25, 50.611
2582, 67.28, 50.628
2583, 67.28, 50.628
2584, 67.31, 50.645
2585, 67.34, 50.661
2586, 67.37, 50.678
2587, 67.39, 50.695
2588, 67.42, 50.711
2589, 67.45, 50.728
2590, 67.48, 50.745
2591, 67.51, 50.761
2592, 67.51, 50.761
2593, 67.54, 50.778
2594, 67.57, 50.795
2595, 67.59, 50.811
2596, 67.62, 50.828
2597, 67.65, 50.845
2598, 67.68, 50.861
2599, 67.7, 50.878
2600, 67.73, 50.895
2601, 67.73, 50.895
2602, 67.76, 50.911
2603, 67.79, 50.928
2604, 67.82, 50.945
2605, 67.85, 50.961
2606, 67.88, 50.978
2607, 67.9, 50.995
2608, 67.93, 51.011
2609, 67.93, 51.011
2610, 67.96, 51.028
2611, 67.98, 51.045
2612, 68.01, 51.061
2613, 68.03, 51.078
2614, 68.04, 51.095
2615, 68.05, 51.111
2616, 68.06, 51.128
2617, 68.05, 51.145
2618, 68.05, 51.145
2619, 68.03, 51.161
2620, 68, 51.178
2621, 67.95, 51.195
2622, 67.89, 51.211
2623, 67.81, 51.228
2624, 67.7, 51.245
2625, 67.56, 51.261
2626, 67.4, 51.278
2627, 67.4, 51.278
2628, 67.21, 51.295
2629, 66.99, 51.311
2630, 66.74, 51.328
2631, 66.47, 51.345
2632, 66.17, 51.361
2633, 65.86, 51.378
2634, 65.55, 51.395
2635, 65.23, 51.411
2636, 64.89, 51.428
2637, 64.53, 51.445
2638, 64.53, 51.445
2639, 64.2, 51.461
2640, 63.87, 51.478
2641, 63.52, 51.495
2642, 63.18, 51.511
2643, 62.84, 51.528
2644, 62.5, 51.545
2645, 62.16, 51.561
2646, 61.82, 51.578
2647, 61.47, 51.595
2648, 61.13, 51.611
2649, 60.78, 51.628
2650, 60.43, 51.645
2651, 60.09, 51.661
2652, 59.75, 51.678
2653, 59.41, 51.695
2654, 59.08, 51.711
2655, 58.74, 51.728
2656, 58.37, 51.745
2657, 58.01, 51.761
2658, 57.67, 51.778
2659, 57.33, 51.795
2660, 56.99, 51.811
2661, 56.65, 51.828
2662, 56.31, 51.845
2663, 55.98, 51.861
2664, 55.64, 51.878
2665, 54.98, 51.911
2666, 54.64, 51.928
2667, 54.3, 51.945
2668, 53.97, 51.961
2669, 53.64, 51.978
2670, 53.32, 51.995
2671, 52.99, 52.011
2672, 52.63, 52.028
2673, 52.29, 52.045
2674, 51.67, 52.078
2675, 51.36, 52.095
2676, 51.04, 52.111
2677, 50.73, 52.128
2678, 50.42, 52.145
2679, 49.8, 52.178
2680, 49.49, 52.195
2681, 49.18, 52.211
2682, 48.87, 52.228
2683, 48.56, 52.245
2684, 47.94, 52.278
2685, 47.62, 52.295
2686, 47.31, 52.311
2687, 47, 52.328
2688, 46.38, 52.361
2689, 46.07, 52.378
2690, 45.76, 52.395
2691, 45.16, 52.428
2692, 44.88, 52.445
2693, 44.59, 52.461
2694, 43.97, 52.495
2695, 43.65, 52.511
2696, 43.35, 52.528
2697, 42.75, 52.561
2698, 42.45, 52.578
2699, 41.85, 52.611
2700, 41.55, 52.628
2701, 41.25, 52.645
2702, 40.64, 52.678
2703, 40.34, 52.695
2704, 39.75, 52.728
2705, 39.45, 52.745
2706, 38.87, 52.778
2707, 38.59, 52.795
2708, 38.06, 52.828
2709, 37.59, 52.861
2710, 37.37, 52.878
2711, 36.92, 52.911
2712, 36.71, 52.928
2713, 36.31, 52.961
2714, 35.92, 52.995
2715, 35.75, 53.011
2716, 35.43, 53.045
2717, 35.11, 53.078
2718, 34.85, 53.111
2719, 34.73, 53.128
2720, 34.51, 53.161
2721, 34.18, 53.195
2722, 33.91, 53.228
2723, 33.8, 53.245
2724, 33.6, 53.278
2725, 33.36, 53.311
2726, 33.14, 53.345
2727, 33.03, 53.361
2728, 32.82, 53.395
2729, 32.59, 53.428
2730, 32.36, 53.461
2731, 32.12, 53.495
2732, 31.86, 53.528
2733, 31.59, 53.561
2734, 31.45, 53.578
2735, 31.17, 53.611
2736, 30.93, 53.645
2737, 30.69, 53.678
2738, 30.39, 53.711
2739, 30.16, 53.745
2740, 30.01, 53.778
2741, 29.82, 53.811
2742, 29.61, 53.845
2743, 29.46, 53.878
2744, 29.33, 53.911
2745, 29.2, 53.945
2746, 29.06, 53.978
2747, 28.93, 54.011
2748, 28.74, 54.061
2749, 28.61, 54.095
2750, 28.49, 54.128
2751, 28.37, 54.161
2752, 28.24, 54.195
2753, 28.1, 54.228
2754, 27.97, 54.261
2755, 27.84, 54.295
2756, 27.63, 54.345
2757, 27.49, 54.378
2758, 27.35, 54.411
2759, 27.19, 54.445
2760, 27.05, 54.478
2761, 26.85, 54.528
2762, 26.71, 54.561
2763, 26.57, 54.595
2764, 26.38, 54.645
2765, 26.27, 54.678
2766, 26.19, 54.711
2767, 26.07, 54.761
2768, 26.17, 54.795
2769, 26.26, 54.828
2770, 26.3, 54.861
2771, 26.37, 54.911
2772, 26.44, 54.945
2773, 26.56, 54.978
2774, 26.69, 55.028
2775, 26.75, 55.061
2776, 26.8, 55.095
2777, 26.87, 55.128
2778, 27.04, 55.178
2779, 27.13, 55.211
2780, 27.24, 55.245
2781, 27.36, 55.278
2782, 27.48, 55.311
2783, 27.7, 55.361
2784, 27.84, 55.395
2785, 27.99, 55.428
2786, 28.13, 55.461
2787, 28.29, 55.495
2788, 28.49, 55.528
2789, 28.78, 55.578
2790, 28.98, 55.611
2791, 29.21, 55.645
2792, 29.41, 55.678
2793, 29.59, 55.711
2794, 29.8, 55.745
2795, 30.01, 55.778
2796, 30.25, 55.811
2797, 30.5, 55.845
2798, 30.73, 55.878
2799, 30.96, 55.911
2800, 31.18, 55.945
2801, 31.42, 55.978
2802, 31.65, 56.011
2803, 31.78, 56.028
2804, 32.05, 56.061
2805, 32.33, 56.095
2806, 32.6, 56.128
2807, 32.87, 56.161
2808, 33.13, 56.195
2809, 33.26, 56.211
2810, 33.5, 56.245
2811, 33.74, 56.278
2812, 33.99, 56.311
2813, 34.11, 56.328
2814, 34.35, 56.361
2815, 34.5, 56.395
2816, 34.63, 56.428
2817, 34.8, 56.445
2818, 34.98, 56.478
2819, 35.16, 56.511
2820, 35.32, 56.545
2821, 35.41, 56.561
2822, 35.58, 56.595
2823, 35.76, 56.628
2824, 35.85, 56.645
2825, 36.04, 56.678
2826, 36.22, 56.711
2827, 36.31, 56.728
2828, 36.49, 56.761
2829, 36.68, 56.795
2830, 36.77, 56.811
2831, 36.95, 56.845
2832, 37.12, 56.878
2833, 37.22, 56.895
2834, 37.41, 56.928
2835, 37.51, 56.945
2836, 37.7, 56.978
2837, 37.88, 57.011
2838, 37.97, 57.028
2839, 38.16, 57.061
2840, 38.26, 57.078
2841, 38.45, 57.111
2842, 38.63, 57.145
2843, 38.72, 57.161
2844, 38.91, 57.195
2845, 39, 57.211
2846, 39.19, 57.245
2847, 39.29, 57.261
2848, 39.48, 57.295
2849, 39.57, 57.311
2850, 39.76, 57.345
2851, 39.85, 57.361
2852, 40.03, 57.395
2853, 40.12, 57.411
2854, 40.31, 57.445
2855, 40.41, 57.461
2856, 40.59, 57.495
2857, 40.68, 57.511
2858, 40.86, 57.545
2859, 40.95, 57.561
2860, 41.13, 57.595
2861, 41.22, 57.611
2862, 41.31, 57.628
2863, 41.49, 57.661
2864, 41.57, 57.678
2865, 41.75, 57.711
2866, 41.84, 57.728
2867, 42.01, 57.761
2868, 42.1, 57.778
2869, 42.19, 57.795
2870, 42.36, 57.828
2871, 42.45, 57.845
2872, 42.61, 57.878
2873, 42.69, 57.895
2874, 42.86, 57.928
2875, 42.95, 57.945
2876, 43.03, 57.961
2877, 43.2, 57.995
2878, 43.28, 58.011
2879, 43.37, 58.028
2880, 43.53, 58.061
2881, 43.62, 58.078
2882, 43.78, 58.111
2883, 43.87, 58.128
2884, 43.94, 58.145
2885, 44.11, 58.178
2886, 44.19, 58.195
2887, 44.27, 58.211
2888, 44.43, 58.245
2889, 44.51, 58.261
2890, 44.53, 58.278
2891, 44.58, 58.311
2892, 44.7, 58.328
2893, 44.82, 58.361
2894, 44.88, 58.378
2895, 44.95, 58.395
2896, 45.08, 58.428
2897, 45.14, 58.445
2898, 45.21, 58.461
2899, 45.28, 58.478
2900, 45.42, 58.511
2901, 45.49, 58.528
2902, 45.56, 58.545
2903, 45.71, 58.578
2904, 45.78, 58.595
2905, 45.85, 58.611
2906, 46, 58.645
2907, 46.07, 58.661
2908, 46.14, 58.678
2909, 46.29, 58.711
2910, 46.36, 58.728
2911, 46.43, 58.745
2912, 46.51, 58.761
2913, 46.65, 58.795
2914, 46.72, 58.811
2915, 46.79, 58.828
2916, 46.94, 58.861
2917, 47.01, 58.878
2918, 47.08, 58.895
2919, 47.15, 58.911
2920, 47.29, 58.945
2921, 47.36, 58.961
2922, 47.44, 58.978
2923, 47.51, 58.995
2924, 47.65, 59.028
2925, 47.72, 59.045
2926, 47.79, 59.061
2927, 47.87, 59.078
2928, 47.99, 59.111
2929, 48.06, 59.128
2930, 48.13, 59.145
2931, 48.2, 59.161
2932, 48.34, 59.195
2933, 48.41, 59.211
2934, 48.48, 59.228
2935, 48.55, 59.245
2936, 48.68, 59.278
2937, 48.74, 59.295
2938, 48.8, 59.311
2939, 48.86, 59.328
2940, 48.92, 59.345
2941, 49.05, 59.378
2942, 49.12, 59.395
2943, 49.18, 59.411
2944, 49.24, 59.428
2945, 49.3, 59.445
2946, 49.41, 59.478
2947, 49.47, 59.495
2948, 49.53, 59.511
2949, 49.59, 59.528
2950, 49.71, 59.561
2951, 49.77, 59.578
2952, 49.83, 59.595
2953, 49.89, 59.611
2954, 49.95, 59.628
2955, 50.07, 59.661
2956, 50.13, 59.678
2957, 50.19, 59.695
2958, 50.26, 59.711
2959, 50.32, 59.728
2960, 50.38, 59.745
2961, 50.51, 59.778
2962, 50.58, 59.795
2963, 50.64, 59.811
2964, 50.71, 59.828
2965, 50.78, 59.845
2966, 50.91, 59.878
2967, 50.98, 59.895
2968, 51.05, 59.911
2969, 51.11, 59.928
2970, 51.17, 59.945
2971, 51.24, 59.961
2972, 51.37, 59.995
2973, 51.43, 60.011
2974, 51.5, 60.028
2975, 51.56, 60.045
2976, 51.62, 60.061
2977, 51.68, 60.078
2978, 51.81, 60.111
2979, 51.87, 60.128
2980, 51.94, 60.145
2981, 52, 60.161
2982, 52.06, 60.178
2983, 52.12, 60.195
2984, 52.18, 60.211
2985, 52.31, 60.245
2986, 52.37, 60.261
2987, 52.44, 60.278
2988, 52.5, 60.295
2989, 52.56, 60.311
2990, 52.62, 60.328
2991, 52.69, 60.345
2992, 52.75, 60.361
2993, 52.88, 60.395
2994, 52.94, 60.411
2995, 53, 60.428
2996, 53.07, 60.445
2997, 53.13, 60.461
2998, 53.13, 60.478
2999, 53.08, 60.495
3000, 53.18, 60.511
3001, 53.31, 60.545
3002, 53.34, 60.561
3003, 53.4, 60.578
3004, 53.46, 60.595
3005, 53.51, 60.611
3006, 53.56, 60.628
3007, 53.61, 60.645
3008, 53.67, 60.661
3009, 53.78, 60.695
3010, 53.83, 60.711
3011, 53.89, 60.728
3012, 53.94, 60.745
3013, 53.99, 60.761
3014, 54.05, 60.778
3015, 54.1, 60.795
3016, 54.16, 60.811
3017, 54.21, 60.828
3018, 54.32, 60.861
3019, 54.38, 60.878
3020, 54.43, 60.895
3021, 54.49, 60.911
3022, 54.55, 60.928
3023, 54.6, 60.945
3024, 54.66, 60.961
3025, 54.71, 60.978
3026, 54.77, 60.995
3027, 54.83, 61.011
3028, 54.88, 61.028
3029, 55, 61.061
3030, 55.06, 61.078
3031, 55.11, 61.095
3032, 55.17, 61.111
3033, 55.23, 61.128
3034, 55.28, 61.145
3035, 55.34, 61.161
3036, 55.4, 61.178
3037, 55.45, 61.195
3038, 55.51, 61.211
3039, 55.56, 61.228
3040, 55.68, 61.261
3041, 55.73, 61.278
3042, 55.79, 61.295
3043, 55.84, 61.311
3044, 55.9, 61.328
3045, 55.95, 61.345
3046, 56.01, 61.361
3047, 56.06, 61.378
3048, 56.11, 61.395
3049, 56.17, 61.411
3050, 56.22, 61.428
3051, 56.27, 61.445
3052, 56.32, 61.461
3053, 56.37, 61.478
3054, 56.48, 61.511
3055, 56.54, 61.528
3056, 56.59, 61.545
3057, 56.64, 61.561
3058, 56.69, 61.578
3059, 56.74, 61.595
3060, 56.79, 61.611
3061, 56.85, 61.628
3062, 56.9, 61.645
3063, 56.95, 61.661
3064, 57, 61.678
3065, 57.05, 61.695
3066, 57.1, 61.711
3067, 57.15, 61.728
3068, 57.2, 61.745
3069, 57.25, 61.761
3070, 57.3, 61.778
3071, 57.4, 61.811
3072, 57.45, 61.828
3073, 57.5, 61.845
3074, 57.55, 61.861
3075, 57.6, 61.878
3076, 57.65, 61.895
3077, 57.7, 61.911
3078, 57.75, 61.928
3079, 57.8, 61.945
3080, 57.85, 61.961
3081, 57.9, 61.978
3082, 57.95, 61.995
3083, 58, 62.011
3084, 58.05, 62.028
3085, 58.1, 62.045
3086, 58.14, 62.061
3087, 58.18, 62.078
3088, 58.23, 62.095
3089, 58.28, 62.111
3090, 58.34, 62.128
3091, 58.38, 62.145
3092, 58.48, 62.178
3093, 58.53, 62.195
3094, 58.58, 62.211
3095, 58.62, 62.228
3096, 58.67, 62.245
3097, 58.72, 62.261
3098, 58.77, 62.278
3099, 58.81, 62.295
3100, 58.86, 62.311
3101, 58.9, 62.328
3102, 58.95, 62.345
3103, 59, 62.361
3104, 59.04, 62.378
3105, 59.09, 62.395
3106, 59.13, 62.411
3107, 59.17, 62.428
3108, 59.21, 62.445
3109, 59.25, 62.461
3110, 59.29, 62.478
3111, 59.33, 62.495
3112, 59.37, 62.511
3113, 59.4, 62.528
3114, 59.44, 62.545
3115, 59.47, 62.561
3116, 59.5, 62.578
3117, 59.52, 62.595
3118, 59.54, 62.611
3119, 59.56, 62.628
3120, 59.58, 62.645
3121, 59.58, 62.661
3122, 59.59, 62.678
3123, 59.58, 62.695
3124, 59.57, 62.711
3125, 59.54, 62.728
3126, 59.51, 62.745
3127, 59.45, 62.761
3128, 59.38, 62.778
3129, 59.28, 62.795
3130, 59.15, 62.811
3131, 58.84, 62.845
3132, 58.65, 62.861
3133, 58.45, 62.878
3134, 58.24, 62.895
3135, 58.02, 62.911
3136, 57.8, 62.928
3137, 57.56, 62.945
3138, 57.27, 62.961
3139, 57, 62.978
3140, 56.75, 62.995
3141, 56.48, 63.011
3142, 56.21, 63.028
3143, 55.93, 63.045
3144, 55.66, 63.061
3145, 55.39, 63.078
3146, 55.12, 63.095
3147, 54.85, 63.111
3148, 54.31, 63.145
3149, 54.04, 63.161
3150, 53.77, 63.178
3151, 53.49, 63.195
3152, 53.22, 63.211
3153, 52.96, 63.228
3154, 52.7, 63.245
3155, 52.44, 63.261
3156, 51.96, 63.295
3157, 51.73, 63.311
3158, 51.51, 63.328
3159, 51.28, 63.345
3160, 51.02, 63.361
3161, 50.76, 63.378
3162, 50.28, 63.411
3163, 50.04, 63.428
3164, 49.79, 63.445
3165, 49.54, 63.461
3166, 49.3, 63.478
3167, 48.82, 63.511
3168, 48.59, 63.528
3169, 48.36, 63.545
3170, 48.13, 63.561
3171, 47.67, 63.595
3172, 47.44, 63.611
3173, 47.21, 63.628
3174, 46.98, 63.645
3175, 46.5, 63.678
3176, 46.27, 63.695
3177, 46.04, 63.711
3178, 45.6, 63.745
3179, 45.38, 63.761
3180, 45.1, 63.778
3181, 44.59, 63.811
3182, 44.37, 63.828
3183, 44.14, 63.845
3184, 43.67, 63.878
3185, 43.44, 63.895
3186, 43.21, 63.911
3187, 42.74, 63.945
3188, 42.52, 63.961
3189, 42.08, 63.995
3190, 41.86, 64.011
3191, 41.64, 64.028
3192, 41.21, 64.061
3193, 41, 64.078
3194, 40.58, 64.111
3195, 40.39, 64.128
3196, 40, 64.161
3197, 39.82, 64.178
3198, 39.46, 64.211
3199, 39.28, 64.228
3200, 38.94, 64.261
3201, 38.77, 64.278
3202, 38.44, 64.311
3203, 38.13, 64.345
3204, 37.98, 64.361
3205, 37.71, 64.395
3206, 37.58, 64.411
3207, 37.34, 64.445
3208, 37.22, 64.461
3209, 37.01, 64.495
3210, 36.8, 64.528
3211, 36.72, 64.545
3212, 36.56, 64.578
3213, 36.4, 64.611
3214, 36.33, 64.628
3215, 36.21, 64.661
3216, 36.07, 64.695
3217, 36, 64.711
3218, 35.85, 64.745
3219, 35.73, 64.778
3220, 35.67, 64.795
3221, 35.56, 64.828
3222, 35.45, 64.861
3223, 35.39, 64.878
3224, 35.28, 64.911
3225, 35.15, 64.945
3226, 35.03, 64.978
3227, 34.97, 64.995
3228, 34.83, 65.028
3229, 34.67, 65.061
3230, 34.6, 65.078
3231, 34.48, 65.111
3232, 34.32, 65.145
3233, 34.15, 65.178
3234, 34.08, 65.195
3235, 33.97, 65.228
3236, 33.84, 65.261
3237, 33.7, 65.295
3238, 33.65, 65.311
3239, 33.57, 65.345
3240, 33.55, 65.378
3241, 33.61, 65.411
3242, 33.62, 65.445
3243, 33.65, 65.461
3244, 33.7, 65.495
3245, 33.73, 65.528
3246, 33.73, 65.561
3247, 33.76, 65.578
3248, 33.85, 65.611
3249, 33.9, 65.645
3250, 33.94, 65.678
3251, 34, 65.711
3252, 34.03, 65.728
3253, 34.08, 65.761
3254, 34.15, 65.795
3255, 34.23, 65.828
3256, 34.26, 65.845
3257, 34.31, 65.878
3258, 34.37, 65.911
3259, 34.47, 65.945
3260, 34.51, 65.961
3261, 34.56, 65.995
3262, 34.62, 66.028
3263, 34.69, 66.061
3264, 34.72, 66.078
3265, 34.78, 66.111
3266, 34.87, 66.145
3267, 34.97, 66.178
3268, 35, 66.195
3269, 35.04, 66.228
3270, 35.1, 66.261
3271, 35.19, 66.295
3272, 35.24, 66.311
3273, 35.31, 66.345
3274, 35.4, 66.378
3275, 35.51, 66.411
3276, 35.56, 66.428
3277, 35.66, 66.461
3278, 35.76, 66.495
3279, 35.88, 66.528
3280, 35.93, 66.545
3281, 36.05, 66.578
3282, 36.19, 66.611
3283, 36.24, 66.628
3284, 36.35, 66.661
3285, 36.46, 66.695
3286, 36.53, 66.711
3287, 36.66, 66.745
3288, 36.77, 66.778
3289, 36.82, 66.795
3290, 36.93, 66.828
3291, 37.03, 66.861
3292, 37.09, 66.878
3293, 37.23, 66.911
3294, 37.35, 66.945
3295, 37.4, 66.961
3296, 37.5, 66.995
3297, 37.6, 67.028
3298, 37.66, 67.045
3299, 37.74, 67.078
3300, 37.78, 67.095
3301, 37.88, 67.128
3302, 37.96, 67.161
3303, 38.02, 67.178
3304, 38.09, 67.211
3305, 38.12, 67.228
3306, 38.2, 67.261
3307, 38.31, 67.295
3308, 38.37, 67.311
3309, 38.5, 67.345
3310, 38.57, 67.361
3311, 38.72, 67.395
3312, 38.8, 67.428
3313, 38.84, 67.445
3314, 38.97, 67.478
3315, 39.05, 67.495
3316, 39.24, 67.528
3317, 39.33, 67.545
3318, 39.49, 67.578
3319, 39.57, 67.595
3320, 39.73, 67.628
3321, 39.81, 67.645
3322, 40.03, 67.678
3323, 40.14, 67.695
3324, 40.31, 67.728
3325, 40.38, 67.745
3326, 40.57, 67.778
3327, 40.68, 67.795
3328, 40.89, 67.828
3329, 40.98, 67.845
3330, 41.15, 67.878
3331, 41.24, 67.895
3332, 41.45, 67.928
3333, 41.54, 67.945
3334, 41.72, 67.978
3335, 41.8, 67.995
3336, 41.9, 68.011
3337, 42.07, 68.045
3338, 42.19, 68.061
3339, 42.42, 68.095
3340, 42.54, 68.111
3341, 42.72, 68.145
3342, 42.82, 68.161
3343, 42.91, 68.178
3344, 42.91, 68.178
3345, 43.18, 68.228
3346, 43.35, 68.261
3347, 43.46, 68.278
3348, 43.57, 68.295
3349, 43.78, 68.328
3350, 43.87, 68.345
3351, 43.86, 68.361
3352, 43.95, 68.395
3353, 44.08, 68.411
3354, 44.23, 68.445
3355, 44.3, 68.461
3356, 44.39, 68.478
3357, 44.54, 68.511
3358, 44.61, 68.528
3359, 44.68, 68.545
3360, 44.84, 68.578
3361, 44.91, 68.595
3362, 44.98, 68.611
3363, 45.13, 68.645
3364, 45.21, 68.661
3365, 45.28, 68.678
3366, 45.44, 68.711
3367, 45.52, 68.728
3368, 45.59, 68.745
3369, 45.74, 68.778
3370, 45.82, 68.795
3371, 45.9, 68.811
3372, 46.05, 68.845
3373, 46.13, 68.861
3374, 46.21, 68.878
3375, 46.29, 68.895
3376, 46.45, 68.928
3377, 46.52, 68.945
3378, 46.6, 68.961
3379, 46.76, 68.995
3380, 46.84, 69.011
3381, 46.92, 69.028
3382, 46.99, 69.045
3383, 47.15, 69.078
3384, 47.23, 69.095
3385, 47.3, 69.111
3386, 47.46, 69.145
3387, 47.53, 69.161
3388, 47.61, 69.178
3389, 47.69, 69.195
3390, 47.84, 69.228
3391, 47.91, 69.245
3392, 47.99, 69.261
3393, 48.07, 69.278
3394, 48.23, 69.311
3395, 48.3, 69.328
3396, 48.38, 69.345
3397, 48.45, 69.361
3398, 48.61, 69.395
3399, 48.68, 69.411
3400, 48.76, 69.428
3401, 48.83, 69.445
3402, 48.91, 69.461
3403, 49.06, 69.495
3404, 49.13, 69.511
3405, 49.21, 69.528
3406, 49.28, 69.545
3407, 49.44, 69.578
3408, 49.51, 69.595
3409, 49.58, 69.611
3410, 49.65, 69.628
3411, 49.72, 69.645
3412, 49.87, 69.678
3413, 49.95, 69.695
3414, 50.02, 69.711
3415, 50.09, 69.728
3416, 50.17, 69.745
3417, 50.31, 69.778
3418, 50.39, 69.795
3419, 50.46, 69.811
3420, 50.53, 69.828
3421, 50.61, 69.845
3422, 50.75, 69.878
3423, 50.83, 69.895
3424, 50.9, 69.911
3425, 50.97, 69.928
3426, 51.05, 69.945
3427, 51.12, 69.961
3428, 51.25, 69.995
3429, 51.32, 70.011
3430, 51.39, 70.028
3431, 51.46, 70.045
3432, 51.53, 70.061
3433, 51.61, 70.078
3434, 51.75, 70.111
3435, 51.82, 70.128
3436, 51.89, 70.145
3437, 51.96, 70.161
3438, 52.03, 70.178
3439, 52.1, 70.195
3440, 52.24, 70.228
3441, 52.31, 70.245
3442, 52.38, 70.261
3443, 52.45, 70.278
3444, 52.52, 70.295
3445, 52.59, 70.311
3446, 52.66, 70.328
3447, 52.8, 70.361
3448, 52.87, 70.378
3449, 52.94, 70.395
3450, 52.93, 70.411
3451, 52.89, 70.428
3452, 52.99, 70.445
3453, 53.09, 70.461
3454, 53.13, 70.478
3455, 53.22, 70.511
3456, 53.29, 70.528
3457, 53.35, 70.545
3458, 53.4, 70.561
3459, 53.45, 70.578
3460, 53.51, 70.595
3461, 53.57, 70.611
3462, 53.62, 70.628
3463, 53.74, 70.661
3464, 53.79, 70.678
3465, 53.85, 70.695
3466, 53.9, 70.711
3467, 53.96, 70.728
3468, 54.02, 70.745
3469, 54.08, 70.761
3470, 54.13, 70.778
3471, 54.25, 70.811
3472, 54.31, 70.828
3473, 54.36, 70.845
3474, 54.42, 70.861
3475, 54.48, 70.878
3476, 54.54, 70.895
3477, 54.59, 70.911
3478, 54.65, 70.928
3479, 54.71, 70.945
3480, 54.76, 70.961
3481, 54.88, 70.995
3482, 54.93, 71.011
3483, 54.99, 71.028
3484, 55.04, 71.045
3485, 55.1, 71.061
3486, 55.15, 71.078
3487, 55.2, 71.095
3488, 55.26, 71.111
3489, 55.32, 71.128
3490, 55.37, 71.145
3491, 55.43, 71.161
3492, 55.48, 71.178
3493, 55.59, 71.211
3494, 55.64, 71.228
3495, 55.7, 71.245
3496, 55.76, 71.261
3497, 55.81, 71.278
3498, 55.86, 71.295
3499, 55.91, 71.311
3500, 55.96, 71.328
3501, 56.02, 71.345
3502, 56.07, 71.361
3503, 56.12, 71.378
3504, 56.19, 71.395
3505, 56.25, 71.411
3506, 56.37, 71.445
3507, 56.43, 71.461
3508, 56.48, 71.478
3509, 56.53, 71.495
3510, 56.58, 71.511
3511, 56.63, 71.528
3512, 56.69, 71.545
3513, 56.74, 71.561
3514, 56.8, 71.578
3515, 56.85, 71.595
3516, 56.91, 71.611
3517, 56.96, 71.628
3518, 57.01, 71.645
3519, 57.06, 71.661
3520, 57.12, 71.678
3521, 57.17, 71.695
3522, 57.23, 71.711
3523, 57.28, 71.728
3524, 57.39, 71.761
3525, 57.44, 71.778
3526, 57.49, 71.795
3527, 57.55, 71.811
3528, 57.6, 71.828
3529, 57.65, 71.845
3530, 57.7, 71.861
3531, 57.75, 71.878
3532, 57.81, 71.895
3533, 57.86, 71.911
3534, 57.91, 71.928
3535, 57.97, 71.945
3536, 58.02, 71.961
3537, 58.07, 71.978
3538, 58.12, 71.995
3539, 58.17, 72.011
3540, 58.22, 72.028
3541, 58.27, 72.045
3542, 58.32, 72.061
3543, 58.37, 72.078
3544, 58.42, 72.095
3545, 58.48, 72.111
3546, 58.53, 72.128
3547, 58.57, 72.145
3548, 58.62, 72.161
3549, 58.68, 72.178
3550, 58.73, 72.195
3551, 58.78, 72.211
3552, 58.83, 72.228
3553, 58.87, 72.245
3554, 58.92, 72.261
3555, 58.98, 72.278
3556, 59.03, 72.295
3557, 59.13, 72.328
3558, 59.17, 72.345
3559, 59.22, 72.361
3560, 59.27, 72.378
3561, 59.32, 72.395
3562, 59.38, 72.411
3563, 59.42, 72.428
3564, 59.47, 72.445
3565, 59.52, 72.461
3566, 59.57, 72.478
3567, 59.62, 72.495
3568, 59.67, 72.511
3569, 59.72, 72.528
3570, 59.77, 72.545
3571, 59.81, 72.561
3572, 59.86, 72.578
3573, 59.91, 72.595
3574, 59.96, 72.611
3575, 60.01, 72.628
3576, 60.07, 72.645
3577, 60.11, 72.661
3578, 60.15, 72.678
3579, 60.2, 72.695
3580, 60.24, 72.711
3581, 60.28, 72.728
3582, 60.33, 72.745
3583, 60.39, 72.761
3584, 60.44, 72.778
3585, 60.49, 72.795
3586, 60.53, 72.811
3587, 60.57, 72.828
3588, 60.62, 72.845
3589, 60.66, 72.861
3590, 60.7, 72.878
3591, 60.73, 72.895
3592, 60.78, 72.911
3593, 60.83, 72.928
3594, 60.89, 72.945
3595, 60.94, 72.961
3596, 60.94, 72.961
3597, 60.98, 72.978
3598, 61.03, 72.995
3599, 61.07, 73.011
3600, 61.12, 73.028
3601, 61.16, 73.045
3602, 61.2, 73.061
3603, 61.25, 73.078
3604, 61.29, 73.095
3605, 61.27, 73.111
3606, 61.23, 73.128
3607, 61.32, 73.145
3608, 61.37, 73.161
3609, 61.37, 73.178
3610, 61.41, 73.195
3611, 61.45, 73.211
3612, 61.49, 73.228
3613, 61.52, 73.245
3614, 61.55, 73.261
3615, 61.59, 73.278
3616, 61.62, 73.295
3617, 61.66, 73.311
3618, 61.69, 73.328
3619, 61.73, 73.345
3620, 61.76, 73.361
3621, 61.8, 73.378
3622, 61.83, 73.395
3623, 61.86, 73.411
3624, 61.9, 73.428
3625, 61.93, 73.445
3626, 61.96, 73.461
3627, 62, 73.478
3628, 62.03, 73.495
3629, 62.06, 73.511
3630, 62.1, 73.528
3631, 62.13, 73.545
3632, 62.17, 73.561
3633, 62.2, 73.578
3634, 62.23, 73.595
3635, 62.26, 73.611
3636, 62.26, 73.611
3637, 62.3, 73.628
3638, 62.33, 73.645
3639, 62.36, 73.661
3640, 62.4, 73.678
3641, 62.43, 73.695
3642, 62.47, 73.711
3643, 62.5, 73.728
3644, 62.53, 73.745
3645, 62.56, 73.761
3646, 62.59, 73.778
3647, 62.63, 73.795
3648, 62.66, 73.811
3649, 62.69, 73.828
3650, 62.72, 73.845
3651, 62.75, 73.861
3652, 62.78, 73.878
3653, 62.81, 73.895
3654, 62.84, 73.911
3655, 62.87, 73.928
3656, 62.9, 73.945
3657, 62.93, 73.961
3658, 62.97, 73.978
3659, 63, 73.995
3660, 63, 73.995
3661, 63.04, 74.011
3662, 63.07, 74.028
3663, 63.09, 74.045
3664, 63.11, 74.061
3665, 63.12, 74.078
3666, 63.14, 74.095
3667, 63.17, 74.111
3668, 63.2, 74.128
3669, 63.22, 74.145
3670, 63.25, 74.161
3671, 63.28, 74.178
3672, 63.3, 74.195
3673, 63.33, 74.211
3674, 63.36, 74.228
3675, 63.39, 74.245
3676, 63.42, 74.261
3677, 63.45, 74.278
3678, 63.48, 74.295
3679, 63.48, 74.295
3680, 63.51, 74.311
3681, 63.54, 74.328
3682, 63.57, 74.345
3683, 63.59, 74.361
3684, 63.62, 74.378
3685, 63.65, 74.395
3686, 63.68, 74.411
3687, 63.71, 74.428
3688, 63.73, 74.445
3689, 63.76, 74.461
3690, 63.79, 74.478
3691, 63.81, 74.495
3692, 63.84, 74.511
3693, 63.86, 74.528
3694, 63.89, 74.545
3695, 63.92, 74.561
3696, 63.92, 74.561
3697, 63.94, 74.578
3698, 63.97, 74.595
3699, 64, 74.611
3700, 64.03, 74.628
3701, 64.05, 74.645
3702, 64.08, 74.661
3703, 64.11, 74.678
3704, 64.14, 74.695
3705, 64.17, 74.711
3706, 64.21, 74.728
3707, 64.24, 74.745
3708, 64.27, 74.761
3709, 64.3, 74.778
3710, 64.33, 74.795
3711, 64.33, 74.795
3712, 64.36, 74.811
3713, 64.39, 74.828
3714, 64.43, 74.845
3715, 64.46, 74.861
3716, 64.49, 74.878
3717, 64.52, 74.895
3718, 64.56, 74.911
3719, 64.59, 74.928
3720, 64.62, 74.945
3721, 64.65, 74.961
3722, 64.68, 74.978
3723, 64.72, 74.995
3724, 64.75, 75.011
3725, 64.75, 75.011
3726, 64.78, 75.028
3727, 64.81, 75.045
3728, 64.85, 75.061
3729, 64.88, 75.078
3730, 64.91, 75.095
3731, 64.94, 75.111
3732, 64.97, 75.128
3733, 65, 75.145
3734, 65.03, 75.161
3735, 65.06, 75.178
3736, 65.09, 75.195
3737, 65.12, 75.211
3738, 65.15, 75.228
3739, 65.15, 75.228
3740, 65.18, 75.245
3741, 65.21, 75.261
3742, 65.24, 75.278
3743, 65.26, 75.295
3744, 65.29, 75.311
3745, 65.32, 75.328
3746, 65.34, 75.345
3747, 65.37, 75.361
3748, 65.4, 75.378
3749, 65.43, 75.395
3750, 65.45, 75.411
3751, 65.45, 75.411
3752, 65.48, 75.428
3753, 65.51, 75.445
3754, 65.53, 75.461
3755, 65.56, 75.478
3756, 65.58, 75.495
3757, 65.61, 75.511
3758, 65.63, 75.528
3759, 65.66, 75.545
3760, 65.68, 75.561
3761, 65.71, 75.578
3762, 65.73, 75.595
3763, 65.73, 75.595
3764, 65.75, 75.611
3765, 65.78, 75.628
3766, 65.8, 75.645
3767, 65.83, 75.661
3768, 65.85, 75.678
3769, 65.88, 75.695
3770, 65.9, 75.711
3771, 65.93, 75.728
3772, 65.95, 75.745
3773, 65.98, 75.761
3774, 65.98, 75.761
3775, 66, 75.778
3776, 66.03, 75.795
3777, 66.05, 75.811
3778, 66.08, 75.828
3779, 66.1, 75.845
3780, 66.13, 75.861
3781, 66.15, 75.878
3782, 66.18, 75.895
3783, 66.21, 75.911
3784, 66.23, 75.928
3785, 66.23, 75.928
3786, 66.26, 75.945
3787, 66.28, 75.961
3788, 66.31, 75.978
3789, 66.33, 75.995
3790, 66.36, 76.011
3791, 66.39, 76.028
3792, 66.41, 76.045
3793, 66.43, 76.061
3794, 66.45, 76.078
3795, 66.45, 76.078
3796, 66.48, 76.095
3797, 66.51, 76.111
3798, 66.53, 76.128
3799, 66.55, 76.145
3800, 66.57, 76.161
3801, 66.6, 76.178
3802, 66.62, 76.195
3803, 66.64, 76.211
3804, 66.67, 76.228
3805, 66.67, 76.228
3806, 66.69, 76.245
3807, 66.71, 76.261
3808, 66.73, 76.278
3809, 66.75, 76.295
3810, 66.78, 76.311
3811, 66.8, 76.328
3812, 66.81, 76.345
3813, 66.84, 76.361
3814, 66.87, 76.378
3815, 66.87, 76.378
3816, 66.89, 76.395
3817, 66.91, 76.411
3818, 66.94, 76.428
3819, 66.95, 76.445
3820, 66.96, 76.461
3821, 66.99, 76.478
3822, 67.02, 76.495
3823, 67.03, 76.511
3824, 67.03, 76.511
3825, 67.06, 76.528
3826, 67.08, 76.545
3827, 67.1, 76.561
3828, 67.1, 76.578
3829, 67.12, 76.595
3830, 67.14, 76.611
3831, 67.15, 76.628
3832, 67.17, 76.645
3833, 67.17, 76.645
3834, 67.19, 76.661
3835, 67.21, 76.678
3836, 67.23, 76.695
3837, 67.25, 76.711
3838, 67.27, 76.728
3839, 67.29, 76.745
3840, 67.32, 76.761
3841, 67.34, 76.778
3842, 67.34, 76.778
3843, 67.37, 76.795
3844, 67.39, 76.811
3845, 67.42, 76.828
3846, 67.44, 76.845
3847, 67.47, 76.861
3848, 67.49, 76.878
3849, 67.52, 76.895
3850, 67.52, 76.895
3851, 67.55, 76.911
3852, 67.58, 76.928
3853, 67.6, 76.945
3854, 67.63, 76.961
3855, 67.66, 76.978
3856, 67.68, 76.995
3857, 67.71, 77.011
3858, 67.74, 77.028
3859, 67.74, 77.028
3860, 67.77, 77.045
3861, 67.79, 77.061
3862, 67.82, 77.078
3863, 67.85, 77.095
3864, 67.88, 77.111
3865, 67.9, 77.128
3866, 67.92, 77.145
3867, 67.93, 77.161
3868, 67.93, 77.161
3869, 67.93, 77.178
3870, 67.92, 77.195
3871, 67.89, 77.211
3872, 67.86, 77.228
3873, 67.81, 77.245
3874, 67.75, 77.261
3875, 67.66, 77.278
3876, 67.66, 77.278
3877, 67.55, 77.295
3878, 67.41, 77.311
3879, 67.25, 77.328
3880, 67.06, 77.345
3881, 66.87, 77.361
3882, 66.65, 77.378
3883, 66.41, 77.395
3884, 66.17, 77.411
3885, 65.92, 77.428
3886, 65.92, 77.428
3887, 65.67, 77.445
3888, 65.38, 77.461
3889, 65.08, 77.478
3890, 64.8, 77.495
3891, 64.53, 77.511
3892, 64.24, 77.528
3893, 63.95, 77.545
3894, 63.68, 77.561
3895, 63.4, 77.578
3896, 63.12, 77.595
3897, 62.84, 77.611
3898, 62.56, 77.628
3899, 62.29, 77.645
3900, 62.01, 77.661
3901, 61.73, 77.678
3902, 61.47, 77.695
3903, 61.21, 77.711
3904, 60.95, 77.728
3905, 60.68, 77.745
3906, 60.68, 77.745
3907, 60.37, 77.761
3908, 60.08, 77.778
3909, 59.82, 77.795
3910, 59.55, 77.811
3911, 59, 77.845
3912, 58.72, 77.861
3913, 58.46, 77.878
3914, 58.19, 77.895
3915, 57.91, 77.911
3916, 57.65, 77.928
3917, 57.38, 77.945
3918, 57.11, 77.961
3919, 56.85, 77.978
3920, 56.59, 77.995
3921, 56.34, 78.011
3922, 56.09, 78.028
3923, 55.84, 78.045
3924, 55.59, 78.061
3925, 55.31, 78.078
3926, 55.02, 78.095
3927, 54.75, 78.111
3928, 54.49, 78.128
3929, 53.97, 78.161
3930, 53.71, 78.178
3931, 53.44, 78.195
3932, 53.17, 78.211
3933, 52.9, 78.228
3934, 52.62, 78.245
3935, 52.34, 78.261
3936, 52.07, 78.278
3937, 51.56, 78.311
3938, 51.31, 78.328
3939, 51.07, 78.345
3940, 50.84, 78.361
3941, 50.6, 78.378
3942, 50.15, 78.411
3943, 49.92, 78.428
3944, 49.69, 78.445
3945, 49.46, 78.461
3946, 49.22, 78.478
3947, 48.75, 78.511
3948, 48.52, 78.528
3949, 48.3, 78.545
3950, 48.09, 78.561
3951, 47.67, 78.595
3952, 47.46, 78.611
3953, 47.27, 78.628
3954, 47.07, 78.645
3955, 46.7, 78.678
3956, 46.46, 78.695
3957, 46.22, 78.711
3958, 45.82, 78.745
3959, 45.62, 78.761
3960, 45.42, 78.778
3961, 45.02, 78.811
3962, 44.82, 78.828
3963, 44.63, 78.845
3964, 44.27, 78.878
3965, 44.1, 78.895
3966, 43.94, 78.911
3967, 43.63, 78.945
3968, 43.49, 78.961
3969, 43.35, 78.978
3970, 43.11, 79.011
3971, 43.01, 79.028
3972, 42.93, 79.045
3973, 42.77, 79.078
3974, 42.71, 79.095
3975, 42.59, 79.128
3976, 42.53, 79.145
3977, 42.48, 79.161
3978, 42.4, 79.195
3979, 42.36, 79.211
3980, 42.3, 79.245
3981, 42.26, 79.261
3982, 42.23, 79.278
3983, 42.15, 79.311
3984, 42.1, 79.328
3985, 41.97, 79.361
3986, 41.91, 79.378
3987, 41.84, 79.395
3988, 41.71, 79.428
3989, 41.65, 79.445
3990, 41.52, 79.478
3991, 41.45, 79.495
3992, 41.32, 79.528
3993, 41.25, 79.545
3994, 41.19, 79.561
3995, 41.05, 79.595
3996, 40.98, 79.611
3997, 40.83, 79.645
3998, 40.76, 79.661
3999, 40.61, 79.695
4000, 40.52, 79.711
4001, 40.37, 79.745
4002, 40.3, 79.761
4003, 40.16, 79.795
4004, 40.09, 79.811
4005, 39.95, 79.845
4006, 39.88, 79.861
4007, 39.81, 79.878
4008, 39.69, 79.911
4009, 39.65, 79.928
4010, 39.56, 79.961
4011, 39.47, 79.995
4012, 39.48, 80.011
4013, 39.51, 80.045
4014, 39.5, 80.061
4015, 39.51, 80.095
4016, 39.52, 80.111
4017, 39.54, 80.145
4018, 39.54, 80.161
4019, 39.59, 80.195
4020, 39.62, 80.211
4021, 39.67, 80.245
4022, 39.7, 80.261
4023, 39.77, 80.295
4024, 39.8, 80.311
4025, 39.87, 80.345
4026, 39.89, 80.361
4027, 39.97, 80.395
4028, 40.01, 80.411
4029, 40.08, 80.445
4030, 40.12, 80.461
4031, 40.19, 80.495
4032, 40.23, 80.511
4033, 40.32, 80.545
4034, 40.36, 80.561
4035, 40.43, 80.595
4036, 40.48, 80.611
4037, 40.52, 80.628
4038, 40.6, 80.661
4039, 40.64, 80.678
4040, 40.72, 80.711
4041, 40.76, 80.728
4042, 40.85, 80.761
4043, 40.89, 80.778
4044, 40.97, 80.811
4045, 41.01, 80.828
4046, 41.1, 80.861
4047, 41.15, 80.878
4048, 41.23, 80.911
4049, 41.27, 80.928
4050, 41.35, 80.961
4051, 41.4, 80.978
4052, 41.5, 81.011
4053, 41.55, 81.028
4054, 41.6, 81.045
4055, 41.69, 81.078
4056, 41.74, 81.095
4057, 41.85, 81.128
4058, 41.91, 81.145
4059, 42.02, 81.178
4060, 42.08, 81.195
4061, 42.21, 81.228
4062, 42.27, 81.245
4063, 42.34, 81.261
4064, 42.48, 81.295
4065, 42.55, 81.311
4066, 42.71, 81.345
4067, 42.79, 81.361
4068, 42.88, 81.378
4069, 43.05, 81.411
4070, 43.14, 81.428
4071, 43.32, 81.461
4072, 43.41, 81.478
4073, 43.51, 81.495
4074, 43.7, 81.528
4075, 43.79, 81.545
4076, 43.99, 81.578
4077, 44.08, 81.595
4078, 44.18, 81.611
4079, 44.37, 81.645
4080, 44.46, 81.661
4081, 44.55, 81.678
4082, 44.73, 81.711
4083, 44.82, 81.728
4084, 44.92, 81.745
4085, 45.02, 81.778
4086, 44.98, 81.795
4087, 45.08, 81.811
4088, 45.29, 81.845
4089, 45.34, 81.861
4090, 45.4, 81.878
4091, 45.55, 81.911
4092, 45.62, 81.928
4093, 45.69, 81.945
4094, 45.83, 81.978
4095, 45.9, 81.995
4096, 45.97, 82.011
4097, 46.1, 82.045
4098, 46.17, 82.061
4099, 46.23, 82.078
4100, 46.3, 82.095
4101, 46.43, 82.128
4102, 46.5, 82.145
4103, 46.56, 82.161
4104, 46.69, 82.195
4105, 46.75, 82.211
4106, 46.82, 82.228
4107, 46.88, 82.245
4108, 47.01, 82.278
4109, 47.07, 82.295
4110, 47.14, 82.311
4111, 47.26, 82.345
4112, 47.32, 82.361
4113, 47.38, 82.378
4114, 47.44, 82.395
4115, 47.55, 82.428
4116, 47.6, 82.445
4117, 47.65, 82.461
4118, 47.7, 82.478
4119, 47.8, 82.511
4120, 47.85, 82.528
4121, 47.89, 82.545
4122, 47.94, 82.561
4123, 48.03, 82.595
4124, 48.08, 82.611
4125, 48.13, 82.628
4126, 48.17, 82.645
4127, 48.26, 82.678
4128, 48.3, 82.695
4129, 48.34, 82.711
4130, 48.39, 82.728
4131, 48.47, 82.761
4132, 48.52, 82.778
4133, 48.56, 82.795
4134, 48.6, 82.811
4135, 48.69, 82.845
4136, 48.73, 82.861
4137, 48.77, 82.878
4138, 48.82, 82.895
4139, 48.9, 82.928
4140, 48.95, 82.945
4141, 48.98, 82.961
4142, 49, 82.978
4143, 48.98, 83.011
4144, 48.93, 83.028
4145, 48.87, 83.045
4146, 48.78, 83.061
4147, 48.69, 83.078
4148, 48.47, 83.111
4149, 48.39, 83.128
4150, 48.25, 83.145
4151, 48.04, 83.161
4152, 47.77, 83.195
4153, 47.6, 83.211
4154, 47.42, 83.228
4155, 47.27, 83.245
4156, 46.96, 83.278
4157, 46.79, 83.295
4158, 46.57, 83.311
4159, 46.19, 83.345
4160, 46.03, 83.361
4161, 45.86, 83.378
4162, 45.49, 83.411
4163, 45.31, 83.428
4164, 45.13, 83.445
4165, 44.75, 83.478
4166, 44.57, 83.495
4167, 44.4, 83.511
4168, 44.05, 83.545
4169, 43.86, 83.561
4170, 43.67, 83.578
4171, 43.32, 83.611
4172, 43.16, 83.628
4173, 42.86, 83.661
4174, 42.69, 83.678
4175, 42.54, 83.695
4176, 42.25, 83.728
4177, 42.12, 83.745
4178, 41.88, 83.778
4179, 41.75, 83.795
4180, 41.63, 83.811
4181, 41.37, 83.845
4182, 41.22, 83.861
4183, 40.92, 83.895
4184, 40.77, 83.911
4185, 40.45, 83.945
4186, 40.29, 83.961
4187, 40.01, 83.995
4188, 39.88, 84.011
4189, 39.62, 84.045
4190, 39.5, 84.061
4191, 39.3, 84.095
4192, 39.12, 84.128
4193, 39.03, 84.145
4194, 38.88, 84.178
4195, 38.81, 84.195
4196, 38.67, 84.228
4197, 38.54, 84.261
4198, 38.48, 84.278
4199, 38.39, 84.311
4200, 38.35, 84.328
4201, 38.28, 84.361
4202, 38.31, 84.395
4203, 38.34, 84.411
4204, 38.35, 84.445
4205, 38.37, 84.478
4206, 38.41, 84.495
4207, 38.46, 84.528
4208, 38.49, 84.545
4209, 38.54, 84.578
4210, 38.59, 84.611
4211, 38.61, 84.628
4212, 38.65, 84.661
4213, 38.67, 84.678
4214, 38.66, 84.711
4215, 38.61, 84.745
4216, 38.57, 84.761
4217, 38.5, 84.795
4218, 38.4, 84.811
4219, 38.26, 84.845
4220, 38.21, 84.861
4221, 38.09, 84.895
4222, 37.97, 84.928
4223, 37.91, 84.945
4224, 37.8, 84.978
4225, 37.75, 84.995
4226, 37.66, 85.028
4227, 37.57, 85.061
4228, 37.53, 85.078
4229, 37.53, 85.111
4230, 37.56, 85.128
4231, 37.54, 85.161
4232, 37.54, 85.178
4233, 37.58, 85.211
4234, 37.62, 85.245
4235, 37.65, 85.261
4236, 37.71, 85.295
4237, 37.74, 85.311
4238, 37.8, 85.345
4239, 37.87, 85.378
4240, 37.9, 85.395
4241, 37.97, 85.428
4242, 38.01, 85.445
4243, 38.08, 85.478
4244, 38.12, 85.495
4245, 38.2, 85.528
4246, 38.24, 85.545
4247, 38.32, 85.578
4248, 38.41, 85.611
4249, 38.46, 85.628
4250, 38.55, 85.661
4251, 38.6, 85.678
4252, 38.67, 85.711
4253, 38.72, 85.728
4254, 38.81, 85.761
4255, 38.86, 85.778
4256, 38.94, 85.811
4257, 38.98, 85.828
4258, 39.07, 85.861
4259, 39.11, 85.878
4260, 39.19, 85.911
4261, 39.24, 85.928
4262, 39.33, 85.961
4263, 39.37, 85.978
4264, 39.47, 86.011
4265, 39.51, 86.028
4266, 39.61, 86.061
4267, 39.7, 86.095
4268, 39.74, 86.111
4269, 39.83, 86.145
4270, 39.88, 86.161
4271, 39.97, 86.195
4272, 40.02, 86.211
4273, 40.12, 86.245
4274, 40.16, 86.261
4275, 40.25, 86.295
4276, 40.29, 86.311
4277, 40.39, 86.345
4278, 40.44, 86.361
4279, 40.54, 86.395
4280, 40.59, 86.411
4281, 40.68, 86.445
4282, 40.73, 86.461
4283, 40.77, 86.478
4284, 40.87, 86.511
4285, 40.92, 86.528
4286, 41.03, 86.561
4287, 41.08, 86.578
4288, 41.18, 86.611
4289, 41.24, 86.628
4290, 41.37, 86.661
4291, 41.44, 86.678
4292, 41.6, 86.711
4293, 41.68, 86.728
4294, 41.83, 86.761
4295, 41.91, 86.778
4296, 41.99, 86.795
4297, 42.16, 86.828
4298, 42.25, 86.845
4299, 42.43, 86.878
4300, 42.51, 86.895
4301, 42.68, 86.928
4302, 42.76, 86.945
4303, 42.85, 86.961
4304, 43.03, 86.995
4305, 43.12, 87.011
4306, 43.3, 87.045
4307, 43.38, 87.061
4308, 43.47, 87.078
4309, 43.63, 87.111
4310, 43.72, 87.128
4311, 43.9, 87.161
4312, 43.97, 87.178
4313, 44.09, 87.195
4314, 44.27, 87.228
4315, 44.32, 87.245
4316, 44.46, 87.261
4317, 44.63, 87.295
4318, 44.68, 87.311
4319, 44.76, 87.328
4320, 44.75, 87.361
4321, 44.86, 87.378
4322, 44.94, 87.395
4323, 45.09, 87.428
4324, 45.2, 87.445
4325, 45.23, 87.461
4326, 45.39, 87.495
4327, 45.45, 87.511
4328, 45.54, 87.528
4329, 45.72, 87.561
4330, 45.76, 87.578
4331, 45.85, 87.595
4332, 45.99, 87.628
4333, 46.09, 87.645
4334, 46.13, 87.661
4335, 46.29, 87.695
4336, 46.4, 87.711
4337, 46.46, 87.728
4338, 46.53, 87.745
4339, 46.69, 87.778
4340, 46.79, 87.795
4341, 46.86, 87.811
4342, 47.02, 87.845
4343, 47.09, 87.861
4344, 47.17, 87.878
4345, 47.25, 87.895
4346, 47.4, 87.928
4347, 47.48, 87.945
4348, 47.56, 87.961
4349, 47.64, 87.978
4350, 47.79, 88.011
4351, 47.87, 88.028
4352, 47.94, 88.045
4353, 48.02, 88.061
4354, 48.17, 88.095
4355, 48.25, 88.111
4356, 48.33, 88.128
4357, 48.41, 88.145
4358, 48.56, 88.178
4359, 48.64, 88.195
4360, 48.72, 88.211
4361, 48.79, 88.228
4362, 48.94, 88.261
4363, 49.02, 88.278
4364, 49.09, 88.295
4365, 49.17, 88.311
4366, 49.32, 88.345
4367, 49.39, 88.361
4368, 49.47, 88.378
4369, 49.55, 88.395
4370, 49.62, 88.411
4371, 49.77, 88.445
4372, 49.85, 88.461
4373, 49.92, 88.478
4374, 49.99, 88.495
4375, 50.07, 88.511
4376, 50.21, 88.545
4377, 50.29, 88.561
4378, 50.36, 88.578
4379, 50.44, 88.595
4380, 50.51, 88.611
4381, 50.66, 88.645
4382, 50.73, 88.661
4383, 50.8, 88.678
4384, 50.87, 88.695
4385, 50.95, 88.711
4386, 51.02, 88.728
4387, 51.17, 88.761
4388, 51.24, 88.778
4389, 51.31, 88.795
4390, 51.38, 88.811
4391, 51.46, 88.828
4392, 51.6, 88.861
4393, 51.67, 88.878
4394, 51.75, 88.895
4395, 51.82, 88.911
4396, 51.89, 88.928
4397, 51.96, 88.945
4398, 52.03, 88.961
4399, 52.17, 88.995
4400, 52.24, 89.011
4401, 52.31, 89.028
4402, 52.38, 89.045
4403, 52.46, 89.061
4404, 52.53, 89.078
4405, 52.59, 89.095
4406, 52.73, 89.128
4407, 52.8, 89.145
4408, 52.87, 89.161
4409, 52.94, 89.178
4410, 53.01, 89.195
4411, 53.08, 89.211
4412, 53.15, 89.228
4413, 53.29, 89.261
4414, 53.36, 89.278
4415, 53.43, 89.295
4416, 53.49, 89.311
4417, 53.56, 89.328
4418, 53.63, 89.345
4419, 53.69, 89.361
4420, 53.73, 89.378
4421, 53.8, 89.411
4422, 53.78, 89.428
4423, 53.74, 89.445
4424, 53.83, 89.461
4425, 53.92, 89.478
4426, 53.97, 89.495
4427, 54.01, 89.511
4428, 54.07, 89.528
4429, 54.14, 89.545
4430, 54.25, 89.578
4431, 54.31, 89.595
4432, 54.37, 89.611
4433, 54.42, 89.628
4434, 54.48, 89.645
4435, 54.54, 89.661
4436, 54.59, 89.678
4437, 54.65, 89.695
4438, 54.71, 89.711
4439, 54.77, 89.728
4440, 54.88, 89.761
4441, 54.94, 89.778
4442, 54.99, 89.795
4443, 55.05, 89.811
4444, 55.11, 89.828
4445, 55.17, 89.845
4446, 55.22, 89.861
4447, 55.27, 89.878
4448, 55.33, 89.895
4449, 55.39, 89.911
4450, 55.45, 89.928
4451, 55.56, 89.961
4452, 55.61, 89.978
4453, 55.67, 89.995
4454, 55.73, 90.011
4455, 55.78, 90.028
4456, 55.84, 90.045
4457, 55.89, 90.061
4458, 55.95, 90.078
4459, 56.01, 90.095
4460, 56.06, 90.111
4461, 56.12, 90.128
4462, 56.17, 90.145
4463, 56.23, 90.161
4464, 56.28, 90.178
4465, 56.4, 90.211
4466, 56.45, 90.228
4467, 56.51, 90.245
4468, 56.56, 90.261
4469, 56.61, 90.278
4470, 56.67, 90.295
4471, 56.72, 90.311
4472, 56.78, 90.328
4473, 56.83, 90.345
4474, 56.89, 90.361
4475, 56.94, 90.378
4476, 56.99, 90.395
4477, 57.05, 90.411
4478, 57.1, 90.428
4479, 57.16, 90.445
4480, 57.21, 90.461
4481, 57.26, 90.478
4482, 57.32, 90.495
4483, 57.43, 90.528
4484, 57.48, 90.545
4485, 57.53, 90.561
4486, 57.58, 90.578
4487, 57.64, 90.595
4488, 57.69, 90.611
4489, 57.75, 90.628
4490, 57.8, 90.645
4491, 57.85, 90.661
4492, 57.9, 90.678
4493, 57.95, 90.695
4494, 58.01, 90.711
4495, 58.06, 90.728
4496, 58.11, 90.745
4497, 58.16, 90.761
4498, 58.21, 90.778
4499, 58.27, 90.795
4500, 58.32, 90.811
4501, 58.37, 90.828
4502, 58.42, 90.845
4503, 58.47, 90.861
4504, 58.52, 90.878
4505, 58.58, 90.895
4506, 58.63, 90.911
4507, 58.68, 90.928
4508, 58.73, 90.945
4509, 58.78, 90.961
4510, 58.83, 90.978
4511, 58.89, 90.995
4512, 58.93, 91.011
4513, 58.98, 91.028
4514, 59.03, 91.045
4515, 59.14, 91.078
4516, 59.19, 91.095
4517, 59.24, 91.111
4518, 59.29, 91.128
4519, 59.33, 91.145
4520, 59.39, 91.161
4521, 59.44, 91.178
4522, 59.49, 91.195
4523, 59.54, 91.211
4524, 59.58, 91.228
4525, 59.63, 91.245
4526, 59.69, 91.261
4527, 59.74, 91.278
4528, 59.78, 91.295
4529, 59.83, 91.311
4530, 59.88, 91.328
4531, 59.93, 91.345
4532, 59.98, 91.361
4533, 60.03, 91.378
4534, 60.08, 91.395
4535, 60.12, 91.411
4536, 60.18, 91.428
4537, 60.23, 91.445
4538, 60.27, 91.461
4539, 60.32, 91.478
4540, 60.37, 91.495
4541, 60.42, 91.511
4542, 60.46, 91.528
4543, 60.51, 91.545
4544, 60.56, 91.561
4545, 60.61, 91.578
4546, 60.66, 91.595
4547, 60.71, 91.611
4548, 60.76, 91.628
4549, 60.8, 91.645
4550, 60.85, 91.661
4551, 60.9, 91.678
4552, 60.9, 91.678
4553, 60.95, 91.695
4554, 61, 91.711
4555, 61.04, 91.728
4556, 61.09, 91.745
4557, 61.14, 91.761
4558, 61.18, 91.778
4559, 61.23, 91.795
4560, 61.28, 91.811
4561, 61.33, 91.828
4562, 61.37, 91.845
4563, 61.42, 91.861
4564, 61.47, 91.878
4565, 61.51, 91.895
4566, 61.56, 91.911
4567, 61.61, 91.928
4568, 61.65, 91.945
4569, 61.7, 91.961
4570, 61.75, 91.978
4571, 61.73, 91.995
4572, 61.68, 92.011
4573, 61.76, 92.028
4574, 61.82, 92.045
4575, 61.84, 92.061
4576, 61.87, 92.078
4577, 61.91, 92.095
4578, 61.95, 92.111
4579, 61.99, 92.128
4580, 62.03, 92.145
4581, 62.06, 92.161
4582, 62.1, 92.178
4583, 62.14, 92.195
4584, 62.17, 92.211
4585, 62.21, 92.228
4586, 62.25, 92.245
4587, 62.25, 92.245
4588, 62.32, 92.278
4589, 62.32, 92.278
4590, 62.36, 92.295
4591, 62.4, 92.311
4592, 62.43, 92.328
4593, 62.47, 92.345
4594, 62.51, 92.361
4595, 62.54, 92.378
4596, 62.58, 92.395
4597, 62.62, 92.411
4598, 62.65, 92.428
4599, 62.69, 92.445
4600, 62.73, 92.461
4601, 62.76, 92.478
4602, 62.8, 92.495
4603, 62.83, 92.511
4604, 62.87, 92.528
4605, 62.91, 92.545
4606, 62.95, 92.561
4607, 62.98, 92.578
4608, 63.02, 92.595
4609, 63.05, 92.611
4610, 63.09, 92.628
4611, 63.13, 92.645
4612, 63.13, 92.645
4613, 63.16, 92.661
4614, 63.2, 92.678
4615, 63.23, 92.695
4616, 63.27, 92.711
4617, 63.3, 92.728
4618, 63.34, 92.745
4619, 63.38, 92.761
4620, 63.41, 92.778
4621, 63.45, 92.795
4622, 63.48, 92.811
4623, 63.52, 92.828
4624, 63.55, 92.845
4625, 63.59, 92.861
4626, 63.63, 92.878
4627, 63.66, 92.895
4628, 63.7, 92.911
4629, 63.73, 92.928
4630, 63.73, 92.928
4631, 63.77, 92.945
4632, 63.8, 92.961
4633, 63.84, 92.978
4634, 63.88, 92.995
4635, 63.91, 93.011
4636, 63.95, 93.028
4637, 63.98, 93.045
4638, 64.02, 93.061
4639, 64.05, 93.078
4640, 64.08, 93.095
4641, 64.12, 93.111
4642, 64.16, 93.128
4643, 64.19, 93.145
4644, 64.23, 93.161
4645, 64.26, 93.178
4646, 64.26, 93.178
4647, 64.3, 93.195
4648, 64.33, 93.211
4649, 64.37, 93.228
4650, 64.4, 93.245
4651, 64.44, 93.261
4652, 64.47, 93.278
4653, 64.51, 93.295
4654, 64.54, 93.311
4655, 64.57, 93.328
4656, 64.61, 93.345
4657, 64.64, 93.361
4658, 64.68, 93.378
4659, 64.71, 93.395
4660, 64.71, 93.395
4661, 64.75, 93.411
4662, 64.78, 93.428
4663, 64.81, 93.445
4664, 64.85, 93.461
4665, 64.88, 93.478
4666, 64.91, 93.495
4667, 64.95, 93.511
4668, 64.98, 93.528
4669, 65.01, 93.545
4670, 65.05, 93.561
4671, 65.08, 93.578
4672, 65.11, 93.595
4673, 65.15, 93.611
4674, 65.15, 93.611
4675, 65.18, 93.628
4676, 65.22, 93.645
4677, 65.25, 93.661
4678, 65.28, 93.678
4679, 65.32, 93.695
4680, 65.35, 93.711
4681, 65.38, 93.728
4682, 65.41, 93.745
4683, 65.44, 93.761
4684, 65.48, 93.778
4685, 65.51, 93.795
4686, 65.51, 93.795
4687, 65.54, 93.811
4688, 65.58, 93.828
4689, 65.61, 93.845
4690, 65.64, 93.861
4691, 65.67, 93.878
4692, 65.71, 93.895
4693, 65.74, 93.911
4694, 65.77, 93.928
4695, 65.8, 93.945
4696, 65.83, 93.961
4697, 65.83, 93.961
4698, 65.87, 93.978
4699, 65.9, 93.995
4700, 65.93, 94.011
4701, 65.96, 94.028
4702, 65.99, 94.045
4703, 66.03, 94.061
4704, 66.06, 94.078
4705, 66.09, 94.095
4706, 66.12, 94.111
4707, 66.15, 94.128
4708, 66.15, 94.128
4709, 66.18, 94.145
4710, 66.22, 94.161
4711, 66.25, 94.178
4712, 66.28, 94.195
4713, 66.31, 94.211
4714, 66.34, 94.228
4715, 66.37, 94.245
4716, 66.4, 94.261
4717, 66.44, 94.278
4718, 66.47, 94.295
4719, 66.47, 94.295
4720, 66.49, 94.311
4721, 66.52, 94.328
4722, 66.56, 94.345
4723, 66.59, 94.361
4724, 66.62, 94.378
4725, 66.65, 94.395
4726, 66.68, 94.411
4727, 66.71, 94.428
4728, 66.74, 94.445
4729, 66.74, 94.445
4730, 66.77, 94.461
4731, 66.8, 94.478
4732, 66.83, 94.495
4733, 66.86, 94.511
4734, 66.89, 94.528
4735, 66.92, 94.545
4736, 66.95, 94.561
4737, 66.98, 94.578
4738, 67.01, 94.595
4739, 67.01, 94.595
4740, 67.04, 94.611
4741, 67.07, 94.628
4742, 67.1, 94.645
4743, 67.13, 94.661
4744, 67.16, 94.678
4745, 67.19, 94.695
4746, 67.22, 94.711
4747, 67.25, 94.728
4748, 67.25, 94.728
4749, 67.28, 94.745
4750, 67.31, 94.761
4751, 67.34, 94.778
4752, 67.37, 94.795
4753, 67.4, 94.811
4754, 67.43, 94.828
4755, 67.46, 94.845
4756, 67.49, 94.861
4757, 67.49, 94.861
4758, 67.52, 94.878
4759, 67.54, 94.895
4760, 67.57, 94.911
4761, 67.6, 94.928
4762, 67.63, 94.945
4763, 67.66, 94.961
4764, 67.69, 94.978
4765, 67.72, 94.995
4766, 67.72, 94.995
4767, 67.75, 95.011
4768, 67.77, 95.028
4769, 67.8, 95.045
4770, 67.83, 95.061
4771, 67.86, 95.078
4772, 67.89, 95.095
4773, 67.92, 95.111
4774, 67.95, 95.128
4775, 67.95, 95.128
4776, 67.98, 95.145
4777, 68, 95.161
4778, 68.03, 95.178
4779, 68.06, 95.195
4780, 68.09, 95.211
4781, 68.12, 95.228
4782, 68.15, 95.245
4783, 68.15, 95.245
4784, 68.17, 95.261
4785, 68.2, 95.278
4786, 68.23, 95.295
4787, 68.26, 95.311
4788, 68.28, 95.328
4789, 68.31, 95.345
4790, 68.34, 95.361
4791, 68.34, 95.361
4792, 68.37, 95.378
4793, 68.4, 95.395
4794, 68.42, 95.411
4795, 68.45, 95.428
4796, 68.48, 95.445
4797, 68.51, 95.461
4798, 68.53, 95.478
4799, 68.53, 95.478
4800, 68.56, 95.495
4801, 68.59, 95.511
4802, 68.62, 95.528
4803, 68.64, 95.545
4804, 68.67, 95.561
4805, 68.7, 95.578
4806, 68.72, 95.595
4807, 68.72, 95.595
4808, 68.75, 95.611
4809, 68.78, 95.628
4810, 68.81, 95.645
4811, 68.83, 95.661
4812, 68.86, 95.678
4813, 68.89, 95.695
4814, 68.91, 95.711
4815, 68.91, 95.711
4816, 68.94, 95.728
4817, 68.97, 95.745
4818, 68.99, 95.761
4819, 69.02, 95.778
4820, 69.05, 95.795
4821, 69.07, 95.811
4822, 69.1, 95.828
4823, 69.1, 95.828
4824, 69.13, 95.845
4825, 69.16, 95.861
4826, 69.18, 95.878
4827, 69.21, 95.895
4828, 69.24, 95.911
4829, 69.26, 95.928
4830, 69.26, 95.928
4831, 69.29, 95.945
4832, 69.31, 95.961
4833, 69.34, 95.978
4834, 69.37, 95.995
4835, 69.39, 96.011
4836, 69.42, 96.028
4837, 69.44, 96.045
4838, 69.44, 96.045
4839, 69.47, 96.061
4840, 69.5, 96.078
4841, 69.52, 96.095
4842, 69.55, 96.111
4843, 69.58, 96.128
4844, 69.6, 96.145
4845, 69.6, 96.145
4846, 69.62, 96.161
4847, 69.65, 96.178
4848, 69.68, 96.195
4849, 69.71, 96.211
4850, 69.73, 96.228
4851, 69.76, 96.245
4852, 69.76, 96.245
4853, 69.78, 96.261
4854, 69.81, 96.278
4855, 69.83, 96.295
4856, 69.86, 96.311
4857, 69.89, 96.328
4858, 69.91, 96.345
4859, 69.91, 96.345
4860, 69.93, 96.361
4861, 69.96, 96.378
4862, 69.99, 96.395
4863, 70.01, 96.411
4864, 70.03, 96.428
4865, 70.06, 96.445
4866, 70.06, 96.445
4867, 70.09, 96.461
4868, 70.11, 96.478
4869, 70.14, 96.495
4870, 70.16, 96.511
4871, 70.18, 96.528
4872, 70.21, 96.545
4873, 70.21, 96.545
4874, 70.24, 96.561
4875, 70.26, 96.578
4876, 70.28, 96.595
4877, 70.31, 96.611
4878, 70.28, 96.628
4879, 70.22, 96.645
4880, 70.22, 96.645
4881, 70.27, 96.661
4882, 70.29, 96.678
4883, 70.3, 96.695
4884, 70.32, 96.711
4885, 70.34, 96.728
4886, 70.36, 96.745
4887, 70.36, 96.745
4888, 70.38, 96.761
4889, 70.4, 96.778
4890, 70.42, 96.795
4891, 70.44, 96.811
4892, 70.45, 96.828
4893, 70.47, 96.845
4894, 70.47, 96.845
4895, 70.49, 96.861
4896, 70.51, 96.878
4897, 70.53, 96.895
4898, 70.54, 96.911
4899, 70.56, 96.928
4900, 70.56, 96.928
4901, 70.58, 96.945
4902, 70.6, 96.961
4903, 70.62, 96.978
4904, 70.64, 96.995
4905, 70.66, 97.011
4906, 70.68, 97.028
4907, 70.68, 97.028
4908, 70.69, 97.045
4909, 70.71, 97.061
4910, 70.73, 97.078
4911, 70.75, 97.095
4912, 70.76, 97.111
4913, 70.78, 97.128
4914, 70.78, 97.128
4915, 70.8, 97.145
4916, 70.82, 97.161
4917, 70.83, 97.178
4918, 70.85, 97.195
4919, 70.87, 97.211
4920, 70.87, 97.211
4921, 70.89, 97.228
4922, 70.91, 97.245
4923, 70.93, 97.261
4924, 70.95, 97.278
4925, 70.96, 97.295
4926, 70.98, 97.311
4927, 70.98, 97.311
4928, 71, 97.328
4929, 71.01, 97.345
4930, 71.03, 97.361
4931, 71.05, 97.378
4932, 71.07, 97.395
4933, 71.07, 97.395
4934, 71.09, 97.411
4935, 71.1, 97.428
4936, 71.12, 97.445
4937, 71.14, 97.461
4938, 71.16, 97.478
4939, 71.16, 97.478
4940, 71.18, 97.495
4941, 71.19, 97.511
4942, 71.21, 97.528
4943, 71.23, 97.545
4944, 71.24, 97.561
4945, 71.26, 97.578
4946, 71.26, 97.578
4947, 71.28, 97.595
4948, 71.3, 97.611
4949, 71.32, 97.628
4950, 71.33, 97.645
4951, 71.35, 97.661
4952, 71.35, 97.661
4953, 71.37, 97.678
4954, 71.38, 97.695
4955, 71.4, 97.711
4956, 71.42, 97.728
4957, 71.44, 97.745
4958, 71.44, 97.745
4959, 71.46, 97.761
4960, 71.47, 97.778
4961, 71.49, 97.795
4962, 71.51, 97.811
4963, 71.52, 97.828
4964, 71.54, 97.845
4965, 71.54, 97.845
4966, 71.56, 97.861
4967, 71.58, 97.878
4968, 71.59, 97.895
4969, 71.61, 97.911
4970, 71.63, 97.928
4971, 71.63, 97.928
4972, 71.64, 97.945
4973, 71.66, 97.961
4974, 71.68, 97.978
4975, 71.7, 97.995
4976, 71.71, 98.011
4977, 71.71, 98.011
4978, 71.73, 98.028
4979, 71.75, 98.045
4980, 71.76, 98.061
4981, 71.78, 98.078
4982, 71.8, 98.095
4983, 71.8, 98.095
4984, 71.81, 98.111
4985, 71.83, 98.128
4986, 71.85, 98.145
4987, 71.87, 98.161
4988, 71.88, 98.178
4989, 71.88, 98.178
4990, 71.9, 98.195
4991, 71.92, 98.211
4992, 71.93, 98.228
4993, 71.95, 98.245
4994, 71.96, 98.261
4995, 71.96, 98.261
4996, 71.98, 98.278
4997, 72, 98.295
4998, 72.01, 98.311
4999, 72.03, 98.328
5000, 72.04, 98.345
5001, 72.04, 98.345
5002, 72.06, 98.361
5003, 72.08, 98.378
5004, 72.09, 98.395
5005, 72.11, 98.411
5006, 72.12, 98.428
5007, 72.12, 98.428
5008, 72.14, 98.445
5009, 72.16, 98.461
5010, 72.18, 98.478
5011, 72.19, 98.495
5012, 72.21, 98.511
5013, 72.21, 98.511
5014, 72.22, 98.528
5015, 72.24, 98.545
5016, 72.25, 98.561
5017, 72.27, 98.578
5018, 72.29, 98.595
5019, 72.29, 98.595
5020, 72.3, 98.611
5021, 72.32, 98.628
5022, 72.33, 98.645
5023, 72.35, 98.661
5024, 72.37, 98.678
5025, 72.37, 98.678
5026, 72.38, 98.695
5027, 72.4, 98.711
5028, 72.41, 98.728
5029, 72.43, 98.745
5030, 72.44, 98.761
5031, 72.44, 98.761
5032, 72.46, 98.778
5033, 72.48, 98.795
5034, 72.49, 98.811
5035, 72.51, 98.828
5036, 72.51, 98.828
5037, 72.52, 98.845
5038, 72.54, 98.861
5039, 72.55, 98.878
5040, 72.57, 98.895
5041, 72.59, 98.911
5042, 72.59, 98.911
5043, 72.6, 98.928
5044, 72.62, 98.945
5045, 72.63, 98.961
5046, 72.65, 98.978
5047, 72.66, 98.995
5048, 72.66, 98.995
5049, 72.68, 99.011
5050, 72.69, 99.028
5051, 72.71, 99.045
5052, 72.72, 99.061
5053, 72.74, 99.078
5054, 72.74, 99.078
5055, 72.75, 99.095
5056, 72.77, 99.111
5057, 72.78, 99.128
5058, 72.8, 99.145
5059, 72.8, 99.145
5060, 72.81, 99.161
5061, 72.83, 99.178
5062, 72.84, 99.195
5063, 72.86, 99.211
5064, 72.87, 99.228
5065, 72.87, 99.228
5066, 72.89, 99.245
5067, 72.9, 99.261
5068, 72.91, 99.278
5069, 72.93, 99.295
5070, 72.95, 99.311
5071, 72.95, 99.311
5072, 72.96, 99.328
5073, 72.98, 99.345
5074, 72.99, 99.361
5075, 73, 99.378
5076, 73, 99.378
5077, 73.02, 99.395
5078, 73.03, 99.411
5079, 73.05, 99.428
5080, 73.06, 99.445
5081, 73.08, 99.461
5082, 73.08, 99.461
5083, 73.09, 99.478
5084, 73.1, 99.495
5085, 73.12, 99.511
5086, 73.13, 99.528
5087, 73.13, 99.528
5088, 73.15, 99.545
5089, 73.16, 99.561
5090, 73.17, 99.578
5091, 73.19, 99.595
5092, 73.2, 99.611
5093, 73.2, 99.611
5094, 73.22, 99.628
5095, 73.23, 99.645
5096, 73.24, 99.661
5097, 73.26, 99.678
5098, 73.26, 99.678
5099, 73.27, 99.695
5100, 73.28, 99.711
5101, 73.3, 99.728
5102, 73.31, 99.745
5103, 73.33, 99.761
5104, 73.33, 99.761
5105, 73.34, 99.778
5106, 73.35, 99.795
5107, 73.36, 99.811
5108, 73.37, 99.828
5109, 73.38, 99.845
5110, 73.38, 99.845
5111, 73.38, 99.861
5112, 73.37, 99.878
5113, 73.36, 99.895
5114, 73.33, 99.911
5115, 73.33, 99.911
5116, 73.3, 99.928
5117, 73.26, 99.945
5118, 73.19, 99.961
5119, 73.09, 99.978
5120, 72.98, 99.995
5121, 72.98, 99.995
5122, 72.85, 100.011
5123, 72.7, 100.028
5124, 72.52, 100.045
5125, 72.32, 100.061
5126, 72.32, 100.061
5127, 72.12, 100.078
5128, 71.91, 100.095
5129, 71.66, 100.111
5130, 71.4, 100.128
5131, 71.17, 100.145
5132, 70.93, 100.161
5133, 70.93, 100.161
5134, 70.68, 100.178
5135, 70.43, 100.195
5136, 70.18, 100.211
5137, 70.18, 100.211
5138, 70.18, 100.211
5139, 70.18, 100.211
5140, 70.18, 100.211
5141, 70.18, 100.211
5142, 70.18, 100.211
5143, 70.18, 100.211
5144, 70.18, 100.211
5145, 68.22, 100.345
5146, 67.97, 100.361
5147, 67.73, 100.378
5148, 67.73, 100.378
5149, 67.49, 100.395
5150, 67.26, 100.411
5151, 67.03, 100.428
5152, 66.82, 100.445
5153, 66.63, 100.461
5154, 66.44, 100.478
5155, 66.26, 100.495
5156, 66.04, 100.511
5157, 65.81, 100.528
5158, 65.81, 100.528
5159, 65.64, 100.545
5160, 65.46, 100.561
5161, 65.28, 100.578
5162, 65.12, 100.595
5163, 64.96, 100.611
5164, 64.81, 100.628
5165, 64.66, 100.645
5166, 64.5, 100.661
5167, 64.35, 100.678
5168, 64.2, 100.695
5169, 64.05, 100.711
5170, 63.89, 100.728
5171, 63.74, 100.745
5172, 63.74, 100.745
5173, 63.58, 100.761
5174, 63.43, 100.778
5175, 63.27, 100.795
5176, 63.12, 100.811
5177, 62.95, 100.828
5178, 62.79, 100.845
5179, 62.63, 100.861
5180, 62.47, 100.878
5181, 62.3, 100.895
5182, 62.1, 100.911
5183, 61.87, 100.928
5184, 61.68, 100.945
5185, 61.5, 100.961
5186, 61.31, 100.978
5187, 61.12, 100.995
5188, 60.92, 101.011
5189, 60.73, 101.028
5190, 60.54, 101.045
5191, 60.34, 101.061
5192, 60.14, 101.078
5193, 59.94, 101.095
5194, 59.74, 101.111
5195, 59.54, 101.128
5196, 59.33, 101.145
5197, 59.12, 101.161
5198, 58.91, 101.178
5199, 58.71, 101.195
5200, 58.51, 101.211
5201, 58.3, 101.228
5202, 58.09, 101.245
5203, 57.89, 101.261
5204, 57.69, 101.278
5205, 57.5, 101.295
5206, 57.32, 101.311
5207, 57.14, 101.328
5208, 56.97, 101.345
5209, 56.65, 101.378
5210, 56.49, 101.395
5211, 56.35, 101.411
5212, 56.2, 101.428
5213, 56.07, 101.445
5214, 55.94, 101.461
5215, 55.81, 101.478
5216, 55.69, 101.495
5217, 55.57, 101.511
5218, 55.45, 101.528
5219, 55.35, 101.545
5220, 55.26, 101.561
5221, 55.07, 101.595
5222, 54.91, 101.611
5223, 54.76, 101.628
5224, 54.65, 101.645
5225, 54.54, 101.661
5226, 54.43, 101.678
5227, 54.31, 101.695
5228, 54.2, 101.711
5229, 54.09, 101.728
5230, 53.86, 101.761
5231, 53.74, 101.778
5232, 53.63, 101.795
5233, 53.52, 101.811
5234, 53.4, 101.828
5235, 53.28, 101.845
5236, 53.16, 101.861
5237, 53.05, 101.878
5238, 52.81, 101.911
5239, 52.69, 101.928
5240, 52.57, 101.945
5241, 52.46, 101.961
5242, 52.35, 101.978
5243, 52.26, 101.995
5244, 52.07, 102.028
5245, 51.99, 102.045
5246, 51.91, 102.061
5247, 51.83, 102.078
5248, 51.76, 102.095
5249, 51.68, 102.111
5250, 51.51, 102.145
5251, 51.44, 102.161
5252, 51.36, 102.178
5253, 51.28, 102.195
5254, 51.21, 102.211
5255, 51.13, 102.228
5256, 50.99, 102.261
5257, 50.92, 102.278
5258, 50.85, 102.295
5259, 50.78, 102.311
5260, 50.71, 102.328
5261, 50.56, 102.361
5262, 50.49, 102.378
5263, 50.42, 102.395
5264, 50.34, 102.411
5265, 50.26, 102.428
5266, 50.08, 102.461
5267, 49.98, 102.478
5268, 49.88, 102.495
5269, 49.78, 102.511
5270, 49.58, 102.545
5271, 49.47, 102.561
5272, 49.36, 102.578
5273, 49.24, 102.595
5274, 49.02, 102.628
5275, 48.91, 102.645
5276, 48.78, 102.661
5277, 48.65, 102.678
5278, 48.53, 102.695
5279, 48.28, 102.728
5280, 48.16, 102.745
5281, 48.03, 102.761
5282, 47.82, 102.795
5283, 47.72, 102.811
5284, 47.62, 102.828
5285, 47.52, 102.845
5286, 47.36, 102.878
5287, 47.28, 102.895
5288, 47.2, 102.911
5289, 47.05, 102.945
5290, 46.98, 102.961
5291, 46.92, 102.978
5292, 46.86, 102.995
5293, 46.73, 103.028
5294, 46.68, 103.045
5295, 46.63, 103.061
5296, 46.52, 103.095
5297, 46.47, 103.111
5298, 46.41, 103.128
5299, 46.3, 103.161
5300, 46.25, 103.178
5301, 46.19, 103.195
5302, 46.08, 103.228
5303, 46.03, 103.245
5304, 45.98, 103.261
5305, 45.87, 103.295
5306, 45.81, 103.311
5307, 45.75, 103.328
5308, 45.69, 103.345
5309, 45.58, 103.378
5310, 45.52, 103.395
5311, 45.46, 103.411
5312, 45.34, 103.445
5313, 45.28, 103.461
5314, 45.16, 103.495
5315, 45.09, 103.511
5316, 45.02, 103.528
5317, 44.87, 103.561
5318, 44.78, 103.578
5319, 44.69, 103.595
5320, 44.52, 103.628
5321, 44.44, 103.645
5322, 44.36, 103.661
5323, 44.15, 103.695
5324, 44.02, 103.711
5325, 43.82, 103.745
5326, 43.72, 103.761
5327, 43.62, 103.778
5328, 43.4, 103.811
5329, 43.29, 103.828
5330, 43.07, 103.861
5331, 42.98, 103.878
5332, 42.89, 103.895
5333, 42.66, 103.928
5334, 42.56, 103.945
5335, 42.37, 103.978
5336, 42.26, 103.995
5337, 42.04, 104.028
5338, 41.93, 104.045
5339, 41.83, 104.061
5340, 41.62, 104.095
5341, 41.53, 104.111
5342, 41.37, 104.145
5343, 41.29, 104.161
5344, 41.15, 104.195
5345, 41.08, 104.211
5346, 40.93, 104.245
5347, 40.87, 104.261
5348, 40.74, 104.295
5349, 40.68, 104.311
5350, 40.53, 104.345
5351, 40.45, 104.361
5352, 40.3, 104.395
5353, 40.23, 104.411
5354, 40.08, 104.445
5355, 40.01, 104.461
5356, 39.87, 104.495
5357, 39.8, 104.511
5358, 39.66, 104.545
5359, 39.59, 104.561
5360, 39.46, 104.595
5361, 39.39, 104.611
5362, 39.22, 104.645
5363, 39.04, 104.678
5364, 38.96, 104.695
5365, 38.8, 104.728
5366, 38.73, 104.745
5367, 38.6, 104.778
5368, 38.54, 104.795
5369, 38.4, 104.828
5370, 38.27, 104.861
5371, 38.21, 104.878
5372, 38.09, 104.911
5373, 38.03, 104.928
5374, 37.92, 104.961
5375, 37.87, 104.978
5376, 37.78, 105.011
5377, 37.71, 105.045
5378, 37.74, 105.061
5379, 37.74, 105.095
5380, 37.73, 105.111
5381, 37.75, 105.145
5382, 37.81, 105.178
5383, 37.84, 105.195
5384, 37.9, 105.228
5385, 37.94, 105.245
5386, 38.05, 105.278
5387, 38.15, 105.311
5388, 38.19, 105.328
5389, 38.26, 105.361
5390, 38.31, 105.378
5391, 38.43, 105.411
5392, 38.56, 105.445
5393, 38.62, 105.461
5394, 38.73, 105.495
5395, 38.78, 105.511
5396, 38.87, 105.545
5397, 38.92, 105.561
5398, 39.02, 105.595
5399, 39.11, 105.628
5400, 39.17, 105.645
5401, 39.28, 105.678
5402, 39.33, 105.695
5403, 39.42, 105.728
5404, 39.47, 105.745
5405, 39.58, 105.778
5406, 39.64, 105.795
5407, 39.77, 105.828
5408, 39.83, 105.845
5409, 39.94, 105.878
5410, 40.02, 105.895
5411, 40.18, 105.928
5412, 40.27, 105.945
5413, 40.41, 105.978
5414, 40.48, 105.995
5415, 40.63, 106.028
5416, 40.73, 106.045
5417, 40.93, 106.078
5418, 41.02, 106.095
5419, 41.18, 106.128
5420, 41.26, 106.145
5421, 41.42, 106.178
5422, 41.51, 106.195
5423, 41.66, 106.228
5424, 41.76, 106.245
5425, 41.86, 106.261
5426, 42.04, 106.295
5427, 42.12, 106.311
5428, 42.25, 106.345
5429, 42.32, 106.361
5430, 42.48, 106.395
5431, 42.57, 106.411
5432, 42.76, 106.445
5433, 42.84, 106.461
5434, 42.92, 106.478
5435, 43.06, 106.511
5436, 43.14, 106.528
5437, 43.3, 106.561
5438, 43.38, 106.578
5439, 43.45, 106.595
5440, 43.61, 106.628
5441, 43.7, 106.645
5442, 43.68, 106.678
5443, 43.76, 106.695
5444, 43.86, 106.711
5445, 43.95, 106.745
5446, 44.03, 106.761
5447, 44.1, 106.778
5448, 44.22, 106.811
5449, 44.28, 106.828
5450, 44.35, 106.845
5451, 44.47, 106.878
5452, 44.52, 106.895
5453, 44.63, 106.928
5454, 44.71, 106.945
5455, 44.79, 106.961
5456, 44.91, 106.995
5457, 44.98, 107.011
5458, 45.05, 107.028
5459, 45.17, 107.061
5460, 45.23, 107.078
5461, 45.28, 107.095
5462, 45.42, 107.128
5463, 45.5, 107.145
5464, 45.57, 107.161
5465, 45.7, 107.195
5466, 45.77, 107.211
5467, 45.83, 107.228
5468, 45.86, 107.261
5469, 45.89, 107.278
5470, 45.96, 107.295
5471, 46.17, 107.328
5472, 46.26, 107.345
5473, 46.35, 107.361
5474, 46.49, 107.395
5475, 46.55, 107.411
5476, 46.61, 107.428
5477, 46.67, 107.445
5478, 46.81, 107.478
5479, 46.88, 107.495
5480, 46.94, 107.511
5481, 47.08, 107.545
5482, 47.15, 107.561
5483, 47.23, 107.578
5484, 47.3, 107.595
5485, 47.45, 107.628
5486, 47.52, 107.645
5487, 47.59, 107.661
5488, 47.73, 107.695
5489, 47.8, 107.711
5490, 47.87, 107.728
5491, 47.95, 107.745
5492, 48.09, 107.778
5493, 48.15, 107.795
5494, 48.22, 107.811
5495, 48.29, 107.828
5496, 48.43, 107.861
5497, 48.5, 107.878
5498, 48.58, 107.895
5499, 48.65, 107.911
5500, 48.79, 107.945
5501, 48.86, 107.961
5502, 48.93, 107.978
5503, 49, 107.995
5504, 49.13, 108.028
5505, 49.2, 108.045
5506, 49.28, 108.061
5507, 49.35, 108.078
5508, 49.48, 108.111
5509, 49.54, 108.128
5510, 49.61, 108.145
5511, 49.68, 108.161
5512, 49.75, 108.178
5513, 49.89, 108.211
5514, 49.95, 108.228
5515, 50.02, 108.245
5516, 50.09, 108.261
5517, 50.21, 108.295
5518, 50.27, 108.311
5519, 50.34, 108.328
5520, 50.41, 108.345
5521, 50.49, 108.361
5522, 50.63, 108.395
5523, 50.69, 108.411
5524, 50.75, 108.428
5525, 50.81, 108.445
5526, 50.87, 108.461
5527, 51.02, 108.495
5528, 51.09, 108.511
5529, 51.16, 108.528
5530, 51.22, 108.545
5531, 51.29, 108.561
5532, 51.35, 108.578
5533, 51.48, 108.611
5534, 51.57, 108.628
5535, 51.64, 108.645
5536, 51.71, 108.661
5537, 51.77, 108.678
5538, 51.89, 108.711
5539, 51.96, 108.728
5540, 52.03, 108.745
5541, 52.1, 108.761
5542, 52.17, 108.778
5543, 52.24, 108.795
5544, 52.31, 108.811
5545, 52.44, 108.845
5546, 52.51, 108.861
5547, 52.58, 108.878
5548, 52.65, 108.895
5549, 52.72, 108.911
5550, 52.78, 108.928
5551, 52.73, 108.961
5552, 52.84, 108.978
5553, 52.94, 108.995
5554, 52.98, 109.011
5555, 53.01, 109.028
5556, 53.07, 109.045
5557, 53.13, 109.061
5558, 53.24, 109.095
5559, 53.28, 109.111
5560, 53.31, 109.128
5561, 53.37, 109.145
5562, 53.45, 109.161
5563, 53.52, 109.178
5564, 53.56, 109.195
5565, 53.67, 109.228
5566, 53.73, 109.245
5567, 53.79, 109.261
5568, 53.84, 109.278
5569, 53.88, 109.295
5570, 53.92, 109.311
5571, 53.97, 109.328
5572, 54.04, 109.345
5573, 54.12, 109.361
5574, 54.24, 109.395
5575, 54.29, 109.411
5576, 54.35, 109.428
5577, 54.4, 109.445
5578, 54.44, 109.461
5579, 54.49, 109.478
5580, 54.55, 109.495
5581, 54.62, 109.511
5582, 54.68, 109.528
5583, 54.79, 109.561
5584, 54.85, 109.578
5585, 54.9, 109.595
5586, 54.95, 109.611
5587, 55.01, 109.628
5588, 55.06, 109.645
5589, 55.12, 109.661
5590, 55.18, 109.678
5591, 55.24, 109.695
5592, 55.3, 109.711
5593, 55.39, 109.745
5594, 55.44, 109.761
5595, 55.5, 109.778
5596, 55.56, 109.795
5597, 55.63, 109.811
5598, 55.69, 109.828
5599, 55.74, 109.845
5600, 55.79, 109.861
5601, 55.85, 109.878
5602, 55.9, 109.895
5603, 55.95, 109.911
5604, 56.01, 109.928
5605, 56.13, 109.961
5606, 56.18, 109.978
5607, 56.23, 109.995
5608, 56.29, 110.011
5609, 56.35, 110.028
5610, 56.4, 110.045
5611, 56.45, 110.061
5612, 56.5, 110.078
5613, 56.56, 110.095
5614, 56.62, 110.111
5615, 56.67, 110.128
5616, 56.73, 110.145
5617, 56.78, 110.161
5618, 56.83, 110.178
5619, 56.89, 110.195
5620, 56.94, 110.211
5621, 57.05, 110.245
5622, 57.1, 110.261
5623, 57.15, 110.278
5624, 57.21, 110.295
5625, 57.26, 110.311
5626, 57.31, 110.328
5627, 57.36, 110.345
5628, 57.42, 110.361
5629, 57.47, 110.378
5630, 57.53, 110.395
5631, 57.58, 110.411
5632, 57.63, 110.428
5633, 57.68, 110.445
5634, 57.73, 110.461
5635, 57.79, 110.478
5636, 57.84, 110.495
5637, 57.89, 110.511
5638, 57.95, 110.528
5639, 58, 110.545
5640, 58.04, 110.561
5641, 58.09, 110.578
5642, 58.14, 110.595
5643, 58.2, 110.611
5644, 58.25, 110.628
5645, 58.31, 110.645
5646, 58.41, 110.678
5647, 58.46, 110.695
5648, 58.52, 110.711
5649, 58.57, 110.728
5650, 58.61, 110.745
5651, 58.66, 110.761
5652, 58.71, 110.778
5653, 58.77, 110.795
5654, 58.83, 110.811
5655, 58.88, 110.828
5656, 58.92, 110.845
5657, 58.96, 110.861
5658, 59.01, 110.878
5659, 59.07, 110.895
5660, 59.13, 110.911
5661, 59.17, 110.928
5662, 59.21, 110.945
5663, 59.25, 110.961
5664, 59.3, 110.978
5665, 59.36, 110.995
5666, 59.42, 111.011
5667, 59.47, 111.028
5668, 59.51, 111.045
5669, 59.56, 111.061
5670, 59.62, 111.078
5671, 59.66, 111.095
5672, 59.71, 111.111
5673, 59.76, 111.128
5674, 59.82, 111.145
5675, 59.87, 111.161
5676, 59.91, 111.178
5677, 59.96, 111.195
5678, 60, 111.211
5679, 60.04, 111.228
5680, 60.09, 111.245
5681, 60.15, 111.261
5682, 60.2, 111.278
5683, 60.26, 111.295
5684, 60.31, 111.311
5685, 60.35, 111.328
5686, 60.4, 111.345
5687, 60.44, 111.361
5688, 60.48, 111.378
5689, 60.53, 111.395
5690, 60.58, 111.411
5691, 60.64, 111.428
5692, 60.69, 111.445
5693, 60.73, 111.461
5694, 60.78, 111.478
5695, 60.82, 111.495
5696, 60.87, 111.511
5697, 60.92, 111.528
5698, 60.97, 111.545
5699, 61.01, 111.561
5700, 61.07, 111.578
5701, 61.12, 111.595
5702, 61.16, 111.611
5703, 61.19, 111.628
5704, 61.18, 111.645
5705, 61.13, 111.661
5706, 61.22, 111.678
5707, 61.27, 111.695
5708, 61.29, 111.711
5709, 61.33, 111.728
5710, 61.38, 111.745
5711, 61.41, 111.761
5712, 61.43, 111.778
5713, 61.47, 111.795
5714, 61.47, 111.795
5715, 61.52, 111.811
5716, 61.56, 111.828
5717, 61.59, 111.845
5718, 61.63, 111.861
5719, 61.67, 111.878
5720, 61.7, 111.895
5721, 61.74, 111.911
5722, 61.77, 111.928
5723, 61.81, 111.945
5724, 61.85, 111.961
5725, 61.88, 111.978
5726, 61.91, 111.995
5727, 61.95, 112.011
5728, 61.99, 112.028
5729, 62.03, 112.045
5730, 62.07, 112.061
5731, 62.11, 112.078
5732, 62.14, 112.095
5733, 62.18, 112.111
5734, 62.22, 112.128
5735, 62.25, 112.145
5736, 62.29, 112.161
5737, 62.32, 112.178
5738, 62.36, 112.195
5739, 62.4, 112.211
5740, 62.43, 112.228
5741, 62.47, 112.245
5742, 62.51, 112.261
5743, 62.55, 112.278
5744, 62.59, 112.295
5745, 62.59, 112.295
5746, 62.63, 112.311
5747, 62.66, 112.328
5748, 62.7, 112.345
5749, 62.73, 112.361
5750, 62.76, 112.378
5751, 62.8, 112.395
5752, 62.84, 112.411
5753, 62.88, 112.428
5754, 62.92, 112.445
5755, 62.96, 112.461
5756, 62.99, 112.478
5757, 63.03, 112.495
5758, 63.06, 112.511
5759, 63.1, 112.528
5760, 63.13, 112.545
5761, 63.17, 112.561
5762, 63.21, 112.578
5763, 63.24, 112.595
5764, 63.28, 112.611
5765, 63.31, 112.628
5766, 63.31, 112.628
5767, 63.35, 112.645
5768, 63.39, 112.661
5769, 63.42, 112.678
5770, 63.46, 112.695
5771, 63.5, 112.711
5772, 63.53, 112.728
5773, 63.57, 112.745
5774, 63.6, 112.761
5775, 63.64, 112.778
5776, 63.67, 112.795
5777, 63.71, 112.811
5778, 63.74, 112.828
5779, 63.78, 112.845
5780, 63.81, 112.861
5781, 63.84, 112.878
5782, 63.89, 112.895
5783, 63.93, 112.911
5784, 63.93, 112.911
5785, 63.97, 112.928
5786, 64, 112.945
5787, 64.03, 112.961
5788, 64.06, 112.978
5789, 64.1, 112.995
5790, 64.13, 113.011
5791, 64.17, 113.028
5792, 64.22, 113.045
5793, 64.25, 113.061
