0, 54.47, 132.671
1, 54.51, 132.688
2, 54.54, 132.705
3, 54.57, 132.721
4, 54.6, 132.738
5, 54.63, 132.755
6, 54.65, 132.771
7, 54.67, 132.788
8, 54.69, 132.805
9, 54.75, 132.838
10, 54.8, 132.855
11, 54.83, 132.871
12, 54.85, 132.888
13, 54.88, 132.905
14, 54.89, 132.921
15, 54.91, 132.938
16, 54.94, 132.955
17, 54.98, 132.971
18, 55.02, 132.988
19, 55.07, 133.021
20, 55.09, 133.038
21, 55.11, 133.055
22, 55.14, 133.071
23, 55.17, 133.088
24, 55.2, 133.105
25, 55.23, 133.121
26, 55.26, 133.138
27, 55.29, 133.155
28, 55.31, 133.171
29, 55.34, 133.188
30, 55.36, 133.205
31, 55.42, 133.238
32, 55.46, 133.255
33, 55.47, 133.271
34, 55.48, 133.288
35, 55.51, 133.305
36, 55.55, 133.321
37, 55.59, 133.338
38, 55.62, 133.355
39, 55.65, 133.371
40, 55.67, 133.388
41, 55.7, 133.405
42, 55.72, 133.421
43, 55.74, 133.455
44, 55.77, 133.471
45, 55.81, 133.488
46, 55.85, 133.505
47, 55.88, 133.521
48, 55.9, 133.538
49, 55.93, 133.555
50, 55.95, 133.571
51, 55.98, 133.588
52, 56, 133.605
53, 56.02, 133.621
54, 56.05, 133.638
55, 56.09, 133.655
56, 56.11, 133.671
57, 56.15, 133.705
58, 56.16, 133.721
59, 56.18, 133.738
60, 56.21, 133.755
61, 56.25, 133.771
62, 56.29, 133.788
63, 56.32, 133.805
64, 56.35, 133.821
65, 56.36, 133.838
66, 56.38, 133.855
67, 56.4, 133.871
68, 56.43, 133.888
69, 56.46, 133.905
70, 56.49, 133.921
71, 56.51, 133.938
72, 56.54, 133.971
73, 56.56, 133.988
74, 56.59, 134.005
75, 56.62, 134.021
76, 56.66, 134.038
77, 56.69, 134.055
78, 56.71, 134.071
79, 56.74, 134.088
80, 56.77, 134.105
81, 56.79, 134.121
82, 56.81, 134.138
83, 56.84, 134.155
84, 56.86, 134.171
85, 56.88, 134.188
86, 56.91, 134.205
87, 56.93, 134.221
88, 56.95, 134.238
89, 56.97, 134.255
90, 57.01, 134.288
91, 57.04, 134.305
92, 57.08, 134.321
93, 57.11, 134.338
94, 57.13, 134.355
95, 57.15, 134.371
96, 57.17, 134.388
97, 57.2, 134.405
98, 57.22, 134.421
99, 57.24, 134.438
100, 57.26, 134.455
101, 57.29, 134.471
102, 57.32, 134.488
103, 57.34, 134.505
104, 57.36, 134.521
105, 57.39, 134.538
106, 57.41, 134.555
107, 57.43, 1.93
108, 57.45, 1.946
109, 57.47, 1.963
110, 57.53, 1.996
111, 57.56, 2.013
112, 57.58, 2.03
113, 57.6, 2.046
114, 57.63, 2.063
115, 57.64, 2.08
116, 57.66, 2.096
117, 57.69, 2.113
118, 57.71, 2.13
119, 57.74, 2.146
120, 57.75, 2.163
121, 57.77, 2.18
122, 57.79, 2.196
123, 57.82, 2.213
124, 57.85, 2.23
125, 57.87, 2.246
126, 57.9, 2.263
127, 57.93, 2.28
128, 57.96, 2.296
129, 57.98, 2.313
130, 58, 2.33
131, 58.01, 2.346
132, 58.03, 2.363
133, 58.06, 2.38
134, 58.09, 2.396
135, 58.11, 2.413
136, 58.13, 2.43
137, 58.18, 2.463
138, 58.2, 2.48
139, 58.22, 2.496
140, 58.24, 2.513
141, 58.26, 2.53
142, 58.28, 2.546
143, 58.31, 2.563
144, 58.34, 2.58
145, 58.36, 2.596
146, 58.36, 2.613
147, 58.38, 2.63
148, 58.42, 2.646
149, 58.45, 2.663
150, 58.47, 2.68
151, 58.47, 2.696
152, 58.48, 2.713
153, 58.51, 2.73
154, 58.54, 2.746
155, 58.58, 2.763
156, 58.6, 2.78
157, 58.62, 2.796
158, 58.64, 2.813
159, 58.66, 2.83
160, 58.68, 2.846
161, 58.71, 2.863
162, 58.74, 2.88
163, 58.76, 2.896
164, 58.77, 2.913
165, 58.79, 2.93
166, 58.81, 2.946
167, 58.83, 2.963
168, 58.86, 2.98
169, 58.88, 2.996
170, 58.89, 3.013
171, 58.91, 3.03
172, 58.93, 3.046
173, 58.95, 3.063
174, 58.98, 3.08
175, 59.01, 3.096
176, 59.03, 3.113
177, 59.05, 3.13
178, 59.07, 3.146
179, 59.1, 3.18
180, 59.12, 3.196
181, 59.13, 3.213
182, 59.15, 3.23
183, 59.18, 3.246
184, 59.21, 3.263
185, 59.23, 3.28
186, 59.26, 3.296
187, 59.28, 3.313
188, 59.29, 3.33
189, 59.31, 3.346
190, 59.33, 3.363
191, 59.36, 3.38
192, 59.38, 3.396
193, 59.4, 3.413
194, 59.42, 3.43
195, 59.44, 3.446
196, 59.45, 3.463
197, 59.46, 3.48
198, 59.47, 3.496
199, 59.49, 3.513
200, 59.53, 3.53
201, 59.56, 3.546
202, 59.59, 3.563
203, 59.61, 3.58
204, 59.59, 3.596
205, 59.56, 3.613
206, 59.59, 3.63
207, 59.6, 3.646
208, 59.6, 3.663
209, 59.62, 3.68
210, 59.65, 3.696
211, 59.68, 3.713
212, 59.69, 3.73
213, 59.71, 3.746
214, 59.72, 3.763
215, 59.75, 3.78
216, 59.77, 3.796
217, 59.79, 3.813
218, 59.8, 3.83
219, 59.82, 3.846
220, 59.84, 3.863
221, 59.86, 3.88
222, 59.88, 3.896
223, 59.88, 3.896
224, 59.88, 3.896
225, 59.88, 3.896
226, 59.88, 3.896
227, 59.88, 3.896
228, 59.97, 3.996
229, 59.99, 4.013
230, 60.03, 4.03
231, 60.06, 4.046
232, 60.08, 4.063
233, 60.1, 4.08
234, 60.12, 4.096
235, 60.13, 4.113
236, 60.15, 4.13
237, 60.16, 4.146
238, 60.17, 4.163
239, 60.19, 4.18
240, 60.22, 4.196
241, 60.24, 4.213
242, 60.26, 4.23
243, 60.28, 4.246
244, 60.29, 4.263
245, 60.31, 4.28
246, 60.33, 4.296
247, 60.35, 4.313
248, 60.36, 4.33
249, 60.38, 4.346
250, 60.39, 4.363
251, 60.4, 4.38
252, 60.43, 4.396
253, 60.45, 4.413
254, 60.47, 4.43
255, 60.49, 4.446
256, 60.5, 4.463
257, 60.52, 4.48
258, 60.54, 4.496
259, 60.56, 4.513
260, 60.59, 4.53
261, 60.61, 4.546
262, 60.63, 4.563
263, 60.63, 4.58
264, 60.64, 4.596
265, 60.66, 4.613
266, 60.69, 4.63
267, 60.72, 4.646
268, 60.74, 4.663
269, 60.75, 4.68
270, 60.76, 4.696
271, 60.76, 4.713
272, 60.77, 4.73
273, 60.8, 4.746
274, 60.83, 4.763
275, 60.85, 4.78
276, 60.88, 4.796
277, 60.89, 4.813
278, 60.91, 4.83
279, 60.93, 4.846
280, 60.93, 4.846
281, 60.94, 4.863
282, 60.96, 4.88
283, 60.98, 4.896
284, 61, 4.913
285, 61.02, 4.93
286, 61.04, 4.946
287, 61.05, 4.963
288, 61.06, 4.98
289, 61.08, 4.996
290, 61.1, 5.013
291, 61.12, 5.03
292, 61.14, 5.046
293, 61.16, 5.063
294, 61.17, 5.08
295, 61.18, 5.096
296, 61.19, 5.113
297, 61.2, 5.13
298, 61.2, 5.146
299, 61.2, 5.163
300, 61.2, 5.18
301, 61.2, 5.196
302, 61.21, 5.213
303, 61.2, 5.23
304, 61.19, 5.246
305, 61.17, 5.263
306, 61.15, 5.28
307, 61.12, 5.296
308, 61.07, 5.313
309, 61.01, 5.33
310, 60.94, 5.346
311, 60.86, 5.363
312, 60.76, 5.38
313, 60.64, 5.396
314, 60.51, 5.413
315, 60.37, 5.43
316, 60.22, 5.446
317, 60.05, 5.463
318, 59.87, 5.48
319, 59.69, 5.496
320, 59.5, 5.513
321, 59.31, 5.53
322, 59.12, 5.546
323, 58.94, 5.563
324, 58.75, 5.58
325, 58.57, 5.596
326, 58.37, 5.613
327, 58.16, 5.63
328, 57.95, 5.646
329, 57.75, 5.663
330, 57.56, 5.68
331, 57.36, 5.696
332, 57.16, 5.713
333, 56.97, 5.73
334, 56.8, 5.746
335, 56.6, 5.763
336, 56.43, 5.78
337, 56.06, 5.813
338, 55.87, 5.83
339, 55.69, 5.846
340, 55.5, 5.863
341, 55.31, 5.88
342, 55.13, 5.896
343, 55.13, 5.896
344, 54.8, 5.93
345, 54.62, 5.946
346, 54.43, 5.963
347, 54.25, 5.98
348, 53.85, 6.013
349, 53.68, 6.03
350, 53.51, 6.046
351, 53.33, 6.063
352, 53.15, 6.08
353, 52.98, 6.096
354, 52.8, 6.113
355, 52.61, 6.13
356, 52.28, 6.163
357, 52.12, 6.18
358, 51.95, 6.196
359, 51.78, 6.213
360, 51.62, 6.23
361, 51.46, 6.246
362, 51.17, 6.28
363, 51.03, 6.296
364, 50.89, 6.313
365, 50.75, 6.33
366, 50.61, 6.346
367, 50.33, 6.38
368, 50.16, 6.396
369, 50.02, 6.413
370, 49.89, 6.43
371, 49.76, 6.446
372, 49.52, 6.48
373, 49.36, 6.496
374, 49.23, 6.513
375, 49.11, 6.53
376, 48.87, 6.563
377, 48.76, 6.58
378, 48.68, 6.596
379, 48.58, 6.613
380, 48.38, 6.646
381, 48.27, 6.663
382, 48.17, 6.68
383, 48.09, 6.696
384, 47.97, 6.73
385, 47.91, 6.746
386, 47.86, 6.763
387, 47.81, 6.78
388, 47.73, 6.813
389, 47.69, 6.83
390, 47.66, 6.846
391, 47.63, 6.863
392, 47.56, 6.896
393, 47.53, 6.913
394, 47.49, 6.93
395, 47.42, 6.963
396, 47.39, 6.98
397, 47.35, 6.996
398, 47.32, 7.013
399, 47.26, 7.046
400, 47.22, 7.063
401, 47.18, 7.08
402, 47.1, 7.113
403, 47.06, 7.13
404, 47.02, 7.146
405, 46.95, 7.18
406, 46.91, 7.196
407, 46.87, 7.213
408, 46.83, 7.23
409, 46.76, 7.263
410, 46.72, 7.28
411, 46.69, 7.296
412, 46.62, 7.33
413, 46.59, 7.346
414, 46.55, 7.363
415, 46.47, 7.396
416, 46.43, 7.413
417, 46.38, 7.43
418, 46.34, 7.446
419, 46.25, 7.48
420, 46.21, 7.496
421, 46.18, 7.513
422, 46.11, 7.546
423, 46.07, 7.563
424, 46.04, 7.58
425, 45.95, 7.613
426, 45.9, 7.63
427, 45.85, 7.646
428, 45.76, 7.68
429, 45.72, 7.696
430, 45.68, 7.713
431, 45.61, 7.746
432, 45.57, 7.763
433, 45.51, 7.796
434, 45.47, 7.813
435, 45.43, 7.83
436, 45.36, 7.863
437, 45.33, 7.88
438, 45.3, 7.896
439, 45.3, 7.896
440, 45.3, 7.896
441, 45.23, 7.963
442, 45.18, 7.996
443, 45.16, 8.013
444, 45.15, 8.03
445, 45.12, 8.063
446, 45.1, 8.08
447, 45.07, 8.096
448, 45.04, 8.13
449, 45.02, 8.146
450, 44.99, 8.18
451, 44.98, 8.196
452, 44.97, 8.213
453, 44.97, 8.246
454, 44.97, 8.263
455, 44.97, 8.28
456, 44.96, 8.313
457, 44.96, 8.33
458, 44.95, 8.346
459, 44.95, 8.38
460, 44.95, 8.396
461, 44.94, 8.413
462, 44.94, 8.446
463, 44.93, 8.463
464, 44.93, 8.48
465, 44.91, 8.513
466, 44.89, 8.53
467, 44.86, 8.546
468, 44.81, 8.58
469, 44.77, 8.596
470, 44.71, 8.613
471, 44.64, 8.646
472, 44.62, 8.663
473, 44.57, 8.696
474, 44.54, 8.713
475, 44.51, 8.73
476, 44.45, 8.763
477, 44.42, 8.78
478, 44.38, 8.796
479, 44.32, 8.83
480, 44.29, 8.846
481, 44.26, 8.863
482, 44.21, 8.896
483, 44.18, 8.913
484, 44.13, 8.946
485, 44.1, 8.963
486, 44.07, 8.98
487, 44.01, 9.013
488, 43.98, 9.03
489, 43.95, 9.046
490, 43.89, 9.08
491, 43.86, 9.096
492, 43.83, 9.113
493, 43.76, 9.146
494, 43.73, 9.163
495, 43.67, 9.196
496, 43.64, 9.213
497, 43.6, 9.23
498, 43.53, 9.263
499, 43.49, 9.28
500, 43.46, 9.296
501, 43.38, 9.33
502, 43.34, 9.346
503, 43.26, 9.38
504, 43.22, 9.396
505, 43.19, 9.413
506, 43.12, 9.446
507, 43.09, 9.463
508, 43.06, 9.48
509, 43.03, 9.513
510, 43.02, 9.53
511, 42.98, 9.563
512, 42.96, 9.58
513, 42.94, 9.596
514, 42.91, 9.63
515, 42.9, 9.646
516, 42.9, 9.68
517, 42.9, 9.696
518, 42.92, 9.713
519, 42.96, 9.746
520, 42.97, 9.763
521, 42.95, 9.796
522, 42.93, 9.813
523, 42.92, 9.83
524, 42.91, 9.863
525, 42.92, 9.88
526, 42.94, 9.913
527, 42.95, 9.93
528, 42.96, 9.946
529, 42.99, 9.98
530, 43, 9.996
531, 43, 10.013
532, 42.99, 10.046
533, 42.99, 10.063
534, 43.02, 10.096
535, 43.05, 10.113
536, 43.07, 10.13
537, 43.12, 10.163
538, 43.15, 10.18
539, 43.19, 10.213
540, 43.21, 10.23
541, 43.23, 10.246
542, 43.29, 10.28
543, 43.32, 10.296
544, 43.39, 10.33
545, 43.43, 10.346
546, 43.46, 10.363
547, 43.52, 10.396
548, 43.55, 10.413
549, 43.58, 10.43
550, 43.66, 10.463
551, 43.69, 10.48
552, 43.75, 10.513
553, 43.78, 10.53
554, 43.82, 10.546
555, 43.88, 10.58
556, 43.9, 10.596
557, 43.91, 10.613
558, 43.99, 10.646
559, 44.04, 10.663
560, 44.14, 10.696
561, 44.17, 10.713
562, 44.2, 10.73
563, 44.24, 10.763
564, 44.27, 10.78
565, 44.29, 10.796
566, 44.35, 10.83
567, 44.37, 10.846
568, 44.4, 10.863
569, 44.48, 10.896
570, 44.53, 10.913
571, 44.57, 10.93
572, 44.65, 10.963
573, 44.69, 10.98
574, 44.72, 10.996
575, 44.78, 11.03
576, 44.8, 11.046
577, 44.83, 11.063
578, 44.87, 11.096
579, 44.91, 11.113
580, 44.95, 11.13
581, 45.02, 11.163
582, 45.06, 11.18
583, 45.11, 11.196
584, 45.19, 11.23
585, 45.23, 11.246
586, 45.26, 11.263
587, 45.32, 11.296
588, 45.34, 11.313
589, 45.39, 11.33
590, 45.5, 11.363
591, 45.54, 11.38
592, 45.56, 11.396
593, 45.62, 11.43
594, 45.65, 11.446
595, 45.7, 11.463
596, 45.75, 11.48
597, 45.83, 11.513
598, 45.86, 11.53
599, 45.88, 11.546
600, 45.92, 11.58
601, 45.94, 11.596
602, 45.98, 11.613
603, 46.07, 11.646
604, 46.09, 11.663
605, 46.13, 11.68
606, 46.25, 11.713
607, 46.3, 11.73
608, 46.34, 11.746
609, 46.37, 11.763
610, 46.44, 11.796
611, 46.48, 11.813
612, 46.52, 11.83
613, 46.58, 11.863
614, 46.61, 11.88
615, 46.64, 11.896
616, 46.67, 11.913
617, 46.71, 11.946
618, 46.74, 11.963
619, 46.78, 11.98
620, 46.88, 12.013
621, 46.94, 12.03
622, 46.99, 12.046
623, 47.03, 12.063
624, 47.1, 12.096
625, 47.14, 12.113
626, 47.18, 12.13
627, 47.25, 12.163
628, 47.28, 12.18
629, 47.31, 12.196
630, 47.34, 12.213
631, 47.42, 12.246
632, 47.47, 12.263
633, 47.51, 12.28
634, 47.54, 12.296
635, 47.61, 12.33
636, 47.63, 12.346
637, 47.66, 12.363
638, 47.69, 12.38
639, 47.77, 12.413
640, 47.83, 12.43
641, 47.89, 12.446
642, 47.92, 12.463
643, 47.99, 12.496
644, 48.03, 12.513
645, 48.07, 12.53
646, 48.11, 12.546
647, 48.18, 12.58
648, 48.21, 12.596
649, 48.25, 12.613
650, 48.29, 12.63
651, 48.36, 12.663
652, 48.39, 12.68
653, 48.43, 12.696
654, 48.47, 12.713
655, 48.55, 12.746
656, 48.58, 12.763
657, 48.61, 12.78
658, 48.65, 12.796
659, 48.72, 12.83
660, 48.76, 12.846
661, 48.8, 12.863
662, 48.83, 12.88
663, 48.9, 12.913
664, 48.94, 12.93
665, 48.97, 12.946
666, 49.01, 12.963
667, 49.04, 12.98
668, 49.11, 13.013
669, 49.15, 13.03
670, 49.18, 13.046
671, 49.21, 13.063
672, 49.29, 13.096
673, 49.33, 13.113
674, 49.36, 13.13
675, 49.4, 13.146
676, 49.44, 13.163
677, 49.52, 13.196
678, 49.55, 13.213
679, 49.58, 13.23
680, 49.62, 13.246
681, 49.65, 13.263
682, 49.72, 13.296
683, 49.76, 13.313
684, 49.79, 13.33
685, 49.83, 13.346
686, 49.91, 13.38
687, 49.95, 13.396
688, 49.96, 13.413
689, 49.92, 13.43
690, 49.95, 13.446
691, 50.03, 13.48
692, 50.05, 13.496
693, 50.08, 13.513
694, 50.11, 13.53
695, 50.15, 13.546
696, 50.21, 13.58
697, 50.25, 13.596
698, 50.29, 13.613
699, 50.33, 13.63
700, 50.37, 13.646
701, 50.44, 13.68
702, 50.47, 13.696
703, 50.5, 13.713
704, 50.54, 13.73
705, 50.57, 13.746
706, 50.61, 13.763
707, 50.68, 13.796
708, 50.71, 13.813
709, 50.74, 13.83
710, 50.77, 13.846
711, 50.81, 13.863
712, 50.88, 13.896
713, 50.92, 13.913
714, 50.95, 13.93
715, 50.99, 13.946
716, 51.02, 13.963
717, 51.06, 13.98
718, 51.13, 14.013
719, 51.16, 14.03
720, 51.19, 14.046
721, 51.23, 14.063
722, 51.26, 14.08
723, 51.3, 14.096
724, 51.36, 14.13
725, 51.4, 14.146
726, 51.43, 14.163
727, 51.46, 14.18
728, 51.49, 14.196
729, 51.53, 14.213
730, 51.59, 14.246
731, 51.63, 14.263
732, 51.66, 14.28
733, 51.69, 14.296
734, 51.72, 14.313
735, 51.75, 14.33
736, 51.82, 14.363
737, 51.86, 14.38
738, 51.89, 14.396
739, 51.92, 14.413
740, 51.95, 14.43
741, 51.98, 14.446
742, 52.04, 14.48
743, 52.08, 14.496
744, 52.11, 14.513
745, 52.14, 14.53
746, 52.16, 14.546
747, 52.19, 14.563
748, 52.21, 14.58
749, 52.28, 14.613
750, 52.32, 14.63
751, 52.35, 14.646
752, 52.39, 14.663
753, 52.42, 14.68
754, 52.45, 14.696
755, 52.51, 14.73
756, 52.55, 14.746
757, 52.58, 14.763
758, 52.61, 14.78
759, 52.64, 14.796
760, 52.67, 14.813
761, 52.69, 14.83
762, 52.76, 14.863
763, 52.79, 14.88
764, 52.83, 14.896
765, 52.87, 14.913
766, 52.9, 14.93
767, 52.94, 14.946
768, 52.97, 14.963
769, 53, 14.98
770, 53.06, 15.013
771, 53.09, 15.03
772, 53.12, 15.046
773, 53.15, 15.063
774, 53.18, 15.08
775, 53.2, 15.096
776, 53.23, 15.113
777, 53.29, 15.146
778, 53.32, 15.163
779, 53.35, 15.18
780, 53.39, 15.196
781, 53.41, 15.213
782, 53.43, 15.23
783, 53.46, 15.246
784, 53.49, 15.263
785, 53.56, 15.296
786, 53.58, 15.313
787, 53.61, 15.33
788, 53.64, 15.346
789, 53.67, 15.363
790, 53.69, 15.38
791, 53.72, 15.396
792, 53.74, 15.413
793, 53.77, 15.43
794, 53.81, 15.463
795, 53.83, 15.48
796, 53.87, 15.496
797, 53.9, 15.513
798, 53.93, 15.53
799, 53.95, 15.546
800, 53.97, 15.563
801, 53.98, 15.58
802, 54, 15.613
803, 54, 15.63
804, 53.99, 15.646
805, 53.99, 15.663
806, 53.98, 15.68
807, 53.97, 15.696
808, 53.94, 15.713
809, 53.89, 15.73
810, 53.81, 15.746
811, 53.61, 15.78
812, 53.48, 15.796
813, 53.34, 15.813
814, 53.19, 15.83
815, 53.04, 15.846
816, 52.88, 15.863
817, 52.7, 15.88
818, 52.5, 15.896
819, 52.1, 15.93
820, 51.91, 15.946
821, 51.71, 15.963
822, 51.5, 15.98
823, 51.3, 15.996
824, 51.1, 16.013
825, 50.71, 16.046
826, 50.51, 16.063
827, 50.31, 16.08
828, 50.09, 16.096
829, 49.87, 16.113
830, 49.44, 16.146
831, 49.22, 16.163
832, 49.01, 16.18
833, 48.81, 16.196
834, 48.6, 16.213
835, 48.2, 16.246
836, 48, 16.263
837, 47.79, 16.28
838, 47.59, 16.296
839, 47.17, 16.33
840, 46.95, 16.346
841, 46.74, 16.363
842, 46.53, 16.38
843, 46.1, 16.413
844, 45.89, 16.43
845, 45.67, 16.446
846, 45.25, 16.48
847, 45.02, 16.496
848, 44.8, 16.513
849, 44.35, 16.546
850, 44.13, 16.563
851, 43.91, 16.58
852, 43.48, 16.613
853, 43.26, 16.63
854, 42.82, 16.663
855, 42.61, 16.68
856, 42.4, 16.696
857, 41.99, 16.73
858, 41.79, 16.746
859, 41.41, 16.78
860, 41.23, 16.796
861, 40.86, 16.83
862, 40.67, 16.846
863, 40.49, 16.863
864, 40.14, 16.896
865, 39.96, 16.913
866, 39.6, 16.946
867, 39.23, 16.98
868, 39.05, 16.996
869, 38.68, 17.03
870, 38.5, 17.046
871, 38.14, 17.08
872, 37.96, 17.096
873, 37.6, 17.13
874, 37.43, 17.146
875, 37.07, 17.18
876, 36.71, 17.213
877, 36.53, 17.23
878, 36.17, 17.263
879, 35.82, 17.296
880, 35.65, 17.313
881, 35.32, 17.346
882, 35, 17.38
883, 34.84, 17.396
884, 34.54, 17.43
885, 34.26, 17.463
886, 33.96, 17.496
887, 33.8, 17.513
888, 33.51, 17.546
889, 33.25, 17.58
890, 32.99, 17.613
891, 32.73, 17.646
892, 32.51, 17.68
893, 32.41, 17.696
894, 32.22, 17.73
895, 32.03, 17.763
896, 31.84, 17.796
897, 31.67, 17.83
898, 31.51, 17.863
899, 31.36, 17.896
900, 31.21, 17.93
901, 31.06, 17.963
902, 30.91, 17.996
903, 30.79, 18.03
904, 30.73, 18.046
905, 30.6, 18.08
906, 30.47, 18.113
907, 30.36, 18.146
908, 30.27, 18.18
909, 30.21, 18.213
910, 30.14, 18.246
911, 30.09, 18.28
912, 30.05, 18.313
913, 29.99, 18.346
914, 29.92, 18.38
915, 29.83, 18.43
916, 29.76, 18.463
917, 29.7, 18.496
918, 29.64, 18.53
919, 29.58, 18.563
920, 29.51, 18.596
921, 29.44, 18.63
922, 29.36, 18.663
923, 29.3, 18.696
924, 29.23, 18.73
925, 29.14, 18.763
926, 29.02, 18.796
927, 28.9, 18.83
928, 28.77, 18.863
929, 28.69, 18.896
930, 28.58, 18.946
931, 28.47, 18.98
932, 28.37, 19.013
933, 28.3, 19.046
934, 28.21, 19.08
935, 28.12, 19.113
936, 28.04, 19.146
937, 27.96, 19.18
938, 27.83, 19.23
939, 27.77, 19.263
940, 27.7, 19.296
941, 27.64, 19.33
942, 27.59, 19.363
943, 27.53, 19.396
944, 27.51, 19.446
945, 27.47, 19.48
946, 27.43, 19.513
947, 27.41, 19.546
948, 27.42, 19.58
949, 27.43, 19.63
950, 27.44, 19.663
951, 27.47, 19.696
952, 27.51, 19.73
953, 27.52, 19.763
954, 27.5, 19.813
955, 27.52, 19.846
956, 27.55, 19.88
957, 27.57, 19.913
958, 27.62, 19.946
959, 27.67, 19.98
960, 27.69, 20.03
961, 27.7, 20.063
962, 27.74, 20.096
963, 27.77, 20.13
964, 27.84, 20.163
965, 27.9, 20.196
966, 27.99, 20.246
967, 28.08, 20.28
968, 28.2, 20.313
969, 28.31, 20.346
970, 28.43, 20.38
971, 28.56, 20.413
972, 28.66, 20.446
973, 28.87, 20.496
974, 29.04, 20.53
975, 29.2, 20.563
976, 29.35, 20.596
977, 29.49, 20.63
978, 29.63, 20.663
979, 29.8, 20.696
980, 29.96, 20.73
981, 30.11, 20.763
982, 30.26, 20.796
983, 30.42, 20.83
984, 30.56, 20.863
985, 30.71, 20.896
986, 30.85, 20.93
987, 31.01, 20.963
988, 31.16, 20.996
989, 31.3, 21.03
990, 31.37, 21.046
991, 31.5, 21.08
992, 31.62, 21.113
993, 31.74, 21.146
994, 31.84, 21.18
995, 31.92, 21.213
996, 32.01, 21.246
997, 32.09, 21.28
998, 32.17, 21.313
999, 32.21, 21.33
1000, 32.26, 21.363
1001, 32.31, 21.396
1002, 32.37, 21.43
1003, 32.42, 21.463
1004, 32.47, 21.496
1005, 32.5, 21.53
1006, 32.53, 21.546
1007, 32.57, 21.58
1008, 32.62, 21.613
1009, 32.67, 21.646
1010, 32.73, 21.68
1011, 32.77, 21.696
1012, 32.81, 21.73
1013, 32.84, 21.763
1014, 32.94, 21.813
1015, 32.97, 21.83
1016, 33.01, 21.863
1017, 33.03, 21.88
1018, 33.11, 21.913
1019, 33.2, 21.946
1020, 33.3, 21.98
1021, 33.41, 22.013
1022, 33.46, 22.03
1023, 33.54, 22.063
1024, 33.62, 22.096
1025, 33.64, 22.13
1026, 33.61, 22.146
1027, 33.76, 22.18
1028, 33.87, 22.213
1029, 33.98, 22.246
1030, 34.1, 22.28
1031, 34.16, 22.296
1032, 34.28, 22.33
1033, 34.41, 22.363
1034, 34.53, 22.396
1035, 34.58, 22.413
1036, 34.71, 22.446
1037, 34.86, 22.48
1038, 34.91, 22.496
1039, 35.04, 22.53
1040, 35.16, 22.563
1041, 35.29, 22.596
1042, 35.36, 22.613
1043, 35.49, 22.646
1044, 35.6, 22.68
1045, 35.65, 22.696
1046, 35.72, 22.73
1047, 35.76, 22.763
1048, 35.76, 22.78
1049, 35.69, 22.813
1050, 35.51, 22.846
1051, 35.4, 22.863
1052, 35.15, 22.896
1053, 34.87, 22.93
1054, 34.58, 22.963
1055, 34.42, 22.98
1056, 34.1, 23.013
1057, 33.8, 23.046
1058, 33.5, 23.08
1059, 33.36, 23.096
1060, 33.07, 23.13
1061, 32.77, 23.163
1062, 32.49, 23.196
1063, 32.21, 23.23
1064, 31.93, 23.263
1065, 31.65, 23.296
1066, 31.39, 23.33
1067, 31.27, 23.346
1068, 31, 23.38
1069, 30.73, 23.413
1070, 30.46, 23.446
1071, 30.23, 23.48
1072, 30.03, 23.513
1073, 29.85, 23.546
1074, 29.57, 23.596
1075, 29.44, 23.63
1076, 29.33, 23.663
1077, 29.24, 23.696
1078, 29.17, 23.73
1079, 29.12, 23.763
1080, 29.07, 23.796
1081, 29.02, 23.83
1082, 28.97, 23.863
1083, 28.91, 23.896
1084, 28.81, 23.946
1085, 28.75, 23.98
1086, 28.68, 24.013
1087, 28.61, 24.046
1088, 28.54, 24.08
1089, 28.47, 24.113
1090, 28.38, 24.163
1091, 28.31, 24.196
1092, 28.24, 24.23
1093, 28.17, 24.263
1094, 28.1, 24.296
1095, 28, 24.346
1096, 27.93, 24.38
1097, 27.86, 24.413
1098, 27.79, 24.446
1099, 27.67, 24.496
1100, 27.6, 24.53
1101, 27.52, 24.563
1102, 27.44, 24.596
1103, 27.34, 24.646
1104, 27.26, 24.68
1105, 27.18, 24.713
1106, 27.12, 24.746
1107, 27.02, 24.796
1108, 26.98, 24.83
1109, 26.96, 24.863
1110, 26.93, 24.913
1111, 26.93, 24.946
1112, 26.95, 24.98
1113, 26.97, 25.03
1114, 26.99, 25.063
1115, 27.04, 25.096
1116, 27.12, 25.13
1117, 27.21, 25.18
1118, 27.28, 25.213
1119, 27.36, 25.246
1120, 27.51, 25.296
1121, 27.59, 25.33
1122, 27.67, 25.363
1123, 27.77, 25.396
1124, 27.86, 25.43
1125, 27.99, 25.48
1126, 28.09, 25.513
1127, 28.17, 25.546
1128, 28.26, 25.58
1129, 28.37, 25.613
1130, 28.47, 25.646
1131, 28.6, 25.696
1132, 28.68, 25.73
1133, 28.76, 25.763
1134, 28.84, 25.796
1135, 28.97, 25.83
1136, 29.07, 25.863
1137, 29.14, 25.896
1138, 29.22, 25.93
1139, 29.33, 25.963
1140, 29.45, 25.996
1141, 29.55, 26.03
1142, 29.64, 26.063
1143, 29.75, 26.096
1144, 29.93, 26.13
1145, 30.08, 26.163
1146, 30.2, 26.196
1147, 30.31, 26.23
1148, 30.43, 26.263
1149, 30.56, 26.296
1150, 30.69, 26.33
1151, 30.82, 26.363
1152, 30.97, 26.396
1153, 31.13, 26.43
1154, 31.26, 26.463
1155, 31.39, 26.496
1156, 31.55, 26.53
1157, 31.69, 26.563
1158, 31.75, 26.58
1159, 31.87, 26.613
1160, 31.98, 26.646
1161, 32.11, 26.68
1162, 32.26, 26.713
1163, 32.38, 26.746
1164, 32.49, 26.78
1165, 32.54, 26.796
1166, 32.66, 26.83
1167, 32.75, 26.863
1168, 32.73, 26.896
1169, 32.85, 26.93
1170, 32.9, 26.946
1171, 33.01, 26.98
1172, 33.11, 27.013
1173, 33.23, 27.046
1174, 33.34, 27.08
1175, 33.45, 27.113
1176, 33.51, 27.13
1177, 33.63, 27.163
1178, 33.76, 27.196
1179, 33.88, 27.23
1180, 33.95, 27.246
1181, 34.08, 27.28
1182, 34.2, 27.313
1183, 34.31, 27.346
1184, 34.42, 27.38
1185, 34.48, 27.396
1186, 34.6, 27.43
1187, 34.72, 27.463
1188, 34.84, 27.496
1189, 34.9, 27.513
1190, 35.03, 27.546
1191, 35.15, 27.58
1192, 35.2, 27.596
1193, 35.3, 27.63
1194, 35.42, 27.663
1195, 35.5, 27.68
1196, 35.64, 27.713
1197, 35.75, 27.746
1198, 35.87, 27.78
1199, 35.93, 27.796
1200, 36.06, 27.83
1201, 36.18, 27.863
1202, 36.24, 27.88
1203, 36.36, 27.913
1204, 36.42, 27.93
1205, 36.54, 27.963
1206, 36.67, 27.996
1207, 36.74, 28.013
1208, 36.87, 28.046
1209, 36.99, 28.08
1210, 37.05, 28.096
1211, 37.17, 28.13
1212, 37.28, 28.163
1213, 37.34, 28.18
1214, 37.45, 28.213
1215, 37.51, 28.23
1216, 37.62, 28.263
1217, 37.75, 28.296
1218, 37.8, 28.313
1219, 37.9, 28.346
1220, 37.95, 28.363
1221, 38.08, 28.396
1222, 38.14, 28.413
1223, 38.26, 28.446
1224, 38.38, 28.48
1225, 38.43, 28.496
1226, 38.54, 28.53
1227, 38.6, 28.546
1228, 38.71, 28.58
1229, 38.76, 28.596
1230, 38.87, 28.63
1231, 38.98, 28.663
1232, 39.03, 28.68
1233, 39.14, 28.713
1234, 39.18, 28.73
1235, 39.27, 28.763
1236, 39.33, 28.78
1237, 39.46, 28.813
1238, 39.52, 28.83
1239, 39.62, 28.863
1240, 39.66, 28.88
1241, 39.76, 28.913
1242, 39.8, 28.93
1243, 39.9, 28.963
1244, 39.95, 28.98
1245, 40.07, 29.013
1246, 40.13, 29.03
1247, 40.23, 29.063
1248, 40.28, 29.08
1249, 40.38, 29.113
1250, 40.43, 29.13
1251, 40.53, 29.163
1252, 40.58, 29.18
1253, 40.68, 29.213
1254, 40.73, 29.23
1255, 40.83, 29.263
1256, 40.88, 29.28
1257, 40.97, 29.313
1258, 41.03, 29.33
1259, 41.13, 29.363
1260, 41.18, 29.38
1261, 41.28, 29.413
1262, 41.33, 29.43
1263, 41.43, 29.463
1264, 41.47, 29.48
1265, 41.5, 29.496
1266, 41.46, 29.53
1267, 41.54, 29.546
1268, 41.62, 29.58
1269, 41.66, 29.596
1270, 41.74, 29.63
1271, 41.79, 29.646
1272, 41.89, 29.68
1273, 41.95, 29.696
1274, 42, 29.713
1275, 42.09, 29.746
1276, 42.13, 29.763
1277, 42.23, 29.796
1278, 42.27, 29.813
1279, 42.37, 29.846
1280, 42.42, 29.863
1281, 42.46, 29.88
1282, 42.55, 29.913
1283, 42.6, 29.93
1284, 42.69, 29.963
1285, 42.74, 29.98
1286, 42.79, 29.996
1287, 42.88, 30.03
1288, 42.92, 30.046
1289, 43.01, 30.08
1290, 43.06, 30.096
1291, 43.1, 30.113
1292, 43.2, 30.146
1293, 43.24, 30.163
1294, 43.33, 30.196
1295, 43.37, 30.213
1296, 43.42, 30.23
1297, 43.5, 30.263
1298, 43.54, 30.28
1299, 43.64, 30.313
1300, 43.69, 30.33
1301, 43.73, 30.346
1302, 43.82, 30.38
1303, 43.87, 30.396
1304, 43.92, 30.413
1305, 44.01, 30.446
1306, 44.05, 30.463
1307, 44.14, 30.496
1308, 44.19, 30.513
1309, 44.23, 30.53
1310, 44.32, 30.563
1311, 44.36, 30.58
1312, 44.41, 30.596
1313, 44.49, 30.63
1314, 44.54, 30.646
1315, 44.59, 30.663
1316, 44.67, 30.696
1317, 44.72, 30.713
1318, 44.76, 30.73
1319, 44.83, 30.763
1320, 44.86, 30.78
1321, 44.9, 30.796
1322, 45.02, 30.83
1323, 45.08, 30.846
1324, 45.12, 30.863
1325, 45.2, 30.896
1326, 45.24, 30.913
1327, 45.28, 30.93
1328, 45.37, 30.963
1329, 45.42, 30.98
1330, 45.47, 30.996
1331, 45.55, 31.03
1332, 45.59, 31.046
1333, 45.63, 31.063
1334, 45.71, 31.096
1335, 45.74, 31.113
1336, 45.78, 31.13
1337, 45.87, 31.163
1338, 45.92, 31.18
1339, 45.97, 31.196
1340, 46.05, 31.23
1341, 46.09, 31.246
1342, 46.13, 31.263
1343, 46.2, 31.296
1344, 46.24, 31.313
1345, 46.28, 31.33
1346, 46.33, 31.346
1347, 46.41, 31.38
1348, 46.45, 31.396
1349, 46.49, 31.413
1350, 46.58, 31.446
1351, 46.62, 31.463
1352, 46.65, 31.48
1353, 46.69, 31.496
1354, 46.78, 31.53
1355, 46.82, 31.546
1356, 46.86, 31.563
1357, 46.94, 31.596
1358, 46.99, 31.613
1359, 47.03, 31.63
1360, 47.07, 31.646
1361, 47.15, 31.68
1362, 47.19, 31.696
1363, 47.22, 31.713
1364, 47.31, 31.746
1365, 47.35, 31.763
1366, 47.39, 31.78
1367, 47.43, 31.796
1368, 47.5, 31.83
1369, 47.54, 31.846
1370, 47.58, 31.863
1371, 47.62, 31.88
1372, 47.71, 31.913
1373, 47.75, 31.93
1374, 47.79, 31.946
1375, 47.83, 31.963
1376, 47.9, 31.996
1377, 47.94, 32.013
1378, 47.98, 32.03
1379, 48.02, 32.046
1380, 48.1, 32.08
1381, 48.13, 32.096
1382, 48.17, 32.113
1383, 48.21, 32.13
1384, 48.29, 32.163
1385, 48.32, 32.18
1386, 48.36, 32.196
1387, 48.4, 32.213
1388, 48.48, 32.246
1389, 48.52, 32.263
1390, 48.56, 32.28
1391, 48.6, 32.296
1392, 48.67, 32.33
1393, 48.71, 32.346
1394, 48.75, 32.363
1395, 48.79, 32.38
1396, 48.82, 32.396
1397, 48.89, 32.43
1398, 48.93, 32.446
1399, 48.97, 32.463
1400, 49.01, 32.48
1401, 49.08, 32.513
1402, 49.12, 32.53
1403, 49.16, 32.546
1404, 49.19, 32.563
1405, 49.23, 32.58
1406, 49.29, 32.613
1407, 49.33, 32.63
1408, 49.37, 32.646
1409, 49.4, 32.663
1410, 49.48, 32.696
1411, 49.51, 32.713
1412, 49.55, 32.73
1413, 49.58, 32.746
1414, 49.62, 32.763
1415, 49.68, 32.796
1416, 49.72, 32.813
1417, 49.76, 32.83
1418, 49.79, 32.846
1419, 49.83, 32.863
1420, 49.9, 32.896
1421, 49.93, 32.913
1422, 49.96, 32.93
1423, 49.99, 32.946
1424, 50.03, 32.963
1425, 50.09, 32.996
1426, 50.12, 33.013
1427, 50.16, 33.03
1428, 50.19, 33.046
1429, 50.2, 33.063
1430, 50.2, 33.096
1431, 50.24, 33.113
1432, 50.27, 33.13
1433, 50.29, 33.146
1434, 50.31, 33.163
1435, 50.37, 33.196
1436, 50.41, 33.213
1437, 50.45, 33.23
1438, 50.48, 33.246
1439, 50.52, 33.263
1440, 50.58, 33.296
1441, 50.61, 33.313
1442, 50.64, 33.33
1443, 50.68, 33.346
1444, 50.71, 33.363
1445, 50.74, 33.38
1446, 50.8, 33.413
1447, 50.84, 33.43
1448, 50.87, 33.446
1449, 50.9, 33.463
1450, 50.93, 33.48
1451, 50.99, 33.513
1452, 51.03, 33.53
1453, 51.07, 33.546
1454, 51.09, 33.563
1455, 51.12, 33.58
1456, 51.15, 33.596
1457, 51.22, 33.63
1458, 51.26, 33.646
1459, 51.29, 33.663
1460, 51.32, 33.68
1461, 51.36, 33.696
1462, 51.38, 33.713
1463, 51.44, 33.746
1464, 51.47, 33.763
1465, 51.51, 33.78
1466, 51.55, 33.796
1467, 51.58, 33.813
1468, 51.61, 33.83
1469, 51.66, 33.863
1470, 51.69, 33.88
1471, 51.73, 33.896
1472, 51.76, 33.913
1473, 51.79, 33.93
1474, 51.83, 33.946
1475, 51.89, 33.98
1476, 51.92, 33.996
1477, 51.95, 34.013
1478, 51.98, 34.03
1479, 52.01, 34.046
1480, 52.04, 34.063
1481, 52.11, 34.096
1482, 52.14, 34.113
1483, 52.17, 34.13
1484, 52.2, 34.146
1485, 52.23, 34.163
1486, 52.27, 34.18
1487, 52.3, 34.196
1488, 52.37, 34.23
1489, 52.4, 34.246
1490, 52.43, 34.263
1491, 52.46, 34.28
1492, 52.49, 34.296
1493, 52.52, 34.313
1494, 52.55, 34.33
1495, 52.61, 34.363
1496, 52.64, 34.38
1497, 52.67, 34.396
1498, 52.7, 34.413
1499, 52.73, 34.43
1500, 52.76, 34.446
1501, 52.79, 34.463
1502, 52.86, 34.496
1503, 52.89, 34.513
1504, 52.92, 34.53
1505, 52.95, 34.546
1506, 52.98, 34.563
1507, 53.01, 34.58
1508, 53.04, 34.596
1509, 53.1, 34.63
1510, 53.12, 34.646
1511, 53.16, 34.663
1512, 53.19, 34.68
1513, 53.22, 34.696
1514, 53.24, 34.713
1515, 53.27, 34.73
1516, 53.3, 34.746
1517, 53.36, 34.78
1518, 53.39, 34.796
1519, 53.42, 34.813
1520, 53.45, 34.83
1521, 53.48, 34.846
1522, 53.51, 34.863
1523, 53.54, 34.88
1524, 53.57, 34.896
1525, 53.62, 34.93
1526, 53.65, 34.946
1527, 53.68, 34.963
1528, 53.71, 34.98
1529, 53.74, 34.996
1530, 53.77, 35.013
1531, 53.8, 35.03
1532, 53.83, 35.046
1533, 53.89, 35.08
1534, 53.92, 35.096
1535, 53.95, 35.113
1536, 53.98, 35.13
1537, 54.01, 35.146
1538, 54.03, 35.163
1539, 54.06, 35.18
1540, 54.09, 35.196
1541, 54.12, 35.213
1542, 54.17, 35.246
1543, 54.2, 35.263
1544, 54.22, 35.28
1545, 54.26, 35.296
1546, 54.29, 35.313
1547, 54.32, 35.33
1548, 54.35, 35.346
1549, 54.38, 35.363
1550, 54.41, 35.38
1551, 54.47, 35.413
1552, 54.5, 35.43
1553, 54.53, 35.446
1554, 54.56, 35.463
1555, 54.59, 35.48
1556, 54.62, 35.496
1557, 54.65, 35.513
1558, 54.67, 35.53
1559, 54.7, 35.546
1560, 54.73, 35.563
1561, 54.79, 35.596
1562, 54.82, 35.613
1563, 54.85, 35.63
1564, 54.87, 35.646
1565, 54.9, 35.663
1566, 54.93, 35.68
1567, 54.96, 35.696
1568, 54.98, 35.713
1569, 55.01, 35.73
1570, 55.03, 35.746
1571, 55.08, 35.78
1572, 55.11, 35.796
1573, 55.14, 35.813
1574, 55.17, 35.83
1575, 55.2, 35.846
1576, 55.23, 35.863
1577, 55.26, 35.88
1578, 55.29, 35.896
1579, 55.32, 35.913
1580, 55.35, 35.93
1581, 55.38, 35.946
1582, 55.43, 35.98
1583, 55.46, 35.996
1584, 55.49, 36.013
1585, 55.52, 36.03
1586, 55.54, 36.046
1587, 55.57, 36.063
1588, 55.6, 36.08
1589, 55.62, 36.096
1590, 55.65, 36.113
1591, 55.67, 36.13
1592, 55.69, 36.146
1593, 55.72, 36.163
1594, 55.78, 36.196
1595, 55.81, 36.213
1596, 55.84, 36.23
1597, 55.86, 36.246
1598, 55.89, 36.263
1599, 55.92, 36.28
1600, 55.95, 36.296
1601, 55.98, 36.313
1602, 56.01, 36.33
1603, 56.03, 36.346
1604, 56.06, 36.363
1605, 56.09, 36.38
1606, 56.11, 36.396
1607, 56.14, 36.413
1608, 56.2, 36.446
1609, 56.22, 36.463
1610, 56.25, 36.48
1611, 56.26, 36.496
1612, 56.29, 36.513
1613, 56.32, 36.53
1614, 56.35, 36.546
1615, 56.38, 36.563
1616, 56.41, 36.58
1617, 56.44, 36.596
1618, 56.46, 36.613
1619, 56.49, 36.63
1620, 56.52, 36.646
1621, 56.54, 36.663
1622, 56.57, 36.68
1623, 56.62, 36.713
1624, 56.64, 36.73
1625, 56.67, 36.746
1626, 56.7, 36.763
1627, 56.73, 36.78
1628, 56.75, 36.796
1629, 56.78, 36.813
1630, 56.81, 36.83
1631, 56.83, 36.846
1632, 56.86, 36.863
1633, 56.88, 36.88
1634, 56.91, 36.896
1635, 56.93, 36.913
1636, 56.95, 36.93
1637, 56.98, 36.946
1638, 57, 36.963
1639, 57.03, 36.98
1640, 57.06, 36.996
1641, 57.11, 37.03
1642, 57.14, 37.046
1643, 57.16, 37.063
1644, 57.18, 37.08
1645, 57.21, 37.096
1646, 57.23, 37.113
1647, 57.26, 37.13
1648, 57.29, 37.146
1649, 57.31, 37.163
1650, 57.34, 37.18
1651, 57.36, 37.196
1652, 57.39, 37.213
1653, 57.41, 37.23
1654, 57.43, 37.246
1655, 57.46, 37.263
1656, 57.49, 37.28
1657, 57.52, 37.296
1658, 57.54, 37.313
1659, 57.56, 37.33
1660, 57.59, 37.346
1661, 57.61, 37.363
1662, 57.65, 37.396
1663, 57.67, 37.413
1664, 57.7, 37.43
1665, 57.73, 37.446
1666, 57.75, 37.463
1667, 57.78, 37.48
1668, 57.81, 37.496
1669, 57.83, 37.513
1670, 57.85, 37.53
1671, 57.88, 37.546
1672, 57.9, 37.563
1673, 57.93, 37.58
1674, 57.95, 37.596
1675, 57.97, 37.613
1676, 58, 37.63
1677, 58.02, 37.646
1678, 58.04, 37.663
1679, 58.07, 37.68
1680, 58.09, 37.696
1681, 58.12, 37.713
1682, 58.14, 37.73
1683, 58.16, 37.746
1684, 58.19, 37.763
1685, 58.21, 37.78
1686, 58.24, 37.796
1687, 58.26, 37.813
1688, 58.29, 37.83
1689, 58.31, 37.846
1690, 58.36, 37.88
1691, 58.38, 37.896
1692, 58.41, 37.913
1693, 58.43, 37.93
1694, 58.45, 37.946
1695, 58.48, 37.963
1696, 58.5, 37.98
1697, 58.52, 37.996
1698, 58.55, 38.013
1699, 58.57, 38.03
1700, 58.6, 38.046
1701, 58.62, 38.063
1702, 58.64, 38.08
1703, 58.67, 38.096
1704, 58.69, 38.113
1705, 58.71, 38.13
1706, 58.74, 38.146
1707, 58.76, 38.163
1708, 58.78, 38.18
1709, 58.81, 38.196
1710, 58.83, 38.213
1711, 58.85, 38.23
1712, 58.87, 38.246
1713, 58.89, 38.263
1714, 58.92, 38.28
1715, 58.94, 38.296
1716, 58.96, 38.313
1717, 58.98, 38.33
1718, 59.01, 38.346
1719, 59.03, 38.363
1720, 59.05, 38.38
1721, 59.07, 38.396
1722, 59.09, 38.413
1723, 59.12, 38.43
1724, 59.14, 38.446
1725, 59.16, 38.463
1726, 59.19, 38.48
1727, 59.21, 38.496
1728, 59.23, 38.513
1729, 59.25, 38.53
1730, 59.27, 38.546
1731, 59.27, 38.563
1732, 59.24, 38.58
1733, 59.29, 38.596
1734, 59.3, 38.613
1735, 59.31, 38.63
1736, 59.32, 38.646
1737, 59.34, 38.663
1738, 59.36, 38.68
1739, 59.39, 38.696
1740, 59.41, 38.713
1741, 59.43, 38.73
1742, 59.45, 38.746
1743, 59.47, 38.763
1744, 59.49, 38.78
1745, 59.54, 38.813
1746, 59.56, 38.83
1747, 59.57, 38.846
1748, 59.59, 38.863
1749, 59.61, 38.88
1750, 59.63, 38.896
1751, 59.65, 38.913
1752, 59.68, 38.93
1753, 59.7, 38.946
1754, 59.72, 38.963
1755, 59.74, 38.98
1756, 59.76, 38.996
1757, 59.78, 39.013
1758, 59.8, 39.03
1759, 59.82, 39.046
1760, 59.84, 39.063
1761, 59.86, 39.08
1762, 59.88, 39.096
1763, 59.9, 39.113
1764, 59.92, 39.13
1765, 59.94, 39.146
1766, 59.96, 39.163
1767, 59.98, 39.18
1768, 60, 39.196
1769, 60.02, 39.213
1770, 60.05, 39.23
1771, 60.06, 39.246
1772, 60.08, 39.263
1773, 60.1, 39.28
1774, 60.13, 39.296
1775, 60.15, 39.313
1776, 60.17, 39.33
1777, 60.19, 39.346
1778, 60.2, 39.363
1779, 60.22, 39.38
1780, 60.24, 39.396
1781, 60.27, 39.413
1782, 60.29, 39.43
1783, 60.31, 39.446
1784, 60.33, 39.463
1785, 60.35, 39.48
1786, 60.37, 39.496
1787, 60.39, 39.513
1788, 60.41, 39.53
1789, 60.43, 39.546
1790, 60.45, 39.563
1791, 60.47, 39.58
1792, 60.49, 39.596
1793, 60.49, 39.596
1794, 60.51, 39.613
1795, 60.53, 39.63
1796, 60.55, 39.646
1797, 60.57, 39.663
1798, 60.59, 39.68
1799, 60.61, 39.696
1800, 60.63, 39.713
1801, 60.65, 39.73
1802, 60.67, 39.746
1803, 60.69, 39.763
1804, 60.7, 39.78
1805, 60.72, 39.796
1806, 60.74, 39.813
1807, 60.76, 39.83
1808, 60.78, 39.846
1809, 60.8, 39.863
1810, 60.82, 39.88
1811, 60.84, 39.896
1812, 60.86, 39.913
1813, 60.88, 39.93
1814, 60.9, 39.946
1815, 60.92, 39.963
1816, 60.93, 39.98
1817, 60.95, 39.996
1818, 60.95, 40.013
1819, 60.96, 40.03
1820, 60.95, 40.046
1821, 60.95, 40.063
1822, 60.94, 40.08
1823, 60.91, 40.096
1824, 60.87, 40.113
1825, 60.81, 40.13
1826, 60.72, 40.146
1827, 60.62, 40.163
1828, 60.5, 40.18
1829, 60.36, 40.196
1830, 60.19, 40.213
1831, 60, 40.23
1832, 59.8, 40.246
1833, 59.61, 40.263
1834, 59.4, 40.28
1835, 59.18, 40.296
1836, 58.96, 40.313
1837, 58.7, 40.33
1838, 58.44, 40.346
1839, 58.19, 40.363
1840, 57.95, 40.38
1841, 57.72, 40.396
1842, 57.47, 40.413
1843, 57.23, 40.43
1844, 56.99, 40.446
1845, 56.75, 40.463
1846, 56.51, 40.48
1847, 56.02, 40.513
1848, 55.78, 40.53
1849, 55.54, 40.546
1850, 55.3, 40.563
1851, 55.06, 40.58
1852, 54.82, 40.596
1853, 54.59, 40.613
1854, 54.37, 40.63
1855, 54.15, 40.646
1856, 53.94, 40.663
1857, 53.72, 40.68
1858, 53.29, 40.713
1859, 53.05, 40.73
1860, 52.8, 40.746
1861, 52.53, 40.763
1862, 52.29, 40.78
1863, 52.08, 40.796
1864, 51.86, 40.813
1865, 51.39, 40.846
1866, 51.17, 40.863
1867, 50.92, 40.88
1868, 50.68, 40.896
1869, 50.44, 40.913
1870, 50.2, 40.93
1871, 49.72, 40.963
1872, 49.48, 40.98
1873, 49.24, 40.996
1874, 49.01, 41.013
1875, 48.55, 41.046
1876, 48.32, 41.063
1877, 48.09, 41.08
1878, 47.86, 41.096
1879, 47.64, 41.113
1880, 47.2, 41.146
1881, 46.98, 41.163
1882, 46.75, 41.18
1883, 46.29, 41.213
1884, 46.04, 41.23
1885, 45.79, 41.246
1886, 45.56, 41.263
1887, 45.1, 41.296
1888, 44.87, 41.313
1889, 44.64, 41.33
1890, 44.18, 41.363
1891, 43.95, 41.38
1892, 43.5, 41.413
1893, 43.27, 41.43
1894, 43.04, 41.446
1895, 42.59, 41.48
1896, 42.36, 41.496
1897, 41.92, 41.53
1898, 41.7, 41.546
1899, 41.49, 41.563
1900, 41.05, 41.596
1901, 40.82, 41.613
1902, 40.35, 41.646
1903, 40.11, 41.663
1904, 39.65, 41.696
1905, 39.42, 41.713
1906, 38.97, 41.746
1907, 38.74, 41.763
1908, 38.28, 41.796
1909, 38.04, 41.813
1910, 37.59, 41.846
1911, 37.14, 41.88
1912, 36.92, 41.896
1913, 36.47, 41.93
1914, 36.03, 41.963
1915, 35.81, 41.98
1916, 35.37, 42.013
1917, 34.92, 42.046
1918, 34.69, 42.063
1919, 34.25, 42.096
1920, 33.81, 42.13
1921, 33.36, 42.163
1922, 33.14, 42.18
1923, 32.7, 42.213
1924, 32.25, 42.246
1925, 31.79, 42.28
1926, 31.37, 42.313
1927, 30.99, 42.346
1928, 30.61, 42.38
1929, 30.22, 42.413
1930, 29.78, 42.446
1931, 29.23, 42.48
1932, 28.72, 42.513
1933, 28.22, 42.546
1934, 27.83, 42.58
1935, 27.45, 42.613
1936, 27.09, 42.646
1937, 26.63, 42.696
1938, 26.28, 42.73
1939, 25.99, 42.763
1940, 25.71, 42.796
1941, 25.33, 42.846
1942, 25.07, 42.88
1943, 24.67, 42.93
1944, 24.43, 42.963
1945, 24.09, 43.013
1946, 23.85, 43.046
1947, 23.47, 43.096
1948, 23.26, 43.13
1949, 22.99, 43.18
1950, 22.8, 43.213
1951, 22.52, 43.263
1952, 22.22, 43.313
1953, 21.97, 43.346
1954, 21.7, 43.396
1955, 21.5, 43.446
1956, 21.32, 43.496
1957, 21.17, 43.546
1958, 21.02, 43.596
1959, 20.86, 43.646
1960, 20.69, 43.68
1961, 20.36, 43.73
1962, 20.19, 43.78
1963, 20.12, 43.83
1964, 20.05, 43.88
1965, 19.94, 43.93
1966, 19.83, 43.98
1967, 19.75, 44.03
1968, 19.64, 44.08
1969, 19.53, 44.13
1970, 19.43, 44.18
1971, 19.29, 44.23
1972, 19.17, 44.28
1973, 19.07, 44.33
1974, 18.98, 44.38
1975, 18.89, 44.43
1976, 18.78, 44.48
1977, 18.69, 44.53
1978, 18.62, 44.596
1979, 18.62, 44.646
1980, 18.66, 44.696
1981, 18.71, 44.746
1982, 18.74, 44.796
1983, 18.8, 44.846
1984, 18.86, 44.896
1985, 18.96, 44.963
1986, 19.06, 45.013
1987, 19.14, 45.063
1988, 19.23, 45.113
1989, 19.35, 45.163
1990, 19.48, 45.213
1991, 19.63, 45.263
1992, 19.79, 45.313
1993, 20.03, 45.363
1994, 20.28, 45.413
1995, 20.49, 45.463
1996, 20.64, 45.513
1997, 20.88, 45.563
1998, 21.28, 45.613
1999, 21.64, 45.663
2000, 21.95, 45.713
2001, 22.13, 45.746
2002, 22.39, 45.796
2003, 22.66, 45.846
2004, 22.86, 45.88
2005, 23.15, 45.93
2006, 23.43, 45.98
2007, 23.58, 46.013
2008, 23.87, 46.063
2009, 24.08, 46.096
2010, 24.39, 46.146
2011, 24.53, 46.18
2012, 24.75, 46.23
2013, 24.93, 46.263
2014, 24.96, 46.313
2015, 25.07, 46.346
2016, 25.24, 46.38
2017, 25.44, 46.43
2018, 25.59, 46.463
2019, 25.76, 46.496
2020, 25.99, 46.546
2021, 26.14, 46.58
2022, 26.31, 46.613
2023, 26.56, 46.663
2024, 26.71, 46.696
2025, 26.85, 46.73
2026, 27.01, 46.763
2027, 27.26, 46.813
2028, 27.42, 46.846
2029, 27.6, 46.88
2030, 27.77, 46.913
2031, 27.92, 46.946
2032, 28.08, 46.98
2033, 28.29, 47.03
2034, 28.44, 47.063
2035, 28.62, 47.096
2036, 28.76, 47.13
2037, 28.88, 47.163
2038, 29.04, 47.196
2039, 29.25, 47.23
2040, 29.43, 47.263
2041, 29.59, 47.296
2042, 29.74, 47.33
2043, 29.87, 47.363
2044, 30.01, 47.396
2045, 30.18, 47.43
2046, 30.35, 47.463
2047, 30.48, 47.496
2048, 30.61, 47.53
2049, 30.76, 47.563
2050, 30.93, 47.596
2051, 31.09, 47.63
2052, 31.23, 47.663
2053, 31.39, 47.696
2054, 31.54, 47.73
2055, 31.67, 47.763
2056, 31.82, 47.796
2057, 31.89, 47.813
2058, 32.01, 47.846
2059, 32.15, 47.88
2060, 32.32, 47.913
2061, 32.46, 47.946
2062, 32.59, 47.98
2063, 32.72, 48.013
2064, 32.79, 48.03
2065, 32.93, 48.063
2066, 33.05, 48.096
2067, 33.22, 48.13
2068, 33.38, 48.163
2069, 33.44, 48.18
2070, 33.57, 48.213
2071, 33.7, 48.246
2072, 33.82, 48.28
2073, 33.94, 48.313
2074, 34.01, 48.33
2075, 34.04, 48.363
2076, 34.08, 48.396
2077, 34.22, 48.43
2078, 34.28, 48.446
2079, 34.4, 48.48
2080, 34.51, 48.513
2081, 34.65, 48.546
2082, 34.73, 48.563
2083, 34.86, 48.596
2084, 34.96, 48.63
2085, 35.01, 48.646
2086, 35.12, 48.68
2087, 35.26, 48.713
2088, 35.42, 48.746
2089, 35.49, 48.763
2090, 35.6, 48.796
2091, 35.72, 48.83
2092, 35.78, 48.846
2093, 35.89, 48.88
2094, 35.98, 48.913
2095, 36.03, 48.93
2096, 36.13, 48.963
2097, 36.27, 48.996
2098, 36.35, 49.013
2099, 36.5, 49.046
2100, 36.62, 49.08
2101, 36.68, 49.096
2102, 36.78, 49.13
2103, 36.82, 49.146
2104, 36.93, 49.18
2105, 37.06, 49.213
2106, 37.13, 49.23
2107, 37.25, 49.263
2108, 37.37, 49.296
2109, 37.42, 49.313
2110, 37.53, 49.346
2111, 37.59, 49.363
2112, 37.68, 49.396
2113, 37.79, 49.43
2114, 37.86, 49.446
2115, 37.99, 49.48
2116, 38.05, 49.496
2117, 38.16, 49.53
2118, 38.22, 49.546
2119, 38.32, 49.58
2120, 38.41, 49.613
2121, 38.46, 49.63
2122, 38.58, 49.663
2123, 38.65, 49.68
2124, 38.77, 49.713
2125, 38.82, 49.73
2126, 38.93, 49.763
2127, 39.04, 49.796
2128, 39.09, 49.813
2129, 39.2, 49.846
2130, 39.25, 49.863
2131, 39.35, 49.896
2132, 39.4, 49.913
2133, 39.51, 49.946
2134, 39.57, 49.963
2135, 39.68, 49.996
2136, 39.73, 50.013
2137, 39.82, 50.046
2138, 39.88, 50.063
2139, 39.98, 50.096
2140, 40.04, 50.113
2141, 40.14, 50.146
2142, 40.19, 50.163
2143, 40.29, 50.196
2144, 40.35, 50.213
2145, 40.45, 50.246
2146, 40.5, 50.263
2147, 40.6, 50.296
2148, 40.65, 50.313
2149, 40.75, 50.346
2150, 40.79, 50.363
2151, 40.89, 50.396
2152, 40.94, 50.413
2153, 41.04, 50.446
2154, 41.09, 50.463
2155, 41.18, 50.496
2156, 41.23, 50.513
2157, 41.33, 50.546
2158, 41.37, 50.563
2159, 41.4, 50.58
2160, 41.37, 50.613
2161, 41.44, 50.63
2162, 41.52, 50.663
2163, 41.56, 50.68
2164, 41.65, 50.713
2165, 41.69, 50.73
2166, 41.78, 50.763
2167, 41.82, 50.78
2168, 41.88, 50.796
2169, 41.97, 50.83
2170, 42.02, 50.846
2171, 42.11, 50.88
2172, 42.15, 50.896
2173, 42.23, 50.93
2174, 42.27, 50.946
2175, 42.36, 50.98
2176, 42.41, 50.996
2177, 42.46, 51.013
2178, 42.55, 51.046
2179, 42.59, 51.063
2180, 42.68, 51.096
2181, 42.72, 51.113
2182, 42.77, 51.13
2183, 42.85, 51.163
2184, 42.89, 51.18
2185, 42.98, 51.213
2186, 43.03, 51.23
2187, 43.08, 51.246
2188, 43.15, 51.28
2189, 43.19, 51.296
2190, 43.28, 51.33
2191, 43.33, 51.346
2192, 43.38, 51.363
2193, 43.47, 51.396
2194, 43.51, 51.413
2195, 43.59, 51.446
2196, 43.63, 51.463
2197, 43.68, 51.48
2198, 43.78, 51.513
2199, 43.82, 51.53
2200, 43.86, 51.546
2201, 43.95, 51.58
2202, 43.99, 51.596
2203, 44.07, 51.63
2204, 44.12, 51.646
2205, 44.16, 51.663
2206, 44.24, 51.696
2207, 44.27, 51.713
2208, 44.32, 51.73
2209, 44.43, 51.763
2210, 44.48, 51.78
2211, 44.52, 51.796
2212, 44.6, 51.83
2213, 44.64, 51.846
2214, 44.68, 51.863
2215, 44.74, 51.896
2216, 44.77, 51.913
2217, 44.81, 51.93
2218, 44.9, 51.963
2219, 44.95, 51.98
2220, 45.01, 51.996
2221, 45.1, 52.03
2222, 45.13, 52.046
2223, 45.17, 52.063
2224, 45.24, 52.096
2225, 45.28, 52.113
2226, 45.32, 52.13
2227, 45.41, 52.163
2228, 45.45, 52.18
2229, 45.49, 52.196
2230, 45.57, 52.23
2231, 45.6, 52.246
2232, 45.64, 52.263
2233, 45.72, 52.296
2234, 45.76, 52.313
2235, 45.8, 52.33
2236, 45.87, 52.363
2237, 45.92, 52.38
2238, 45.97, 52.396
2239, 46.06, 52.43
2240, 46.1, 52.446
2241, 46.14, 52.463
2242, 46.18, 52.48
2243, 46.25, 52.513
2244, 46.29, 52.53
2245, 46.33, 52.546
2246, 46.42, 52.58
2247, 46.47, 52.596
2248, 46.51, 52.613
2249, 46.55, 52.63
2250, 46.63, 52.663
2251, 46.67, 52.68
2252, 46.71, 52.696
2253, 46.78, 52.73
2254, 46.82, 52.746
2255, 46.86, 52.763
2256, 46.9, 52.78
2257, 46.98, 52.813
2258, 47.02, 52.83
2259, 47.06, 52.846
2260, 47.14, 52.88
2261, 47.18, 52.896
2262, 47.21, 52.913
2263, 47.25, 52.93
2264, 47.33, 52.963
2265, 47.37, 52.98
2266, 47.4, 52.996
2267, 47.44, 53.013
2268, 47.52, 53.046
2269, 47.56, 53.063
2270, 47.6, 53.08
2271, 47.64, 53.096
2272, 47.71, 53.13
2273, 47.75, 53.146
2274, 47.79, 53.163
2275, 47.83, 53.18
2276, 47.9, 53.213
2277, 47.94, 53.23
2278, 47.97, 53.246
2279, 48.05, 53.28
2280, 48.09, 53.296
2281, 48.12, 53.313
2282, 48.16, 53.33
2283, 48.2, 53.346
2284, 48.27, 53.38
2285, 48.31, 53.396
2286, 48.36, 53.413
2287, 48.39, 53.43
2288, 48.47, 53.463
2289, 48.5, 53.48
2290, 48.54, 53.496
2291, 48.58, 53.513
2292, 48.65, 53.546
2293, 48.69, 53.563
2294, 48.72, 53.58
2295, 48.76, 53.596
2296, 48.83, 53.63
2297, 48.87, 53.646
2298, 48.91, 53.663
2299, 48.94, 53.68
2300, 48.98, 53.696
2301, 49.05, 53.73
2302, 49.09, 53.746
2303, 49.12, 53.763
2304, 49.16, 53.78
2305, 49.23, 53.813
2306, 49.27, 53.83
2307, 49.31, 53.846
2308, 49.34, 53.863
2309, 49.38, 53.88
2310, 49.44, 53.913
2311, 49.47, 53.93
2312, 49.51, 53.946
2313, 49.54, 53.963
2314, 49.62, 53.996
2315, 49.65, 54.013
2316, 49.69, 54.03
2317, 49.73, 54.046
2318, 49.77, 54.063
2319, 49.84, 54.096
2320, 49.87, 54.113
2321, 49.88, 54.13
2322, 49.84, 54.146
2323, 49.87, 54.163
2324, 49.95, 54.196
2325, 49.97, 54.213
2326, 49.99, 54.23
2327, 50.02, 54.246
2328, 50.06, 54.263
2329, 50.13, 54.296
2330, 50.17, 54.313
2331, 50.2, 54.33
2332, 50.24, 54.346
2333, 50.28, 54.363
2334, 50.35, 54.396
2335, 50.38, 54.413
2336, 50.41, 54.43
2337, 50.45, 54.446
2338, 50.48, 54.463
2339, 50.51, 54.48
2340, 50.58, 54.513
2341, 50.61, 54.53
2342, 50.64, 54.546
2343, 50.67, 54.563
2344, 50.71, 54.58
2345, 50.77, 54.613
2346, 50.8, 54.63
2347, 50.83, 54.646
2348, 50.87, 54.663
2349, 50.9, 54.68
2350, 50.93, 54.696
2351, 51, 54.73
2352, 51.03, 54.746
2353, 51.06, 54.763
2354, 51.09, 54.78
2355, 51.12, 54.796
2356, 51.15, 54.813
2357, 51.2, 54.846
2358, 51.23, 54.863
2359, 51.27, 54.88
2360, 51.32, 54.896
2361, 51.36, 54.913
2362, 51.39, 54.93
2363, 51.45, 54.963
2364, 51.48, 54.98
2365, 51.51, 54.996
2366, 51.54, 55.013
2367, 51.57, 55.03
2368, 51.61, 55.046
2369, 51.67, 55.08
2370, 51.7, 55.096
2371, 51.73, 55.113
2372, 51.76, 55.13
2373, 51.79, 55.146
2374, 51.82, 55.163
2375, 51.88, 55.196
2376, 51.92, 55.213
2377, 51.95, 55.23
2378, 51.97, 55.246
2379, 52, 55.263
2380, 52.03, 55.28
2381, 52.06, 55.296
2382, 52.12, 55.33
2383, 52.15, 55.346
2384, 52.18, 55.363
2385, 52.21, 55.38
2386, 52.24, 55.396
2387, 52.27, 55.413
2388, 52.3, 55.43
2389, 52.36, 55.463
2390, 52.39, 55.48
2391, 52.43, 55.496
2392, 52.46, 55.513
2393, 52.49, 55.53
2394, 52.52, 55.546
2395, 52.55, 55.563
2396, 52.6, 55.596
2397, 52.63, 55.613
2398, 52.65, 55.63
2399, 52.69, 55.646
2400, 52.72, 55.663
2401, 52.76, 55.68
2402, 52.8, 55.696
2403, 52.85, 55.73
2404, 52.88, 55.746
2405, 52.91, 55.763
2406, 52.94, 55.78
2407, 52.97, 55.796
2408, 53, 55.813
2409, 53.03, 55.83
2410, 53.08, 55.863
2411, 53.1, 55.88
2412, 53.12, 55.896
2413, 53.15, 55.913
2414, 53.19, 55.93
2415, 53.22, 55.946
2416, 53.25, 55.963
2417, 53.28, 55.98
2418, 53.34, 56.013
2419, 53.36, 56.03
2420, 53.39, 56.046
2421, 53.41, 56.063
2422, 53.43, 56.08
2423, 53.46, 56.096
2424, 53.49, 56.113
2425, 53.52, 56.13
2426, 53.57, 56.163
2427, 53.59, 56.18
2428, 53.61, 56.196
2429, 53.64, 56.213
2430, 53.67, 56.23
2431, 53.69, 56.246
2432, 53.71, 56.263
2433, 53.73, 56.28
2434, 53.74, 56.296
2435, 53.78, 56.33
2436, 53.8, 56.346
2437, 53.82, 56.363
2438, 53.85, 56.38
2439, 53.89, 56.396
2440, 53.92, 56.413
2441, 53.95, 56.43
2442, 53.96, 56.446
2443, 53.98, 56.463
2444, 54.04, 56.496
2445, 54.04, 56.496
2446, 54.1, 56.53
2447, 54.11, 56.546
2448, 54.13, 56.563
2449, 54.16, 56.58
2450, 54.18, 56.596
2451, 54.21, 56.613
2452, 54.24, 56.63
2453, 54.31, 56.663
2454, 54.33, 56.68
2455, 54.35, 56.696
2456, 54.37, 56.713
2457, 54.4, 56.73
2458, 54.42, 56.746
2459, 54.44, 56.763
2460, 54.47, 56.78
2461, 54.49, 56.796
2462, 54.51, 56.813
2463, 54.55, 56.846
2464, 54.58, 56.863
2465, 54.61, 56.88
2466, 54.64, 56.896
2467, 54.67, 56.913
2468, 54.69, 56.93
2469, 54.71, 56.946
2470, 54.73, 56.963
2471, 54.74, 56.98
2472, 54.76, 56.996
2473, 54.81, 57.03
2474, 54.84, 57.046
2475, 54.87, 57.063
2476, 54.9, 57.08
2477, 54.94, 57.096
2478, 54.97, 57.113
2479, 54.99, 57.13
2480, 55.01, 57.146
2481, 55.03, 57.163
2482, 55.05, 57.18
2483, 55.07, 57.196
2484, 55.12, 57.23
2485, 55.14, 57.246
2486, 55.17, 57.263
2487, 55.19, 57.28
2488, 55.22, 57.296
2489, 55.24, 57.313
2490, 55.26, 57.33
2491, 55.29, 57.346
2492, 55.31, 57.363
2493, 55.34, 57.38
2494, 55.36, 57.396
2495, 55.39, 57.413
2496, 55.44, 57.446
2497, 55.47, 57.463
2498, 55.5, 57.48
2499, 55.53, 57.496
2500, 55.56, 57.513
2501, 55.58, 57.53
2502, 55.61, 57.546
2503, 55.64, 57.563
2504, 55.67, 57.58
2505, 55.69, 57.596
2506, 55.72, 57.613
2507, 55.75, 57.63
2508, 55.77, 57.646
2509, 55.83, 57.68
2510, 55.85, 57.696
2511, 55.88, 57.713
2512, 55.91, 57.73
2513, 55.93, 57.746
2514, 55.96, 57.763
2515, 55.99, 57.78
2516, 56.01, 57.796
2517, 56.04, 57.813
2518, 56.07, 57.83
2519, 56.09, 57.846
2520, 56.12, 57.863
2521, 56.14, 57.88
2522, 56.16, 57.896
2523, 56.22, 57.93
2524, 56.25, 57.946
2525, 56.28, 57.963
2526, 56.31, 57.98
2527, 56.33, 57.996
2528, 56.35, 58.013
2529, 56.38, 58.03
2530, 56.41, 58.046
2531, 56.44, 58.063
2532, 56.46, 58.08
2533, 56.49, 58.096
2534, 56.52, 58.113
2535, 56.54, 58.13
2536, 56.57, 58.146
2537, 56.6, 58.163
2538, 56.62, 58.18
2539, 56.67, 58.213
2540, 56.7, 58.23
2541, 56.72, 58.246
2542, 56.74, 58.263
2543, 56.77, 58.28
2544, 56.8, 58.296
2545, 56.82, 58.313
2546, 56.85, 58.33
2547, 56.88, 58.346
2548, 56.9, 58.363
2549, 56.93, 58.38
2550, 56.95, 58.396
2551, 56.98, 58.413
2552, 57, 58.43
2553, 57.03, 58.446
2554, 57.05, 58.463
2555, 57.08, 58.48
2556, 57.1, 58.496
2557, 57.12, 58.513
2558, 57.16, 58.546
2559, 57.18, 58.563
2560, 57.19, 58.58
2561, 57.19, 58.58
2562, 57.25, 58.613
2563, 57.29, 58.63
2564, 57.32, 58.646
2565, 57.34, 58.663
2566, 57.37, 58.68
2567, 57.4, 58.696
2568, 57.43, 58.713
2569, 57.43, 58.713
2570, 57.48, 58.746
2571, 57.5, 58.763
2572, 57.52, 58.78
2573, 57.54, 58.796
2574, 57.57, 58.813
2575, 57.59, 58.83
2576, 57.61, 58.846
2577, 57.64, 58.863
2578, 57.66, 58.88
2579, 57.68, 58.896
2580, 57.71, 58.913
2581, 57.73, 58.93
2582, 57.78, 58.963
2583, 57.8, 58.98
2584, 57.82, 58.996
2585, 57.84, 59.013
2586, 57.87, 59.03
2587, 57.89, 59.046
2588, 57.92, 59.063
2589, 57.94, 59.08
2590, 57.97, 59.096
2591, 57.99, 59.113
2592, 58.01, 59.13
2593, 58.03, 59.146
2594, 58.06, 59.163
2595, 58.08, 59.18
2596, 58.1, 59.196
2597, 58.13, 59.213
2598, 58.15, 59.23
2599, 58.17, 59.246
2600, 58.2, 59.263
2601, 58.22, 59.28
2602, 58.24, 59.296
2603, 58.25, 59.313
2604, 58.26, 59.33
2605, 58.26, 59.346
2606, 58.26, 59.363
2607, 58.26, 59.38
2608, 58.25, 59.396
2609, 58.24, 59.413
2610, 58.21, 59.43
2611, 58.18, 59.446
2612, 58.07, 59.48
2613, 58.01, 59.496
2614, 57.92, 59.513
2615, 57.81, 59.53
2616, 57.69, 59.546
2617, 57.54, 59.563
2618, 57.38, 59.58
2619, 57.19, 59.596
2620, 56.98, 59.613
2621, 56.77, 59.63
2622, 56.55, 59.646
2623, 56.33, 59.663
2624, 56.1, 59.68
2625, 55.87, 59.696
2626, 55.62, 59.713
2627, 55.39, 59.73
2628, 55.15, 59.746
2629, 54.91, 59.763
2630, 54.43, 59.796
2631, 54.2, 59.813
2632, 53.96, 59.83
2633, 53.71, 59.846
2634, 53.47, 59.863
2635, 53.22, 59.88
2636, 52.98, 59.896
2637, 52.74, 59.913
2638, 52.25, 59.946
2639, 52, 59.963
2640, 51.76, 59.98
2641, 51.52, 59.996
2642, 51.29, 60.013
2643, 51.05, 60.03
2644, 50.57, 60.063
2645, 50.33, 60.08
2646, 50.09, 60.096
2647, 49.85, 60.113
2648, 49.6, 60.13
2649, 49.12, 60.163
2650, 48.88, 60.18
2651, 48.64, 60.196
2652, 48.41, 60.213
2653, 48.17, 60.23
2654, 47.67, 60.263
2655, 47.43, 60.28
2656, 47.19, 60.296
2657, 46.95, 60.313
2658, 46.47, 60.346
2659, 46.23, 60.363
2660, 46, 60.38
2661, 45.54, 60.413
2662, 45.32, 60.43
2663, 45.1, 60.446
2664, 44.65, 60.48
2665, 44.43, 60.496
2666, 44.2, 60.513
2667, 43.75, 60.546
2668, 43.53, 60.563
2669, 43.31, 60.58
2670, 42.88, 60.613
2671, 42.66, 60.63
2672, 42.24, 60.663
2673, 42.03, 60.68
2674, 41.83, 60.696
2675, 41.43, 60.73
2676, 41.23, 60.746
2677, 40.8, 60.78
2678, 40.58, 60.796
2679, 40.17, 60.83
2680, 39.97, 60.846
2681, 39.55, 60.88
2682, 39.34, 60.896
2683, 38.93, 60.93
2684, 38.72, 60.946
2685, 38.31, 60.98
2686, 37.89, 61.013
2687, 37.68, 61.03
2688, 37.27, 61.063
2689, 37.06, 61.08
2690, 36.65, 61.113
2691, 36.25, 61.146
2692, 36.05, 61.163
2693, 35.68, 61.196
2694, 35.32, 61.23
2695, 35.15, 61.246
2696, 34.8, 61.28
2697, 34.45, 61.313
2698, 34.28, 61.33
2699, 33.94, 61.363
2700, 33.6, 61.396
2701, 33.25, 61.43
2702, 32.89, 61.463
2703, 32.72, 61.48
2704, 32.37, 61.513
2705, 32.01, 61.546
2706, 31.65, 61.58
2707, 31.31, 61.613
2708, 30.97, 61.646
2709, 30.62, 61.68
2710, 30.29, 61.713
2711, 29.95, 61.746
2712, 29.63, 61.78
2713, 29.34, 61.813
2714, 29.04, 61.846
2715, 28.77, 61.88
2716, 28.52, 61.913
2717, 28.3, 61.946
2718, 28.09, 61.98
2719, 27.92, 62.013
2720, 27.77, 62.046
2721, 27.56, 62.096
2722, 27.43, 62.13
2723, 27.34, 62.163
2724, 27.27, 62.196
2725, 27.18, 62.23
2726, 27.1, 62.263
2727, 27.02, 62.313
2728, 26.98, 62.346
2729, 26.94, 62.38
2730, 26.91, 62.413
2731, 26.88, 62.446
2732, 26.82, 62.496
2733, 26.77, 62.53
2734, 26.71, 62.563
2735, 26.65, 62.596
2736, 26.58, 62.646
2737, 26.53, 62.68
2738, 26.47, 62.713
2739, 26.4, 62.746
2740, 26.29, 62.796
2741, 26.22, 62.83
2742, 26.14, 62.863
2743, 26.04, 62.913
2744, 25.97, 62.946
2745, 25.89, 62.98
2746, 25.83, 63.013
2747, 25.73, 63.063
2748, 25.66, 63.096
2749, 25.6, 63.13
2750, 25.51, 63.18
2751, 25.45, 63.213
2752, 25.39, 63.246
2753, 25.3, 63.296
2754, 25.27, 63.33
2755, 25.25, 63.363
2756, 25.21, 63.413
2757, 25.19, 63.446
2758, 25.14, 63.496
2759, 25.12, 63.53
2760, 25.1, 63.563
2761, 25.07, 63.613
2762, 25.05, 63.646
2763, 25.04, 63.696
2764, 25.03, 63.73
2765, 25.04, 63.763
2766, 25.07, 63.813
2767, 25.1, 63.846
2768, 25.16, 63.896
2769, 25.2, 63.93
2770, 25.24, 63.963
2771, 25.31, 64.013
2772, 25.34, 64.046
2773, 25.35, 64.08
2774, 25.42, 64.13
2775, 25.52, 64.163
2776, 25.6, 64.196
2777, 25.69, 64.246
2778, 25.73, 64.28
2779, 25.81, 64.313
2780, 25.91, 64.363
2781, 25.96, 64.396
2782, 26.03, 64.43
2783, 26.14, 64.48
2784, 26.23, 64.513
2785, 26.35, 64.546
2786, 26.42, 64.58
2787, 26.54, 64.63
2788, 26.65, 64.663
2789, 26.74, 64.696
2790, 26.83, 64.73
2791, 26.99, 64.78
2792, 27.12, 64.813
2793, 27.26, 64.846
2794, 27.41, 64.88
2795, 27.55, 64.913
2796, 27.76, 64.963
2797, 27.92, 64.996
2798, 28.07, 65.03
2799, 28.18, 65.063
2800, 28.31, 65.096
2801, 28.51, 65.13
2802, 28.7, 65.163
2803, 28.85, 65.196
2804, 29, 65.23
2805, 29.16, 65.263
2806, 29.28, 65.296
2807, 29.41, 65.33
2808, 29.54, 65.363
2809, 29.72, 65.396
2810, 29.88, 65.43
2811, 30.04, 65.463
2812, 30.18, 65.496
2813, 30.33, 65.53
2814, 30.48, 65.563
2815, 30.65, 65.596
2816, 30.81, 65.63
2817, 30.95, 65.663
2818, 31.09, 65.696
2819, 31.24, 65.73
2820, 31.38, 65.763
2821, 31.52, 65.796
2822, 31.67, 65.83
2823, 31.82, 65.863
2824, 31.95, 65.896
2825, 32.02, 65.913
2826, 32.16, 65.946
2827, 32.29, 65.98
2828, 32.42, 66.013
2829, 32.53, 66.046
2830, 32.64, 66.08
2831, 32.79, 66.113
2832, 32.86, 66.13
2833, 32.9, 66.163
2834, 32.92, 66.196
2835, 33.05, 66.23
2836, 33.17, 66.263
2837, 33.28, 66.296
2838, 33.34, 66.313
2839, 33.45, 66.346
2840, 33.57, 66.38
2841, 33.69, 66.413
2842, 33.81, 66.446
2843, 33.87, 66.463
2844, 33.98, 66.496
2845, 34.1, 66.53
2846, 34.21, 66.563
2847, 34.33, 66.596
2848, 34.39, 66.613
2849, 34.49, 66.646
2850, 34.59, 66.68
2851, 34.65, 66.696
2852, 34.78, 66.73
2853, 34.9, 66.763
2854, 35, 66.796
2855, 35.05, 66.813
2856, 35.16, 66.846
2857, 35.27, 66.88
2858, 35.32, 66.896
2859, 35.43, 66.93
2860, 35.53, 66.963
2861, 35.58, 66.98
2862, 35.68, 67.013
2863, 35.79, 67.046
2864, 35.85, 67.063
2865, 35.97, 67.096
2866, 36.08, 67.13
2867, 36.13, 67.146
2868, 36.24, 67.18
2869, 36.34, 67.213
2870, 36.39, 67.23
2871, 36.5, 67.263
2872, 36.62, 67.296
2873, 36.67, 67.313
2874, 36.78, 67.346
2875, 36.89, 67.38
2876, 36.95, 67.396
2877, 37.06, 67.43
2878, 37.11, 67.446
2879, 37.22, 67.48
2880, 37.32, 67.513
2881, 37.38, 67.53
2882, 37.48, 67.563
2883, 37.54, 67.58
2884, 37.65, 67.613
2885, 37.76, 67.646
2886, 37.81, 67.663
2887, 37.92, 67.696
2888, 37.97, 67.713
2889, 38.09, 67.746
2890, 38.14, 67.763
2891, 38.25, 67.796
2892, 38.3, 67.813
2893, 38.41, 67.846
2894, 38.52, 67.88
2895, 38.57, 67.896
2896, 38.68, 67.93
2897, 38.73, 67.946
2898, 38.83, 67.98
2899, 38.89, 67.996
2900, 38.99, 68.03
2901, 39.04, 68.046
2902, 39.14, 68.08
2903, 39.18, 68.096
2904, 39.28, 68.13
2905, 39.33, 68.146
2906, 39.42, 68.18
2907, 39.47, 68.196
2908, 39.58, 68.23
2909, 39.63, 68.246
2910, 39.72, 68.28
2911, 39.77, 68.296
2912, 39.87, 68.33
2913, 39.92, 68.346
2914, 40.02, 68.38
2915, 40.06, 68.396
2916, 40.15, 68.43
2917, 40.2, 68.446
2918, 40.3, 68.48
2919, 40.35, 68.496
2920, 40.44, 68.53
2921, 40.48, 68.546
2922, 40.56, 68.58
2923, 40.61, 68.596
2924, 40.71, 68.63
2925, 40.75, 68.646
2926, 40.83, 68.68
2927, 40.86, 68.696
2928, 40.92, 68.73
2929, 40.9, 68.746
2930, 40.89, 68.763
2931, 41.01, 68.796
2932, 41.04, 68.813
2933, 41.12, 68.846
2934, 41.17, 68.863
2935, 41.25, 68.896
2936, 41.29, 68.913
2937, 41.35, 68.946
2938, 41.4, 68.963
2939, 41.44, 68.98
2940, 41.52, 69.013
2941, 41.56, 69.03
2942, 41.66, 69.063
2943, 41.71, 69.08
2944, 41.77, 69.113
2945, 41.81, 69.13
2946, 41.84, 69.146
2947, 41.93, 69.18
2948, 41.97, 69.196
2949, 42.04, 69.23
2950, 42.07, 69.246
2951, 42.15, 69.28
2952, 42.19, 69.296
2953, 42.23, 69.313
2954, 42.31, 69.346
2955, 42.34, 69.363
2956, 42.41, 69.396
2957, 42.45, 69.413
2958, 42.48, 69.43
2959, 42.55, 69.463
2960, 42.58, 69.48
2961, 42.65, 69.513
2962, 42.69, 69.53
2963, 42.73, 69.546
2964, 42.8, 69.58
2965, 42.83, 69.596
2966, 42.9, 69.63
2967, 42.93, 69.646
2968, 42.95, 69.663
2969, 43.03, 69.696
2970, 43.07, 69.713
2971, 43.15, 69.746
2972, 43.18, 69.763
2973, 43.22, 69.78
2974, 43.29, 69.813
2975, 43.33, 69.83
2976, 43.41, 69.863
2977, 43.45, 69.88
2978, 43.49, 69.896
2979, 43.57, 69.93
2980, 43.61, 69.946
2981, 43.65, 69.963
2982, 43.73, 69.996
2983, 43.77, 70.013
2984, 43.82, 70.03
2985, 43.9, 70.063
2986, 43.94, 70.08
2987, 44.02, 70.113
2988, 44.06, 70.13
2989, 44.1, 70.146
2990, 44.18, 70.18
2991, 44.22, 70.196
2992, 44.26, 70.213
2993, 44.34, 70.246
2994, 44.38, 70.263
2995, 44.43, 70.28
2996, 44.51, 70.313
2997, 44.55, 70.33
2998, 44.59, 70.346
2999, 44.67, 70.38
3000, 44.71, 70.396
3001, 44.75, 70.413
3002, 44.83, 70.446
3003, 44.86, 70.463
3004, 44.9, 70.48
3005, 44.97, 70.513
3006, 45.01, 70.53
3007, 45.06, 70.546
3008, 45.14, 70.58
3009, 45.18, 70.596
3010, 45.22, 70.613
3011, 45.3, 70.646
3012, 45.34, 70.663
3013, 45.37, 70.68
3014, 45.45, 70.713
3015, 45.49, 70.73
3016, 45.53, 70.746
3017, 45.62, 70.78
3018, 45.66, 70.796
3019, 45.7, 70.813
3020, 45.78, 70.846
3021, 45.82, 70.863
3022, 45.86, 70.88
3023, 45.91, 70.896
3024, 46, 70.93
3025, 46.04, 70.946
3026, 46.08, 70.963
3027, 46.17, 70.996
3028, 46.22, 71.013
3029, 46.26, 71.03
3030, 46.35, 71.063
3031, 46.39, 71.08
3032, 46.43, 71.096
3033, 46.48, 71.113
3034, 46.56, 71.146
3035, 46.6, 71.163
3036, 46.65, 71.18
3037, 46.73, 71.213
3038, 46.77, 71.23
3039, 46.81, 71.246
3040, 46.86, 71.263
3041, 46.94, 71.296
3042, 46.98, 71.313
3043, 47.02, 71.33
3044, 47.1, 71.363
3045, 47.14, 71.38
3046, 47.18, 71.396
3047, 47.21, 71.413
3048, 47.28, 71.446
3049, 47.32, 71.463
3050, 47.36, 71.48
3051, 47.41, 71.496
3052, 47.49, 71.53
3053, 47.52, 71.546
3054, 47.56, 71.563
3055, 47.63, 71.596
3056, 47.67, 71.613
3057, 47.71, 71.63
3058, 47.75, 71.646
3059, 47.83, 71.68
3060, 47.86, 71.696
3061, 47.89, 71.713
3062, 47.92, 71.73
3063, 47.98, 71.763
3064, 48.02, 71.78
3065, 48.06, 71.796
3066, 48.1, 71.813
3067, 48.17, 71.846
3068, 48.21, 71.863
3069, 48.24, 71.88
3070, 48.27, 71.896
3071, 48.32, 71.93
3072, 48.36, 71.946
3073, 48.39, 71.963
3074, 48.43, 71.98
3075, 48.49, 72.013
3076, 48.52, 72.03
3077, 48.55, 72.046
3078, 48.59, 72.063
3079, 48.66, 72.096
3080, 48.69, 72.113
3081, 48.71, 72.13
3082, 48.74, 72.146
3083, 48.78, 72.18
3084, 48.8, 72.196
3085, 48.83, 72.213
3086, 48.87, 72.23
3087, 48.93, 72.263
3088, 48.95, 72.28
3089, 48.97, 72.296
3090, 48.98, 72.313
3091, 49.02, 72.346
3092, 49.04, 72.363
3093, 49.06, 72.38
3094, 49.09, 72.396
3095, 49.14, 72.43
3096, 49.16, 72.446
3097, 49.19, 72.463
3098, 49.21, 72.48
3099, 49.27, 72.513
3100, 49.31, 72.53
3101, 49.34, 72.546
3102, 49.37, 72.563
3103, 49.43, 72.596
3104, 49.46, 72.613
3105, 49.48, 72.63
3106, 49.52, 72.646
3107, 49.55, 72.663
3108, 49.61, 72.696
3109, 49.65, 72.713
3110, 49.68, 72.73
3111, 49.71, 72.746
3112, 49.77, 72.78
3113, 49.81, 72.796
3114, 49.84, 72.813
3115, 49.87, 72.83
3116, 49.94, 72.863
3117, 49.97, 72.88
3118, 50.01, 72.896
3119, 50.05, 72.913
3120, 50.08, 72.93
3121, 50.15, 72.963
3122, 50.18, 72.98
3123, 50.21, 72.996
3124, 50.23, 73.013
3125, 50.24, 73.03
3126, 50.26, 73.063
3127, 50.25, 73.08
3128, 50.25, 73.096
3129, 50.23, 73.113
3130, 50.21, 73.13
3131, 50.12, 73.163
3132, 50.12, 73.163
3133, 50.12, 73.163
3134, 50.12, 73.163
3135, 49.75, 73.23
3136, 49.49, 73.263
3137, 49.34, 73.28
3138, 49.18, 73.296
3139, 49.01, 73.313
3140, 48.66, 73.346
3141, 48.47, 73.363
3142, 48.28, 73.38
3143, 48.08, 73.396
3144, 47.7, 73.43
3145, 47.5, 73.446
3146, 47.3, 73.463
3147, 47.11, 73.48
3148, 46.71, 73.513
3149, 46.51, 73.53
3150, 46.31, 73.546
3151, 45.9, 73.58
3152, 45.71, 73.596
3153, 45.51, 73.613
3154, 45.32, 73.63
3155, 44.92, 73.663
3156, 44.73, 73.68
3157, 44.54, 73.696
3158, 44.16, 73.73
3159, 43.97, 73.746
3160, 43.58, 73.78
3161, 43.38, 73.796
3162, 43.16, 73.813
3163, 42.75, 73.846
3164, 42.54, 73.863
3165, 42.16, 73.896
3166, 41.96, 73.913
3167, 41.77, 73.93
3168, 41.4, 73.963
3169, 41.21, 73.98
3170, 40.85, 74.013
3171, 40.67, 74.03
3172, 40.31, 74.063
3173, 40.12, 74.08
3174, 39.71, 74.113
3175, 39.5, 74.13
3176, 39.11, 74.163
3177, 38.92, 74.18
3178, 38.54, 74.213
3179, 38.34, 74.23
3180, 37.96, 74.263
3181, 37.58, 74.296
3182, 37.39, 74.313
3183, 37.01, 74.346
3184, 36.82, 74.363
3185, 36.46, 74.396
3186, 36.09, 74.43
3187, 35.9, 74.446
3188, 35.52, 74.48
3189, 35.17, 74.513
3190, 34.98, 74.53
3191, 34.62, 74.563
3192, 34.27, 74.596
3193, 33.91, 74.63
3194, 33.73, 74.646
3195, 33.38, 74.68
3196, 33.01, 74.713
3197, 32.7, 74.746
3198, 32.4, 74.78
3199, 32.12, 74.813
3200, 31.98, 74.83
3201, 31.67, 74.863
3202, 31.38, 74.896
3203, 31.11, 74.93
3204, 30.84, 74.963
3205, 30.58, 74.996
3206, 30.35, 75.03
3207, 30.14, 75.063
3208, 29.94, 75.096
3209, 29.79, 75.13
3210, 29.63, 75.163
3211, 29.52, 75.196
3212, 29.46, 75.23
3213, 29.37, 75.263
3214, 29.21, 75.313
3215, 29.15, 75.346
3216, 29.09, 75.38
3217, 29.01, 75.413
3218, 28.92, 75.446
3219, 28.85, 75.48
3220, 28.78, 75.513
3221, 28.71, 75.546
3222, 28.62, 75.596
3223, 28.55, 75.63
3224, 28.48, 75.663
3225, 28.43, 75.696
3226, 28.38, 75.73
3227, 28.33, 75.763
3228, 28.34, 75.796
3229, 28.35, 75.846
3230, 28.36, 75.88
3231, 28.35, 75.913
3232, 28.35, 75.946
3233, 28.36, 75.98
3234, 28.36, 76.013
3235, 28.36, 76.063
3236, 28.38, 76.096
3237, 28.41, 76.13
3238, 28.44, 76.163
3239, 28.45, 76.196
3240, 28.47, 76.23
3241, 28.52, 76.28
3242, 28.54, 76.313
3243, 28.57, 76.346
3244, 28.63, 76.38
3245, 28.72, 76.413
3246, 28.84, 76.446
3247, 28.92, 76.496
3248, 28.96, 76.53
3249, 29.02, 76.563
3250, 29.09, 76.596
3251, 29.15, 76.63
3252, 29.23, 76.663
3253, 29.32, 76.696
3254, 29.39, 76.73
3255, 29.45, 76.763
3256, 29.57, 76.813
3257, 29.66, 76.846
3258, 29.72, 76.88
3259, 29.76, 76.913
3260, 29.8, 76.946
3261, 29.87, 76.98
3262, 29.98, 77.013
3263, 30.07, 77.046
3264, 30.14, 77.08
3265, 30.23, 77.113
3266, 30.29, 77.146
3267, 30.34, 77.18
3268, 30.43, 77.213
3269, 30.61, 77.246
3270, 30.74, 77.28
3271, 30.84, 77.313
3272, 31, 77.346
3273, 31.15, 77.38
3274, 31.25, 77.413
3275, 31.36, 77.446
3276, 31.52, 77.48
3277, 31.63, 77.513
3278, 31.71, 77.546
3279, 31.77, 77.563
3280, 31.93, 77.596
3281, 32.1, 77.63
3282, 32.21, 77.663
3283, 32.25, 77.696
3284, 32.25, 77.73
3285, 32.39, 77.763
3286, 32.47, 77.796
3287, 32.54, 77.83
3288, 32.58, 77.846
3289, 32.69, 77.88
3290, 32.81, 77.913
3291, 32.95, 77.946
3292, 33.06, 77.98
3293, 33.15, 78.013
3294, 33.21, 78.03
3295, 33.31, 78.063
3296, 33.42, 78.096
3297, 33.53, 78.13
3298, 33.64, 78.163
3299, 33.77, 78.196
3300, 33.84, 78.213
3301, 33.97, 78.246
3302, 34.11, 78.28
3303, 34.23, 78.313
3304, 34.29, 78.33
3305, 34.4, 78.363
3306, 34.52, 78.396
3307, 34.65, 78.43
3308, 34.71, 78.446
3309, 34.82, 78.48
3310, 34.95, 78.513
3311, 35.07, 78.546
3312, 35.14, 78.563
3313, 35.25, 78.596
3314, 35.38, 78.63
3315, 35.49, 78.663
3316, 35.55, 78.68
3317, 35.68, 78.713
3318, 35.79, 78.746
3319, 35.86, 78.763
3320, 35.98, 78.796
3321, 36.13, 78.83
3322, 36.19, 78.846
3323, 36.31, 78.88
3324, 36.43, 78.913
3325, 36.48, 78.93
3326, 36.6, 78.963
3327, 36.72, 78.996
3328, 36.79, 79.013
3329, 36.91, 79.046
3330, 36.98, 79.063
3331, 37.09, 79.096
3332, 37.19, 79.13
3333, 37.25, 79.146
3334, 37.37, 79.18
3335, 37.5, 79.213
3336, 37.56, 79.23
3337, 37.68, 79.263
3338, 37.73, 79.28
3339, 37.84, 79.313
3340, 37.96, 79.346
3341, 38.02, 79.363
3342, 38.13, 79.396
3343, 38.18, 79.413
3344, 38.29, 79.446
3345, 38.36, 79.463
3346, 38.47, 79.496
3347, 38.58, 79.53
3348, 38.64, 79.546
3349, 38.75, 79.58
3350, 38.8, 79.596
3351, 38.92, 79.63
3352, 38.98, 79.646
3353, 39.09, 79.68
3354, 39.15, 79.696
3355, 39.25, 79.73
3356, 39.3, 79.746
3357, 39.41, 79.78
3358, 39.47, 79.796
3359, 39.57, 79.83
3360, 39.62, 79.846
3361, 39.72, 79.88
3362, 39.83, 79.913
3363, 39.89, 79.93
3364, 40, 79.963
3365, 40.06, 79.98
3366, 40.14, 80.013
3367, 40.19, 80.03
3368, 40.29, 80.063
3369, 40.35, 80.08
3370, 40.41, 80.096
3371, 40.53, 80.13
3372, 40.58, 80.146
3373, 40.69, 80.18
3374, 40.74, 80.196
3375, 40.84, 80.23
3376, 40.89, 80.246
3377, 41.01, 80.28
3378, 41.06, 80.296
3379, 41.17, 80.33
3380, 41.22, 80.346
3381, 41.3, 80.38
3382, 41.26, 80.396
3383, 41.34, 80.43
3384, 41.39, 80.446
3385, 41.43, 80.463
3386, 41.52, 80.496
3387, 41.57, 80.513
3388, 41.66, 80.546
3389, 41.7, 80.563
3390, 41.8, 80.596
3391, 41.85, 80.613
3392, 41.95, 80.646
3393, 42, 80.663
3394, 42.05, 80.68
3395, 42.14, 80.713
3396, 42.19, 80.73
3397, 42.29, 80.763
3398, 42.33, 80.78
3399, 42.38, 80.796
3400, 42.47, 80.83
3401, 42.52, 80.846
3402, 42.62, 80.88
3403, 42.67, 80.896
3404, 42.77, 80.93
3405, 42.82, 80.946
3406, 42.87, 80.963
3407, 42.96, 80.996
3408, 43, 81.013
3409, 43.09, 81.046
3410, 43.14, 81.063
3411, 43.19, 81.08
3412, 43.28, 81.113
3413, 43.33, 81.13
3414, 43.38, 81.146
3415, 43.47, 81.18
3416, 43.51, 81.196
3417, 43.62, 81.23
3418, 43.67, 81.246
3419, 43.71, 81.263
3420, 43.81, 81.296
3421, 43.86, 81.313
3422, 43.91, 81.33
3423, 44.01, 81.363
3424, 44.05, 81.38
3425, 44.14, 81.413
3426, 44.19, 81.43
3427, 44.23, 81.446
3428, 44.32, 81.48
3429, 44.36, 81.496
3430, 44.41, 81.513
3431, 44.5, 81.546
3432, 44.55, 81.563
3433, 44.59, 81.58
3434, 44.67, 81.613
3435, 44.72, 81.63
3436, 44.77, 81.646
3437, 44.86, 81.68
3438, 44.91, 81.696
3439, 44.95, 81.713
3440, 45.05, 81.746
3441, 45.1, 81.763
3442, 45.14, 81.78
3443, 45.23, 81.813
3444, 45.28, 81.83
3445, 45.32, 81.846
3446, 45.41, 81.88
3447, 45.45, 81.896
3448, 45.49, 81.913
3449, 45.58, 81.946
3450, 45.62, 81.963
3451, 45.67, 81.98
3452, 45.76, 82.013
3453, 45.8, 82.03
3454, 45.84, 82.046
3455, 45.92, 82.08
3456, 45.97, 82.096
3457, 46.01, 82.113
3458, 46.06, 82.13
3459, 46.14, 82.163
3460, 46.18, 82.18
3461, 46.22, 82.196
3462, 46.3, 82.23
3463, 46.34, 82.246
3464, 46.38, 82.263
3465, 46.46, 82.296
3466, 46.51, 82.313
3467, 46.55, 82.33
3468, 46.59, 82.346
3469, 46.68, 82.38
3470, 46.72, 82.396
3471, 46.76, 82.413
3472, 46.85, 82.446
3473, 46.89, 82.463
3474, 46.93, 82.48
3475, 46.97, 82.496
3476, 47.06, 82.53
3477, 47.1, 82.546
3478, 47.14, 82.563
3479, 47.23, 82.596
3480, 47.27, 82.613
3481, 47.31, 82.63
3482, 47.35, 82.646
3483, 47.43, 82.68
3484, 47.47, 82.696
3485, 47.51, 82.713
3486, 47.55, 82.73
3487, 47.63, 82.763
3488, 47.67, 82.78
3489, 47.71, 82.796
3490, 47.75, 82.813
3491, 47.81, 82.846
3492, 47.85, 82.863
3493, 47.89, 82.88
3494, 47.93, 82.896
3495, 48.01, 82.93
3496, 48.04, 82.946
3497, 48.07, 82.963
3498, 48.11, 82.98
3499, 48.2, 83.013
3500, 48.24, 83.03
3501, 48.28, 83.046
3502, 48.32, 83.063
3503, 48.41, 83.096
3504, 48.45, 83.113
3505, 48.49, 83.13
3506, 48.53, 83.146
3507, 48.6, 83.18
3508, 48.64, 83.196
3509, 48.68, 83.213
3510, 48.71, 83.23
3511, 48.79, 83.263
3512, 48.83, 83.28
3513, 48.87, 83.296
3514, 48.9, 83.313
3515, 48.94, 83.33
3516, 49.01, 83.363
3517, 49.04, 83.38
3518, 49.08, 83.396
3519, 49.12, 83.413
3520, 49.21, 83.446
3521, 49.24, 83.463
3522, 49.28, 83.48
3523, 49.31, 83.496
3524, 49.35, 83.513
3525, 49.42, 83.546
3526, 49.46, 83.563
3527, 49.5, 83.58
3528, 49.54, 83.596
3529, 49.61, 83.63
3530, 49.65, 83.646
3531, 49.69, 83.663
3532, 49.73, 83.68
3533, 49.77, 83.696
3534, 49.84, 83.73
3535, 49.88, 83.746
3536, 49.91, 83.763
3537, 49.95, 83.78
3538, 49.98, 83.796
3539, 50.06, 83.83
3540, 50.09, 83.846
3541, 50.1, 83.863
3542, 50.07, 83.88
3543, 50.1, 83.896
3544, 50.18, 83.93
3545, 50.2, 83.946
3546, 50.23, 83.963
3547, 50.26, 83.98
3548, 50.3, 83.996
3549, 50.36, 84.03
3550, 50.39, 84.046
3551, 50.43, 84.063
3552, 50.47, 84.08
3553, 50.51, 84.096
3554, 50.54, 84.113
3555, 50.6, 84.146
3556, 50.64, 84.163
3557, 50.67, 84.18
3558, 50.7, 84.196
3559, 50.74, 84.213
3560, 50.82, 84.246
3561, 50.85, 84.263
3562, 50.88, 84.28
3563, 50.91, 84.296
3564, 50.95, 84.313
3565, 50.99, 84.33
3566, 51.05, 84.363
3567, 51.09, 84.38
3568, 51.13, 84.396
3569, 51.16, 84.413
3570, 51.2, 84.43
3571, 51.27, 84.463
3572, 51.31, 84.48
3573, 51.34, 84.496
3574, 51.37, 84.513
3575, 51.41, 84.53
3576, 51.44, 84.546
3577, 51.49, 84.58
3578, 51.53, 84.596
3579, 51.57, 84.613
3580, 51.61, 84.63
3581, 51.65, 84.646
3582, 51.68, 84.663
3583, 51.72, 84.68
3584, 51.77, 84.713
3585, 51.79, 84.73
3586, 51.81, 84.746
3587, 51.85, 84.763
3588, 51.89, 84.78
3589, 51.92, 84.796
3590, 51.98, 84.83
3591, 52.02, 84.846
3592, 52.07, 84.863
3593, 52.11, 84.88
3594, 52.14, 84.896
3595, 52.17, 84.913
3596, 52.23, 84.946
3597, 52.26, 84.963
3598, 52.29, 84.98
3599, 52.32, 84.996
3600, 52.36, 85.013
3601, 52.39, 85.03
3602, 52.43, 85.046
3603, 52.49, 85.08
3604, 52.53, 85.096
3605, 52.55, 85.113
3606, 52.58, 85.13
3607, 52.61, 85.146
3608, 52.64, 85.163
3609, 52.67, 85.18
3610, 52.73, 85.213
3611, 52.76, 85.23
3612, 52.79, 85.246
3613, 52.82, 85.263
3614, 52.85, 85.28
3615, 52.88, 85.296
3616, 52.91, 85.313
3617, 52.97, 85.346
3618, 52.99, 85.363
3619, 53.02, 85.38
3620, 53.05, 85.396
3621, 53.08, 85.413
3622, 53.12, 85.43
3623, 53.15, 85.446
3624, 53.19, 85.463
3625, 53.25, 85.496
3626, 53.28, 85.513
3627, 53.31, 85.53
3628, 53.33, 85.546
3629, 53.36, 85.563
3630, 53.39, 85.58
3631, 53.42, 85.596
3632, 53.44, 85.613
3633, 53.49, 85.646
3634, 53.52, 85.663
3635, 53.54, 85.68
3636, 53.57, 85.696
3637, 53.59, 85.713
3638, 53.62, 85.73
3639, 53.65, 85.746
3640, 53.67, 85.763
3641, 53.72, 85.796
3642, 53.74, 85.813
3643, 53.77, 85.83
3644, 53.79, 85.846
3645, 53.83, 85.863
3646, 53.86, 85.88
3647, 53.89, 85.896
3648, 53.92, 85.913
3649, 53.95, 85.946
3650, 53.98, 85.963
3651, 54, 85.98
3652, 54.02, 85.996
3653, 54.04, 86.013
3654, 54.07, 86.03
3655, 54.1, 86.046
3656, 54.12, 86.063
3657, 54.15, 86.08
3658, 54.19, 86.113
3659, 54.21, 86.13
3660, 54.23, 86.146
3661, 54.25, 86.163
3662, 54.28, 86.18
3663, 54.3, 86.196
3664, 54.32, 86.213
3665, 54.34, 86.23
3666, 54.36, 86.246
3667, 54.38, 86.263
3668, 54.42, 86.296
3669, 54.44, 86.313
3670, 54.46, 86.33
3671, 54.49, 86.346
3672, 54.51, 86.363
3673, 54.53, 86.38
3674, 54.56, 86.396
3675, 54.58, 86.413
3676, 54.61, 86.43
3677, 54.63, 86.446
3678, 54.68, 86.48
3679, 54.7, 86.496
3680, 54.72, 86.513
3681, 54.75, 86.53
3682, 54.78, 86.546
3683, 54.8, 86.563
3684, 54.83, 86.58
3685, 54.85, 86.596
3686, 54.88, 86.613
3687, 54.9, 86.63
3688, 54.95, 86.663
3689, 54.98, 86.68
3690, 55.01, 86.696
3691, 55.03, 86.713
3692, 55.06, 86.73
3693, 55.09, 86.746
3694, 55.12, 86.763
3695, 55.14, 86.78
3696, 55.16, 86.796
3697, 55.19, 86.813
3698, 55.22, 86.83
3699, 55.26, 86.863
3700, 55.28, 86.88
3701, 55.31, 86.896
3702, 55.34, 86.913
3703, 55.36, 86.93
3704, 55.39, 86.946
3705, 55.41, 86.963
3706, 55.43, 86.98
3707, 55.45, 86.996
3708, 55.47, 87.013
3709, 55.49, 87.03
3710, 55.51, 87.046
3711, 55.57, 87.08
3712, 55.6, 87.096
3713, 55.62, 87.113
3714, 55.65, 87.13
3715, 55.67, 87.146
3716, 55.69, 87.163
3717, 55.71, 87.18
3718, 55.74, 87.196
3719, 55.76, 87.213
3720, 55.78, 87.23
3721, 55.81, 87.246
3722, 55.83, 87.263
3723, 55.86, 87.28
3724, 55.91, 87.313
3725, 55.93, 87.33
3726, 55.95, 87.346
3727, 55.97, 87.363
3728, 56, 87.38
3729, 56.02, 87.396
3730, 56.04, 87.413
3731, 56.06, 87.43
3732, 56.08, 87.446
3733, 56.11, 87.463
3734, 56.13, 87.48
3735, 56.16, 87.496
3736, 56.18, 87.513
3737, 56.2, 87.53
3738, 56.25, 87.563
3739, 56.27, 87.58
3740, 56.29, 87.596
3741, 56.31, 87.613
3742, 56.34, 87.63
3743, 56.36, 87.646
3744, 56.38, 87.663
3745, 56.4, 87.68
3746, 56.43, 87.696
3747, 56.45, 87.713
3748, 56.47, 87.73
3749, 56.49, 87.746
3750, 56.51, 87.763
3751, 56.53, 87.78
3752, 56.55, 87.796
3753, 56.59, 87.83
3754, 56.61, 87.846
3755, 56.64, 87.863
3756, 56.67, 87.88
3757, 56.69, 87.896
3758, 56.71, 87.913
3759, 56.73, 87.93
3760, 56.75, 87.946
3761, 56.77, 87.963
3762, 56.78, 87.98
3763, 56.8, 87.996
3764, 56.83, 88.013
3765, 56.86, 88.03
3766, 56.88, 88.046
3767, 56.9, 88.063
3768, 56.92, 88.08
3769, 56.93, 88.096
3770, 56.98, 88.13
3771, 56.99, 88.146
3772, 57.01, 88.163
3773, 57.03, 88.18
3774, 57.06, 88.196
3775, 57.08, 88.213
3776, 57.09, 88.23
3777, 57.11, 88.246
3778, 57.13, 88.263
3779, 57.15, 88.28
3780, 57.17, 88.296
3781, 57.19, 88.313
3782, 57.2, 88.33
3783, 57.22, 88.346
3784, 57.24, 88.363
3785, 57.26, 88.38
3786, 57.27, 88.396
3787, 57.28, 88.413
3788, 57.3, 88.43
3789, 57.32, 88.463
3790, 57.33, 88.48
3791, 57.34, 88.496
3792, 57.37, 88.513
3793, 57.4, 88.53
3794, 57.42, 88.546
3795, 57.44, 88.563
3796, 57.45, 88.58
3797, 57.46, 88.596
3798, 57.47, 88.613
3799, 57.49, 88.63
3800, 57.51, 88.646
3801, 57.53, 88.663
3802, 57.55, 88.68
3803, 57.56, 88.696
3804, 57.57, 88.713
3805, 57.58, 88.73
3806, 57.6, 88.746
3807, 57.62, 88.763
3808, 57.64, 88.78
3809, 57.65, 88.796
3810, 57.67, 88.813
3811, 57.67, 88.83
3812, 57.71, 88.863
3813, 57.73, 88.88
3814, 57.75, 88.896
3815, 57.77, 88.913
3816, 57.78, 88.93
3817, 57.79, 88.946
3818, 57.81, 88.963
3819, 57.82, 88.98
3820, 57.84, 88.996
3821, 57.85, 89.013
3822, 57.87, 89.03
3823, 57.89, 89.046
3824, 57.91, 89.063
3825, 57.92, 89.08
3826, 57.93, 89.096
3827, 57.95, 89.113
3828, 57.96, 89.13
3829, 57.98, 89.146
3830, 58, 89.163
3831, 58.01, 89.18
3832, 58.03, 89.196
3833, 58.04, 89.213
3834, 58.06, 89.23
3835, 58.08, 89.246
3836, 58.1, 89.263
3837, 58.12, 89.28
3838, 58.13, 89.296
3839, 58.15, 89.313
3840, 58.17, 89.33
3841, 58.18, 89.346
3842, 58.2, 89.363
3843, 58.23, 89.396
3844, 58.24, 89.413
3845, 58.26, 89.43
3846, 58.28, 89.446
3847, 58.3, 89.463
3848, 58.32, 89.48
3849, 58.34, 89.496
3850, 58.36, 89.513
3851, 58.38, 89.53
3852, 58.39, 89.546
3853, 58.42, 89.563
3854, 58.44, 89.58
3855, 58.46, 89.596
3856, 58.48, 89.613
3857, 58.5, 89.63
3858, 58.53, 89.646
3859, 58.55, 89.663
3860, 58.57, 89.68
3861, 58.59, 89.696
3862, 58.61, 89.713
3863, 58.64, 89.73
3864, 58.66, 89.746
3865, 58.68, 89.763
3866, 58.7, 89.78
3867, 58.72, 89.796
3868, 58.72, 89.813
3869, 58.71, 89.83
3870, 58.7, 89.846
3871, 58.67, 89.863
3872, 58.62, 89.88
3873, 58.55, 89.896
3874, 58.46, 89.913
3875, 58.35, 89.93
3876, 58.23, 89.946
3877, 58.09, 89.963
3878, 57.93, 89.98
3879, 57.74, 89.996
3880, 57.55, 90.013
3881, 57.16, 90.046
3882, 56.95, 90.063
3883, 56.74, 90.08
3884, 56.52, 90.096
3885, 56.29, 90.113
3886, 56.07, 90.13
3887, 55.85, 90.146
3888, 55.62, 90.163
3889, 55.38, 90.18
3890, 55.15, 90.196
3891, 54.91, 90.213
3892, 54.67, 90.23
3893, 54.43, 90.246
3894, 54.19, 90.263
3895, 53.71, 90.296
3896, 53.47, 90.313
3897, 53.23, 90.33
3898, 52.99, 90.346
3899, 52.75, 90.363
3900, 52.51, 90.38
3901, 52.27, 90.396
3902, 51.8, 90.43
3903, 51.56, 90.446
3904, 51.33, 90.463
3905, 51.1, 90.48
3906, 50.87, 90.496
3907, 50.63, 90.513
3908, 50.15, 90.546
3909, 49.91, 90.563
3910, 49.68, 90.58
3911, 49.44, 90.596
3912, 49.21, 90.613
3913, 48.75, 90.646
3914, 48.51, 90.663
3915, 48.26, 90.68
3916, 48, 90.696
3917, 47.51, 90.73
3918, 47.27, 90.746
3919, 47.04, 90.763
3920, 46.81, 90.78
3921, 46.35, 90.813
3922, 46.12, 90.83
3923, 45.88, 90.846
3924, 45.38, 90.88
3925, 45.13, 90.896
3926, 44.89, 90.913
3927, 44.44, 90.946
3928, 44.21, 90.963
3929, 43.97, 90.98
3930, 43.51, 91.013
3931, 43.29, 91.03
3932, 43.05, 91.046
3933, 42.6, 91.08
3934, 42.4, 91.096
3935, 41.97, 91.13
3936, 41.75, 91.146
3937, 41.56, 91.163
3938, 41.21, 91.196
3939, 41.04, 91.213
3940, 40.71, 91.246
3941, 40.54, 91.263
3942, 40.19, 91.296
3943, 40.01, 91.313
3944, 39.63, 91.346
3945, 39.48, 91.363
3946, 39.2, 91.396
3947, 39.06, 91.413
3948, 38.79, 91.446
3949, 38.52, 91.48
3950, 38.37, 91.496
3951, 38.1, 91.53
3952, 37.99, 91.546
3953, 37.78, 91.58
3954, 37.68, 91.596
3955, 37.48, 91.63
3956, 37.31, 91.663
3957, 37.23, 91.68
3958, 37.1, 91.713
3959, 37.05, 91.73
3960, 36.94, 91.763
3961, 36.85, 91.796
3962, 36.81, 91.813
3963, 36.73, 91.846
3964, 36.69, 91.863
3965, 36.6, 91.896
3966, 36.53, 91.93
3967, 36.5, 91.946
3968, 36.44, 91.98
3969, 36.38, 92.013
3970, 36.35, 92.03
3971, 36.29, 92.063
3972, 36.23, 92.096
3973, 36.2, 92.113
3974, 36.14, 92.146
3975, 36.11, 92.163
3976, 36.04, 92.196
3977, 35.98, 92.23
3978, 35.95, 92.246
3979, 35.88, 92.28
3980, 35.82, 92.313
3981, 35.78, 92.33
3982, 35.71, 92.363
3983, 35.65, 92.396
3984, 35.61, 92.413
3985, 35.55, 92.446
3986, 35.47, 92.48
3987, 35.4, 92.513
3988, 35.36, 92.53
3989, 35.27, 92.563
3990, 35.19, 92.596
3991, 35.16, 92.613
3992, 35.1, 92.646
3993, 35.04, 92.68
3994, 35.01, 92.696
3995, 34.96, 92.73
3996, 34.89, 92.763
3997, 34.86, 92.78
3998, 34.8, 92.813
3999, 34.77, 92.846
4000, 34.72, 92.88
4001, 34.69, 92.896
4002, 34.64, 92.93
4003, 34.6, 92.963
4004, 34.58, 92.98
4005, 34.54, 93.013
4006, 34.48, 93.046
4007, 34.42, 93.08
4008, 34.4, 93.096
4009, 34.35, 93.13
4010, 34.29, 93.163
4011, 34.24, 93.196
4012, 34.21, 93.213
4013, 34.15, 93.246
4014, 34.11, 93.28
4015, 34.07, 93.313
4016, 34.05, 93.33
4017, 34.02, 93.363
4018, 34, 93.396
4019, 33.98, 93.43
4020, 33.97, 93.463
4021, 33.97, 93.48
4022, 33.97, 93.513
4023, 33.99, 93.546
4024, 34, 93.58
4025, 34.01, 93.596
4026, 34.03, 93.63
4027, 34.06, 93.663
4028, 34.1, 93.696
4029, 34.13, 93.713
4030, 34.18, 93.746
4031, 34.22, 93.78
4032, 34.26, 93.813
4033, 34.28, 93.83
4034, 34.34, 93.863
4035, 34.39, 93.896
4036, 34.43, 93.93
4037, 34.45, 93.946
4038, 34.5, 93.98
4039, 34.55, 94.013
4040, 34.6, 94.046
4041, 34.62, 94.063
4042, 34.67, 94.096
4043, 34.73, 94.13
4044, 34.77, 94.146
4045, 34.84, 94.18
4046, 34.9, 94.213
4047, 34.96, 94.246
4048, 35, 94.263
4049, 35.1, 94.296
4050, 35.21, 94.33
4051, 35.25, 94.346
4052, 35.35, 94.38
4053, 35.45, 94.413
4054, 35.56, 94.446
4055, 35.62, 94.463
4056, 35.74, 94.496
4057, 35.85, 94.53
4058, 35.91, 94.546
4059, 36.02, 94.58
4060, 36.12, 94.613
4061, 36.17, 94.63
4062, 36.29, 94.663
4063, 36.41, 94.696
4064, 36.47, 94.713
4065, 36.58, 94.746
4066, 36.7, 94.78
4067, 36.76, 94.796
4068, 36.87, 94.83
4069, 36.99, 94.863
4070, 37.05, 94.88
4071, 37.17, 94.913
4072, 37.23, 94.93
4073, 37.35, 94.963
4074, 37.47, 94.996
4075, 37.53, 95.013
4076, 37.65, 95.046
4077, 37.71, 95.063
4078, 37.83, 95.096
4079, 37.94, 95.13
4080, 38, 95.146
4081, 38.12, 95.18
4082, 38.17, 95.196
4083, 38.28, 95.23
4084, 38.34, 95.246
4085, 38.44, 95.28
4086, 38.54, 95.313
4087, 38.59, 95.33
4088, 38.69, 95.363
4089, 38.74, 95.38
4090, 38.83, 95.413
4091, 38.88, 95.43
4092, 38.97, 95.463
4093, 39.02, 95.48
4094, 39.1, 95.513
4095, 39.19, 95.546
4096, 39.22, 95.563
4097, 39.31, 95.596
4098, 39.35, 95.613
4099, 39.43, 95.646
4100, 39.46, 95.663
4101, 39.53, 95.696
4102, 39.57, 95.713
4103, 39.63, 95.746
4104, 39.67, 95.763
4105, 39.74, 95.796
4106, 39.78, 95.813
4107, 39.83, 95.846
4108, 39.86, 95.863
4109, 39.92, 95.896
4110, 39.96, 95.913
4111, 40.02, 95.946
4112, 40.05, 95.963
4113, 40.11, 95.996
4114, 40.13, 96.013
4115, 40.19, 96.046
4116, 40.21, 96.063
4117, 40.27, 96.096
4118, 40.3, 96.113
4119, 40.36, 96.146
4120, 40.39, 96.163
4121, 40.44, 96.196
4122, 40.47, 96.213
4123, 40.53, 96.246
4124, 40.56, 96.263
4125, 40.62, 96.296
4126, 40.65, 96.313
4127, 40.72, 96.346
4128, 40.76, 96.363
4129, 40.83, 96.396
4130, 40.87, 96.413
4131, 40.94, 96.446
4132, 40.97, 96.463
4133, 41.04, 96.496
4134, 41.08, 96.513
4135, 41.15, 96.546
4136, 41.19, 96.563
4137, 41.23, 96.58
4138, 41.3, 96.613
4139, 41.33, 96.63
4140, 41.4, 96.663
4141, 41.44, 96.68
4142, 41.47, 96.713
4143, 41.47, 96.73
4144, 41.4, 96.763
4145, 41.34, 96.78
4146, 41.18, 96.813
4147, 41.09, 96.83
4148, 40.98, 96.846
4149, 40.74, 96.88
4150, 40.61, 96.896
4151, 40.3, 96.93
4152, 40.16, 96.946
4153, 39.89, 96.98
4154, 39.73, 96.996
4155, 39.41, 97.03
4156, 39.25, 97.046
4157, 38.92, 97.08
4158, 38.61, 97.113
4159, 38.45, 97.13
4160, 38.14, 97.163
4161, 37.98, 97.18
4162, 37.63, 97.213
4163, 37.46, 97.23
4164, 37.15, 97.263
4165, 36.86, 97.296
4166, 36.71, 97.313
4167, 36.45, 97.346
4168, 36.26, 97.38
4169, 36.13, 97.396
4170, 35.88, 97.43
4171, 35.68, 97.463
4172, 35.58, 97.48
4173, 35.41, 97.513
4174, 35.23, 97.546
4175, 35.15, 97.563
4176, 35.01, 97.596
4177, 34.86, 97.63
4178, 34.69, 97.663
4179, 34.62, 97.68
4180, 34.48, 97.713
4181, 34.33, 97.746
4182, 34.16, 97.78
4183, 34.08, 97.796
4184, 33.94, 97.83
4185, 33.74, 97.863
4186, 33.58, 97.896
4187, 33.5, 97.913
4188, 33.34, 97.946
4189, 33.2, 97.98
4190, 33.01, 98.013
4191, 32.86, 98.046
4192, 32.75, 98.08
4193, 32.71, 98.096
4194, 32.6, 98.13
4195, 32.53, 98.163
4196, 32.46, 98.196
4197, 32.35, 98.23
4198, 32.3, 98.263
4199, 32.24, 98.296
4200, 32.18, 98.33
4201, 32.14, 98.363
4202, 32.11, 98.396
4203, 32.13, 98.43
4204, 32.13, 98.446
4205, 32.12, 98.48
4206, 32.11, 98.513
4207, 32.12, 98.546
4208, 32.13, 98.58
4209, 32.14, 98.613
4210, 32.15, 98.646
4211, 32.17, 98.68
4212, 32.18, 98.713
4213, 32.2, 98.746
4214, 32.22, 98.78
4215, 32.23, 98.796
4216, 32.25, 98.83
4217, 32.26, 98.863
4218, 32.27, 98.896
4219, 32.28, 98.93
4220, 32.3, 98.963
4221, 32.33, 98.996
4222, 32.36, 99.03
4223, 32.37, 99.046
4224, 32.39, 99.08
4225, 32.41, 99.113
4226, 32.44, 99.146
4227, 32.47, 99.18
4228, 32.48, 99.213
4229, 32.48, 99.23
4230, 32.49, 99.263
4231, 32.51, 99.296
4232, 32.54, 99.33
4233, 32.56, 99.363
4234, 32.58, 99.396
4235, 32.59, 99.413
4236, 32.61, 99.446
4237, 32.63, 99.48
4238, 32.65, 99.513
4239, 32.67, 99.546
4240, 32.69, 99.58
4241, 32.7, 99.596
4242, 32.72, 99.63
4243, 32.74, 99.663
4244, 32.76, 99.696
4245, 32.77, 99.73
4246, 32.79, 99.746
4247, 32.81, 99.78
4248, 32.83, 99.813
4249, 32.85, 99.846
4250, 32.86, 99.863
4251, 32.87, 99.896
4252, 32.88, 99.93
4253, 32.9, 99.963
4254, 32.91, 99.996
4255, 32.9, 100.013
4256, 32.91, 100.046
4257, 32.91, 100.08
4258, 32.92, 100.113
4259, 32.93, 100.146
4260, 32.94, 100.163
4261, 32.96, 100.196
4262, 32.97, 100.23
4263, 32.99, 100.263
4264, 33.02, 100.296
4265, 33.04, 100.313
4266, 33.08, 100.346
4267, 33.13, 100.38
4268, 33.2, 100.413
4269, 33.27, 100.446
4270, 33.32, 100.463
4271, 33.4, 100.496
4272, 33.48, 100.53
4273, 33.57, 100.563
4274, 33.68, 100.596
4275, 33.74, 100.613
4276, 33.86, 100.646
4277, 33.96, 100.68
4278, 34.05, 100.713
4279, 34.09, 100.73
4280, 34.2, 100.763
4281, 34.33, 100.796
4282, 34.46, 100.83
4283, 34.52, 100.846
4284, 34.64, 100.88
4285, 34.74, 100.913
4286, 34.85, 100.946
4287, 34.91, 100.963
4288, 35.04, 100.996
4289, 35.16, 101.03
4290, 35.21, 101.046
4291, 35.32, 101.08
4292, 35.42, 101.113
4293, 35.54, 101.146
4294, 35.6, 101.163
4295, 35.72, 101.196
4296, 35.84, 101.23
4297, 35.88, 101.246
4298, 35.98, 101.28
4299, 36.09, 101.313
4300, 36.15, 101.33
4301, 36.27, 101.363
4302, 36.37, 101.396
4303, 36.43, 101.413
4304, 36.54, 101.446
4305, 36.64, 101.48
4306, 36.69, 101.496
4307, 36.79, 101.53
4308, 36.85, 101.546
4309, 36.97, 101.58
4310, 37.08, 101.613
4311, 37.13, 101.63
4312, 37.23, 101.663
4313, 37.34, 101.696
4314, 37.41, 101.713
4315, 37.52, 101.746
4316, 37.57, 101.763
4317, 37.69, 101.796
4318, 37.8, 101.83
4319, 37.84, 101.846
4320, 37.95, 101.88
4321, 38.03, 101.896
4322, 38.13, 101.93
4323, 38.18, 101.946
4324, 38.29, 101.98
4325, 38.42, 102.013
4326, 38.47, 102.03
4327, 38.58, 102.063
4328, 38.65, 102.08
4329, 38.77, 102.113
4330, 38.8, 102.13
4331, 38.91, 102.163
4332, 38.99, 102.18
4333, 39.1, 102.213
4334, 39.13, 102.23
4335, 39.25, 102.263
4336, 39.36, 102.296
4337, 39.43, 102.313
4338, 39.54, 102.346
4339, 39.59, 102.363
4340, 39.7, 102.396
4341, 39.76, 102.413
4342, 39.87, 102.446
4343, 39.92, 102.463
4344, 40.02, 102.496
4345, 40.08, 102.513
4346, 40.19, 102.546
4347, 40.24, 102.563
4348, 40.35, 102.596
4349, 40.4, 102.613
4350, 40.51, 102.646
4351, 40.56, 102.663
4352, 40.67, 102.696
4353, 40.72, 102.713
4354, 40.81, 102.746
4355, 40.78, 102.763
4356, 40.78, 102.78
4357, 40.9, 102.813
4358, 40.94, 102.83
4359, 41.03, 102.863
4360, 41.08, 102.88
4361, 41.18, 102.913
4362, 41.23, 102.93
4363, 41.33, 102.963
4364, 41.37, 102.98
4365, 41.47, 103.013
4366, 41.52, 103.03
4367, 41.57, 103.046
4368, 41.67, 103.08
4369, 41.72, 103.096
4370, 41.82, 103.13
4371, 41.86, 103.146
4372, 41.96, 103.18
4373, 42.01, 103.196
4374, 42.11, 103.23
4375, 42.16, 103.246
4376, 42.21, 103.263
4377, 42.31, 103.296
4378, 42.36, 103.313
4379, 42.45, 103.346
4380, 42.5, 103.363
4381, 42.55, 103.38
4382, 42.64, 103.413
4383, 42.7, 103.43
4384, 42.8, 103.463
4385, 42.85, 103.48
4386, 42.9, 103.496
4387, 43, 103.53
4388, 43.05, 103.546
4389, 43.14, 103.58
4390, 43.19, 103.596
4391, 43.24, 103.613
4392, 43.34, 103.646
4393, 43.39, 103.663
4394, 43.48, 103.696
4395, 43.53, 103.713
4396, 43.58, 103.73
4397, 43.67, 103.763
4398, 43.72, 103.78
4399, 43.77, 103.796
4400, 43.87, 103.83
4401, 43.92, 103.846
4402, 44.01, 103.88
4403, 44.05, 103.896
4404, 44.09, 103.913
4405, 44.19, 103.946
4406, 44.23, 103.963
4407, 44.28, 103.98
4408, 44.39, 104.013
4409, 44.43, 104.03
4410, 44.47, 104.046
4411, 44.56, 104.08
4412, 44.61, 104.096
4413, 44.66, 104.113
4414, 44.75, 104.146
4415, 44.8, 104.163
4416, 44.84, 104.18
4417, 44.94, 104.213
4418, 44.98, 104.23
4419, 45.07, 104.263
4420, 45.12, 104.28
4421, 45.16, 104.296
4422, 45.2, 104.313
4423, 45.29, 104.346
4424, 45.34, 104.363
4425, 45.38, 104.38
4426, 45.48, 104.413
4427, 45.52, 104.43
4428, 45.57, 104.446
4429, 45.65, 104.48
4430, 45.69, 104.496
4431, 45.74, 104.513
4432, 45.82, 104.546
4433, 45.87, 104.563
4434, 45.92, 104.58
4435, 46.01, 104.613
4436, 46.05, 104.63
4437, 46.1, 104.646
4438, 46.18, 104.68
4439, 46.22, 104.696
4440, 46.27, 104.713
4441, 46.31, 104.73
4442, 46.4, 104.763
4443, 46.44, 104.78
4444, 46.48, 104.796
4445, 46.57, 104.83
4446, 46.61, 104.846
4447, 46.66, 104.863
4448, 46.7, 104.88
4449, 46.78, 104.913
4450, 46.83, 104.93
4451, 46.87, 104.946
4452, 46.95, 104.98
4453, 47, 104.996
4454, 47.04, 105.013
4455, 47.08, 105.03
4456, 47.16, 105.063
4457, 47.2, 105.08
4458, 47.25, 105.096
4459, 47.29, 105.113
4460, 47.37, 105.146
4461, 47.41, 105.163
4462, 47.45, 105.18
4463, 47.54, 105.213
4464, 47.58, 105.23
4465, 47.62, 105.246
4466, 47.66, 105.263
4467, 47.74, 105.296
4468, 47.78, 105.313
4469, 47.82, 105.33
4470, 47.86, 105.346
4471, 47.94, 105.38
4472, 47.98, 105.396
4473, 48.02, 105.413
4474, 48.06, 105.43
4475, 48.14, 105.463
4476, 48.18, 105.48
4477, 48.22, 105.496
4478, 48.26, 105.513
4479, 48.34, 105.546
4480, 48.38, 105.563
4481, 48.42, 105.58
4482, 48.46, 105.596
4483, 48.54, 105.63
4484, 48.58, 105.646
4485, 48.62, 105.663
4486, 48.66, 105.68
4487, 48.7, 105.696
4488, 48.78, 105.73
4489, 48.81, 105.746
4490, 48.85, 105.763
4491, 48.89, 105.78
4492, 48.97, 105.813
4493, 49.01, 105.83
4494, 49.05, 105.846
4495, 49.09, 105.863
4496, 49.16, 105.896
4497, 49.2, 105.913
4498, 49.24, 105.93
4499, 49.28, 105.946
4500, 49.32, 105.963
4501, 49.38, 105.996
4502, 49.42, 106.013
4503, 49.47, 106.03
4504, 49.51, 106.046
4505, 49.54, 106.063
4506, 49.61, 106.096
4507, 49.65, 106.113
4508, 49.7, 106.13
4509, 49.73, 106.146
4510, 49.77, 106.18
4511, 49.74, 106.196
4512, 49.78, 106.213
4513, 49.83, 106.23
4514, 49.86, 106.246
4515, 49.91, 106.28
4516, 49.94, 106.296
4517, 49.98, 106.313
4518, 50.01, 106.33
4519, 50.05, 106.346
4520, 50.12, 106.38
4521, 50.16, 106.396
4522, 50.19, 106.413
4523, 50.22, 106.43
4524, 50.26, 106.446
4525, 50.33, 106.48
4526, 50.37, 106.496
4527, 50.4, 106.513
4528, 50.43, 106.53
4529, 50.47, 106.546
4530, 50.51, 106.563
4531, 50.58, 106.596
4532, 50.61, 106.613
4533, 50.64, 106.63
4534, 50.68, 106.646
4535, 50.72, 106.663
4536, 50.79, 106.696
4537, 50.82, 106.713
4538, 50.85, 106.73
4539, 50.89, 106.746
4540, 50.92, 106.763
4541, 50.96, 106.78
4542, 51.03, 106.813
4543, 51.07, 106.83
4544, 51.1, 106.846
4545, 51.14, 106.863
4546, 51.17, 106.88
4547, 51.24, 106.913
4548, 51.27, 106.93
4549, 51.3, 106.946
4550, 51.34, 106.963
4551, 51.38, 106.98
4552, 51.42, 106.996
4553, 51.49, 107.03
4554, 51.52, 107.046
4555, 51.56, 107.063
4556, 51.59, 107.08
4557, 51.62, 107.096
4558, 51.66, 107.113
4559, 51.73, 107.146
4560, 51.76, 107.163
4561, 51.79, 107.18
4562, 51.83, 107.196
4563, 51.86, 107.213
4564, 51.9, 107.23
4565, 51.93, 107.246
4566, 51.99, 107.28
4567, 52.03, 107.296
4568, 52.06, 107.313
4569, 52.09, 107.33
4570, 52.13, 107.346
4571, 52.16, 107.363
4572, 52.24, 107.396
4573, 52.27, 107.413
4574, 52.3, 107.43
4575, 52.33, 107.446
4576, 52.36, 107.463
4577, 52.4, 107.48
4578, 52.43, 107.496
4579, 52.5, 107.53
4580, 52.53, 107.546
4581, 52.56, 107.563
4582, 52.6, 107.58
4583, 52.63, 107.596
4584, 52.66, 107.613
4585, 52.7, 107.63
4586, 52.77, 107.663
4587, 52.8, 107.68
4588, 52.84, 107.696
4589, 52.87, 107.713
4590, 52.9, 107.73
4591, 52.94, 107.746
4592, 52.97, 107.763
4593, 53, 107.78
4594, 53.07, 107.813
4595, 53.1, 107.83
4596, 53.13, 107.846
4597, 53.16, 107.863
4598, 53.19, 107.88
4599, 53.23, 107.896
4600, 53.26, 107.913
4601, 53.32, 107.946
4602, 53.36, 107.963
4603, 53.39, 107.98
4604, 53.43, 107.996
4605, 53.46, 108.013
4606, 53.49, 108.03
4607, 53.52, 108.046
4608, 53.55, 108.063
4609, 53.62, 108.096
4610, 53.65, 108.113
4611, 53.68, 108.13
4612, 53.71, 108.146
4613, 53.74, 108.163
4614, 53.77, 108.18
4615, 53.8, 108.196
4616, 53.83, 108.213
4617, 53.86, 108.23
4618, 53.92, 108.263
4619, 53.95, 108.28
4620, 53.98, 108.296
4621, 54.02, 108.313
4622, 54.05, 108.33
4623, 54.08, 108.346
4624, 54.12, 108.363
4625, 54.15, 108.38
4626, 54.18, 108.396
4627, 54.24, 108.43
4628, 54.27, 108.446
4629, 54.3, 108.463
4630, 54.33, 108.48
4631, 54.36, 108.496
4632, 54.4, 108.513
4633, 54.43, 108.53
4634, 54.46, 108.546
4635, 54.49, 108.563
4636, 54.52, 108.58
4637, 54.57, 108.613
4638, 54.6, 108.63
4639, 54.64, 108.646
4640, 54.67, 108.663
4641, 54.7, 108.68
4642, 54.73, 108.696
4643, 54.76, 108.713
4644, 54.79, 108.73
4645, 54.82, 108.746
4646, 54.84, 108.763
4647, 54.9, 108.796
4648, 54.93, 108.813
4649, 54.97, 108.83
4650, 55, 108.846
4651, 55.03, 108.863
4652, 55.06, 108.88
4653, 55.09, 108.896
4654, 55.12, 108.913
4655, 55.15, 108.93
4656, 55.18, 108.946
4657, 55.21, 108.963
4658, 55.26, 108.996
4659, 55.29, 109.013
4660, 55.32, 109.03
4661, 55.35, 109.046
4662, 55.38, 109.063
4663, 55.41, 109.08
4664, 55.44, 109.096
4665, 55.47, 109.113
4666, 55.5, 109.13
4667, 55.52, 109.146
4668, 55.55, 109.163
4669, 55.58, 109.18
4670, 55.64, 109.213
4671, 55.67, 109.23
4672, 55.7, 109.246
4673, 55.73, 109.263
4674, 55.76, 109.28
4675, 55.79, 109.296
4676, 55.82, 109.313
4677, 55.84, 109.33
4678, 55.87, 109.346
4679, 55.9, 109.363
4680, 55.92, 109.38
4681, 55.95, 109.396
4682, 55.98, 109.413
4683, 56.01, 109.43
4684, 56.07, 109.463
4685, 56.1, 109.48
4686, 56.12, 109.496
4687, 56.15, 109.513
4688, 56.17, 109.53
4689, 56.2, 109.546
4690, 56.23, 109.563
4691, 56.26, 109.58
4692, 56.29, 109.596
4693, 56.32, 109.613
4694, 56.34, 109.63
4695, 56.37, 109.646
4696, 56.4, 109.663
4697, 56.43, 109.68
4698, 56.48, 109.713
4699, 56.51, 109.73
4700, 56.54, 109.746
4701, 56.57, 109.763
4702, 56.6, 109.78
4703, 56.62, 109.796
4704, 56.65, 109.813
4705, 56.68, 109.83
4706, 56.7, 109.846
4707, 56.73, 109.863
4708, 56.76, 109.88
4709, 56.78, 109.896
4710, 56.81, 109.913
4711, 56.83, 109.93
4712, 56.86, 109.946
4713, 56.88, 109.963
4714, 56.92, 109.98
4715, 56.95, 109.996
4716, 57, 110.03
4717, 57.02, 110.046
4718, 57.05, 110.063
4719, 57.08, 110.08
4720, 57.11, 110.096
4721, 57.14, 110.113
4722, 57.16, 110.13
4723, 57.19, 110.146
4724, 57.21, 110.163
4725, 57.24, 110.18
4726, 57.27, 110.196
4727, 57.29, 110.213
4728, 57.31, 110.23
4729, 57.34, 110.246
4730, 57.37, 110.263
4731, 57.4, 110.28
4732, 57.43, 110.296
4733, 57.45, 110.313
4734, 57.47, 110.33
4735, 57.5, 110.346
4736, 57.55, 110.38
4737, 57.58, 110.396
4738, 57.61, 110.413
4739, 57.63, 110.43
4740, 57.66, 110.446
4741, 57.69, 110.463
4742, 57.71, 110.48
4743, 57.74, 110.496
4744, 57.77, 110.513
4745, 57.79, 110.53
4746, 57.82, 110.546
4747, 57.84, 110.563
4748, 57.86, 110.58
4749, 57.89, 110.596
4750, 57.91, 110.613
4751, 57.94, 110.63
4752, 57.96, 110.646
4753, 57.99, 110.663
4754, 58.02, 110.68
4755, 58.04, 110.696
4756, 58.07, 110.713
4757, 58.09, 110.73
4758, 58.11, 110.746
4759, 58.14, 110.763
4760, 58.17, 110.78
4761, 58.19, 110.796
4762, 58.22, 110.813
4763, 58.25, 110.83
4764, 58.29, 110.863
4765, 58.32, 110.88
4766, 58.34, 110.896
4767, 58.37, 110.913
4768, 58.39, 110.93
4769, 58.42, 110.946
4770, 58.44, 110.963
4771, 58.47, 110.98
4772, 58.49, 110.996
4773, 58.51, 111.013
4774, 58.54, 111.03
4775, 58.56, 111.046
4776, 58.59, 111.063
4777, 58.62, 111.08
4778, 58.64, 111.096
4779, 58.67, 111.113
4780, 58.69, 111.13
4781, 58.71, 111.146
4782, 58.73, 111.163
4783, 58.75, 111.18
4784, 58.78, 111.196
4785, 58.81, 111.213
4786, 58.83, 111.23
4787, 58.86, 111.246
4788, 58.89, 111.263
4789, 58.91, 111.28
4790, 58.93, 111.296
4791, 58.96, 111.313
4792, 58.98, 111.33
4793, 59, 111.346
4794, 59.03, 111.363
4795, 59.05, 111.38
4796, 59.08, 111.396
4797, 59.1, 111.413
4798, 59.13, 111.43
4799, 59.15, 111.446
4800, 59.17, 111.463
4801, 59.16, 111.48
4802, 59.14, 111.496
4803, 59.18, 111.513
4804, 59.2, 111.53
4805, 59.21, 111.546
4806, 59.23, 111.563
4807, 59.26, 111.58
4808, 59.28, 111.596
4809, 59.3, 111.613
4810, 59.31, 111.63
4811, 59.33, 111.646
4812, 59.36, 111.663
4813, 59.38, 111.68
4814, 59.4, 111.696
4815, 59.43, 111.713
4816, 59.45, 111.73
4817, 59.49, 111.763
4818, 59.51, 111.78
4819, 59.53, 111.796
4820, 59.55, 111.813
4821, 59.58, 111.83
4822, 59.6, 111.846
4823, 59.63, 111.863
4824, 59.65, 111.88
4825, 59.67, 111.896
4826, 59.69, 111.913
4827, 59.71, 111.93
4828, 59.74, 111.946
4829, 59.76, 111.963
4830, 59.79, 111.98
4831, 59.81, 111.996
4832, 59.83, 112.013
4833, 59.85, 112.03
4834, 59.87, 112.046
4835, 59.89, 112.063
4836, 59.92, 112.08
4837, 59.94, 112.096
4838, 59.96, 112.113
4839, 59.98, 112.13
4840, 60, 112.146
4841, 60.02, 112.163
4842, 60.04, 112.18
4843, 60.06, 112.196
4844, 60.09, 112.213
4845, 60.12, 112.23
4846, 60.14, 112.246
4847, 60.16, 112.263
4848, 60.18, 112.28
4849, 60.2, 112.296
4850, 60.22, 112.313
4851, 60.24, 112.33
4852, 60.27, 112.346
4853, 60.29, 112.363
4854, 60.31, 112.38
4855, 60.33, 112.396
4856, 60.35, 112.413
4857, 60.38, 112.43
4858, 60.4, 112.446
4859, 60.43, 112.463
4860, 60.45, 112.48
4861, 60.47, 112.496
4862, 60.49, 112.513
4863, 60.51, 112.53
4864, 60.53, 112.546
4865, 60.53, 112.546
4866, 60.55, 112.563
4867, 60.57, 112.58
4868, 60.59, 112.596
4869, 60.61, 112.613
4870, 60.63, 112.63
4871, 60.66, 112.646
4872, 60.68, 112.663
4873, 60.7, 112.68
4874, 60.72, 112.696
4875, 60.74, 112.713
4876, 60.76, 112.73
4877, 60.78, 112.746
4878, 60.81, 112.763
4879, 60.83, 112.78
4880, 60.85, 112.796
4881, 60.87, 112.813
4882, 60.89, 112.83
4883, 60.91, 112.846
4884, 60.93, 112.863
4885, 60.96, 112.88
4886, 60.98, 112.896
4887, 61, 112.913
4888, 61.03, 112.93
4889, 61.05, 112.946
4890, 61.07, 112.963
4891, 61.09, 112.98
4892, 61.11, 112.996
4893, 61.13, 113.013
4894, 61.15, 113.03
4895, 61.17, 113.046
4896, 61.19, 113.063
4897, 61.21, 113.08
4898, 61.24, 113.096
4899, 61.26, 113.113
4900, 61.28, 113.13
4901, 61.3, 113.146
4902, 61.32, 113.163
4903, 61.34, 113.18
4904, 61.36, 113.196
4905, 61.38, 113.213
4906, 61.4, 113.23
4907, 61.42, 113.246
4908, 61.44, 113.263
4909, 61.46, 113.28
4910, 61.49, 113.296
4911, 61.51, 113.313
4912, 61.53, 113.33
4913, 61.55, 113.346
4914, 61.57, 113.363
4915, 61.58, 113.38
4916, 61.61, 113.396
4917, 61.63, 113.413
4918, 61.65, 113.43
4919, 61.67, 113.446
4920, 61.67, 113.446
4921, 61.69, 113.463
4922, 61.71, 113.48
4923, 61.73, 113.496
4924, 61.75, 113.513
4925, 61.76, 113.53
4926, 61.78, 113.546
4927, 61.81, 113.563
4928, 61.84, 113.58
4929, 61.86, 113.596
4930, 61.88, 113.613
4931, 61.9, 113.63
4932, 61.92, 113.646
4933, 61.94, 113.663
4934, 61.96, 113.68
4935, 61.98, 113.696
4936, 62, 113.713
4937, 62.02, 113.73
4938, 62.03, 113.746
4939, 62.05, 113.763
4940, 62.07, 113.78
4941, 62.09, 113.796
4942, 62.11, 113.813
4943, 62.14, 113.83
4944, 62.16, 113.846
4945, 62.18, 113.863
4946, 62.2, 113.88
4947, 62.22, 113.896
4948, 62.24, 113.913
4949, 62.26, 113.93
4950, 62.28, 113.946
4951, 62.28, 113.946
4952, 62.29, 113.963
4953, 62.32, 113.98
4954, 62.34, 113.996
4955, 62.36, 114.013
4956, 62.38, 114.03
4957, 62.4, 114.046
4958, 62.42, 114.063
4959, 62.44, 114.08
4960, 62.45, 114.096
4961, 62.47, 114.113
4962, 62.49, 114.13
4963, 62.51, 114.146
4964, 62.53, 114.163
4965, 62.55, 114.18
4966, 62.57, 114.196
4967, 62.59, 114.213
4968, 62.61, 114.23
4969, 62.63, 114.246
4970, 62.65, 114.263
4971, 62.67, 114.28
4972, 62.7, 114.296
4973, 62.72, 114.313
4974, 62.74, 114.33
4975, 62.75, 114.346
4976, 62.75, 114.346
4977, 62.77, 114.363
4978, 62.79, 114.38
4979, 62.81, 114.396
4980, 62.83, 114.413
4981, 62.84, 114.43
4982, 62.86, 114.446
4983, 62.87, 114.463
4984, 62.9, 114.48
4985, 62.92, 114.496
4986, 62.94, 114.513
4987, 62.96, 114.53
4988, 62.98, 114.546
4989, 63, 114.563
4990, 63.02, 114.58
4991, 63.03, 114.596
4992, 63.05, 114.613
4993, 63.07, 114.63
4994, 63.09, 114.646
4995, 63.11, 114.663
4996, 63.13, 114.68
4997, 63.13, 114.68
4998, 63.15, 114.696
4999, 63.17, 114.713
5000, 63.19, 114.73
5001, 63.21, 114.746
5002, 63.22, 114.763
5003, 63.24, 114.78
5004, 63.25, 114.796
5005, 63.27, 114.813
5006, 63.29, 114.83
5007, 63.31, 114.846
5008, 63.33, 114.863
5009, 63.35, 114.88
5010, 63.37, 114.896
5011, 63.38, 114.913
5012, 63.4, 114.93
5013, 63.42, 114.946
5014, 63.44, 114.963
5015, 63.46, 114.98
5016, 63.46, 114.98
5017, 63.48, 114.996
5018, 63.5, 115.013
5019, 63.52, 115.03
5020, 63.53, 115.046
5021, 63.55, 115.063
5022, 63.57, 115.08
5023, 63.59, 115.096
5024, 63.61, 115.113
5025, 63.62, 115.13
5026, 63.64, 115.146
5027, 63.66, 115.163
5028, 63.68, 115.18
5029, 63.69, 115.196
5030, 63.71, 115.213
5031, 63.73, 115.23
5032, 63.75, 115.246
5033, 63.77, 115.263
5034, 63.77, 115.263
5035, 63.78, 115.28
5036, 63.8, 115.296
5037, 63.82, 115.313
5038, 63.84, 115.33
5039, 63.86, 115.346
5040, 63.87, 115.363
5041, 63.89, 115.38
5042, 63.91, 115.396
5043, 63.92, 115.413
5044, 63.94, 115.43
5045, 63.96, 115.446
5046, 63.98, 115.463
5047, 64, 115.48
5048, 64.02, 115.496
5049, 64.03, 115.513
5050, 64.03, 115.513
5051, 64.05, 115.53
5052, 64.06, 115.546
5053, 64.09, 115.563
5054, 64.1, 115.58
5055, 64.12, 115.596
5056, 64.14, 115.613
5057, 64.15, 115.63
5058, 64.17, 115.646
5059, 64.18, 115.663
5060, 64.2, 115.68
5061, 64.22, 115.696
5062, 64.23, 115.713
5063, 64.25, 115.73
5064, 64.26, 115.746
5065, 64.28, 115.763
5066, 64.28, 115.763
5067, 64.3, 115.78
5068, 64.32, 115.796
5069, 64.34, 115.813
5070, 64.36, 115.83
5071, 64.38, 115.846
5072, 64.39, 115.863
5073, 64.41, 115.88
5074, 64.42, 115.896
5075, 64.44, 115.913
5076, 64.46, 115.93
5077, 64.47, 115.946
5078, 64.49, 115.963
5079, 64.5, 115.98
5080, 64.5, 115.98
5081, 64.52, 115.996
5082, 64.53, 116.013
5083, 64.55, 116.03
5084, 64.57, 116.046
5085, 64.59, 116.063
5086, 64.6, 116.08
5087, 64.61, 116.096
5088, 64.63, 116.113
5089, 64.64, 116.13
5090, 64.65, 116.146
5091, 64.66, 116.163
5092, 64.66, 116.18
5093, 64.65, 116.196
5094, 64.65, 116.196
5095, 64.62, 116.213
5096, 64.58, 116.23
5097, 64.53, 116.246
5098, 64.46, 116.263
5099, 64.38, 116.28
5100, 64.29, 116.296
5101, 64.17, 116.313
5102, 64.05, 116.33
5103, 63.91, 116.346
5104, 63.76, 116.363
5105, 63.61, 116.38
5106, 63.45, 116.396
5107, 63.28, 116.413
5108, 63.1, 116.43
5109, 62.92, 116.446
5110, 62.73, 116.463
5111, 62.73, 116.463
5112, 62.54, 116.48
5113, 62.35, 116.496
5114, 62.16, 116.513
5115, 61.97, 116.53
5116, 61.78, 116.546
5117, 61.59, 116.563
5118, 61.4, 116.58
5119, 61.2, 116.596
5120, 61, 116.613
5121, 60.79, 116.63
5122, 60.58, 116.646
5123, 60.38, 116.663
5124, 60.18, 116.68
5125, 59.97, 116.696
5126, 59.77, 116.713
5127, 59.57, 116.73
5128, 59.37, 116.746
5129, 59.17, 116.763
5130, 58.97, 116.78
5131, 58.76, 116.796
5132, 58.56, 116.813
5133, 58.36, 116.83
5134, 58.17, 116.846
5135, 57.98, 116.863
5136, 57.78, 116.88
5137, 57.58, 116.896
5138, 57.18, 116.93
5139, 56.99, 116.946
5140, 56.81, 116.963
5141, 56.61, 116.98
5142, 56.43, 116.996
5143, 56.22, 117.013
5144, 56.01, 117.03
5145, 55.82, 117.046
5146, 55.63, 117.063
5147, 55.45, 117.08
5148, 55.27, 117.096
5149, 55.09, 117.113
5150, 54.91, 117.13
5151, 54.73, 117.146
5152, 54.39, 117.18
5153, 54.22, 117.196
5154, 54.05, 117.213
5155, 53.89, 117.23
5156, 53.73, 117.246
5157, 53.57, 117.263
5158, 53.41, 117.28
5159, 53.25, 117.296
5160, 53.09, 117.313
5161, 52.79, 117.346
5162, 52.64, 117.363
5163, 52.49, 117.38
5164, 52.34, 117.396
5165, 52.2, 117.413
5166, 52.06, 117.43
5167, 51.92, 117.446
5168, 51.65, 117.48
5169, 51.51, 117.496
5170, 51.38, 117.513
5171, 51.25, 117.53
5172, 51.13, 117.546
5173, 51, 117.563
5174, 50.76, 117.596
5175, 50.64, 117.613
5176, 50.53, 117.63
5177, 50.41, 117.646
5178, 50.29, 117.663
5179, 50.04, 117.696
5180, 49.89, 117.713
5181, 49.75, 117.73
5182, 49.63, 117.746
5183, 49.52, 117.763
5184, 49.29, 117.796
5185, 49.17, 117.813
5186, 49.07, 117.83
5187, 48.96, 117.846
5188, 48.86, 117.863
5189, 48.65, 117.896
5190, 48.55, 117.913
5191, 48.47, 117.93
5192, 48.38, 117.946
5193, 48.22, 117.98
5194, 48.14, 117.996
5195, 48.06, 118.013
5196, 47.98, 118.03
5197, 47.81, 118.063
5198, 47.73, 118.08
5199, 47.65, 118.096
5200, 47.56, 118.113
5201, 47.4, 118.146
5202, 47.32, 118.163
5203, 47.24, 118.18
5204, 47.15, 118.196
5205, 46.99, 118.23
5206, 46.9, 118.246
5207, 46.82, 118.263
5208, 46.66, 118.296
5209, 46.58, 118.313
5210, 46.5, 118.33
5211, 46.33, 118.363
5212, 46.25, 118.38
5213, 46.16, 118.396
5214, 46.06, 118.413
5215, 45.86, 118.446
5216, 45.76, 118.463
5217, 45.65, 118.48
5218, 45.44, 118.513
5219, 45.32, 118.53
5220, 45.22, 118.546
5221, 45, 118.58
5222, 44.89, 118.596
5223, 44.79, 118.613
5224, 44.6, 118.646
5225, 44.51, 118.663
5226, 44.33, 118.696
5227, 44.25, 118.713
5228, 44.17, 118.73
5229, 44.01, 118.763
5230, 43.94, 118.78
5231, 43.88, 118.796
5232, 43.76, 118.83
5233, 43.7, 118.846
5234, 43.58, 118.88
5235, 43.52, 118.896
5236, 43.47, 118.913
5237, 43.35, 118.946
5238, 43.29, 118.963
5239, 43.14, 118.996
5240, 43.05, 119.013
5241, 42.98, 119.03
5242, 42.85, 119.063
5243, 42.78, 119.08
5244, 42.66, 119.113
5245, 42.58, 119.13
5246, 42.42, 119.163
5247, 42.34, 119.18
5248, 42.26, 119.196
5249, 42.12, 119.23
5250, 42.05, 119.246
5251, 41.89, 119.28
5252, 41.82, 119.296
5253, 41.67, 119.33
5254, 41.59, 119.346
5255, 41.44, 119.38
5256, 41.36, 119.396
5257, 41.2, 119.43
5258, 41.13, 119.446
5259, 40.98, 119.48
5260, 40.9, 119.496
5261, 40.74, 119.53
5262, 40.67, 119.546
5263, 40.53, 119.58
5264, 40.45, 119.596
5265, 40.28, 119.63
5266, 40.2, 119.646
5267, 40.02, 119.68
5268, 39.92, 119.696
5269, 39.71, 119.73
5270, 39.62, 119.746
5271, 39.43, 119.78
5272, 39.34, 119.796
5273, 39.16, 119.83
5274, 38.94, 119.863
5275, 38.82, 119.88
5276, 38.6, 119.913
5277, 38.5, 119.93
5278, 38.32, 119.963
5279, 38.14, 119.996
5280, 38.07, 120.013
5281, 37.92, 120.046
5282, 37.76, 120.08
5283, 37.69, 120.096
5284, 37.55, 120.13
5285, 37.42, 120.163
5286, 37.35, 120.18
5287, 37.24, 120.213
5288, 37.15, 120.246
5289, 37.11, 120.263
5290, 37, 120.296
5291, 36.91, 120.33
5292, 36.87, 120.346
5293, 36.81, 120.38
5294, 36.73, 120.413
5295, 36.69, 120.43
5296, 36.62, 120.463
5297, 36.55, 120.496
5298, 36.49, 120.53
5299, 36.47, 120.546
5300, 36.41, 120.58
5301, 36.34, 120.613
5302, 36.3, 120.63
5303, 36.21, 120.663
5304, 36.13, 120.696
5305, 36.06, 120.73
5306, 36.03, 120.746
5307, 35.99, 120.78
5308, 35.95, 120.813
5309, 35.89, 120.846
5310, 35.88, 120.863
5311, 35.84, 120.896
5312, 35.78, 120.93
5313, 35.74, 120.963
5314, 35.69, 120.996
5315, 35.67, 121.013
5316, 35.62, 121.046
5317, 35.57, 121.08
5318, 35.52, 121.113
5319, 35.46, 121.146
5320, 35.43, 121.163
5321, 35.38, 121.196
5322, 35.33, 121.23
5323, 35.28, 121.263
5324, 35.24, 121.296
5325, 35.21, 121.313
5326, 35.15, 121.346
5327, 35.09, 121.38
5328, 35.02, 121.413
5329, 34.93, 121.446
5330, 34.89, 121.463
5331, 34.81, 121.496
5332, 34.74, 121.53
5333, 34.68, 121.563
5334, 34.63, 121.596
5335, 34.58, 121.63
5336, 34.56, 121.646
5337, 34.54, 121.68
5338, 34.5, 121.713
5339, 34.47, 121.746
5340, 34.44, 121.78
5341, 34.4, 121.813
5342, 34.38, 121.83
5343, 34.34, 121.863
5344, 34.33, 121.896
5345, 34.33, 121.93
5346, 34.34, 121.963
5347, 34.36, 121.996
5348, 34.36, 122.013
5349, 34.36, 122.046
5350, 34.38, 122.08
5351, 34.42, 122.113
5352, 34.44, 122.146
5353, 34.44, 122.163
5354, 34.43, 122.196
5355, 34.44, 122.23
5356, 34.46, 122.263
5357, 34.48, 122.296
5358, 34.49, 122.33
5359, 34.5, 122.346
5360, 34.52, 122.38
5361, 34.52, 122.413
5362, 34.54, 122.446
5363, 34.55, 122.48
5364, 34.55, 122.496
5365, 34.53, 122.53
5366, 34.51, 122.563
5367, 34.49, 122.596
5368, 34.5, 122.63
5369, 34.51, 122.646
5370, 34.54, 122.68
5371, 34.56, 122.713
5372, 34.55, 122.746
5373, 34.55, 122.78
5374, 34.54, 122.796
5375, 34.55, 122.83
5376, 34.58, 122.863
5377, 34.63, 122.896
5378, 34.65, 122.913
5379, 34.7, 122.946
5380, 34.76, 122.98
5381, 34.81, 123.013
5382, 34.82, 123.03
5383, 34.85, 123.063
5384, 34.88, 123.096
5385, 34.9, 123.13
5386, 34.91, 123.146
5387, 34.93, 123.18
5388, 34.99, 123.213
5389, 35.04, 123.246
5390, 35.06, 123.263
5391, 35.09, 123.296
5392, 35.11, 123.33
5393, 35.14, 123.363
5394, 35.15, 123.38
5395, 35.18, 123.413
5396, 35.23, 123.446
5397, 35.25, 123.463
5398, 35.28, 123.496
5399, 35.32, 123.53
5400, 35.35, 123.563
5401, 35.36, 123.58
5402, 35.4, 123.613
5403, 35.46, 123.646
5404, 35.49, 123.663
5405, 35.54, 123.696
5406, 35.57, 123.73
5407, 35.59, 123.746
5408, 35.68, 123.78
5409, 35.76, 123.813
5410, 35.79, 123.83
5411, 35.84, 123.863
5412, 35.87, 123.896
5413, 35.94, 123.93
5414, 36, 123.946
5415, 36.1, 123.98
5416, 36.15, 124.013
5417, 36.18, 124.03
5418, 36.25, 124.063
5419, 36.3, 124.08
5420, 36.37, 124.113
5421, 36.44, 124.146
5422, 36.49, 124.163
5423, 36.61, 124.196
5424, 36.7, 124.23
5425, 36.73, 124.246
5426, 36.78, 124.28
5427, 36.84, 124.313
5428, 36.89, 124.33
5429, 37.04, 124.363
5430, 37.17, 124.396
5431, 37.21, 124.413
5432, 37.28, 124.446
5433, 37.31, 124.463
5434, 37.4, 124.496
5435, 37.49, 124.53
5436, 37.53, 124.546
5437, 37.6, 124.58
5438, 37.64, 124.596
5439, 37.74, 124.63
5440, 37.81, 124.663
5441, 37.84, 124.68
5442, 37.91, 124.713
5443, 37.96, 124.73
5444, 38.05, 124.763
5445, 38.11, 124.78
5446, 38.19, 124.813
5447, 38.26, 124.846
5448, 38.3, 124.863
5449, 38.36, 124.896
5450, 38.38, 124.913
5451, 38.43, 124.946
5452, 38.5, 124.963
5453, 38.62, 124.996
5454, 38.65, 125.013
5455, 38.71, 125.046
5456, 38.8, 125.08
5457, 38.85, 125.096
5458, 38.95, 125.13
5459, 39, 125.146
5460, 39.11, 125.18
5461, 39.15, 125.196
5462, 39.22, 125.23
5463, 39.25, 125.246
5464, 39.29, 125.28
5465, 39.27, 125.296
5466, 39.28, 125.33
5467, 39.31, 125.346
5468, 39.4, 125.38
5469, 39.51, 125.413
5470, 39.55, 125.43
5471, 39.62, 125.463
5472, 39.66, 125.48
5473, 39.72, 125.513
5474, 39.75, 125.53
5475, 39.82, 125.563
5476, 39.86, 125.58
5477, 39.95, 125.613
5478, 39.99, 125.63
5479, 40.06, 125.663
5480, 40.1, 125.68
5481, 40.19, 125.713
5482, 40.23, 125.73
5483, 40.3, 125.763
5484, 40.33, 125.78
5485, 40.39, 125.813
5486, 40.44, 125.83
5487, 40.55, 125.863
5488, 40.59, 125.88
5489, 40.66, 125.913
5490, 40.69, 125.93
5491, 40.75, 125.963
5492, 40.78, 125.98
5493, 40.82, 125.996
5494, 40.92, 126.03
5495, 40.99, 126.046
5496, 41.09, 126.08
5497, 41.13, 126.096
5498, 41.22, 126.13
5499, 41.26, 126.146
5500, 41.35, 126.18
5501, 41.39, 126.196
5502, 41.47, 126.23
5503, 41.51, 126.246
5504, 41.59, 126.28
5505, 41.63, 126.296
5506, 41.7, 126.33
5507, 41.73, 126.346
5508, 41.78, 126.363
5509, 41.88, 126.396
5510, 41.93, 126.413
5511, 42, 126.446
5512, 42.04, 126.463
5513, 42.12, 126.496
5514, 42.16, 126.513
5515, 42.23, 126.546
5516, 42.27, 126.563
5517, 42.31, 126.58
5518, 42.4, 126.613
5519, 42.46, 126.63
5520, 42.54, 126.663
5521, 42.58, 126.68
5522, 42.65, 126.713
5523, 42.69, 126.73
5524, 42.73, 126.746
5525, 42.84, 126.78
5526, 42.89, 126.796
5527, 42.96, 126.83
5528, 43, 126.846
5529, 43.03, 126.863
5530, 43.13, 126.896
5531, 43.18, 126.913
5532, 43.27, 126.946
5533, 43.31, 126.963
5534, 43.4, 126.996
5535, 43.43, 127.013
5536, 43.46, 127.03
5537, 43.56, 127.063
5538, 43.61, 127.08
5539, 43.66, 127.096
5540, 43.74, 127.13
5541, 43.79, 127.146
5542, 43.87, 127.18
5543, 43.91, 127.196
5544, 43.95, 127.213
5545, 44.03, 127.246
5546, 44.09, 127.263
5547, 44.13, 127.28
5548, 44.18, 127.313
5549, 44.21, 127.33
5550, 44.32, 127.363
5551, 44.38, 127.38
5552, 44.41, 127.396
5553, 44.46, 127.43
5554, 44.49, 127.446
5555, 44.54, 127.463
5556, 44.63, 127.496
5557, 44.65, 127.513
5558, 44.67, 127.53
5559, 44.79, 127.563
5560, 44.85, 127.58
5561, 44.93, 127.613
5562, 44.96, 127.63
5563, 45, 127.646
5564, 45.08, 127.68
5565, 45.12, 127.696
5566, 45.16, 127.713
5567, 45.21, 127.746
5568, 45.26, 127.763
5569, 45.31, 127.78
5570, 45.43, 127.813
5571, 45.47, 127.83
5572, 45.51, 127.846
5573, 45.59, 127.88
5574, 45.62, 127.896
5575, 45.66, 127.913
5576, 45.73, 127.946
5577, 45.78, 127.963
5578, 45.83, 127.98
5579, 45.88, 127.996
5580, 45.96, 128.03
5581, 46.01, 128.046
5582, 46.05, 128.063
5583, 46.14, 128.096
5584, 46.17, 128.113
5585, 46.21, 128.13
5586, 46.29, 128.163
5587, 46.34, 128.18
5588, 46.37, 128.196
5589, 46.44, 128.23
5590, 46.5, 128.246
5591, 46.56, 128.263
5592, 46.61, 128.28
5593, 46.68, 128.313
5594, 46.72, 128.33
5595, 46.76, 128.346
5596, 46.85, 128.38
5597, 46.89, 128.396
5598, 46.93, 128.413
5599, 46.98, 128.43
5600, 47.06, 128.463
5601, 47.1, 128.48
5602, 47.13, 128.496
5603, 47.21, 128.53
5604, 47.25, 128.546
5605, 47.3, 128.563
5606, 47.34, 128.58
5607, 47.43, 128.613
5608, 47.46, 128.63
5609, 47.49, 128.646
5610, 47.52, 128.663
5611, 47.62, 128.696
5612, 47.67, 128.713
5613, 47.71, 128.73
5614, 47.74, 128.746
5615, 47.81, 128.78
5616, 47.84, 128.796
5617, 47.87, 128.813
5618, 47.92, 128.83
5619, 47.92, 128.83
5620, 47.92, 128.83
5621, 47.92, 128.83
5622, 47.92, 128.83
5623, 48.21, 128.946
5624, 48.25, 128.963
5625, 48.29, 128.98
5626, 48.33, 128.996
5627, 48.41, 129.03
5628, 48.45, 129.046
5629, 48.49, 129.063
5630, 48.53, 129.08
5631, 48.61, 129.113
5632, 48.64, 129.13
5633, 48.68, 129.146
5634, 48.72, 129.163
5635, 48.79, 129.196
5636, 48.82, 129.213
5637, 48.85, 129.23
5638, 48.89, 129.246
5639, 48.95, 129.28
5640, 48.99, 129.296
5641, 49.03, 129.313
5642, 49.08, 129.33
5643, 49.13, 129.346
5644, 49.21, 129.38
5645, 49.25, 129.396
5646, 49.28, 129.413
5647, 49.32, 129.43
5648, 49.39, 129.463
5649, 49.43, 129.48
5650, 49.47, 129.496
5651, 49.51, 129.513
5652, 49.54, 129.53
5653, 49.61, 129.563
5654, 49.63, 129.58
5655, 49.63, 129.596
5656, 49.61, 129.613
5657, 49.64, 129.63
5658, 49.72, 129.663
5659, 49.74, 129.68
5660, 49.77, 129.696
5661, 49.8, 129.713
5662, 49.84, 129.73
5663, 49.93, 129.763
5664, 49.97, 129.78
5665, 50, 129.796
5666, 50.03, 129.813
5667, 50.07, 129.83
5668, 50.13, 129.863
5669, 50.16, 129.88
5670, 50.19, 129.896
5671, 50.23, 129.913
5672, 50.26, 129.93
5673, 50.32, 129.963
5674, 50.35, 129.98
5675, 50.38, 129.996
5676, 50.41, 130.013
5677, 50.45, 130.03
5678, 50.53, 130.063
5679, 50.58, 130.08
5680, 50.62, 130.096
5681, 50.66, 130.113
5682, 50.69, 130.13
5683, 50.75, 130.163
5684, 50.77, 130.18
5685, 50.79, 130.196
5686, 50.82, 130.213
5687, 50.86, 130.23
5688, 50.91, 130.246
5689, 50.99, 130.28
5690, 51.03, 130.296
5691, 51.05, 130.313
5692, 51.08, 130.33
5693, 51.12, 130.346
5694, 51.16, 130.363
5695, 51.23, 130.396
5696, 51.27, 130.413
5697, 51.3, 130.43
5698, 51.33, 130.446
5699, 51.36, 130.463
5700, 51.39, 130.48
5701, 51.42, 130.513
5702, 51.46, 130.53
5703, 51.51, 130.546
5704, 51.56, 130.563
5705, 51.6, 130.58
5706, 51.64, 130.596
5707, 51.7, 130.63
5708, 51.73, 130.646
5709, 51.75, 130.663
5710, 51.77, 130.68
5711, 51.81, 130.696
5712, 51.86, 130.713
5713, 51.94, 130.746
5714, 51.97, 130.763
5715, 52, 130.78
5716, 52.03, 130.796
5717, 52.06, 130.813
5718, 52.09, 130.83
5719, 52.16, 130.863
5720, 52.19, 130.88
5721, 52.22, 130.896
5722, 52.25, 130.913
5723, 52.27, 130.93
5724, 52.31, 130.946
5725, 52.35, 130.963
5726, 52.42, 130.996
5727, 52.45, 131.013
5728, 52.48, 131.03
5729, 52.52, 131.046
5730, 52.55, 131.063
5731, 52.58, 131.08
5732, 52.6, 131.096
5733, 52.67, 131.13
5734, 52.71, 131.146
5735, 52.74, 131.163
5736, 52.77, 131.18
5737, 52.79, 131.196
5738, 52.83, 131.213
5739, 52.86, 131.23
5740, 52.94, 131.263
5741, 52.98, 131.28
5742, 53.01, 131.296
5743, 53.03, 131.313
5744, 53.04, 131.33
5745, 53.08, 131.346
5746, 53.12, 131.363
5747, 53.16, 131.38
5748, 53.21, 131.413
5749, 53.24, 131.43
5750, 53.28, 131.446
5751, 53.32, 131.463
5752, 53.36, 131.48
5753, 53.39, 131.496
5754, 53.42, 131.513
5755, 53.44, 131.53
5756, 53.5, 131.563
5757, 53.53, 131.58
5758, 53.56, 131.596
5759, 53.59, 131.613
5760, 53.62, 131.63
5761, 53.65, 131.646
5762, 53.68, 131.663
5763, 53.71, 131.68
5764, 53.75, 131.696
5765, 53.82, 131.73
5766, 53.85, 131.746
5767, 53.88, 131.763
5768, 53.91, 131.78
5769, 53.94, 131.796
5770, 53.97, 131.813
5771, 54, 131.83
5772, 54.02, 131.846
5773, 54.09, 131.88
5774, 54.12, 131.896
5775, 54.14, 131.913
5776, 54.16, 131.93
5777, 54.19, 131.946
5778, 54.22, 131.963
5779, 54.25, 131.98
5780, 54.29, 131.996
5781, 54.34, 132.013
5782, 54.37, 132.03
5783, 54.42, 132.063
5784, 54.45, 132.08
5785, 54.47, 132.096
5786, 54.5, 132.113
5787, 54.53, 132.13
5788, 54.56, 132.146
5789, 54.6, 132.163
5790, 54.63, 132.18
5791, 54.66, 132.196
5792, 54.68, 132.213
5793, 54.68, 132.213
