0, 61.95, 116.674
1, 61.98, 116.69
2, 62.02, 116.707
3, 62.02, 116.707
4, 62.06, 116.724
5, 62.09, 116.74
6, 62.11, 116.757
7, 62.13, 116.774
8, 62.15, 116.79
9, 62.18, 116.807
10, 62.21, 116.824
11, 62.24, 116.84
12, 62.27, 116.857
13, 62.31, 116.874
14, 62.33, 116.89
15, 62.34, 116.907
16, 62.37, 116.924
17, 62.4, 116.94
18, 62.43, 116.957
19, 62.46, 116.974
20, 62.49, 116.99
21, 62.51, 117.007
22, 62.53, 117.024
23, 62.56, 117.04
24, 62.59, 117.057
25, 62.62, 117.074
26, 62.65, 117.09
27, 62.67, 117.107
28, 62.7, 117.124
29, 62.73, 117.14
30, 62.73, 117.14
31, 62.76, 117.157
32, 62.79, 117.174
33, 62.81, 117.19
34, 62.84, 117.207
35, 62.85, 117.224
36, 62.87, 117.24
37, 62.86, 117.257
38, 62.93, 117.274
39, 63.01, 117.29
40, 63.05, 117.307
41, 63.01, 117.324
42, 63.02, 117.34
43, 63.06, 117.357
44, 63.08, 117.374
45, 63.09, 117.39
46, 63.11, 117.407
47, 63.17, 117.424
48, 63.22, 117.44
49, 63.25, 117.457
50, 63.25, 117.474
51, 63.25, 117.474
52, 63.28, 117.49
53, 63.31, 117.507
54, 63.33, 117.524
55, 63.35, 117.54
56, 63.38, 117.557
57, 63.4, 117.574
58, 63.42, 117.59
59, 63.44, 117.607
60, 63.46, 117.624
61, 63.49, 117.64
62, 63.53, 117.657
63, 63.58, 117.674
64, 63.61, 117.69
65, 63.62, 117.707
66, 63.63, 117.724
67, 63.65, 117.74
68, 63.67, 117.757
69, 63.7, 117.774
70, 63.7, 117.774
71, 63.74, 117.79
72, 63.76, 117.807
73, 63.77, 117.824
74, 63.79, 117.84
75, 63.82, 117.857
76, 63.84, 117.874
77, 63.88, 117.89
78, 63.93, 117.907
79, 63.95, 117.924
80, 63.97, 117.94
81, 63.99, 117.957
82, 64.02, 117.974
83, 64.04, 117.99
84, 64.06, 118.007
85, 64.08, 118.024
86, 64.08, 118.024
87, 64.1, 118.04
88, 64.12, 118.057
89, 64.14, 118.074
90, 64.16, 118.09
91, 64.18, 118.107
92, 64.21, 118.124
93, 64.25, 118.14
94, 64.29, 118.157
95, 64.31, 118.174
96, 64.33, 118.19
97, 64.35, 1.564
98, 64.37, 1.58
99, 64.39, 1.597
100, 64.42, 1.614
101, 64.42, 1.614
102, 64.44, 1.63
103, 64.47, 1.647
104, 64.49, 1.664
105, 64.51, 1.68
106, 64.53, 1.697
107, 64.55, 1.714
108, 64.58, 1.73
109, 64.61, 1.747
110, 64.62, 1.764
111, 64.65, 1.78
112, 64.69, 1.797
113, 64.71, 1.814
114, 64.72, 1.83
115, 64.72, 1.83
116, 64.74, 1.847
117, 64.77, 1.864
118, 64.79, 1.88
119, 64.81, 1.897
120, 64.84, 1.914
121, 64.86, 1.93
122, 64.88, 1.947
123, 64.9, 1.964
124, 64.93, 1.98
125, 64.96, 1.997
126, 64.99, 2.014
127, 65.01, 2.03
128, 65.01, 2.03
129, 65.04, 2.047
130, 65.06, 2.064
131, 65.08, 2.08
132, 65.1, 2.097
133, 65.12, 2.114
134, 65.15, 2.13
135, 65.18, 2.147
136, 65.2, 2.164
137, 65.22, 2.18
138, 65.24, 2.197
139, 65.26, 2.214
140, 65.28, 2.23
141, 65.28, 2.23
142, 65.3, 2.247
143, 65.32, 2.264
144, 65.35, 2.28
145, 65.37, 2.297
146, 65.39, 2.314
147, 65.4, 2.33
148, 65.41, 2.347
149, 65.43, 2.364
150, 65.47, 2.38
151, 65.5, 2.397
152, 65.51, 2.414
153, 65.51, 2.414
154, 65.5, 2.43
155, 65.54, 2.447
156, 65.6, 2.464
157, 65.64, 2.48
158, 65.63, 2.497
159, 65.64, 2.514
160, 65.66, 2.53
161, 65.69, 2.547
162, 65.72, 2.564
163, 65.74, 2.58
164, 65.75, 2.597
165, 65.75, 2.597
166, 65.76, 2.614
167, 65.78, 2.63
168, 65.81, 2.647
169, 65.83, 2.664
170, 65.85, 2.68
171, 65.87, 2.697
172, 65.89, 2.714
173, 65.91, 2.73
174, 65.94, 2.747
175, 65.96, 2.764
176, 65.96, 2.764
177, 65.98, 2.78
178, 66, 2.797
179, 66.01, 2.814
180, 66.03, 2.83
181, 66.04, 2.847
182, 66.06, 2.864
183, 66.08, 2.88
184, 66.1, 2.897
185, 66.13, 2.914
186, 66.16, 2.93
187, 66.16, 2.93
188, 66.19, 2.947
189, 66.2, 2.964
190, 66.22, 2.98
191, 66.24, 2.997
192, 66.26, 3.014
193, 66.27, 3.03
194, 66.29, 3.047
195, 66.31, 3.064
196, 66.32, 3.08
197, 66.34, 3.097
198, 66.34, 3.097
199, 66.35, 3.114
200, 66.38, 3.13
201, 66.4, 3.147
202, 66.45, 3.164
203, 66.47, 3.18
204, 66.49, 3.197
205, 66.5, 3.214
206, 66.5, 3.23
207, 66.51, 3.247
208, 66.51, 3.247
209, 66.51, 3.264
210, 66.49, 3.28
211, 66.51, 3.297
212, 66.61, 3.314
213, 66.67, 3.33
214, 66.65, 3.347
215, 66.63, 3.364
216, 66.68, 3.38
217, 66.71, 3.397
218, 66.71, 3.397
219, 66.7, 3.414
220, 66.72, 3.43
221, 66.74, 3.447
222, 66.76, 3.464
223, 66.78, 3.48
224, 66.8, 3.497
225, 66.81, 3.514
226, 66.82, 3.53
227, 66.84, 3.547
228, 66.84, 3.547
229, 66.86, 3.564
230, 66.89, 3.58
231, 66.91, 3.597
232, 66.94, 3.614
233, 66.97, 3.63
234, 66.99, 3.647
235, 66.99, 3.664
236, 67, 3.68
237, 67.02, 3.697
238, 67.02, 3.697
239, 67.03, 3.714
240, 67.05, 3.73
241, 67.08, 3.747
242, 67.1, 3.764
243, 67.12, 3.78
244, 67.13, 3.797
245, 67.15, 3.814
246, 67.17, 3.83
247, 67.17, 3.83
248, 67.19, 3.847
249, 67.2, 3.864
250, 67.21, 3.88
251, 67.22, 3.897
252, 67.23, 3.914
253, 67.25, 3.93
254, 67.28, 3.947
255, 67.3, 3.964
256, 67.31, 3.98
257, 67.31, 3.98
258, 67.33, 3.997
259, 67.35, 4.014
260, 67.38, 4.03
261, 67.4, 4.047
262, 67.42, 4.064
263, 67.43, 4.08
264, 67.43, 4.097
265, 67.45, 4.114
266, 67.45, 4.114
267, 67.47, 4.13
268, 67.5, 4.147
269, 67.53, 4.164
270, 67.54, 4.18
271, 67.53, 4.197
272, 67.52, 4.214
273, 67.52, 4.23
274, 67.52, 4.247
275, 67.52, 4.247
276, 67.57, 4.264
277, 67.64, 4.28
278, 67.67, 4.297
279, 67.66, 4.314
280, 67.67, 4.33
281, 67.69, 4.347
282, 67.7, 4.364
283, 67.71, 4.38
284, 67.71, 4.38
285, 67.73, 4.397
286, 67.75, 4.414
287, 67.76, 4.43
288, 67.77, 4.447
289, 67.79, 4.464
290, 67.81, 4.48
291, 67.83, 4.497
292, 67.83, 4.497
293, 67.85, 4.514
294, 67.86, 4.53
295, 67.88, 4.547
296, 67.89, 4.564
297, 67.91, 4.58
298, 67.92, 4.597
299, 67.93, 4.614
300, 67.95, 4.63
301, 67.95, 4.63
302, 67.97, 4.647
303, 67.98, 4.664
304, 67.99, 4.68
305, 67.99, 4.697
306, 68, 4.714
307, 68, 4.73
308, 68.01, 4.747
309, 68.01, 4.747
310, 68.02, 4.764
311, 68, 4.78
312, 67.97, 4.797
313, 67.95, 4.814
314, 67.92, 4.83
315, 67.88, 4.847
316, 67.84, 4.864
317, 67.78, 4.88
318, 67.78, 4.88
319, 67.71, 4.897
320, 67.64, 4.914
321, 67.55, 4.93
322, 67.46, 4.947
323, 67.35, 4.964
324, 67.23, 4.98
325, 67.09, 4.997
326, 66.93, 5.014
327, 66.93, 5.014
328, 66.77, 5.03
329, 66.58, 5.047
330, 66.37, 5.064
331, 66.16, 5.08
332, 65.94, 5.097
333, 65.73, 5.114
334, 65.49, 5.13
335, 65.28, 5.147
336, 65.12, 5.164
337, 64.85, 5.18
338, 64.62, 5.197
339, 64.62, 5.197
340, 64.36, 5.214
341, 64.06, 5.23
342, 63.85, 5.247
343, 63.62, 5.264
344, 63.4, 5.28
345, 63.17, 5.297
346, 62.93, 5.314
347, 62.71, 5.33
348, 62.48, 5.347
349, 62.23, 5.364
350, 61.98, 5.38
351, 61.75, 5.397
352, 61.55, 5.414
353, 61.34, 5.43
354, 61.1, 5.447
355, 60.84, 5.464
356, 60.61, 5.48
357, 60.4, 5.497
358, 60.19, 5.514
359, 59.99, 5.53
360, 59.79, 5.547
361, 59.59, 5.564
362, 59.41, 5.58
363, 59.24, 5.597
364, 59.06, 5.614
365, 58.81, 5.63
366, 58.61, 5.647
367, 58.5, 5.664
368, 58.38, 5.68
369, 58.25, 5.697
370, 58.1, 5.714
371, 57.91, 5.73
372, 57.78, 5.747
373, 57.69, 5.764
374, 57.59, 5.78
375, 57.47, 5.797
376, 57.35, 5.814
377, 57.28, 5.83
378, 57.16, 5.864
379, 57.09, 5.88
380, 57.05, 5.897
381, 57.01, 5.914
382, 56.93, 5.93
383, 56.85, 5.947
384, 56.78, 5.964
385, 56.72, 5.98
386, 56.66, 5.997
387, 56.6, 6.014
388, 56.55, 6.03
389, 56.49, 6.047
390, 56.43, 6.064
391, 56.37, 6.08
392, 56.24, 6.114
393, 56.17, 6.13
394, 56.1, 6.147
395, 56.03, 6.164
396, 55.97, 6.18
397, 55.91, 6.197
398, 55.87, 6.214
399, 55.81, 6.23
400, 55.73, 6.247
401, 55.65, 6.264
402, 55.58, 6.28
403, 55.48, 6.314
404, 55.43, 6.33
405, 55.38, 6.347
406, 55.34, 6.364
407, 55.3, 6.38
408, 55.25, 6.397
409, 55.21, 6.414
410, 55.18, 6.43
411, 55.14, 6.447
412, 55.12, 6.464
413, 55.06, 6.497
414, 55.01, 6.514
415, 54.97, 6.53
416, 54.92, 6.547
417, 54.87, 6.564
418, 54.77, 6.58
419, 54.66, 6.597
420, 54.62, 6.614
421, 54.58, 6.63
422, 54.45, 6.664
423, 54.39, 6.68
424, 54.33, 6.697
425, 54.26, 6.714
426, 54.18, 6.73
427, 54.1, 6.747
428, 54.04, 6.764
429, 53.94, 6.797
430, 53.9, 6.814
431, 53.85, 6.83
432, 53.85, 6.847
433, 53.87, 6.864
434, 53.86, 6.88
435, 53.85, 6.897
436, 53.87, 6.914
437, 53.85, 6.947
438, 53.87, 6.964
439, 53.91, 6.98
440, 53.94, 6.997
441, 53.98, 7.014
442, 54.01, 7.03
443, 54.04, 7.047
444, 54.08, 7.08
445, 54.11, 7.097
446, 54.17, 7.114
447, 54.21, 7.13
448, 54.24, 7.147
449, 54.25, 7.164
450, 54.28, 7.18
451, 54.31, 7.197
452, 54.35, 7.23
453, 54.38, 7.247
454, 54.42, 7.264
455, 54.47, 7.28
456, 54.52, 7.297
457, 54.56, 7.314
458, 54.58, 7.33
459, 54.6, 7.347
460, 54.64, 7.38
461, 54.67, 7.397
462, 54.71, 7.414
463, 54.75, 7.43
464, 54.78, 7.447
465, 54.8, 7.464
466, 54.81, 7.48
467, 54.85, 7.497
468, 54.9, 7.514
469, 54.95, 7.53
470, 54.96, 7.564
471, 54.97, 7.58
472, 54.97, 7.597
473, 54.97, 7.614
474, 54.97, 7.63
475, 55.01, 7.647
476, 55.09, 7.664
477, 55.17, 7.68
478, 55.19, 7.697
479, 55.18, 7.714
480, 55.2, 7.747
481, 55.21, 7.764
482, 55.22, 7.78
483, 55.24, 7.797
484, 55.25, 7.814
485, 55.26, 7.83
486, 55.3, 7.847
487, 55.34, 7.864
488, 55.38, 7.88
489, 55.4, 7.897
490, 55.42, 7.914
491, 55.44, 7.947
492, 55.46, 7.964
493, 55.47, 7.98
494, 55.47, 7.997
495, 55.46, 8.014
496, 55.46, 8.03
497, 55.51, 8.047
498, 55.57, 8.064
499, 55.61, 8.08
500, 55.59, 8.097
501, 55.58, 8.114
502, 55.61, 8.13
503, 55.63, 8.164
504, 55.62, 8.18
505, 55.62, 8.197
506, 55.64, 8.214
507, 55.67, 8.23
508, 55.7, 8.247
509, 55.71, 8.264
510, 55.71, 8.28
511, 55.72, 8.297
512, 55.74, 8.314
513, 55.77, 8.33
514, 55.77, 8.347
515, 55.76, 8.364
516, 55.77, 8.397
517, 55.76, 8.414
518, 55.74, 8.43
519, 55.72, 8.447
520, 55.73, 8.464
521, 55.82, 8.48
522, 55.89, 8.497
523, 55.91, 8.514
524, 55.84, 8.53
525, 55.82, 8.547
526, 55.83, 8.564
527, 55.83, 8.58
528, 55.81, 8.597
529, 55.8, 8.63
530, 55.81, 8.647
531, 55.9, 8.664
532, 55.98, 8.68
533, 56.03, 8.697
534, 55.96, 8.714
535, 55.92, 8.73
536, 55.92, 8.747
537, 55.94, 8.764
538, 55.96, 8.78
539, 55.99, 8.797
540, 56.01, 8.814
541, 56.03, 8.83
542, 56.06, 8.864
543, 56.06, 8.88
544, 56.06, 8.897
545, 56.07, 8.914
546, 56.09, 8.93
547, 56.09, 8.947
548, 56.09, 8.964
549, 56.09, 8.98
550, 56.09, 8.997
551, 56.11, 9.014
552, 56.14, 9.03
553, 56.15, 9.047
554, 56.14, 9.064
555, 56.15, 9.097
556, 56.17, 9.114
557, 56.19, 9.13
558, 56.19, 9.147
559, 56.19, 9.164
560, 56.21, 9.18
561, 56.24, 9.197
562, 56.26, 9.214
563, 56.27, 9.23
564, 56.27, 9.247
565, 56.3, 9.264
566, 56.32, 9.28
567, 56.33, 9.297
568, 56.37, 9.33
569, 56.41, 9.347
570, 56.41, 9.364
571, 56.47, 9.38
572, 56.55, 9.397
573, 56.61, 9.414
574, 56.61, 9.43
575, 56.58, 9.447
576, 56.59, 9.464
577, 56.64, 9.48
578, 56.67, 9.497
579, 56.7, 9.514
580, 56.69, 9.53
581, 56.69, 9.547
582, 56.68, 9.58
583, 56.67, 9.597
584, 56.67, 9.614
585, 56.65, 9.63
586, 56.7, 9.647
587, 56.79, 9.664
588, 56.86, 9.68
589, 56.86, 9.697
590, 56.8, 9.714
591, 56.82, 9.73
592, 56.87, 9.747
593, 56.91, 9.764
594, 56.93, 9.78
595, 56.94, 9.797
596, 56.97, 9.83
597, 57.04, 9.847
598, 57.1, 9.864
599, 57.14, 9.88
600, 57.13, 9.897
601, 57.14, 9.914
602, 57.15, 9.93
603, 57.18, 9.947
604, 57.23, 9.964
605, 57.27, 9.98
606, 57.29, 9.997
607, 57.33, 10.014
608, 57.38, 10.03
609, 57.4, 10.047
610, 57.4, 10.064
611, 57.42, 10.08
612, 57.47, 10.114
613, 57.49, 10.13
614, 57.52, 10.147
615, 57.55, 10.164
616, 57.57, 10.18
617, 57.6, 10.197
618, 57.61, 10.214
619, 57.61, 10.23
620, 57.58, 10.247
621, 57.55, 10.264
622, 57.56, 10.28
623, 57.57, 10.297
624, 57.6, 10.314
625, 57.65, 10.33
626, 57.64, 10.347
627, 57.63, 10.364
628, 57.65, 10.38
629, 57.74, 10.414
630, 57.76, 10.43
631, 57.76, 10.447
632, 57.76, 10.464
633, 57.83, 10.48
634, 57.91, 10.497
635, 57.97, 10.514
636, 57.99, 10.53
637, 57.99, 10.547
638, 58.01, 10.564
639, 58.03, 10.58
640, 58.04, 10.597
641, 58.04, 10.614
642, 58.08, 10.63
643, 58.14, 10.647
644, 58.19, 10.664
645, 58.22, 10.68
646, 58.24, 10.697
647, 58.26, 10.714
648, 58.29, 10.73
649, 58.31, 10.747
650, 58.33, 10.764
651, 58.34, 10.78
652, 58.38, 10.797
653, 58.47, 10.83
654, 58.5, 10.847
655, 58.53, 10.864
656, 58.57, 10.88
657, 58.6, 10.897
658, 58.66, 10.914
659, 58.71, 10.93
660, 58.75, 10.947
661, 58.77, 10.964
662, 58.79, 10.98
663, 58.82, 10.997
664, 58.87, 11.014
665, 58.92, 11.03
666, 58.96, 11.047
667, 59, 11.064
668, 59.05, 11.08
669, 59.08, 11.097
670, 59.11, 11.114
671, 59.14, 11.13
672, 59.17, 11.147
673, 59.19, 11.164
674, 59.22, 11.18
675, 59.25, 11.197
676, 59.29, 11.214
677, 59.34, 11.23
678, 59.38, 11.247
679, 59.41, 11.264
680, 59.43, 11.28
681, 59.46, 11.297
682, 59.5, 11.314
683, 59.53, 11.33
684, 59.56, 11.347
685, 59.6, 11.364
686, 59.64, 11.38
687, 59.68, 11.397
688, 59.72, 11.414
689, 59.76, 11.43
690, 59.8, 11.447
691, 59.83, 11.464
692, 59.87, 11.48
693, 59.91, 11.497
694, 59.94, 11.514
695, 59.98, 11.53
696, 60.01, 11.547
697, 60.05, 11.564
698, 60.09, 11.58
699, 60.12, 11.597
700, 60.15, 11.614
701, 60.18, 11.63
702, 60.21, 11.647
703, 60.24, 11.664
704, 60.27, 11.68
705, 60.3, 11.697
706, 60.33, 11.714
707, 60.35, 11.73
708, 60.37, 11.747
709, 60.39, 11.764
710, 60.4, 11.78
711, 60.42, 11.797
712, 60.43, 11.814
713, 60.43, 11.83
714, 60.43, 11.847
715, 60.43, 11.864
716, 60.43, 11.88
717, 60.43, 11.897
718, 60.42, 11.914
719, 60.39, 11.93
720, 60.35, 11.947
721, 60.44, 11.964
722, 60.5, 11.98
723, 60.47, 11.997
724, 60.52, 12.014
725, 60.57, 12.03
726, 60.59, 12.047
727, 60.61, 12.064
728, 60.65, 12.08
729, 60.68, 12.097
730, 60.71, 12.114
731, 60.74, 12.13
732, 60.77, 12.147
733, 60.8, 12.164
734, 60.83, 12.18
735, 60.86, 12.197
736, 60.89, 12.214
737, 60.92, 12.23
738, 60.96, 12.247
739, 60.98, 12.264
740, 61.01, 12.28
741, 61.03, 12.297
742, 61.06, 12.314
743, 61.09, 12.33
744, 61.12, 12.347
745, 61.15, 12.364
746, 61.17, 12.38
747, 61.19, 12.397
748, 61.22, 12.414
749, 61.25, 12.43
750, 61.28, 12.447
751, 61.32, 12.464
752, 61.35, 12.48
753, 61.38, 12.497
754, 61.4, 12.514
755, 61.43, 12.53
756, 61.46, 12.547
757, 61.49, 12.564
758, 61.52, 12.58
759, 61.55, 12.597
760, 61.57, 12.614
761, 61.6, 12.63
762, 61.63, 12.647
763, 61.63, 12.647
764, 61.66, 12.664
765, 61.69, 12.68
766, 61.72, 12.697
767, 61.77, 12.714
768, 61.8, 12.73
769, 61.82, 12.747
770, 61.85, 12.764
771, 61.87, 12.78
772, 61.9, 12.797
773, 61.92, 12.814
774, 61.95, 12.83
775, 61.98, 12.847
776, 62, 12.864
777, 62.03, 12.88
778, 62.06, 12.897
779, 62.09, 12.914
780, 62.12, 12.93
781, 62.15, 12.947
782, 62.17, 12.964
783, 62.2, 12.98
784, 62.23, 12.997
785, 62.25, 13.014
786, 62.28, 13.03
787, 62.31, 13.047
788, 62.33, 13.064
789, 62.36, 13.08
790, 62.39, 13.097
791, 62.41, 13.114
792, 62.43, 13.13
793, 62.46, 13.147
794, 62.49, 13.164
795, 62.52, 13.18
796, 62.52, 13.18
797, 62.55, 13.197
798, 62.58, 13.214
799, 62.62, 13.23
800, 62.65, 13.247
801, 62.68, 13.264
802, 62.7, 13.28
803, 62.72, 13.297
804, 62.74, 13.314
805, 62.75, 13.33
806, 62.76, 13.347
807, 62.76, 13.364
808, 62.77, 13.38
809, 62.81, 13.397
810, 62.86, 13.414
811, 62.86, 13.43
812, 62.82, 13.447
813, 62.8, 13.464
814, 62.78, 13.48
815, 62.73, 13.497
816, 62.67, 13.514
817, 62.59, 13.53
818, 62.49, 13.547
819, 62.38, 13.564
820, 62.38, 13.564
821, 62.25, 13.58
822, 62.09, 13.597
823, 61.92, 13.614
824, 61.71, 13.63
825, 61.47, 13.647
826, 61.21, 13.664
827, 60.94, 13.68
828, 60.66, 13.697
829, 60.36, 13.714
830, 60.05, 13.73
831, 59.73, 13.747
832, 59.43, 13.764
833, 59.11, 13.78
834, 58.76, 13.797
835, 58.44, 13.814
836, 58.14, 13.83
837, 57.83, 13.847
838, 57.52, 13.864
839, 57.21, 13.88
840, 56.54, 13.914
841, 56.23, 13.93
842, 55.91, 13.947
843, 55.58, 13.964
844, 55.26, 13.98
845, 54.95, 13.997
846, 54.65, 14.014
847, 54.33, 14.03
848, 53.98, 14.047
849, 53.64, 14.064
850, 53.32, 14.08
851, 52.68, 14.114
852, 52.36, 14.13
853, 52.02, 14.147
854, 51.7, 14.164
855, 51.39, 14.18
856, 51.08, 14.197
857, 50.77, 14.214
858, 50.14, 14.247
859, 49.83, 14.264
860, 49.54, 14.28
861, 49.23, 14.297
862, 48.9, 14.314
863, 48.32, 14.347
864, 48.02, 14.364
865, 47.69, 14.38
866, 47.36, 14.397
867, 46.74, 14.43
868, 46.46, 14.447
869, 46.17, 14.464
870, 45.58, 14.497
871, 45.29, 14.514
872, 44.99, 14.53
873, 44.43, 14.564
874, 44.17, 14.58
875, 43.89, 14.597
876, 43.34, 14.63
877, 43.07, 14.647
878, 42.81, 14.664
879, 42.28, 14.697
880, 42.02, 14.714
881, 41.52, 14.747
882, 41.27, 14.764
883, 40.81, 14.797
884, 40.59, 14.814
885, 40.14, 14.847
886, 39.93, 14.864
887, 39.54, 14.897
888, 39.36, 14.914
889, 38.97, 14.947
890, 38.72, 14.964
891, 38.34, 14.997
892, 38.18, 15.014
893, 37.81, 15.047
894, 37.46, 15.08
895, 37.31, 15.097
896, 37, 15.13
897, 36.84, 15.147
898, 36.53, 15.18
899, 36.24, 15.214
900, 36.1, 15.23
901, 35.81, 15.264
902, 35.53, 15.297
903, 35.4, 15.314
904, 35.13, 15.347
905, 34.87, 15.38
906, 34.63, 15.414
907, 34.52, 15.43
908, 34.34, 15.464
909, 34.19, 15.497
910, 34.05, 15.53
911, 33.98, 15.547
912, 33.9, 15.58
913, 33.75, 15.614
914, 33.65, 15.647
915, 33.62, 15.664
916, 33.57, 15.697
917, 33.52, 15.73
918, 33.45, 15.764
919, 33.38, 15.797
920, 33.33, 15.814
921, 33.13, 15.847
922, 33.07, 15.88
923, 33.01, 15.914
924, 32.9, 15.947
925, 32.83, 15.964
926, 32.71, 15.997
927, 32.6, 16.03
928, 32.49, 16.064
929, 32.38, 16.097
930, 32.29, 16.13
931, 32.25, 16.147
932, 32.18, 16.18
933, 32.1, 16.214
934, 32, 16.247
935, 31.88, 16.28
936, 31.82, 16.297
937, 31.72, 16.33
938, 31.66, 16.364
939, 31.61, 16.397
940, 31.56, 16.43
941, 31.5, 16.464
942, 31.47, 16.497
943, 31.39, 16.53
944, 31.29, 16.564
945, 31.24, 16.58
946, 31.17, 16.614
947, 31.08, 16.647
948, 30.98, 16.68
949, 30.89, 16.714
950, 30.81, 16.747
951, 30.71, 16.78
952, 30.6, 16.814
953, 30.47, 16.847
954, 30.36, 16.88
955, 30.27, 16.914
956, 30.18, 16.947
957, 30.11, 16.98
958, 30.04, 17.014
959, 29.95, 17.047
960, 29.87, 17.08
961, 29.94, 17.114
962, 29.89, 17.147
963, 29.9, 17.18
964, 29.99, 17.214
965, 30.08, 17.247
966, 30.12, 17.28
967, 30.18, 17.314
968, 30.21, 17.347
969, 30.23, 17.38
970, 30.36, 17.414
971, 30.48, 17.447
972, 30.49, 17.48
973, 30.57, 17.514
974, 30.62, 17.547
975, 30.64, 17.58
976, 30.8, 17.614
977, 31, 17.647
978, 31.21, 17.68
979, 31.39, 17.714
980, 31.52, 17.747
981, 31.73, 17.78
982, 31.84, 17.797
983, 32.02, 17.83
984, 32.23, 17.864
985, 32.45, 17.897
986, 32.64, 17.93
987, 32.87, 17.964
988, 33.08, 17.997
989, 33.17, 18.014
990, 33.35, 18.047
991, 33.53, 18.08
992, 33.71, 18.114
993, 33.88, 18.147
994, 33.96, 18.164
995, 34.14, 18.197
996, 34.31, 18.23
997, 34.46, 18.264
998, 34.53, 18.28
999, 34.68, 18.314
1000, 34.8, 18.347
1001, 34.89, 18.364
1002, 35.05, 18.397
1003, 35.13, 18.43
1004, 35.33, 18.464
1005, 35.46, 18.48
1006, 35.6, 18.514
1007, 35.7, 18.547
1008, 35.79, 18.564
1009, 36.02, 18.597
1010, 36.18, 18.63
1011, 36.25, 18.647
1012, 36.42, 18.68
1013, 36.58, 18.714
1014, 36.67, 18.73
1015, 36.78, 18.764
1016, 36.85, 18.78
1017, 37.06, 18.814
1018, 37.21, 18.847
1019, 37.26, 18.864
1020, 37.39, 18.897
1021, 37.47, 18.914
1022, 37.65, 18.947
1023, 37.81, 18.98
1024, 37.9, 18.997
1025, 38.01, 19.03
1026, 38.06, 19.047
1027, 38.23, 19.08
1028, 38.42, 19.114
1029, 38.5, 19.13
1030, 38.64, 19.164
1031, 38.72, 19.18
1032, 38.89, 19.214
1033, 38.98, 19.23
1034, 39.17, 19.264
1035, 39.25, 19.28
1036, 39.43, 19.314
1037, 39.51, 19.33
1038, 39.68, 19.364
1039, 39.78, 19.38
1040, 39.95, 19.414
1041, 40.02, 19.43
1042, 40.11, 19.464
1043, 40.1, 19.48
1044, 40.01, 19.514
1045, 39.94, 19.53
1046, 39.76, 19.564
1047, 39.67, 19.58
1048, 39.44, 19.614
1049, 39.14, 19.647
1050, 38.98, 19.664
1051, 38.69, 19.697
1052, 38.53, 19.714
1053, 38.22, 19.747
1054, 38.08, 19.764
1055, 37.8, 19.797
1056, 37.66, 19.814
1057, 37.36, 19.847
1058, 37.08, 19.88
1059, 36.95, 19.897
1060, 36.71, 19.93
1061, 36.53, 19.964
1062, 36.43, 19.98
1063, 36.25, 20.014
1064, 36.06, 20.047
1065, 35.97, 20.064
1066, 35.8, 20.097
1067, 35.64, 20.13
1068, 35.58, 20.147
1069, 35.44, 20.18
1070, 35.31, 20.214
1071, 35.18, 20.247
1072, 35.11, 20.264
1073, 34.97, 20.297
1074, 34.83, 20.33
1075, 34.76, 20.347
1076, 34.62, 20.38
1077, 34.49, 20.414
1078, 34.37, 20.447
1079, 34.32, 20.464
1080, 34.22, 20.497
1081, 34.12, 20.53
1082, 34.01, 20.564
1083, 33.9, 20.597
1084, 33.83, 20.614
1085, 33.7, 20.647
1086, 33.53, 20.68
1087, 33.37, 20.714
1088, 33.21, 20.747
1089, 33.04, 20.78
1090, 32.96, 20.797
1091, 32.82, 20.83
1092, 32.7, 20.864
1093, 32.57, 20.897
1094, 32.44, 20.93
1095, 32.33, 20.964
1096, 32.23, 20.997
1097, 32.14, 21.03
1098, 32.08, 21.064
1099, 32.1, 21.08
1100, 32.12, 21.114
1101, 32.1, 21.147
1102, 32.14, 21.18
1103, 32.19, 21.214
1104, 32.26, 21.247
1105, 32.26, 21.28
1106, 32.26, 21.314
1107, 32.3, 21.347
1108, 32.26, 21.364
1109, 32.19, 21.397
1110, 32.05, 21.43
1111, 31.92, 21.464
1112, 31.82, 21.497
1113, 31.69, 21.53
1114, 31.59, 21.564
1115, 31.51, 21.597
1116, 31.44, 21.63
1117, 31.38, 21.664
1118, 31.43, 21.697
1119, 31.51, 21.73
1120, 31.5, 21.747
1121, 31.5, 21.78
1122, 31.55, 21.814
1123, 31.62, 21.847
1124, 31.7, 21.88
1125, 31.8, 21.914
1126, 31.86, 21.947
1127, 31.91, 21.98
1128, 32, 22.014
1129, 32.12, 22.047
1130, 32.17, 22.08
1131, 32.18, 22.097
1132, 32.27, 22.13
1133, 32.35, 22.164
1134, 32.39, 22.197
1135, 32.46, 22.23
1136, 32.51, 22.264
1137, 32.53, 22.28
1138, 32.66, 22.314
1139, 32.74, 22.347
1140, 32.73, 22.38
1141, 32.83, 22.414
1142, 32.94, 22.447
1143, 32.99, 22.464
1144, 33.04, 22.497
1145, 33.05, 22.53
1146, 33.17, 22.564
1147, 33.33, 22.597
1148, 33.43, 22.63
1149, 33.47, 22.647
1150, 33.58, 22.68
1151, 33.74, 22.714
1152, 33.87, 22.747
1153, 33.97, 22.78
1154, 34.03, 22.797
1155, 34.16, 22.83
1156, 34.31, 22.864
1157, 34.38, 22.897
1158, 34.45, 22.914
1159, 34.64, 22.947
1160, 34.76, 22.98
1161, 34.82, 22.997
1162, 34.98, 23.03
1163, 35.13, 23.064
1164, 35.32, 23.097
1165, 35.42, 23.114
1166, 35.57, 23.147
1167, 35.73, 23.18
1168, 35.82, 23.197
1169, 35.99, 23.23
1170, 36.17, 23.264
1171, 36.27, 23.28
1172, 36.45, 23.314
1173, 36.66, 23.347
1174, 36.77, 23.364
1175, 36.97, 23.397
1176, 37.07, 23.414
1177, 37.28, 23.447
1178, 37.48, 23.48
1179, 37.58, 23.497
1180, 37.79, 23.53
1181, 37.9, 23.547
1182, 38.1, 23.58
1183, 38.3, 23.614
1184, 38.4, 23.63
1185, 38.59, 23.664
1186, 38.68, 23.68
1187, 38.86, 23.714
1188, 38.96, 23.73
1189, 39.16, 23.764
1190, 39.26, 23.78
1191, 39.44, 23.814
1192, 39.63, 23.847
1193, 39.72, 23.864
1194, 39.91, 23.897
1195, 40, 23.914
1196, 40.19, 23.947
1197, 40.27, 23.964
1198, 40.43, 23.997
1199, 40.49, 24.014
1200, 40.56, 24.047
1201, 40.53, 24.064
1202, 40.65, 24.08
1203, 40.93, 24.114
1204, 40.98, 24.13
1205, 41.15, 24.164
1206, 41.23, 24.18
1207, 41.4, 24.214
1208, 41.48, 24.23
1209, 41.64, 24.264
1210, 41.72, 24.28
1211, 41.89, 24.314
1212, 41.97, 24.33
1213, 42.05, 24.347
1214, 42.21, 24.38
1215, 42.3, 24.397
1216, 42.45, 24.43
1217, 42.54, 24.447
1218, 42.62, 24.464
1219, 42.75, 24.497
1220, 42.79, 24.514
1221, 42.79, 24.547
1222, 42.84, 24.564
1223, 43.06, 24.58
1224, 43.37, 24.614
1225, 43.42, 24.63
1226, 43.5, 24.664
1227, 43.59, 24.68
1228, 43.67, 24.697
1229, 43.82, 24.73
1230, 43.92, 24.747
1231, 44.02, 24.764
1232, 44.16, 24.797
1233, 44.23, 24.814
1234, 44.39, 24.847
1235, 44.46, 24.864
1236, 44.53, 24.88
1237, 44.69, 24.914
1238, 44.77, 24.93
1239, 44.85, 24.947
1240, 45, 24.98
1241, 45.07, 24.997
1242, 45.14, 25.014
1243, 45.29, 25.047
1244, 45.36, 25.064
1245, 45.44, 25.08
1246, 45.6, 25.114
1247, 45.68, 25.13
1248, 45.75, 25.147
1249, 45.9, 25.18
1250, 45.98, 25.197
1251, 46.05, 25.214
1252, 46.12, 25.23
1253, 46.26, 25.264
1254, 46.33, 25.28
1255, 46.4, 25.297
1256, 46.54, 25.33
1257, 46.62, 25.347
1258, 46.69, 25.364
1259, 46.76, 25.38
1260, 46.9, 25.414
1261, 46.97, 25.43
1262, 47.04, 25.447
1263, 47.18, 25.48
1264, 47.25, 25.497
1265, 47.32, 25.514
1266, 47.39, 25.53
1267, 47.52, 25.564
1268, 47.59, 25.58
1269, 47.66, 25.597
1270, 47.72, 25.614
1271, 47.85, 25.647
1272, 47.92, 25.664
1273, 47.99, 25.68
1274, 48.06, 25.697
1275, 48.2, 25.73
1276, 48.26, 25.747
1277, 48.33, 25.764
1278, 48.39, 25.78
1279, 48.52, 25.814
1280, 48.59, 25.83
1281, 48.65, 25.847
1282, 48.71, 25.864
1283, 48.84, 25.897
1284, 48.9, 25.914
1285, 48.96, 25.93
1286, 49.03, 25.947
1287, 49.15, 25.98
1288, 49.21, 25.997
1289, 49.28, 26.014
1290, 49.34, 26.03
1291, 49.4, 26.047
1292, 49.52, 26.08
1293, 49.58, 26.097
1294, 49.64, 26.114
1295, 49.7, 26.13
1296, 49.75, 26.147
1297, 49.84, 26.18
1298, 49.83, 26.197
1299, 49.79, 26.214
1300, 49.9, 26.23
1301, 50.05, 26.264
1302, 50.09, 26.28
1303, 50.16, 26.297
1304, 50.22, 26.314
1305, 50.27, 26.33
1306, 50.32, 26.347
1307, 50.43, 26.38
1308, 50.49, 26.397
1309, 50.54, 26.414
1310, 50.6, 26.43
1311, 50.65, 26.447
1312, 50.76, 26.48
1313, 50.81, 26.497
1314, 50.87, 26.514
1315, 50.92, 26.53
1316, 50.97, 26.547
1317, 51.08, 26.58
1318, 51.13, 26.597
1319, 51.18, 26.614
1320, 51.24, 26.63
1321, 51.29, 26.647
1322, 51.34, 26.664
1323, 51.46, 26.697
1324, 51.53, 26.714
1325, 51.58, 26.73
1326, 51.63, 26.747
1327, 51.67, 26.764
1328, 51.73, 26.78
1329, 51.84, 26.814
1330, 51.89, 26.83
1331, 51.95, 26.847
1332, 52, 26.864
1333, 52.05, 26.88
1334, 52.1, 26.897
1335, 52.2, 26.93
1336, 52.25, 26.947
1337, 52.3, 26.964
1338, 52.36, 26.98
1339, 52.42, 26.997
1340, 52.47, 27.014
1341, 52.53, 27.03
1342, 52.62, 27.064
1343, 52.67, 27.08
1344, 52.72, 27.097
1345, 52.77, 27.114
1346, 52.82, 27.13
1347, 52.87, 27.147
1348, 52.93, 27.164
1349, 53.03, 27.197
1350, 53.08, 27.214
1351, 53.13, 27.23
1352, 53.18, 27.247
1353, 53.23, 27.264
1354, 53.28, 27.28
1355, 53.34, 27.297
1356, 53.39, 27.314
1357, 53.5, 27.347
1358, 53.55, 27.364
1359, 53.6, 27.38
1360, 53.65, 27.397
1361, 53.7, 27.414
1362, 53.75, 27.43
1363, 53.8, 27.447
1364, 53.84, 27.464
1365, 53.9, 27.48
1366, 54, 27.514
1367, 54.05, 27.53
1368, 54.1, 27.547
1369, 54.14, 27.564
1370, 54.19, 27.58
1371, 54.24, 27.597
1372, 54.29, 27.614
1373, 54.34, 27.63
1374, 54.39, 27.647
1375, 54.49, 27.68
1376, 54.54, 27.697
1377, 54.58, 27.714
1378, 54.63, 27.73
1379, 54.68, 27.747
1380, 54.73, 27.764
1381, 54.77, 27.78
1382, 54.82, 27.797
1383, 54.87, 27.814
1384, 54.92, 27.83
1385, 55.02, 27.864
1386, 55.06, 27.88
1387, 55.11, 27.897
1388, 55.16, 27.914
1389, 55.21, 27.93
1390, 55.26, 27.947
1391, 55.3, 27.964
1392, 55.35, 27.98
1393, 55.4, 27.997
1394, 55.45, 28.014
1395, 55.49, 28.03
1396, 55.54, 28.047
1397, 55.63, 28.08
1398, 55.67, 28.097
1399, 55.72, 28.114
1400, 55.77, 28.13
1401, 55.82, 28.147
1402, 55.86, 28.164
1403, 55.91, 28.18
1404, 55.95, 28.197
1405, 56, 28.214
1406, 56.04, 28.23
1407, 56.09, 28.247
1408, 56.13, 28.264
1409, 56.18, 28.28
1410, 56.22, 28.297
1411, 56.32, 28.33
1412, 56.36, 28.347
1413, 56.4, 28.364
1414, 56.45, 28.38
1415, 56.49, 28.397
1416, 56.54, 28.414
1417, 56.58, 28.43
1418, 56.63, 28.447
1419, 56.68, 28.464
1420, 56.72, 28.48
1421, 56.76, 28.497
1422, 56.81, 28.514
1423, 56.85, 28.53
1424, 56.89, 28.547
1425, 56.93, 28.564
1426, 56.97, 28.58
1427, 57.02, 28.597
1428, 57.1, 28.63
1429, 57.15, 28.647
1430, 57.19, 28.664
1431, 57.24, 28.68
1432, 57.28, 28.697
1433, 57.32, 28.714
1434, 57.36, 28.73
1435, 57.41, 28.747
1436, 57.45, 28.764
1437, 57.49, 28.78
1438, 57.53, 28.797
1439, 57.58, 28.814
1440, 57.62, 28.83
1441, 57.66, 28.847
1442, 57.71, 28.864
1443, 57.75, 28.88
1444, 57.79, 28.897
1445, 57.83, 28.914
1446, 57.87, 28.93
1447, 57.91, 28.947
1448, 57.95, 28.964
1449, 57.99, 28.98
1450, 58.03, 28.997
1451, 58.11, 29.03
1452, 58.15, 29.047
1453, 58.19, 29.064
1454, 58.23, 29.08
1455, 58.27, 29.097
1456, 58.31, 29.114
1457, 58.35, 29.13
1458, 58.39, 29.147
1459, 58.43, 29.164
1460, 58.47, 29.18
1461, 58.51, 29.197
1462, 58.55, 29.214
1463, 58.58, 29.23
1464, 58.62, 29.247
1465, 58.66, 29.264
1466, 58.7, 29.28
1467, 58.74, 29.297
1468, 58.78, 29.314
1469, 58.81, 29.33
1470, 58.85, 29.347
1471, 58.88, 29.364
1472, 58.92, 29.38
1473, 58.96, 29.397
1474, 59, 29.414
1475, 59.04, 29.43
1476, 59.07, 29.447
1477, 59.11, 29.464
1478, 59.15, 29.48
1479, 59.18, 29.497
1480, 59.22, 29.514
1481, 59.26, 29.53
1482, 59.3, 29.547
1483, 59.34, 29.564
1484, 59.37, 29.58
1485, 59.41, 29.597
1486, 59.45, 29.614
1487, 59.49, 29.63
1488, 59.53, 29.647
1489, 59.57, 29.664
1490, 59.6, 29.68
1491, 59.64, 29.697
1492, 59.67, 29.714
1493, 59.7, 29.73
1494, 59.74, 29.747
1495, 59.77, 29.764
1496, 59.8, 29.78
1497, 59.84, 29.797
1498, 59.88, 29.814
1499, 59.91, 29.83
1500, 59.95, 29.847
1501, 59.98, 29.864
1502, 60.02, 29.88
1503, 60.05, 29.897
1504, 60.09, 29.914
1505, 60.12, 29.93
1506, 60.16, 29.947
1507, 60.13, 29.964
1508, 60.08, 29.98
1509, 60.18, 29.997
1510, 60.24, 30.014
1511, 60.21, 30.03
1512, 60.25, 30.047
1513, 60.31, 30.064
1514, 60.33, 30.08
1515, 60.35, 30.097
1516, 60.39, 30.114
1517, 60.42, 30.13
1518, 60.44, 30.147
1519, 60.48, 30.164
1520, 60.52, 30.18
1521, 60.54, 30.197
1522, 60.57, 30.214
1523, 60.6, 30.23
1524, 60.63, 30.247
1525, 60.66, 30.264
1526, 60.69, 30.28
1527, 60.72, 30.297
1528, 60.75, 30.314
1529, 60.78, 30.33
1530, 60.81, 30.347
1531, 60.84, 30.364
1532, 60.87, 30.38
1533, 60.9, 30.397
1534, 60.93, 30.414
1535, 60.96, 30.43
1536, 60.99, 30.447
1537, 61.02, 30.464
1538, 61.05, 30.48
1539, 61.08, 30.497
1540, 61.11, 30.514
1541, 61.13, 30.53
1542, 61.16, 30.547
1543, 61.19, 30.564
1544, 61.22, 30.58
1545, 61.24, 30.597
1546, 61.28, 30.614
1547, 61.31, 30.63
1548, 61.34, 30.647
1549, 61.37, 30.664
1550, 61.4, 30.68
1551, 61.43, 30.697
1552, 61.46, 30.714
1553, 61.49, 30.73
1554, 61.51, 30.747
1555, 61.54, 30.764
1556, 61.57, 30.78
1557, 61.6, 30.797
1558, 61.63, 30.814
1559, 61.66, 30.83
1560, 61.69, 30.847
1561, 61.71, 30.864
1562, 61.74, 30.88
1563, 61.77, 30.897
1564, 61.77, 30.897
1565, 61.8, 30.914
1566, 61.82, 30.93
1567, 61.85, 30.947
1568, 61.88, 30.964
1569, 61.9, 30.98
1570, 61.93, 30.997
1571, 61.95, 31.014
1572, 61.98, 31.03
1573, 62.01, 31.047
1574, 62.04, 31.064
1575, 62.07, 31.08
1576, 62.1, 31.097
1577, 62.13, 31.114
1578, 62.16, 31.13
1579, 62.19, 31.147
1580, 62.22, 31.164
1581, 62.25, 31.18
1582, 62.28, 31.197
1583, 62.3, 31.214
1584, 62.33, 31.23
1585, 62.36, 31.247
1586, 62.38, 31.264
1587, 62.41, 31.28
1588, 62.43, 31.297
1589, 62.46, 31.314
1590, 62.48, 31.33
1591, 62.51, 31.347
1592, 62.54, 31.364
1593, 62.56, 31.38
1594, 62.56, 31.38
1595, 62.59, 31.397
1596, 62.62, 31.414
1597, 62.65, 31.43
1598, 62.68, 31.447
1599, 62.71, 31.464
1600, 62.74, 31.48
1601, 62.77, 31.497
1602, 62.8, 31.514
1603, 62.83, 31.53
1604, 62.86, 31.547
1605, 62.88, 31.564
1606, 62.91, 31.58
1607, 62.94, 31.597
1608, 62.97, 31.614
1609, 63, 31.63
1610, 63.02, 31.647
1611, 63.05, 31.664
1612, 63.08, 31.68
1613, 63.11, 31.697
1614, 63.14, 31.714
1615, 63.17, 31.73
1616, 63.17, 31.73
1617, 63.2, 31.747
1618, 63.22, 31.764
1619, 63.25, 31.78
1620, 63.28, 31.797
1621, 63.31, 31.814
1622, 63.33, 31.83
1623, 63.36, 31.847
1624, 63.38, 31.864
1625, 63.41, 31.88
1626, 63.43, 31.897
1627, 63.46, 31.914
1628, 63.49, 31.93
1629, 63.52, 31.947
1630, 63.55, 31.964
1631, 63.57, 31.98
1632, 63.6, 31.997
1633, 63.62, 32.014
1634, 63.64, 32.03
1635, 63.64, 32.03
1636, 63.67, 32.047
1637, 63.69, 32.064
1638, 63.72, 32.08
1639, 63.74, 32.097
1640, 63.77, 32.114
1641, 63.8, 32.13
1642, 63.83, 32.147
1643, 63.85, 32.164
1644, 63.88, 32.18
1645, 63.9, 32.197
1646, 63.93, 32.214
1647, 63.95, 32.23
1648, 63.98, 32.247
1649, 64.01, 32.264
1650, 64.03, 32.28
1651, 64.06, 32.297
1652, 64.06, 32.297
1653, 64.09, 32.314
1654, 64.11, 32.33
1655, 64.14, 32.347
1656, 64.16, 32.364
1657, 64.19, 32.38
1658, 64.22, 32.397
1659, 64.24, 32.414
1660, 64.26, 32.43
1661, 64.29, 32.447
1662, 64.31, 32.464
1663, 64.33, 32.48
1664, 64.36, 32.497
1665, 64.39, 32.514
1666, 64.41, 32.53
1667, 64.41, 32.53
1668, 64.44, 32.547
1669, 64.46, 32.564
1670, 64.49, 32.58
1671, 64.51, 32.597
1672, 64.53, 32.614
1673, 64.56, 32.63
1674, 64.58, 32.647
1675, 64.61, 32.664
1676, 64.63, 32.68
1677, 64.65, 32.697
1678, 64.68, 32.714
1679, 64.7, 32.73
1680, 64.73, 32.747
1681, 64.73, 32.747
1682, 64.75, 32.764
1683, 64.78, 32.78
1684, 64.8, 32.797
1685, 64.83, 32.814
1686, 64.85, 32.83
1687, 64.88, 32.847
1688, 64.9, 32.864
1689, 64.93, 32.88
1690, 64.95, 32.897
1691, 64.97, 32.914
1692, 65, 32.93
1693, 65.02, 32.947
1694, 65.02, 32.947
1695, 65.04, 32.964
1696, 65.07, 32.98
1697, 65.09, 32.997
1698, 65.11, 33.014
1699, 65.14, 33.03
1700, 65.16, 33.047
1701, 65.19, 33.064
1702, 65.21, 33.08
1703, 65.24, 33.097
1704, 65.26, 33.114
1705, 65.28, 33.13
1706, 65.31, 33.147
1707, 65.31, 33.147
1708, 65.33, 33.164
1709, 65.35, 33.18
1710, 65.37, 33.197
1711, 65.4, 33.214
1712, 65.42, 33.23
1713, 65.44, 33.247
1714, 65.46, 33.264
1715, 65.48, 33.28
1716, 65.51, 33.297
1717, 65.53, 33.314
1718, 65.56, 33.33
1719, 65.56, 33.33
1720, 65.58, 33.347
1721, 65.6, 33.364
1722, 65.62, 33.38
1723, 65.64, 33.397
1724, 65.66, 33.414
1725, 65.69, 33.43
1726, 65.71, 33.447
1727, 65.73, 33.464
1728, 65.76, 33.48
1729, 65.78, 33.497
1730, 65.8, 33.514
1731, 65.8, 33.514
1732, 65.83, 33.53
1733, 65.85, 33.547
1734, 65.87, 33.564
1735, 65.89, 33.58
1736, 65.91, 33.597
1737, 65.93, 33.614
1738, 65.95, 33.63
1739, 65.97, 33.647
1740, 66, 33.664
1741, 66.02, 33.68
1742, 66.02, 33.68
1743, 66.04, 33.697
1744, 66.07, 33.714
1745, 66.09, 33.73
1746, 66.11, 33.747
1747, 66.13, 33.764
1748, 66.15, 33.78
1749, 66.16, 33.797
1750, 66.18, 33.814
1751, 66.2, 33.83
1752, 66.23, 33.847
1753, 66.23, 33.847
1754, 66.25, 33.864
1755, 66.27, 33.88
1756, 66.29, 33.897
1757, 66.32, 33.914
1758, 66.34, 33.93
1759, 66.36, 33.947
1760, 66.38, 33.964
1761, 66.4, 33.98
1762, 66.41, 33.997
1763, 66.41, 33.997
1764, 66.44, 34.014
1765, 66.46, 34.03
1766, 66.48, 34.047
1767, 66.5, 34.064
1768, 66.52, 34.08
1769, 66.54, 34.097
1770, 66.55, 34.114
1771, 66.57, 34.13
1772, 66.59, 34.147
1773, 66.59, 34.147
1774, 66.62, 34.164
1775, 66.64, 34.18
1776, 66.66, 34.197
1777, 66.68, 34.214
1778, 66.7, 34.23
1779, 66.72, 34.247
1780, 66.73, 34.264
1781, 66.76, 34.28
1782, 66.78, 34.297
1783, 66.78, 34.297
1784, 66.8, 34.314
1785, 66.82, 34.33
1786, 66.83, 34.347
1787, 66.85, 34.364
1788, 66.87, 34.38
1789, 66.89, 34.397
1790, 66.91, 34.414
1791, 66.93, 34.43
1792, 66.95, 34.447
1793, 66.95, 34.447
1794, 66.97, 34.464
1795, 66.99, 34.48
1796, 67.01, 34.497
1797, 67.03, 34.514
1798, 67.05, 34.53
1799, 67.06, 34.547
1800, 67.08, 34.564
1801, 67.1, 34.58
1802, 67.1, 34.58
1803, 67.11, 34.597
1804, 67.13, 34.614
1805, 67.15, 34.63
1806, 67.17, 34.647
1807, 67.19, 34.664
1808, 67.21, 34.68
1809, 67.23, 34.697
1810, 67.25, 34.714
1811, 67.27, 34.73
1812, 67.27, 34.73
1813, 67.29, 34.747
1814, 67.3, 34.764
1815, 67.3, 34.78
1816, 67.3, 34.797
1817, 67.29, 34.814
1818, 67.27, 34.83
1819, 67.24, 34.847
1820, 67.19, 34.864
1821, 67.19, 34.864
1822, 67.13, 34.88
1823, 67.04, 34.897
1824, 66.92, 34.914
1825, 66.77, 34.93
1826, 66.59, 34.947
1827, 66.39, 34.964
1828, 66.16, 34.98
1829, 65.91, 34.997
1830, 65.62, 35.014
1831, 65.62, 35.014
1832, 65.33, 35.03
1833, 65.03, 35.047
1834, 64.71, 35.064
1835, 64.38, 35.08
1836, 64.08, 35.097
1837, 63.71, 35.114
1838, 63.33, 35.13
1839, 62.99, 35.147
1840, 62.59, 35.164
1841, 62.25, 35.18
1842, 61.92, 35.197
1843, 61.59, 35.214
1844, 61.25, 35.23
1845, 60.9, 35.247
1846, 60.54, 35.264
1847, 60.2, 35.28
1848, 59.87, 35.297
1849, 59.52, 35.314
1850, 59.17, 35.33
1851, 58.84, 35.347
1852, 58.5, 35.364
1853, 58.17, 35.38
1854, 57.84, 35.397
1855, 57.53, 35.414
1856, 57.22, 35.43
1857, 56.92, 35.447
1858, 56.61, 35.464
1859, 56.25, 35.48
1860, 55.88, 35.497
1861, 55.51, 35.514
1862, 55.07, 35.53
1863, 54.72, 35.547
1864, 54.09, 35.58
1865, 53.8, 35.597
1866, 53.48, 35.614
1867, 53.15, 35.63
1868, 52.81, 35.647
1869, 52.46, 35.664
1870, 52.11, 35.68
1871, 51.77, 35.697
1872, 51.11, 35.73
1873, 50.77, 35.747
1874, 50.43, 35.764
1875, 50.11, 35.78
1876, 49.8, 35.797
1877, 49.12, 35.83
1878, 48.78, 35.847
1879, 48.44, 35.864
1880, 48.12, 35.88
1881, 47.82, 35.897
1882, 47.17, 35.93
1883, 46.83, 35.947
1884, 46.5, 35.964
1885, 45.88, 35.997
1886, 45.59, 36.014
1887, 45.29, 36.03
1888, 44.67, 36.064
1889, 44.39, 36.08
1890, 44.12, 36.097
1891, 43.55, 36.13
1892, 43.28, 36.147
1893, 43.02, 36.164
1894, 42.51, 36.197
1895, 42.26, 36.214
1896, 41.76, 36.247
1897, 41.52, 36.264
1898, 41.28, 36.28
1899, 40.82, 36.314
1900, 40.59, 36.33
1901, 40.15, 36.364
1902, 39.94, 36.38
1903, 39.48, 36.414
1904, 39.23, 36.43
1905, 38.79, 36.464
1906, 38.39, 36.497
1907, 38.16, 36.514
1908, 37.71, 36.547
1909, 37.56, 36.564
1910, 37.2, 36.597
1911, 37, 36.614
1912, 36.63, 36.647
1913, 36.28, 36.68
1914, 36.09, 36.697
1915, 35.72, 36.73
1916, 35.37, 36.764
1917, 35.19, 36.78
1918, 34.83, 36.814
1919, 34.45, 36.847
1920, 34.08, 36.88
1921, 33.91, 36.897
1922, 33.54, 36.93
1923, 33.22, 36.964
1924, 32.84, 36.997
1925, 32.42, 37.03
1926, 32.3, 37.047
1927, 31.98, 37.08
1928, 31.67, 37.114
1929, 31.28, 37.147
1930, 30.95, 37.18
1931, 30.61, 37.214
1932, 30.01, 37.247
1933, 29.55, 37.28
1934, 29.26, 37.314
1935, 28.91, 37.347
1936, 28.62, 37.38
1937, 28.42, 37.414
1938, 28.11, 37.447
1939, 27.67, 37.497
1940, 27.5, 37.53
1941, 27.34, 37.564
1942, 27.15, 37.597
1943, 27, 37.63
1944, 26.82, 37.68
1945, 26.67, 37.714
1946, 26.53, 37.747
1947, 26.34, 37.797
1948, 26.21, 37.83
1949, 26.07, 37.864
1950, 25.87, 37.914
1951, 25.74, 37.947
1952, 25.61, 37.98
1953, 25.41, 38.03
1954, 25.28, 38.064
1955, 25.09, 38.114
1956, 24.97, 38.147
1957, 24.85, 38.18
1958, 24.68, 38.23
1959, 24.57, 38.264
1960, 24.42, 38.314
1961, 24.24, 38.347
1962, 23.94, 38.397
1963, 23.81, 38.43
1964, 23.7, 38.464
1965, 23.53, 38.514
1966, 23.35, 38.547
1967, 23.1, 38.597
1968, 22.99, 38.63
1969, 22.82, 38.68
1970, 22.66, 38.714
1971, 22.49, 38.764
1972, 22.39, 38.797
1973, 22.23, 38.847
1974, 22.14, 38.88
1975, 21.95, 38.93
1976, 21.73, 38.98
1977, 21.61, 39.014
1978, 21.49, 39.064
1979, 21.38, 39.114
1980, 21.26, 39.164
1981, 21.07, 39.214
1982, 20.97, 39.247
1983, 20.89, 39.297
1984, 20.76, 39.347
1985, 20.6, 39.397
1986, 20.5, 39.447
1987, 20.5, 39.497
1988, 20.73, 39.547
1989, 20.98, 39.597
1990, 21.16, 39.647
1991, 21.39, 39.697
1992, 21.64, 39.747
1993, 21.87, 39.797
1994, 21.98, 39.847
1995, 22.21, 39.897
1996, 22.46, 39.947
1997, 22.62, 39.98
1998, 22.77, 40.03
1999, 22.95, 40.08
2000, 23.01, 40.13
2001, 23.14, 40.18
2002, 23.21, 40.214
2003, 23.47, 40.264
2004, 23.7, 40.314
2005, 23.84, 40.347
2006, 24.12, 40.397
2007, 24.32, 40.43
2008, 24.55, 40.48
2009, 24.74, 40.514
2010, 25.13, 40.564
2011, 25.35, 40.597
2012, 25.65, 40.647
2013, 25.93, 40.68
2014, 26.17, 40.714
2015, 26.57, 40.764
2016, 26.76, 40.797
2017, 27.03, 40.83
2018, 27.35, 40.864
2019, 27.76, 40.914
2020, 28.03, 40.947
2021, 28.31, 40.98
2022, 28.59, 41.014
2023, 28.87, 41.047
2024, 29.15, 41.08
2025, 29.46, 41.114
2026, 29.75, 41.147
2027, 30.01, 41.18
2028, 30.25, 41.214
2029, 30.49, 41.247
2030, 30.74, 41.28
2031, 30.73, 41.314
2032, 31.07, 41.347
2033, 31.42, 41.38
2034, 31.6, 41.414
2035, 31.76, 41.447
2036, 31.98, 41.48
2037, 32.23, 41.514
2038, 32.47, 41.547
2039, 32.67, 41.58
2040, 32.77, 41.597
2041, 33.03, 41.63
2042, 33.28, 41.664
2043, 33.48, 41.697
2044, 33.69, 41.73
2045, 33.8, 41.747
2046, 33.99, 41.78
2047, 34.22, 41.814
2048, 34.46, 41.847
2049, 34.56, 41.864
2050, 34.76, 41.897
2051, 34.97, 41.93
2052, 35.21, 41.964
2053, 35.32, 41.98
2054, 35.53, 42.014
2055, 35.75, 42.047
2056, 35.87, 42.064
2057, 36.07, 42.097
2058, 36.26, 42.13
2059, 36.37, 42.147
2060, 36.58, 42.18
2061, 36.78, 42.214
2062, 36.9, 42.23
2063, 37.15, 42.264
2064, 37.24, 42.28
2065, 37.41, 42.314
2066, 37.62, 42.347
2067, 37.74, 42.364
2068, 37.96, 42.397
2069, 38.07, 42.414
2070, 38.29, 42.447
2071, 38.49, 42.48
2072, 38.57, 42.497
2073, 38.75, 42.53
2074, 38.85, 42.547
2075, 39.05, 42.58
2076, 39.14, 42.597
2077, 39.35, 42.63
2078, 39.44, 42.647
2079, 39.6, 42.68
2080, 39.67, 42.697
2081, 39.84, 42.73
2082, 39.92, 42.747
2083, 40.08, 42.78
2084, 40.15, 42.797
2085, 40.3, 42.83
2086, 40.37, 42.847
2087, 40.48, 42.88
2088, 40.52, 42.897
2089, 40.58, 42.93
2090, 40.59, 42.947
2091, 40.57, 42.98
2092, 40.54, 42.997
2093, 40.83, 43.03
2094, 40.94, 43.047
2095, 41.02, 43.08
2096, 41.07, 43.097
2097, 41.21, 43.13
2098, 41.27, 43.147
2099, 41.37, 43.164
2100, 41.64, 43.197
2101, 41.74, 43.214
2102, 41.83, 43.247
2103, 41.91, 43.264
2104, 42.06, 43.297
2105, 42.1, 43.314
2106, 42.16, 43.33
2107, 42.39, 43.364
2108, 42.52, 43.38
2109, 42.66, 43.414
2110, 42.72, 43.43
2111, 42.8, 43.447
2112, 42.95, 43.48
2113, 43.02, 43.497
2114, 43.17, 43.53
2115, 43.25, 43.547
2116, 43.34, 43.564
2117, 43.52, 43.597
2118, 43.59, 43.614
2119, 43.73, 43.647
2120, 43.81, 43.664
2121, 43.89, 43.68
2122, 44.02, 43.714
2123, 44.09, 43.73
2124, 44.18, 43.747
2125, 44.35, 43.78
2126, 44.43, 43.797
2127, 44.51, 43.814
2128, 44.66, 43.847
2129, 44.74, 43.864
2130, 44.81, 43.88
2131, 44.96, 43.914
2132, 45.03, 43.93
2133, 45.11, 43.947
2134, 45.26, 43.98
2135, 45.33, 43.997
2136, 45.41, 44.014
2137, 45.57, 44.047
2138, 45.64, 44.064
2139, 45.71, 44.08
2140, 45.86, 44.114
2141, 45.94, 44.13
2142, 46.01, 44.147
2143, 46.16, 44.18
2144, 46.23, 44.197
2145, 46.31, 44.214
2146, 46.46, 44.247
2147, 46.53, 44.264
2148, 46.61, 44.28
2149, 46.68, 44.297
2150, 46.82, 44.33
2151, 46.89, 44.347
2152, 46.96, 44.364
2153, 47.1, 44.397
2154, 47.18, 44.414
2155, 47.25, 44.43
2156, 47.32, 44.447
2157, 47.46, 44.48
2158, 47.53, 44.497
2159, 47.61, 44.514
2160, 47.67, 44.53
2161, 47.81, 44.564
2162, 47.87, 44.58
2163, 47.94, 44.597
2164, 48.01, 44.614
2165, 48.14, 44.647
2166, 48.21, 44.664
2167, 48.28, 44.68
2168, 48.35, 44.697
2169, 48.49, 44.73
2170, 48.56, 44.747
2171, 48.62, 44.764
2172, 48.69, 44.78
2173, 48.64, 44.814
2174, 48.77, 44.83
2175, 48.88, 44.847
2176, 48.92, 44.864
2177, 48.96, 44.88
2178, 49.09, 44.914
2179, 49.15, 44.93
2180, 49.21, 44.947
2181, 49.26, 44.964
2182, 49.37, 44.997
2183, 49.43, 45.014
2184, 49.49, 45.03
2185, 49.55, 45.047
2186, 49.6, 45.064
2187, 49.71, 45.097
2188, 49.77, 45.114
2189, 49.82, 45.13
2190, 49.88, 45.147
2191, 49.93, 45.164
2192, 50.06, 45.197
2193, 50.11, 45.214
2194, 50.17, 45.23
2195, 50.23, 45.247
2196, 50.28, 45.264
2197, 50.39, 45.297
2198, 50.45, 45.314
2199, 50.51, 45.33
2200, 50.57, 45.347
2201, 50.62, 45.364
2202, 50.73, 45.397
2203, 50.79, 45.414
2204, 50.84, 45.43
2205, 50.9, 45.447
2206, 50.95, 45.464
2207, 51, 45.48
2208, 51.11, 45.514
2209, 51.17, 45.53
2210, 51.23, 45.547
2211, 51.3, 45.564
2212, 51.35, 45.58
2213, 51.4, 45.597
2214, 51.49, 45.63
2215, 51.53, 45.647
2216, 51.57, 45.664
2217, 51.6, 45.68
2218, 51.6, 45.697
2219, 51.59, 45.714
2220, 51.8, 45.747
2221, 51.95, 45.764
2222, 52.01, 45.78
2223, 52, 45.797
2224, 52.03, 45.814
2225, 52.09, 45.83
2226, 52.15, 45.847
2227, 52.23, 45.88
2228, 52.3, 45.897
2229, 52.36, 45.914
2230, 52.4, 45.93
2231, 52.45, 45.947
2232, 52.5, 45.964
2233, 52.55, 45.98
2234, 52.64, 46.014
2235, 52.69, 46.03
2236, 52.75, 46.047
2237, 52.8, 46.064
2238, 52.85, 46.08
2239, 52.91, 46.097
2240, 52.96, 46.114
2241, 53.06, 46.147
2242, 53.1, 46.164
2243, 53.15, 46.18
2244, 53.2, 46.197
2245, 53.25, 46.214
2246, 53.3, 46.23
2247, 53.35, 46.247
2248, 53.41, 46.264
2249, 53.51, 46.297
2250, 53.56, 46.314
2251, 53.61, 46.33
2252, 53.66, 46.347
2253, 53.7, 46.364
2254, 53.75, 46.38
2255, 53.8, 46.397
2256, 53.85, 46.414
2257, 53.95, 46.447
2258, 54, 46.464
2259, 54.05, 46.48
2260, 54.1, 46.497
2261, 54.15, 46.514
2262, 54.19, 46.53
2263, 54.24, 46.547
2264, 54.29, 46.564
2265, 54.34, 46.58
2266, 54.44, 46.614
2267, 54.49, 46.63
2268, 54.54, 46.647
2269, 54.59, 46.664
2270, 54.64, 46.68
2271, 54.69, 46.697
2272, 54.74, 46.714
2273, 54.78, 46.73
2274, 54.83, 46.747
2275, 54.88, 46.764
2276, 54.98, 46.797
2277, 55.03, 46.814
2278, 55.07, 46.83
2279, 55.12, 46.847
2280, 55.17, 46.864
2281, 55.22, 46.88
2282, 55.26, 46.897
2283, 55.31, 46.914
2284, 55.36, 46.93
2285, 55.41, 46.947
2286, 55.46, 46.964
2287, 55.56, 46.997
2288, 55.61, 47.014
2289, 55.66, 47.03
2290, 55.7, 47.047
2291, 55.75, 47.064
2292, 55.8, 47.08
2293, 55.85, 47.097
2294, 55.89, 47.114
2295, 55.94, 47.13
2296, 55.98, 47.147
2297, 56.03, 47.164
2298, 56.08, 47.18
2299, 56.12, 47.197
2300, 56.22, 47.23
2301, 56.26, 47.247
2302, 56.31, 47.264
2303, 56.35, 47.28
2304, 56.4, 47.297
2305, 56.45, 47.314
2306, 56.5, 47.33
2307, 56.54, 47.347
2308, 56.59, 47.364
2309, 56.63, 47.38
2310, 56.67, 47.397
2311, 56.71, 47.414
2312, 56.76, 47.43
2313, 56.8, 47.447
2314, 56.85, 47.464
2315, 56.89, 47.48
2316, 56.99, 47.514
2317, 57.04, 47.53
2318, 57.08, 47.547
2319, 57.12, 47.564
2320, 57.17, 47.58
2321, 57.21, 47.597
2322, 57.26, 47.614
2323, 57.3, 47.63
2324, 57.34, 47.647
2325, 57.38, 47.664
2326, 57.43, 47.68
2327, 57.47, 47.697
2328, 57.51, 47.714
2329, 57.56, 47.73
2330, 57.6, 47.747
2331, 57.65, 47.764
2332, 57.7, 47.78
2333, 57.74, 47.797
2334, 57.79, 47.814
2335, 57.83, 47.83
2336, 57.88, 47.847
2337, 57.92, 47.864
2338, 57.96, 47.88
2339, 58, 47.897
2340, 58.03, 47.914
2341, 58.11, 47.947
2342, 58.15, 47.964
2343, 58.19, 47.98
2344, 58.23, 47.997
2345, 58.27, 48.014
2346, 58.31, 48.03
2347, 58.35, 48.047
2348, 58.39, 48.064
2349, 58.43, 48.08
2350, 58.47, 48.097
2351, 58.51, 48.114
2352, 58.54, 48.13
2353, 58.58, 48.147
2354, 58.62, 48.164
2355, 58.66, 48.18
2356, 58.69, 48.197
2357, 58.73, 48.214
2358, 58.76, 48.23
2359, 58.8, 48.247
2360, 58.84, 48.264
2361, 58.89, 48.28
2362, 58.94, 48.297
2363, 58.98, 48.314
2364, 59.01, 48.33
2365, 59.05, 48.347
2366, 59.09, 48.364
2367, 59.13, 48.38
2368, 59.17, 48.397
2369, 59.21, 48.414
2370, 59.25, 48.43
2371, 59.28, 48.447
2372, 59.32, 48.464
2373, 59.36, 48.48
2374, 59.39, 48.497
2375, 59.43, 48.514
2376, 59.46, 48.53
2377, 59.5, 48.547
2378, 59.53, 48.564
2379, 59.57, 48.58
2380, 59.6, 48.597
2381, 59.63, 48.614
2382, 59.67, 48.63
2383, 59.7, 48.647
2384, 59.74, 48.664
2385, 59.78, 48.68
2386, 59.81, 48.697
2387, 59.85, 48.714
2388, 59.88, 48.73
2389, 59.92, 48.747
2390, 59.96, 48.764
2391, 59.99, 48.78
2392, 60.03, 48.797
2393, 60.06, 48.814
2394, 60.09, 48.83
2395, 60.06, 48.847
2396, 60.01, 48.864
2397, 60.11, 48.88
2398, 60.17, 48.897
2399, 60.15, 48.914
2400, 60.19, 48.93
2401, 60.24, 48.947
2402, 60.28, 48.964
2403, 60.31, 48.98
2404, 60.34, 48.997
2405, 60.37, 49.014
2406, 60.39, 49.03
2407, 60.42, 49.047
2408, 60.46, 49.064
2409, 60.49, 49.08
2410, 60.51, 49.097
2411, 60.54, 49.114
2412, 60.57, 49.13
2413, 60.61, 49.147
2414, 60.64, 49.164
2415, 60.67, 49.18
2416, 60.71, 49.197
2417, 60.75, 49.214
2418, 60.78, 49.23
2419, 60.81, 49.247
2420, 60.84, 49.264
2421, 60.87, 49.28
2422, 60.9, 49.297
2423, 60.93, 49.314
2424, 60.97, 49.33
2425, 61.01, 49.347
2426, 61.04, 49.364
2427, 61.06, 49.38
2428, 61.08, 49.397
2429, 61.1, 49.414
2430, 61.13, 49.43
2431, 61.16, 49.447
2432, 61.19, 49.464
2433, 61.19, 49.464
2434, 61.21, 49.48
2435, 61.22, 49.497
2436, 61.24, 49.514
2437, 61.26, 49.53
2438, 61.29, 49.547
2439, 61.33, 49.564
2440, 61.37, 49.58
2441, 61.4, 49.597
2442, 61.42, 49.614
2443, 61.43, 49.63
2444, 61.46, 49.647
2445, 61.47, 49.664
2446, 61.49, 49.68
2447, 61.52, 49.697
2448, 61.55, 49.714
2449, 61.58, 49.73
2450, 61.6, 49.747
2451, 61.63, 49.764
2452, 61.67, 49.78
2453, 61.68, 49.797
2454, 61.72, 49.814
2455, 61.75, 49.83
2456, 61.77, 49.847
2457, 61.78, 49.864
2458, 61.81, 49.88
2459, 61.85, 49.897
2460, 61.87, 49.914
2461, 61.89, 49.93
2462, 61.92, 49.947
2463, 61.95, 49.964
2464, 61.97, 49.98
2465, 62, 49.997
2466, 62.03, 50.014
2467, 62.06, 50.03
2468, 62.08, 50.047
2469, 62.1, 50.064
2470, 62.1, 50.064
2471, 62.12, 50.08
2472, 62.15, 50.097
2473, 62.17, 50.114
2474, 62.19, 50.13
2475, 62.22, 50.147
2476, 62.25, 50.164
2477, 62.29, 50.18
2478, 62.32, 50.197
2479, 62.35, 50.214
2480, 62.37, 50.23
2481, 62.39, 50.247
2482, 62.4, 50.264
2483, 62.43, 50.28
2484, 62.45, 50.297
2485, 62.48, 50.314
2486, 62.51, 50.33
2487, 62.54, 50.347
2488, 62.57, 50.364
2489, 62.59, 50.38
2490, 62.62, 50.397
2491, 62.64, 50.414
2492, 62.67, 50.43
2493, 62.7, 50.447
2494, 62.73, 50.464
2495, 62.73, 50.464
2496, 62.75, 50.48
2497, 62.78, 50.497
2498, 62.81, 50.514
2499, 62.84, 50.53
2500, 62.86, 50.547
2501, 62.89, 50.564
2502, 62.92, 50.58
2503, 62.95, 50.597
2504, 62.98, 50.614
2505, 63, 50.63
2506, 63.03, 50.647
2507, 63.06, 50.664
2508, 63.09, 50.68
2509, 63.12, 50.697
2510, 63.15, 50.714
2511, 63.17, 50.73
2512, 63.2, 50.747
2513, 63.22, 50.764
2514, 63.25, 50.78
2515, 63.25, 50.78
2516, 63.28, 50.797
2517, 63.3, 50.814
2518, 63.33, 50.83
2519, 63.36, 50.847
2520, 63.38, 50.864
2521, 63.41, 50.88
2522, 63.43, 50.897
2523, 63.46, 50.914
2524, 63.49, 50.93
2525, 63.52, 50.947
2526, 63.54, 50.964
2527, 63.57, 50.98
2528, 63.6, 50.997
2529, 63.63, 51.014
2530, 63.65, 51.03
2531, 63.68, 51.047
2532, 63.71, 51.064
2533, 63.71, 51.064
2534, 63.74, 51.08
2535, 63.76, 51.097
2536, 63.79, 51.114
2537, 63.82, 51.13
2538, 63.84, 51.147
2539, 63.87, 51.164
2540, 63.9, 51.18
2541, 63.92, 51.197
2542, 63.94, 51.214
2543, 63.97, 51.23
2544, 63.99, 51.247
2545, 64.02, 51.264
2546, 64.05, 51.28
2547, 64.08, 51.297
2548, 64.1, 51.314
2549, 64.1, 51.314
2550, 64.13, 51.33
2551, 64.15, 51.347
2552, 64.18, 51.364
2553, 64.2, 51.38
2554, 64.23, 51.397
2555, 64.25, 51.414
2556, 64.27, 51.43
2557, 64.3, 51.447
2558, 64.32, 51.464
2559, 64.34, 51.48
2560, 64.36, 51.497
2561, 64.38, 51.514
2562, 64.4, 51.53
2563, 64.43, 51.547
2564, 64.43, 51.547
2565, 64.48, 51.564
2566, 64.52, 51.58
2567, 64.54, 51.597
2568, 64.57, 51.614
2569, 64.6, 51.63
2570, 64.62, 51.647
2571, 64.64, 51.664
2572, 64.66, 51.68
2573, 64.68, 51.697
2574, 64.7, 51.714
2575, 64.73, 51.73
2576, 64.75, 51.747
2577, 64.75, 51.747
2578, 64.78, 51.764
2579, 64.8, 51.78
2580, 64.82, 51.797
2581, 64.85, 51.814
2582, 64.87, 51.83
2583, 64.89, 51.847
2584, 64.92, 51.864
2585, 64.94, 51.88
2586, 64.96, 51.897
2587, 64.99, 51.914
2588, 65.01, 51.93
2589, 65.04, 51.947
2590, 65.04, 51.947
2591, 65.07, 51.964
2592, 65.09, 51.98
2593, 65.11, 51.997
2594, 65.14, 52.014
2595, 65.16, 52.03
2596, 65.18, 52.047
2597, 65.21, 52.064
2598, 65.23, 52.08
2599, 65.25, 52.097
2600, 65.28, 52.114
2601, 65.3, 52.13
2602, 65.33, 52.147
2603, 65.33, 52.147
2604, 65.35, 52.164
2605, 65.37, 52.18
2606, 65.39, 52.197
2607, 65.41, 52.214
2608, 65.44, 52.23
2609, 65.46, 52.247
2610, 65.49, 52.264
2611, 65.51, 52.28
2612, 65.54, 52.297
2613, 65.56, 52.314
2614, 65.58, 52.33
2615, 65.58, 52.33
2616, 65.6, 52.347
2617, 65.61, 52.364
2618, 65.61, 52.38
2619, 65.61, 52.397
2620, 65.6, 52.414
2621, 65.58, 52.43
2622, 65.54, 52.447
2623, 65.48, 52.464
2624, 65.41, 52.48
2625, 65.31, 52.497
2626, 65.19, 52.514
2627, 65.19, 52.514
2628, 65.03, 52.53
2629, 64.84, 52.547
2630, 64.62, 52.564
2631, 64.37, 52.58
2632, 64.37, 52.58
2633, 63.8, 52.614
2634, 63.5, 52.63
2635, 63.19, 52.647
2636, 62.88, 52.664
2637, 62.55, 52.68
2638, 62.19, 52.697
2639, 61.84, 52.714
2640, 61.52, 52.73
2641, 61.2, 52.747
2642, 60.86, 52.764
2643, 60.52, 52.78
2644, 60.19, 52.797
2645, 59.85, 52.814
2646, 59.51, 52.83
2647, 59.16, 52.847
2648, 58.82, 52.864
2649, 58.47, 52.88
2650, 58.12, 52.897
2651, 57.78, 52.914
2652, 57.44, 52.93
2653, 57.1, 52.947
2654, 56.75, 52.964
2655, 56.41, 52.98
2656, 56.07, 52.997
2657, 55.74, 53.014
2658, 55.4, 53.03
2659, 55.05, 53.047
2660, 54.66, 53.064
2661, 54.3, 53.08
2662, 53.63, 53.114
2663, 53.3, 53.13
2664, 52.98, 53.147
2665, 52.66, 53.164
2666, 52.32, 53.18
2667, 51.97, 53.197
2668, 51.64, 53.214
2669, 50.95, 53.247
2670, 50.59, 53.264
2671, 50.25, 53.28
2672, 49.92, 53.297
2673, 49.6, 53.314
2674, 48.95, 53.347
2675, 48.59, 53.364
2676, 48.24, 53.38
2677, 47.9, 53.397
2678, 47.21, 53.43
2679, 46.87, 53.447
2680, 46.54, 53.464
2681, 46.19, 53.48
2682, 45.51, 53.514
2683, 45.18, 53.53
2684, 44.84, 53.547
2685, 44.16, 53.58
2686, 43.82, 53.597
2687, 43.48, 53.614
2688, 42.81, 53.647
2689, 42.47, 53.664
2690, 41.79, 53.697
2691, 41.48, 53.714
2692, 41.17, 53.73
2693, 40.55, 53.764
2694, 40.23, 53.78
2695, 39.58, 53.814
2696, 39.27, 53.83
2697, 38.62, 53.864
2698, 37.98, 53.897
2699, 37.67, 53.914
2700, 37.06, 53.947
2701, 36.76, 53.964
2702, 36.12, 53.997
2703, 35.53, 54.03
2704, 35.26, 54.047
2705, 34.69, 54.08
2706, 34.13, 54.114
2707, 33.62, 54.147
2708, 33.39, 54.164
2709, 32.91, 54.197
2710, 32.45, 54.23
2711, 32.05, 54.264
2712, 31.72, 54.297
2713, 31.36, 54.33
2714, 30.98, 54.364
2715, 30.84, 54.38
2716, 30.59, 54.414
2717, 30.39, 54.447
2718, 30.24, 54.48
2719, 30.13, 54.514
2720, 29.88, 54.547
2721, 29.6, 54.58
2722, 29.47, 54.614
2723, 29.33, 54.647
2724, 29.15, 54.68
2725, 28.89, 54.73
2726, 28.73, 54.764
2727, 28.56, 54.797
2728, 28.39, 54.83
2729, 28.22, 54.864
2730, 28.05, 54.897
2731, 27.88, 54.93
2732, 27.72, 54.964
2733, 27.57, 54.997
2734, 27.38, 55.047
2735, 27.28, 55.08
2736, 27.21, 55.114
2737, 27.14, 55.147
2738, 27.08, 55.18
2739, 26.97, 55.23
2740, 26.9, 55.264
2741, 26.85, 55.297
2742, 26.76, 55.33
2743, 26.63, 55.364
2744, 26.49, 55.414
2745, 26.38, 55.447
2746, 26.27, 55.48
2747, 26.15, 55.514
2748, 26, 55.564
2749, 25.9, 55.597
2750, 25.81, 55.63
2751, 25.72, 55.664
2752, 25.65, 55.714
2753, 25.58, 55.747
2754, 25.62, 55.78
2755, 25.56, 55.83
2756, 25.54, 55.864
2757, 25.55, 55.897
2758, 25.57, 55.947
2759, 25.58, 55.98
2760, 25.61, 56.014
2761, 25.8, 56.064
2762, 26.06, 56.097
2763, 26.13, 56.13
2764, 26.08, 56.18
2765, 26.12, 56.214
2766, 26.13, 56.247
2767, 26.13, 56.28
2768, 26.33, 56.33
2769, 26.35, 56.364
2770, 26.31, 56.397
2771, 26.3, 56.43
2772, 26.33, 56.48
2773, 26.48, 56.514
2774, 26.75, 56.547
2775, 26.78, 56.58
2776, 26.81, 56.63
2777, 26.87, 56.664
2778, 26.92, 56.697
2779, 27.12, 56.73
2780, 27.39, 56.764
2781, 27.39, 56.814
2782, 27.45, 56.847
2783, 27.51, 56.88
2784, 27.52, 56.914
2785, 27.51, 56.947
2786, 27.62, 56.98
2787, 27.94, 57.03
2788, 28.06, 57.064
2789, 28.12, 57.097
2790, 28.22, 57.13
2791, 28.45, 57.164
2792, 28.68, 57.197
2793, 28.76, 57.23
2794, 28.85, 57.264
2795, 29.16, 57.297
2796, 29.26, 57.33
2797, 29.51, 57.364
2798, 29.71, 57.397
2799, 29.93, 57.43
2800, 30.18, 57.464
2801, 30.4, 57.497
2802, 30.61, 57.53
2803, 30.84, 57.564
2804, 31.1, 57.597
2805, 31.32, 57.63
2806, 31.53, 57.664
2807, 31.76, 57.697
2808, 31.98, 57.73
2809, 32.19, 57.764
2810, 32.3, 57.78
2811, 32.53, 57.814
2812, 32.78, 57.847
2813, 33, 57.88
2814, 33.21, 57.914
2815, 33.44, 57.947
2816, 33.55, 57.964
2817, 33.77, 57.997
2818, 34.01, 58.03
2819, 34.21, 58.064
2820, 34.31, 58.08
2821, 34.52, 58.114
2822, 34.74, 58.147
2823, 34.96, 58.18
2824, 35.07, 58.197
2825, 35.28, 58.23
2826, 35.51, 58.264
2827, 35.61, 58.28
2828, 35.81, 58.314
2829, 36.02, 58.347
2830, 36.12, 58.364
2831, 36.32, 58.397
2832, 36.52, 58.43
2833, 36.62, 58.447
2834, 36.84, 58.48
2835, 37.05, 58.514
2836, 37.14, 58.53
2837, 37.34, 58.564
2838, 37.54, 58.597
2839, 37.64, 58.614
2840, 37.84, 58.647
2841, 37.94, 58.664
2842, 38.13, 58.697
2843, 38.23, 58.714
2844, 38.42, 58.747
2845, 38.61, 58.78
2846, 38.7, 58.797
2847, 38.88, 58.83
2848, 38.97, 58.847
2849, 38.94, 58.88
2850, 39.07, 58.897
2851, 39.32, 58.93
2852, 39.37, 58.947
2853, 39.54, 58.98
2854, 39.61, 58.997
2855, 39.77, 59.03
2856, 39.85, 59.047
2857, 39.99, 59.08
2858, 40.06, 59.097
2859, 40.23, 59.13
2860, 40.31, 59.147
2861, 40.45, 59.18
2862, 40.53, 59.197
2863, 40.69, 59.23
2864, 40.77, 59.247
2865, 40.92, 59.28
2866, 41.01, 59.297
2867, 41.16, 59.33
2868, 41.24, 59.347
2869, 41.32, 59.364
2870, 41.47, 59.397
2871, 41.55, 59.414
2872, 41.69, 59.447
2873, 41.77, 59.464
2874, 41.93, 59.497
2875, 42, 59.514
2876, 42.07, 59.53
2877, 42.22, 59.564
2878, 42.3, 59.58
2879, 42.45, 59.614
2880, 42.52, 59.63
2881, 42.66, 59.664
2882, 42.74, 59.68
2883, 42.81, 59.697
2884, 42.95, 59.73
2885, 43.03, 59.747
2886, 43.18, 59.78
2887, 43.25, 59.797
2888, 43.33, 59.814
2889, 43.47, 59.847
2890, 43.55, 59.864
2891, 43.63, 59.88
2892, 43.78, 59.914
2893, 43.86, 59.93
2894, 44, 59.964
2895, 44.07, 59.98
2896, 44.15, 59.997
2897, 44.29, 60.03
2898, 44.37, 60.047
2899, 44.44, 60.064
2900, 44.58, 60.097
2901, 44.66, 60.114
2902, 44.73, 60.13
2903, 44.87, 60.164
2904, 44.94, 60.18
2905, 45.01, 60.197
2906, 45.16, 60.23
2907, 45.23, 60.247
2908, 45.3, 60.264
2909, 45.45, 60.297
2910, 45.52, 60.314
2911, 45.59, 60.33
2912, 45.73, 60.364
2913, 45.79, 60.38
2914, 45.86, 60.397
2915, 46.01, 60.43
2916, 46.08, 60.447
2917, 46.15, 60.464
2918, 46.21, 60.48
2919, 46.34, 60.514
2920, 46.41, 60.53
2921, 46.48, 60.547
2922, 46.61, 60.58
2923, 46.68, 60.597
2924, 46.74, 60.614
2925, 46.81, 60.63
2926, 46.94, 60.664
2927, 47, 60.68
2928, 47.07, 60.697
2929, 47.2, 60.73
2930, 47.26, 60.747
2931, 47.32, 60.764
2932, 47.38, 60.78
2933, 47.5, 60.814
2934, 47.57, 60.83
2935, 47.62, 60.847
2936, 47.68, 60.864
2937, 47.81, 60.897
2938, 47.87, 60.914
2939, 47.92, 60.93
2940, 47.98, 60.947
2941, 48.11, 60.98
2942, 48.17, 60.997
2943, 48.22, 61.014
2944, 48.28, 61.03
2945, 48.39, 61.064
2946, 48.44, 61.08
2947, 48.49, 61.097
2948, 48.55, 61.114
2949, 48.51, 61.147
2950, 48.63, 61.164
2951, 48.72, 61.18
2952, 48.74, 61.197
2953, 48.84, 61.23
2954, 48.9, 61.247
2955, 48.94, 61.264
2956, 48.99, 61.28
2957, 49.04, 61.297
2958, 49.15, 61.33
2959, 49.2, 61.347
2960, 49.24, 61.364
2961, 49.29, 61.38
2962, 49.39, 61.414
2963, 49.44, 61.43
2964, 49.49, 61.447
2965, 49.54, 61.464
2966, 49.59, 61.48
2967, 49.69, 61.514
2968, 49.74, 61.53
2969, 49.79, 61.547
2970, 49.83, 61.564
2971, 49.88, 61.58
2972, 49.98, 61.614
2973, 50.03, 61.63
2974, 50.08, 61.647
2975, 50.12, 61.664
2976, 50.17, 61.68
2977, 50.27, 61.714
2978, 50.32, 61.73
2979, 50.37, 61.747
2980, 50.42, 61.764
2981, 50.47, 61.78
2982, 50.52, 61.797
2983, 50.62, 61.83
2984, 50.67, 61.847
2985, 50.72, 61.864
2986, 50.78, 61.88
2987, 50.83, 61.897
2988, 50.93, 61.93
2989, 50.98, 61.947
2990, 51.03, 61.964
2991, 51.08, 61.98
2992, 51.13, 61.997
2993, 51.18, 62.014
2994, 51.28, 62.047
2995, 51.33, 62.064
2996, 51.38, 62.08
2997, 51.43, 62.097
2998, 51.48, 62.114
2999, 51.53, 62.13
3000, 51.63, 62.164
3001, 51.68, 62.18
3002, 51.73, 62.197
3003, 51.78, 62.214
3004, 51.83, 62.23
3005, 51.88, 62.247
3006, 51.93, 62.264
3007, 52.03, 62.297
3008, 52.09, 62.314
3009, 52.14, 62.33
3010, 52.19, 62.347
3011, 52.24, 62.364
3012, 52.29, 62.38
3013, 52.34, 62.397
3014, 52.44, 62.43
3015, 52.5, 62.447
3016, 52.55, 62.464
3017, 52.6, 62.48
3018, 52.66, 62.497
3019, 52.71, 62.514
3020, 52.76, 62.53
3021, 52.87, 62.564
3022, 52.92, 62.58
3023, 52.98, 62.597
3024, 53.03, 62.614
3025, 53.08, 62.63
3026, 53.14, 62.647
3027, 53.19, 62.664
3028, 53.3, 62.697
3029, 53.35, 62.714
3030, 53.4, 62.73
3031, 53.46, 62.747
3032, 53.51, 62.764
3033, 53.56, 62.78
3034, 53.61, 62.797
3035, 53.66, 62.814
3036, 53.76, 62.847
3037, 53.81, 62.864
3038, 53.86, 62.88
3039, 53.91, 62.897
3040, 53.96, 62.914
3041, 54.02, 62.93
3042, 54.06, 62.947
3043, 54.11, 62.964
3044, 54.16, 62.98
3045, 54.26, 63.014
3046, 54.31, 63.03
3047, 54.36, 63.047
3048, 54.41, 63.064
3049, 54.46, 63.08
3050, 54.51, 63.097
3051, 54.55, 63.114
3052, 54.6, 63.13
3053, 54.65, 63.147
3054, 54.75, 63.18
3055, 54.8, 63.197
3056, 54.85, 63.214
3057, 54.9, 63.23
3058, 54.94, 63.247
3059, 54.99, 63.264
3060, 55.04, 63.28
3061, 55.09, 63.297
3062, 55.13, 63.314
3063, 55.17, 63.33
3064, 55.27, 63.364
3065, 55.31, 63.38
3066, 55.36, 63.397
3067, 55.41, 63.414
3068, 55.45, 63.43
3069, 55.5, 63.447
3070, 55.54, 63.464
3071, 55.59, 63.48
3072, 55.63, 63.497
3073, 55.67, 63.514
3074, 55.72, 63.53
3075, 55.81, 63.564
3076, 55.85, 63.58
3077, 55.9, 63.597
3078, 55.94, 63.614
3079, 55.98, 63.63
3080, 56.02, 63.647
3081, 56.06, 63.664
3082, 56.1, 63.68
3083, 56.14, 63.697
3084, 56.18, 63.714
3085, 56.22, 63.73
3086, 56.3, 63.764
3087, 56.34, 63.78
3088, 56.37, 63.797
3089, 56.41, 63.814
3090, 56.45, 63.83
3091, 56.49, 63.847
3092, 56.53, 63.864
3093, 56.57, 63.88
3094, 56.61, 63.897
3095, 56.65, 63.914
3096, 56.69, 63.93
3097, 56.78, 63.964
3098, 56.82, 63.98
3099, 56.86, 63.997
3100, 56.9, 64.014
3101, 56.94, 64.03
3102, 56.97, 64.047
3103, 57.01, 64.064
3104, 57.05, 64.08
3105, 57.09, 64.097
3106, 57.13, 64.114
3107, 57.17, 64.13
3108, 57.21, 64.147
3109, 57.28, 64.18
3110, 57.32, 64.197
3111, 57.35, 64.214
3112, 57.39, 64.23
3113, 57.43, 64.247
3114, 57.46, 64.264
3115, 57.5, 64.28
3116, 57.54, 64.297
3117, 57.58, 64.314
3118, 57.61, 64.33
3119, 57.63, 64.347
3120, 57.65, 64.364
3121, 57.65, 64.38
3122, 57.62, 64.414
3123, 57.57, 64.43
3124, 57.5, 64.447
3125, 57.4, 64.464
3126, 57.29, 64.48
3127, 57.15, 64.497
3128, 56.99, 64.514
3129, 56.82, 64.53
3130, 56.64, 64.547
3131, 56.44, 64.564
3132, 56.24, 64.58
3133, 56.03, 64.597
3134, 55.81, 64.614
3135, 55.34, 64.647
3136, 55.06, 64.664
3137, 54.81, 64.68
3138, 54.57, 64.697
3139, 54.32, 64.714
3140, 54.05, 64.73
3141, 53.78, 64.747
3142, 53.52, 64.764
3143, 52.98, 64.797
3144, 52.71, 64.814
3145, 52.45, 64.83
3146, 52.19, 64.847
3147, 51.93, 64.864
3148, 51.67, 64.88
3149, 51.15, 64.914
3150, 50.88, 64.93
3151, 50.59, 64.947
3152, 50.3, 64.964
3153, 50.03, 64.98
3154, 49.52, 65.014
3155, 49.26, 65.03
3156, 49.01, 65.047
3157, 48.75, 65.064
3158, 48.5, 65.08
3159, 47.99, 65.114
3160, 47.74, 65.13
3161, 47.45, 65.147
3162, 47.15, 65.164
3163, 46.6, 65.197
3164, 46.33, 65.214
3165, 46.03, 65.23
3166, 45.48, 65.264
3167, 45.23, 65.28
3168, 44.97, 65.297
3169, 44.44, 65.33
3170, 44.19, 65.347
3171, 43.95, 65.364
3172, 43.47, 65.397
3173, 43.22, 65.414
3174, 42.7, 65.447
3175, 42.46, 65.464
3176, 42.22, 65.48
3177, 41.71, 65.514
3178, 41.48, 65.53
3179, 40.99, 65.564
3180, 40.69, 65.58
3181, 40.14, 65.614
3182, 39.9, 65.63
3183, 39.39, 65.664
3184, 39.16, 65.68
3185, 38.74, 65.714
3186, 38.52, 65.73
3187, 38.1, 65.764
3188, 37.91, 65.78
3189, 37.58, 65.814
3190, 37.24, 65.847
3191, 37.09, 65.864
3192, 36.83, 65.897
3193, 36.72, 65.914
3194, 36.5, 65.947
3195, 36.31, 65.98
3196, 36.23, 65.997
3197, 36.09, 66.03
3198, 35.97, 66.064
3199, 35.91, 66.08
3200, 35.82, 66.114
3201, 35.74, 66.147
3202, 35.7, 66.164
3203, 35.63, 66.197
3204, 35.56, 66.23
3205, 35.52, 66.247
3206, 35.45, 66.28
3207, 35.37, 66.314
3208, 35.28, 66.347
3209, 35.24, 66.364
3210, 35.17, 66.397
3211, 35.1, 66.43
3212, 35.06, 66.447
3213, 34.97, 66.48
3214, 34.89, 66.514
3215, 34.82, 66.53
3216, 34.7, 66.564
3217, 34.6, 66.597
3218, 34.5, 66.63
3219, 34.46, 66.647
3220, 34.38, 66.68
3221, 34.29, 66.714
3222, 34.22, 66.747
3223, 34.18, 66.764
3224, 34.11, 66.797
3225, 34.05, 66.83
3226, 34.03, 66.847
3227, 34.01, 66.88
3228, 34.09, 66.914
3229, 34.13, 66.947
3230, 34.14, 66.964
3231, 34.16, 66.997
3232, 34.21, 67.03
3233, 34.19, 67.064
3234, 34.17, 67.08
3235, 34.13, 67.114
3236, 33.98, 67.147
3237, 33.89, 67.164
3238, 33.81, 67.197
3239, 33.75, 67.23
3240, 33.65, 67.264
3241, 33.6, 67.28
3242, 33.51, 67.314
3243, 33.39, 67.347
3244, 33.29, 67.38
3245, 33.18, 67.414
3246, 33.1, 67.43
3247, 32.94, 67.464
3248, 32.82, 67.497
3249, 32.71, 67.53
3250, 32.59, 67.564
3251, 32.52, 67.58
3252, 32.41, 67.614
3253, 32.31, 67.647
3254, 32.22, 67.68
3255, 32.13, 67.714
3256, 32.05, 67.747
3257, 32.06, 67.764
3258, 32.14, 67.797
3259, 32.23, 67.83
3260, 32.34, 67.864
3261, 32.37, 67.897
3262, 32.44, 67.93
3263, 32.69, 67.964
3264, 32.82, 67.98
3265, 32.9, 68.014
3266, 32.97, 68.047
3267, 33.14, 68.08
3268, 33.25, 68.114
3269, 33.28, 68.13
3270, 33.37, 68.164
3271, 33.62, 68.197
3272, 33.8, 68.23
3273, 33.95, 68.264
3274, 34.06, 68.28
3275, 34.2, 68.314
3276, 34.36, 68.347
3277, 34.52, 68.38
3278, 34.77, 68.414
3279, 34.91, 68.43
3280, 35.04, 68.464
3281, 35.12, 68.497
3282, 35.24, 68.514
3283, 35.57, 68.547
3284, 35.79, 68.58
3285, 35.92, 68.614
3286, 36.03, 68.63
3287, 36.31, 68.664
3288, 36.46, 68.697
3289, 36.53, 68.714
3290, 36.7, 68.747
3291, 36.92, 68.78
3292, 37.04, 68.797
3293, 37.24, 68.83
3294, 37.34, 68.847
3295, 37.53, 68.88
3296, 37.71, 68.914
3297, 37.79, 68.93
3298, 37.98, 68.964
3299, 38.07, 68.98
3300, 38.26, 69.014
3301, 38.46, 69.047
3302, 38.56, 69.064
3303, 38.75, 69.097
3304, 38.84, 69.114
3305, 39.03, 69.147
3306, 39.12, 69.164
3307, 39.29, 69.197
3308, 39.38, 69.214
3309, 39.58, 69.247
3310, 39.68, 69.264
3311, 39.78, 69.297
3312, 39.85, 69.33
3313, 40.03, 69.347
3314, 40.17, 69.38
3315, 40.26, 69.397
3316, 40.43, 69.43
3317, 40.51, 69.447
3318, 40.67, 69.48
3319, 40.75, 69.497
3320, 40.83, 69.514
3321, 40.98, 69.547
3322, 41.06, 69.564
3323, 41.25, 69.597
3324, 41.33, 69.614
3325, 41.48, 69.647
3326, 41.55, 69.664
3327, 41.72, 69.697
3328, 41.8, 69.714
3329, 41.96, 69.747
3330, 42.04, 69.764
3331, 42.12, 69.78
3332, 42.28, 69.814
3333, 42.35, 69.83
3334, 42.51, 69.864
3335, 42.6, 69.88
3336, 42.75, 69.914
3337, 42.83, 69.93
3338, 42.91, 69.947
3339, 43.07, 69.98
3340, 43.15, 69.997
3341, 43.3, 70.03
3342, 43.38, 70.047
3343, 43.46, 70.064
3344, 43.61, 70.097
3345, 43.68, 70.114
3346, 43.76, 70.13
3347, 43.92, 70.164
3348, 44, 70.18
3349, 44.14, 70.214
3350, 44.21, 70.23
3351, 44.29, 70.247
3352, 44.45, 70.28
3353, 44.53, 70.297
3354, 44.61, 70.314
3355, 44.76, 70.347
3356, 44.83, 70.364
3357, 44.9, 70.38
3358, 45.05, 70.414
3359, 45.13, 70.43
3360, 45.2, 70.447
3361, 45.35, 70.48
3362, 45.42, 70.497
3363, 45.5, 70.514
3364, 45.65, 70.547
3365, 45.73, 70.564
3366, 45.8, 70.58
3367, 45.95, 70.614
3368, 46.02, 70.63
3369, 46.09, 70.647
3370, 46.16, 70.664
3371, 46.31, 70.697
3372, 46.39, 70.714
3373, 46.47, 70.73
3374, 46.61, 70.764
3375, 46.69, 70.78
3376, 46.76, 70.797
3377, 46.83, 70.814
3378, 46.99, 70.847
3379, 47.06, 70.864
3380, 47.14, 70.88
3381, 47.27, 70.914
3382, 47.34, 70.93
3383, 47.41, 70.947
3384, 47.48, 70.964
3385, 47.62, 70.997
3386, 47.69, 71.014
3387, 47.76, 71.03
3388, 47.82, 71.047
3389, 47.96, 71.08
3390, 48.03, 71.097
3391, 48.09, 71.114
3392, 48.16, 71.13
3393, 48.3, 71.164
3394, 48.36, 71.18
3395, 48.43, 71.197
3396, 48.49, 71.214
3397, 48.62, 71.247
3398, 48.68, 71.264
3399, 48.74, 71.28
3400, 48.81, 71.297
3401, 48.94, 71.33
3402, 49, 71.347
3403, 49.06, 71.364
3404, 49.13, 71.38
3405, 49.19, 71.397
3406, 49.14, 71.43
3407, 49.27, 71.447
3408, 49.39, 71.464
3409, 49.4, 71.48
3410, 49.5, 71.514
3411, 49.58, 71.53
3412, 49.63, 71.547
3413, 49.68, 71.564
3414, 49.74, 71.58
3415, 49.86, 71.614
3416, 49.91, 71.63
3417, 49.97, 71.647
3418, 50.03, 71.664
3419, 50.09, 71.68
3420, 50.21, 71.714
3421, 50.26, 71.73
3422, 50.32, 71.747
3423, 50.38, 71.764
3424, 50.43, 71.78
3425, 50.54, 71.814
3426, 50.59, 71.83
3427, 50.65, 71.847
3428, 50.7, 71.864
3429, 50.75, 71.88
3430, 50.81, 71.897
3431, 50.92, 71.93
3432, 50.97, 71.947
3433, 51.03, 71.964
3434, 51.08, 71.98
3435, 51.13, 71.997
3436, 51.24, 72.03
3437, 51.3, 72.047
3438, 51.35, 72.064
3439, 51.41, 72.08
3440, 51.47, 72.097
3441, 51.52, 72.114
3442, 51.63, 72.147
3443, 51.69, 72.164
3444, 51.74, 72.18
3445, 51.8, 72.197
3446, 51.85, 72.214
3447, 51.9, 72.23
3448, 52.01, 72.264
3449, 52.06, 72.28
3450, 52.11, 72.297
3451, 52.16, 72.314
3452, 52.21, 72.33
3453, 52.26, 72.347
3454, 52.32, 72.364
3455, 52.42, 72.397
3456, 52.47, 72.414
3457, 52.52, 72.43
3458, 52.57, 72.447
3459, 52.62, 72.464
3460, 52.67, 72.48
3461, 52.73, 72.497
3462, 52.84, 72.53
3463, 52.88, 72.547
3464, 52.93, 72.564
3465, 52.99, 72.58
3466, 53.04, 72.597
3467, 53.09, 72.614
3468, 53.14, 72.63
3469, 53.19, 72.647
3470, 53.29, 72.68
3471, 53.35, 72.697
3472, 53.4, 72.714
3473, 53.46, 72.73
3474, 53.51, 72.747
3475, 53.56, 72.764
3476, 53.61, 72.78
3477, 53.66, 72.797
3478, 53.77, 72.83
3479, 53.81, 72.847
3480, 53.86, 72.864
3481, 53.91, 72.88
3482, 53.95, 72.897
3483, 54, 72.914
3484, 54.05, 72.93
3485, 54.1, 72.947
3486, 54.15, 72.964
3487, 54.25, 72.997
3488, 54.3, 73.014
3489, 54.34, 73.03
3490, 54.39, 73.047
3491, 54.43, 73.064
3492, 54.48, 73.08
3493, 54.53, 73.097
3494, 54.58, 73.114
3495, 54.63, 73.13
3496, 54.67, 73.147
3497, 54.74, 73.18
3498, 54.78, 73.197
3499, 54.82, 73.214
3500, 54.88, 73.23
3501, 54.96, 73.247
3502, 55.03, 73.264
3503, 55.08, 73.28
3504, 55.13, 73.297
3505, 55.19, 73.314
3506, 55.24, 73.33
3507, 55.27, 73.347
3508, 55.35, 73.38
3509, 55.4, 73.397
3510, 55.44, 73.414
3511, 55.49, 73.43
3512, 55.56, 73.447
3513, 55.61, 73.464
3514, 55.65, 73.48
3515, 55.69, 73.497
3516, 55.74, 73.514
3517, 55.78, 73.53
3518, 55.83, 73.547
3519, 55.88, 73.564
3520, 55.98, 73.597
3521, 56.02, 73.614
3522, 56.07, 73.63
3523, 56.11, 73.647
3524, 56.16, 73.664
3525, 56.2, 73.68
3526, 56.25, 73.697
3527, 56.29, 73.714
3528, 56.34, 73.73
3529, 56.39, 73.747
3530, 56.44, 73.764
3531, 56.49, 73.78
3532, 56.54, 73.797
3533, 56.58, 73.814
3534, 56.63, 73.83
3535, 56.67, 73.847
3536, 56.75, 73.88
3537, 56.79, 73.897
3538, 56.83, 73.914
3539, 56.88, 73.93
3540, 56.92, 73.947
3541, 56.97, 73.964
3542, 57.01, 73.98
3543, 57.05, 73.997
3544, 57.1, 74.014
3545, 57.14, 74.03
3546, 57.18, 74.047
3547, 57.23, 74.064
3548, 57.27, 74.08
3549, 57.31, 74.097
3550, 57.35, 74.114
3551, 57.4, 74.13
3552, 57.44, 74.147
3553, 57.48, 74.164
3554, 57.52, 74.18
3555, 57.61, 74.214
3556, 57.65, 74.23
3557, 57.68, 74.247
3558, 57.73, 74.264
3559, 57.77, 74.28
3560, 57.81, 74.297
3561, 57.85, 74.314
3562, 57.89, 74.33
3563, 57.94, 74.347
3564, 57.98, 74.364
3565, 58.02, 74.38
3566, 58.06, 74.397
3567, 58.11, 74.414
3568, 58.15, 74.43
3569, 58.18, 74.447
3570, 58.23, 74.464
3571, 58.28, 74.48
3572, 58.32, 74.497
3573, 58.36, 74.514
3574, 58.39, 74.53
3575, 58.43, 74.547
3576, 58.46, 74.564
3577, 58.49, 74.58
3578, 58.52, 74.597
3579, 58.55, 74.614
3580, 58.6, 74.63
3581, 58.65, 74.647
3582, 58.71, 74.664
3583, 58.75, 74.68
3584, 58.77, 74.697
3585, 58.79, 74.714
3586, 58.83, 74.73
3587, 58.86, 74.747
3588, 58.87, 74.764
3589, 58.96, 74.797
3590, 59.02, 74.814
3591, 59.06, 74.83
3592, 59.09, 74.847
3593, 59.13, 74.864
3594, 59.19, 74.88
3595, 59.22, 74.897
3596, 59.24, 74.914
3597, 59.27, 74.93
3598, 59.31, 74.947
3599, 59.34, 74.964
3600, 59.37, 74.98
3601, 59.41, 74.997
3602, 59.45, 75.014
3603, 59.49, 75.03
3604, 59.53, 75.047
3605, 59.56, 75.064
3606, 59.59, 75.08
3607, 59.62, 75.097
3608, 59.65, 75.114
3609, 59.62, 75.13
3610, 59.57, 75.147
3611, 59.68, 75.164
3612, 59.73, 75.18
3613, 59.7, 75.197
3614, 59.75, 75.214
3615, 59.8, 75.23
3616, 59.82, 75.247
3617, 59.84, 75.264
3618, 59.88, 75.28
3619, 59.91, 75.297
3620, 59.93, 75.314
3621, 59.96, 75.33
3622, 60, 75.347
3623, 60.03, 75.364
3624, 60.06, 75.38
3625, 60.09, 75.397
3626, 60.12, 75.414
3627, 60.15, 75.43
3628, 60.18, 75.447
3629, 60.21, 75.464
3630, 60.23, 75.48
3631, 60.26, 75.497
3632, 60.28, 75.514
3633, 60.31, 75.53
3634, 60.33, 75.547
3635, 60.36, 75.564
3636, 60.39, 75.58
3637, 60.42, 75.597
3638, 60.45, 75.614
3639, 60.47, 75.63
3640, 60.5, 75.647
3641, 60.53, 75.664
3642, 60.55, 75.68
3643, 60.58, 75.697
3644, 60.61, 75.714
3645, 60.65, 75.73
3646, 60.68, 75.747
3647, 60.71, 75.764
3648, 60.74, 75.78
3649, 60.77, 75.797
3650, 60.79, 75.814
3651, 60.82, 75.83
3652, 60.85, 75.847
3653, 60.89, 75.864
3654, 60.92, 75.88
3655, 60.96, 75.897
3656, 60.99, 75.914
3657, 61, 75.93
3658, 61, 75.947
3659, 61, 75.947
3660, 61.02, 75.964
3661, 61.06, 75.98
3662, 61.09, 75.997
3663, 61.12, 76.014
3664, 61.15, 76.03
3665, 61.19, 76.047
3666, 61.21, 76.064
3667, 61.23, 76.08
3668, 61.25, 76.097
3669, 61.25, 76.114
3670, 61.27, 76.13
3671, 61.31, 76.147
3672, 61.33, 76.164
3673, 61.34, 76.18
3674, 61.35, 76.197
3675, 61.36, 76.214
3676, 61.38, 76.23
3677, 61.4, 76.247
3678, 61.43, 76.264
3679, 61.46, 76.28
3680, 61.49, 76.297
3681, 61.52, 76.314
3682, 61.54, 76.33
3683, 61.57, 76.347
3684, 61.6, 76.364
3685, 61.62, 76.38
3686, 61.65, 76.397
3687, 61.67, 76.414
3688, 61.69, 76.43
3689, 61.71, 76.447
3690, 61.74, 76.464
3691, 61.76, 76.48
3692, 61.79, 76.497
3693, 61.81, 76.514
3694, 61.84, 76.53
3695, 61.86, 76.547
3696, 61.89, 76.564
3697, 61.89, 76.564
3698, 61.92, 76.58
3699, 61.94, 76.597
3700, 61.97, 76.614
3701, 61.99, 76.63
3702, 62.02, 76.647
3703, 62.04, 76.664
3704, 62.07, 76.68
3705, 62.09, 76.697
3706, 62.12, 76.714
3707, 62.14, 76.73
3708, 62.17, 76.747
3709, 62.19, 76.764
3710, 62.22, 76.78
3711, 62.25, 76.797
3712, 62.27, 76.814
3713, 62.3, 76.83
3714, 62.33, 76.847
3715, 62.35, 76.864
3716, 62.38, 76.88
3717, 62.41, 76.897
3718, 62.43, 76.914
3719, 62.46, 76.93
3720, 62.48, 76.947
3721, 62.51, 76.964
3722, 62.51, 76.964
3723, 62.54, 76.98
3724, 62.57, 76.997
3725, 62.59, 77.014
3726, 62.62, 77.03
3727, 62.64, 77.047
3728, 62.67, 77.064
3729, 62.69, 77.08
3730, 62.72, 77.097
3731, 62.75, 77.114
3732, 62.77, 77.13
3733, 62.8, 77.147
3734, 62.82, 77.164
3735, 62.85, 77.18
3736, 62.87, 77.197
3737, 62.9, 77.214
3738, 62.92, 77.23
3739, 62.94, 77.247
3740, 62.97, 77.264
3741, 62.99, 77.28
3742, 63.02, 77.297
3743, 63.04, 77.314
3744, 63.04, 77.314
3745, 63.07, 77.33
3746, 63.1, 77.347
3747, 63.12, 77.364
3748, 63.15, 77.38
3749, 63.17, 77.397
3750, 63.19, 77.414
3751, 63.22, 77.43
3752, 63.24, 77.447
3753, 63.27, 77.464
3754, 63.29, 77.48
3755, 63.32, 77.497
3756, 63.34, 77.514
3757, 63.37, 77.53
3758, 63.4, 77.547
3759, 63.42, 77.564
3760, 63.44, 77.58
3761, 63.47, 77.597
3762, 63.49, 77.614
3763, 63.49, 77.614
3764, 63.51, 77.63
3765, 63.54, 77.647
3766, 63.56, 77.664
3767, 63.58, 77.68
3768, 63.61, 77.697
3769, 63.63, 77.714
3770, 63.66, 77.73
3771, 63.68, 77.747
3772, 63.7, 77.764
3773, 63.73, 77.78
3774, 63.75, 77.797
3775, 63.77, 77.814
3776, 63.79, 77.83
3777, 63.81, 77.847
3778, 63.84, 77.864
3779, 63.84, 77.864
3780, 63.86, 77.88
3781, 63.88, 77.897
3782, 63.91, 77.914
3783, 63.93, 77.93
3784, 63.95, 77.947
3785, 63.97, 77.964
3786, 63.99, 77.98
3787, 64.01, 77.997
3788, 64.03, 78.014
3789, 64.05, 78.03
3790, 64.07, 78.047
3791, 64.09, 78.064
3792, 64.11, 78.08
3793, 64.13, 78.097
3794, 64.16, 78.114
3795, 64.16, 78.114
3796, 64.19, 78.13
3797, 64.21, 78.147
3798, 64.22, 78.164
3799, 64.24, 78.18
3800, 64.26, 78.197
3801, 64.28, 78.214
3802, 64.3, 78.23
3803, 64.33, 78.247
3804, 64.35, 78.264
3805, 64.37, 78.28
3806, 64.39, 78.297
3807, 64.41, 78.314
3808, 64.43, 78.33
3809, 64.43, 78.33
3810, 64.45, 78.347
3811, 64.47, 78.364
3812, 64.5, 78.38
3813, 64.52, 78.397
3814, 64.54, 78.414
3815, 64.57, 78.43
3816, 64.59, 78.447
3817, 64.6, 78.464
3818, 64.61, 78.48
3819, 64.64, 78.497
3820, 64.64, 78.514
3821, 64.68, 78.53
3822, 64.68, 78.53
3823, 64.7, 78.547
3824, 64.73, 78.564
3825, 64.72, 78.58
3826, 64.74, 78.597
3827, 64.76, 78.614
3828, 64.77, 78.63
3829, 64.77, 78.647
3830, 64.78, 78.664
3831, 64.8, 78.68
3832, 64.82, 78.697
3833, 64.84, 78.714
3834, 64.86, 78.73
3835, 64.86, 78.73
3836, 64.88, 78.747
3837, 64.9, 78.764
3838, 64.92, 78.78
3839, 64.94, 78.797
3840, 64.96, 78.814
3841, 64.98, 78.83
3842, 65, 78.847
3843, 65.02, 78.864
3844, 65.04, 78.88
3845, 65.06, 78.897
3846, 65.09, 78.914
3847, 65.11, 78.93
3848, 65.11, 78.93
3849, 65.13, 78.947
3850, 65.15, 78.964
3851, 65.17, 78.98
3852, 65.19, 78.997
3853, 65.22, 79.014
3854, 65.24, 79.03
3855, 65.26, 79.047
3856, 65.29, 79.064
3857, 65.31, 79.08
3858, 65.33, 79.097
3859, 65.36, 79.114
3860, 65.36, 79.114
3861, 65.38, 79.13
3862, 65.39, 79.147
3863, 65.4, 79.164
3864, 65.4, 79.18
3865, 65.4, 79.197
3866, 65.38, 79.214
3867, 65.35, 79.23
3868, 65.3, 79.247
3869, 65.24, 79.264
3870, 65.16, 79.28
3871, 65.05, 79.297
3872, 65.05, 79.297
3873, 64.92, 79.314
3874, 64.76, 79.33
3875, 64.57, 79.347
3876, 64.37, 79.364
3877, 64.15, 79.38
3878, 63.89, 79.397
3879, 63.6, 79.414
3880, 63.31, 79.43
3881, 63, 79.447
3882, 62.7, 79.464
3883, 62.38, 79.48
3884, 62.08, 79.497
3885, 61.76, 79.514
3886, 61.41, 79.53
3887, 61.07, 79.547
3888, 60.75, 79.564
3889, 60.41, 79.58
3890, 60.07, 79.597
3891, 59.75, 79.614
3892, 59.41, 79.63
3893, 59.08, 79.647
3894, 58.76, 79.664
3895, 58.43, 79.68
3896, 58.11, 79.697
3897, 57.78, 79.714
3898, 57.46, 79.73
3899, 57.13, 79.747
3900, 56.81, 79.764
3901, 56.48, 79.78
3902, 56.16, 79.797
3903, 55.85, 79.814
3904, 55.53, 79.83
3905, 55.22, 79.847
3906, 54.88, 79.864
3907, 54.52, 79.88
3908, 53.87, 79.914
3909, 53.57, 79.93
3910, 53.28, 79.947
3911, 53, 79.964
3912, 52.71, 79.98
3913, 52.41, 79.997
3914, 52.12, 80.014
3915, 51.84, 80.03
3916, 51.31, 80.064
3917, 51.05, 80.08
3918, 50.81, 80.097
3919, 50.56, 80.114
3920, 50.32, 80.13
3921, 49.86, 80.164
3922, 49.64, 80.18
3923, 49.42, 80.197
3924, 49.19, 80.214
3925, 48.97, 80.23
3926, 48.55, 80.264
3927, 48.35, 80.28
3928, 48.15, 80.297
3929, 47.96, 80.314
3930, 47.58, 80.347
3931, 47.39, 80.364
3932, 47.22, 80.38
3933, 47.05, 80.397
3934, 46.66, 80.43
3935, 46.43, 80.447
3936, 46.28, 80.464
3937, 46.02, 80.497
3938, 45.9, 80.514
3939, 45.79, 80.53
3940, 45.69, 80.547
3941, 45.49, 80.58
3942, 45.4, 80.597
3943, 45.31, 80.614
3944, 45.09, 80.647
3945, 44.93, 80.664
3946, 44.82, 80.68
3947, 44.66, 80.714
3948, 44.56, 80.73
3949, 44.33, 80.764
3950, 44.23, 80.78
3951, 44.14, 80.797
3952, 43.92, 80.83
3953, 43.81, 80.847
3954, 43.71, 80.864
3955, 43.5, 80.897
3956, 43.39, 80.914
3957, 43.28, 80.93
3958, 43.09, 80.964
3959, 43, 80.98
3960, 42.83, 81.014
3961, 42.76, 81.03
3962, 42.7, 81.047
3963, 42.59, 81.08
3964, 42.54, 81.097
3965, 42.44, 81.13
3966, 42.39, 81.147
3967, 42.29, 81.18
3968, 42.23, 81.197
3969, 42.18, 81.214
3970, 42.08, 81.247
3971, 42.03, 81.264
3972, 41.93, 81.297
3973, 41.88, 81.314
3974, 41.83, 81.33
3975, 41.73, 81.364
3976, 41.68, 81.38
3977, 41.58, 81.414
3978, 41.53, 81.43
3979, 41.43, 81.464
3980, 41.38, 81.48
3981, 41.28, 81.514
3982, 41.24, 81.53
3983, 41.2, 81.547
3984, 41.14, 81.58
3985, 41.11, 81.597
3986, 41.05, 81.63
3987, 41.02, 81.647
3988, 40.95, 81.68
3989, 40.91, 81.697
3990, 40.84, 81.73
3991, 40.83, 81.747
3992, 40.79, 81.78
3993, 40.76, 81.797
3994, 40.74, 81.814
3995, 40.72, 81.847
3996, 40.7, 81.864
3997, 40.67, 81.897
3998, 40.66, 81.914
3999, 40.63, 81.947
4000, 40.61, 81.964
4001, 40.55, 81.997
4002, 40.52, 82.014
4003, 40.45, 82.047
4004, 40.42, 82.064
4005, 40.39, 82.08
4006, 40.22, 82.114
4007, 40.17, 82.13
4008, 40.09, 82.164
4009, 40.03, 82.18
4010, 39.91, 82.214
4011, 39.86, 82.23
4012, 39.75, 82.264
4013, 39.69, 82.28
4014, 39.6, 82.314
4015, 39.55, 82.33
4016, 39.47, 82.364
4017, 39.43, 82.38
4018, 39.36, 82.414
4019, 39.38, 82.43
4020, 39.41, 82.464
4021, 39.4, 82.497
4022, 39.41, 82.514
4023, 39.46, 82.547
4024, 39.48, 82.564
4025, 39.53, 82.597
4026, 39.57, 82.614
4027, 39.62, 82.647
4028, 39.64, 82.664
4029, 39.7, 82.697
4030, 39.74, 82.714
4031, 39.81, 82.747
4032, 39.85, 82.764
4033, 39.91, 82.797
4034, 39.93, 82.814
4035, 39.99, 82.847
4036, 40.02, 82.864
4037, 40.09, 82.897
4038, 40.11, 82.914
4039, 40.17, 82.947
4040, 40.21, 82.964
4041, 40.28, 82.997
4042, 40.32, 83.014
4043, 40.39, 83.047
4044, 40.43, 83.064
4045, 40.5, 83.097
4046, 40.56, 83.114
4047, 40.67, 83.147
4048, 40.72, 83.164
4049, 40.8, 83.197
4050, 40.86, 83.214
4051, 40.93, 83.23
4052, 41.08, 83.264
4053, 41.14, 83.28
4054, 41.24, 83.314
4055, 41.32, 83.33
4056, 41.46, 83.364
4057, 41.53, 83.38
4058, 41.68, 83.414
4059, 41.75, 83.43
4060, 41.9, 83.464
4061, 41.97, 83.48
4062, 42.11, 83.514
4063, 42.19, 83.53
4064, 42.27, 83.547
4065, 42.43, 83.58
4066, 42.51, 83.597
4067, 42.66, 83.63
4068, 42.73, 83.647
4069, 42.81, 83.664
4070, 42.97, 83.697
4071, 43.05, 83.714
4072, 43.2, 83.747
4073, 43.28, 83.764
4074, 43.36, 83.78
4075, 43.51, 83.814
4076, 43.59, 83.83
4077, 43.75, 83.864
4078, 43.82, 83.88
4079, 43.9, 83.897
4080, 44.05, 83.93
4081, 44.12, 83.947
4082, 44.19, 83.964
4083, 44.33, 83.997
4084, 44.4, 84.014
4085, 44.47, 84.03
4086, 44.6, 84.064
4087, 44.67, 84.08
4088, 44.73, 84.097
4089, 44.85, 84.13
4090, 44.9, 84.147
4091, 45.01, 84.18
4092, 45.05, 84.197
4093, 45.1, 84.214
4094, 45.19, 84.247
4095, 45.24, 84.264
4096, 45.29, 84.28
4097, 45.33, 84.297
4098, 45.41, 84.33
4099, 45.46, 84.347
4100, 45.51, 84.364
4101, 45.6, 84.397
4102, 45.65, 84.414
4103, 45.69, 84.43
4104, 45.78, 84.464
4105, 45.83, 84.48
4106, 45.88, 84.497
4107, 45.99, 84.53
4108, 46.05, 84.547
4109, 46.11, 84.564
4110, 46.22, 84.597
4111, 46.28, 84.614
4112, 46.34, 84.63
4113, 46.41, 84.647
4114, 46.54, 84.68
4115, 46.61, 84.697
4116, 46.68, 84.714
4117, 46.83, 84.747
4118, 46.89, 84.764
4119, 46.95, 84.78
4120, 47.01, 84.797
4121, 47.14, 84.83
4122, 47.21, 84.847
4123, 47.29, 84.864
4124, 47.39, 84.897
4125, 47.46, 84.914
4126, 47.52, 84.93
4127, 47.58, 84.947
4128, 47.67, 84.98
4129, 47.72, 84.997
4130, 47.75, 85.014
4131, 47.77, 85.03
4132, 47.73, 85.064
4133, 47.7, 85.08
4134, 47.67, 85.097
4135, 47.63, 85.114
4136, 47.56, 85.147
4137, 47.52, 85.164
4138, 47.47, 85.18
4139, 47.37, 85.197
4140, 47.26, 85.23
4141, 47.22, 85.247
4142, 47.16, 85.264
4143, 47.04, 85.297
4144, 46.99, 85.314
4145, 46.94, 85.33
4146, 46.89, 85.347
4147, 46.77, 85.38
4148, 46.7, 85.397
4149, 46.63, 85.414
4150, 46.58, 85.43
4151, 46.5, 85.464
4152, 46.45, 85.48
4153, 46.39, 85.497
4154, 46.24, 85.53
4155, 46.03, 85.547
4156, 45.9, 85.564
4157, 45.64, 85.597
4158, 45.55, 85.614
4159, 45.45, 85.63
4160, 45.24, 85.664
4161, 45.18, 85.68
4162, 45.11, 85.697
4163, 44.88, 85.73
4164, 44.75, 85.747
4165, 44.55, 85.764
4166, 44.09, 85.797
4167, 44.02, 85.814
4168, 43.93, 85.83
4169, 43.72, 85.864
4170, 43.63, 85.88
4171, 43.53, 85.897
4172, 43.21, 85.93
4173, 43.02, 85.947
4174, 42.84, 85.98
4175, 42.76, 85.997
4176, 42.67, 86.014
4177, 42.51, 86.047
4178, 42.38, 86.064
4179, 42.18, 86.097
4180, 42.09, 86.114
4181, 41.9, 86.147
4182, 41.79, 86.164
4183, 41.69, 86.18
4184, 41.47, 86.214
4185, 41.36, 86.23
4186, 41.15, 86.264
4187, 41.07, 86.28
4188, 40.96, 86.314
4189, 40.91, 86.33
4190, 40.84, 86.364
4191, 40.75, 86.38
4192, 40.61, 86.414
4193, 40.53, 86.43
4194, 40.42, 86.464
4195, 40.37, 86.48
4196, 40.29, 86.514
4197, 40.28, 86.53
4198, 40.23, 86.564
4199, 40.1, 86.597
4200, 40.01, 86.614
4201, 39.89, 86.647
4202, 39.84, 86.664
4203, 39.74, 86.697
4204, 39.71, 86.714
4205, 39.66, 86.747
4206, 39.58, 86.78
4207, 39.38, 86.797
4208, 39.12, 86.83
4209, 39.05, 86.847
4210, 38.94, 86.88
4211, 38.79, 86.914
4212, 38.72, 86.93
4213, 38.61, 86.964
4214, 38.52, 86.98
4215, 38.3, 87.014
4216, 38.11, 87.047
4217, 38.03, 87.064
4218, 37.89, 87.097
4219, 37.74, 87.13
4220, 37.67, 87.147
4221, 37.53, 87.18
4222, 37.46, 87.197
4223, 37.32, 87.23
4224, 37.19, 87.264
4225, 37.12, 87.28
4226, 36.99, 87.314
4227, 36.85, 87.347
4228, 36.78, 87.364
4229, 36.65, 87.397
4230, 36.52, 87.43
4231, 36.46, 87.447
4232, 36.34, 87.48
4233, 36.22, 87.514
4234, 36.1, 87.547
4235, 36.04, 87.564
4236, 35.92, 87.597
4237, 35.81, 87.63
4238, 35.77, 87.647
4239, 35.69, 87.68
4240, 35.62, 87.714
4241, 35.59, 87.73
4242, 35.63, 87.764
4243, 35.68, 87.797
4244, 35.7, 87.83
4245, 35.72, 87.847
4246, 35.78, 87.88
4247, 35.83, 87.914
4248, 35.85, 87.93
4249, 35.91, 87.964
4250, 36.01, 87.997
4251, 36.06, 88.014
4252, 36.13, 88.047
4253, 36.25, 88.08
4254, 36.3, 88.097
4255, 36.4, 88.13
4256, 36.54, 88.164
4257, 36.61, 88.18
4258, 36.73, 88.214
4259, 36.88, 88.247
4260, 36.95, 88.264
4261, 37.1, 88.297
4262, 37.18, 88.314
4263, 37.35, 88.347
4264, 37.5, 88.38
4265, 37.59, 88.397
4266, 37.76, 88.43
4267, 37.92, 88.464
4268, 38.01, 88.48
4269, 38.18, 88.514
4270, 38.26, 88.53
4271, 38.45, 88.564
4272, 38.54, 88.58
4273, 38.71, 88.614
4274, 38.87, 88.647
4275, 38.95, 88.664
4276, 39.13, 88.697
4277, 39.21, 88.714
4278, 39.37, 88.747
4279, 39.45, 88.764
4280, 39.61, 88.797
4281, 39.68, 88.814
4282, 39.65, 88.847
4283, 39.74, 88.864
4284, 39.95, 88.897
4285, 39.99, 88.914
4286, 40.16, 88.947
4287, 40.2, 88.964
4288, 40.31, 88.997
4289, 40.38, 89.014
4290, 40.53, 89.047
4291, 40.6, 89.064
4292, 40.75, 89.097
4293, 40.83, 89.114
4294, 40.95, 89.147
4295, 41.03, 89.164
4296, 41.19, 89.197
4297, 41.27, 89.214
4298, 41.44, 89.247
4299, 41.52, 89.264
4300, 41.67, 89.297
4301, 41.75, 89.314
4302, 41.91, 89.347
4303, 42, 89.364
4304, 42.08, 89.38
4305, 42.23, 89.414
4306, 42.32, 89.43
4307, 42.48, 89.464
4308, 42.55, 89.48
4309, 42.63, 89.497
4310, 42.79, 89.53
4311, 42.86, 89.547
4312, 43.02, 89.58
4313, 43.1, 89.597
4314, 43.16, 89.614
4315, 43.31, 89.647
4316, 43.41, 89.664
4317, 43.56, 89.697
4318, 43.62, 89.714
4319, 43.69, 89.73
4320, 43.83, 89.764
4321, 43.93, 89.78
4322, 44.09, 89.814
4323, 44.13, 89.83
4324, 44.23, 89.847
4325, 44.35, 89.88
4326, 44.4, 89.897
4327, 44.49, 89.914
4328, 44.65, 89.947
4329, 44.75, 89.964
4330, 44.79, 89.98
4331, 44.93, 90.014
4332, 45.04, 90.03
4333, 45.08, 90.047
4334, 45.24, 90.08
4335, 45.31, 90.097
4336, 45.4, 90.114
4337, 45.57, 90.147
4338, 45.61, 90.164
4339, 45.72, 90.18
4340, 45.84, 90.214
4341, 45.92, 90.23
4342, 45.98, 90.247
4343, 46.11, 90.28
4344, 46.21, 90.297
4345, 46.27, 90.314
4346, 46.35, 90.33
4347, 46.49, 90.364
4348, 46.59, 90.38
4349, 46.65, 90.397
4350, 46.79, 90.43
4351, 46.86, 90.447
4352, 46.95, 90.464
4353, 47, 90.48
4354, 47.15, 90.514
4355, 47.23, 90.53
4356, 47.31, 90.547
4357, 47.45, 90.58
4358, 47.51, 90.597
4359, 47.59, 90.614
4360, 47.66, 90.63
4361, 47.79, 90.664
4362, 47.86, 90.68
4363, 47.93, 90.697
4364, 47.99, 90.714
4365, 48.13, 90.747
4366, 48.2, 90.764
4367, 48.27, 90.78
4368, 48.33, 90.797
4369, 48.47, 90.83
4370, 48.54, 90.847
4371, 48.6, 90.864
4372, 48.66, 90.88
4373, 48.73, 90.897
4374, 48.86, 90.93
4375, 48.92, 90.947
4376, 48.99, 90.964
4377, 49.05, 90.98
4378, 49.18, 91.014
4379, 49.24, 91.03
4380, 49.31, 91.047
4381, 49.37, 91.064
4382, 49.43, 91.08
4383, 49.56, 91.114
4384, 49.62, 91.13
4385, 49.68, 91.147
4386, 49.74, 91.164
4387, 49.84, 91.197
4388, 49.89, 91.214
4389, 49.94, 91.23
4390, 49.98, 91.247
4391, 50.01, 91.264
4392, 50.02, 91.297
4393, 49.99, 91.314
4394, 50.11, 91.33
4395, 50.23, 91.347
4396, 50.24, 91.364
4397, 50.34, 91.397
4398, 50.42, 91.414
4399, 50.47, 91.43
4400, 50.51, 91.447
4401, 50.57, 91.464
4402, 50.64, 91.48
4403, 50.74, 91.514
4404, 50.79, 91.53
4405, 50.85, 91.547
4406, 50.9, 91.564
4407, 50.96, 91.58
4408, 51.07, 91.614
4409, 51.13, 91.63
4410, 51.18, 91.647
4411, 51.24, 91.664
4412, 51.29, 91.68
4413, 51.34, 91.697
4414, 51.46, 91.73
4415, 51.51, 91.747
4416, 51.56, 91.764
4417, 51.62, 91.78
4418, 51.67, 91.797
4419, 51.73, 91.814
4420, 51.83, 91.847
4421, 51.88, 91.864
4422, 51.94, 91.88
4423, 51.99, 91.897
4424, 52.04, 91.914
4425, 52.09, 91.93
4426, 52.15, 91.947
4427, 52.26, 91.98
4428, 52.31, 91.997
4429, 52.36, 92.014
4430, 52.41, 92.03
4431, 52.46, 92.047
4432, 52.51, 92.064
4433, 52.62, 92.097
4434, 52.68, 92.114
4435, 52.73, 92.13
4436, 52.78, 92.147
4437, 52.83, 92.164
4438, 52.89, 92.18
4439, 52.94, 92.197
4440, 52.99, 92.214
4441, 53.09, 92.247
4442, 53.14, 92.264
4443, 53.2, 92.28
4444, 53.25, 92.297
4445, 53.3, 92.314
4446, 53.35, 92.33
4447, 53.4, 92.347
4448, 53.45, 92.364
4449, 53.55, 92.397
4450, 53.6, 92.414
4451, 53.65, 92.43
4452, 53.7, 92.447
4453, 53.75, 92.464
4454, 53.8, 92.48
4455, 53.85, 92.497
4456, 53.9, 92.514
4457, 54, 92.547
4458, 54.05, 92.564
4459, 54.1, 92.58
4460, 54.15, 92.597
4461, 54.2, 92.614
4462, 54.25, 92.63
4463, 54.3, 92.647
4464, 54.35, 92.664
4465, 54.4, 92.68
4466, 54.5, 92.714
4467, 54.54, 92.73
4468, 54.59, 92.747
4469, 54.64, 92.764
4470, 54.69, 92.78
4471, 54.74, 92.797
4472, 54.79, 92.814
4473, 54.84, 92.83
4474, 54.89, 92.847
4475, 54.94, 92.864
4476, 54.99, 92.88
4477, 55.08, 92.914
4478, 55.13, 92.93
4479, 55.18, 92.947
4480, 55.23, 92.964
4481, 55.28, 92.98
4482, 55.33, 92.997
4483, 55.38, 93.014
4484, 55.42, 93.03
4485, 55.47, 93.047
4486, 55.52, 93.064
4487, 55.57, 93.08
4488, 55.61, 93.097
4489, 55.71, 93.13
4490, 55.75, 93.147
4491, 55.8, 93.164
4492, 55.85, 93.18
4493, 55.89, 93.197
4494, 55.94, 93.214
4495, 55.99, 93.23
4496, 56.03, 93.247
4497, 56.08, 93.264
4498, 56.13, 93.28
4499, 56.17, 93.297
4500, 56.22, 93.314
4501, 56.26, 93.33
4502, 56.31, 93.347
4503, 56.4, 93.38
4504, 56.44, 93.397
4505, 56.49, 93.414
4506, 56.54, 93.43
4507, 56.58, 93.447
4508, 56.62, 93.464
4509, 56.67, 93.48
4510, 56.71, 93.497
4511, 56.76, 93.514
4512, 56.8, 93.53
4513, 56.85, 93.547
4514, 56.89, 93.564
4515, 56.94, 93.58
4516, 56.98, 93.597
4517, 57.02, 93.614
4518, 57.06, 93.63
4519, 57.11, 93.647
4520, 57.2, 93.68
4521, 57.24, 93.697
4522, 57.28, 93.714
4523, 57.33, 93.73
4524, 57.37, 93.747
4525, 57.41, 93.764
4526, 57.45, 93.78
4527, 57.5, 93.797
4528, 57.54, 93.814
4529, 57.58, 93.83
4530, 57.62, 93.847
4531, 57.67, 93.864
4532, 57.71, 93.88
4533, 57.75, 93.897
4534, 57.79, 93.914
4535, 57.83, 93.93
4536, 57.87, 93.947
4537, 57.91, 93.964
4538, 57.95, 93.98
4539, 57.99, 93.997
4540, 58.03, 94.014
4541, 58.07, 94.03
4542, 58.12, 94.047
4543, 58.16, 94.064
4544, 58.2, 94.08
4545, 58.28, 94.114
4546, 58.32, 94.13
4547, 58.35, 94.147
4548, 58.39, 94.164
4549, 58.43, 94.18
4550, 58.48, 94.197
4551, 58.52, 94.214
4552, 58.56, 94.23
4553, 58.6, 94.247
4554, 58.64, 94.264
4555, 58.67, 94.28
4556, 58.71, 94.297
4557, 58.75, 94.314
4558, 58.79, 94.33
4559, 58.83, 94.347
4560, 58.86, 94.364
4561, 58.9, 94.38
4562, 58.94, 94.397
4563, 58.97, 94.414
4564, 59.01, 94.43
4565, 59.05, 94.447
4566, 59.09, 94.464
4567, 59.12, 94.48
4568, 59.16, 94.497
4569, 59.2, 94.514
4570, 59.23, 94.53
4571, 59.27, 94.547
4572, 59.31, 94.564
4573, 59.35, 94.58
4574, 59.38, 94.597
4575, 59.42, 94.614
4576, 59.45, 94.63
4577, 59.49, 94.647
4578, 59.53, 94.664
4579, 59.56, 94.68
4580, 59.6, 94.697
4581, 59.64, 94.714
4582, 59.67, 94.73
4583, 59.7, 94.747
4584, 59.74, 94.764
4585, 59.78, 94.78
4586, 59.82, 94.797
4587, 59.85, 94.814
4588, 59.89, 94.83
4589, 59.92, 94.847
4590, 59.89, 94.864
4591, 59.85, 94.88
4592, 59.95, 94.897
4593, 60.01, 94.914
4594, 59.98, 94.93
4595, 60.02, 94.947
4596, 60.08, 94.964
4597, 60.1, 94.98
4598, 60.12, 94.997
4599, 60.16, 95.014
4600, 60.19, 95.03
4601, 60.22, 95.047
4602, 60.25, 95.064
4603, 60.29, 95.08
4604, 60.32, 95.097
4605, 60.35, 95.114
4606, 60.38, 95.13
4607, 60.41, 95.147
4608, 60.44, 95.164
4609, 60.47, 95.18
4610, 60.5, 95.197
4611, 60.53, 95.214
4612, 60.56, 95.23
4613, 60.59, 95.247
4614, 60.62, 95.264
4615, 60.65, 95.28
4616, 60.68, 95.297
4617, 60.71, 95.314
4618, 60.74, 95.33
4619, 60.77, 95.347
4620, 60.8, 95.364
4621, 60.83, 95.38
4622, 60.86, 95.397
4623, 60.89, 95.414
4624, 60.92, 95.43
4625, 60.95, 95.447
4626, 60.98, 95.464
4627, 61.01, 95.48
4628, 61.04, 95.497
4629, 61.07, 95.514
4630, 61.1, 95.53
4631, 61.13, 95.547
4632, 61.16, 95.564
4633, 61.19, 95.58
4634, 61.22, 95.597
4635, 61.24, 95.614
4636, 61.27, 95.63
4637, 61.3, 95.647
4638, 61.33, 95.664
4639, 61.36, 95.68
4640, 61.39, 95.697
4641, 61.42, 95.714
4642, 61.45, 95.73
4643, 61.48, 95.747
4644, 61.5, 95.764
4645, 61.53, 95.78
4646, 61.56, 95.797
4647, 61.56, 95.797
4648, 61.59, 95.814
4649, 61.62, 95.83
4650, 61.65, 95.847
4651, 61.68, 95.864
4652, 61.71, 95.88
4653, 61.74, 95.897
4654, 61.77, 95.914
4655, 61.79, 95.93
4656, 61.82, 95.947
4657, 61.85, 95.964
4658, 61.88, 95.98
4659, 61.91, 95.997
4660, 61.93, 96.014
4661, 61.96, 96.03
4662, 61.99, 96.047
4663, 62.02, 96.064
4664, 62.05, 96.08
4665, 62.07, 96.097
4666, 62.1, 96.114
4667, 62.13, 96.13
4668, 62.15, 96.147
4669, 62.18, 96.164
4670, 62.21, 96.18
4671, 62.24, 96.197
4672, 62.27, 96.214
4673, 62.3, 96.23
4674, 62.33, 96.247
4675, 62.35, 96.264
4676, 62.38, 96.28
4677, 62.41, 96.297
4678, 62.41, 96.297
4679, 62.43, 96.314
4680, 62.46, 96.33
4681, 62.49, 96.347
4682, 62.51, 96.364
4683, 62.54, 96.38
4684, 62.57, 96.397
4685, 62.6, 96.414
4686, 62.62, 96.43
4687, 62.65, 96.447
4688, 62.67, 96.464
4689, 62.7, 96.48
4690, 62.73, 96.497
4691, 62.76, 96.514
4692, 62.78, 96.53
4693, 62.81, 96.547
4694, 62.84, 96.564
4695, 62.86, 96.58
4696, 62.89, 96.597
4697, 62.91, 96.614
4698, 62.94, 96.63
4699, 62.97, 96.647
4700, 63, 96.664
4701, 63, 96.664
4702, 63.02, 96.68
4703, 63.05, 96.697
4704, 63.07, 96.714
4705, 63.1, 96.73
4706, 63.13, 96.747
4707, 63.15, 96.764
4708, 63.18, 96.78
4709, 63.2, 96.797
4710, 63.23, 96.814
4711, 63.25, 96.83
4712, 63.28, 96.847
4713, 63.31, 96.864
4714, 63.34, 96.88
4715, 63.36, 96.897
4716, 63.39, 96.914
4717, 63.41, 96.93
4718, 63.44, 96.947
4719, 63.46, 96.964
4720, 63.46, 96.964
4721, 63.49, 96.98
4722, 63.52, 96.997
4723, 63.54, 97.014
4724, 63.56, 97.03
4725, 63.59, 97.047
4726, 63.61, 97.064
4727, 63.64, 97.08
4728, 63.66, 97.097
4729, 63.69, 97.114
4730, 63.71, 97.13
4731, 63.74, 97.147
4732, 63.76, 97.164
4733, 63.79, 97.18
4734, 63.81, 97.197
4735, 63.84, 97.214
4736, 63.86, 97.23
4737, 63.89, 97.247
4738, 63.89, 97.247
4739, 63.92, 97.264
4740, 63.94, 97.28
4741, 63.97, 97.297
4742, 63.99, 97.314
4743, 64.02, 97.33
4744, 64.04, 97.347
4745, 64.07, 97.364
4746, 64.09, 97.38
4747, 64.11, 97.397
4748, 64.14, 97.414
4749, 64.16, 97.43
4750, 64.18, 97.447
4751, 64.21, 97.464
4752, 64.23, 97.48
4753, 64.23, 97.48
4754, 64.25, 97.497
4755, 64.28, 97.514
4756, 64.31, 97.53
4757, 64.33, 97.547
4758, 64.35, 97.564
4759, 64.38, 97.58
4760, 64.4, 97.597
4761, 64.43, 97.614
4762, 64.45, 97.63
4763, 64.48, 97.647
4764, 64.5, 97.664
4765, 64.52, 97.68
4766, 64.54, 97.697
4767, 64.57, 97.714
4768, 64.57, 97.714
4769, 64.59, 97.73
4770, 64.62, 97.747
4771, 64.64, 97.764
4772, 64.66, 97.78
4773, 64.69, 97.797
4774, 64.71, 97.814
4775, 64.73, 97.83
4776, 64.76, 97.847
4777, 64.78, 97.864
4778, 64.81, 97.88
4779, 64.83, 97.897
4780, 64.85, 97.914
4781, 64.87, 97.93
4782, 64.87, 97.93
4783, 64.89, 97.947
4784, 64.92, 97.964
4785, 64.94, 97.98
4786, 64.97, 97.997
4787, 64.99, 98.014
4788, 65.02, 98.03
4789, 65.04, 98.047
4790, 65.06, 98.064
4791, 65.08, 98.08
4792, 65.1, 98.097
4793, 65.13, 98.114
4794, 65.15, 98.13
4795, 65.15, 98.13
4796, 65.18, 98.147
4797, 65.2, 98.164
4798, 65.22, 98.18
4799, 65.24, 98.197
4800, 65.26, 98.214
4801, 65.28, 98.23
4802, 65.31, 98.247
4803, 65.33, 98.264
4804, 65.35, 98.28
4805, 65.38, 98.297
4806, 65.4, 98.314
4807, 65.4, 98.314
4808, 65.42, 98.33
4809, 65.44, 98.347
4810, 65.46, 98.364
4811, 65.48, 98.38
4812, 65.5, 98.397
4813, 65.53, 98.414
4814, 65.55, 98.43
4815, 65.57, 98.447
4816, 65.59, 98.464
4817, 65.61, 98.48
4818, 65.63, 98.497
4819, 65.63, 98.497
4820, 65.66, 98.514
4821, 65.68, 98.53
4822, 65.7, 98.547
4823, 65.72, 98.564
4824, 65.75, 98.58
4825, 65.77, 98.597
4826, 65.79, 98.614
4827, 65.81, 98.63
4828, 65.83, 98.647
4829, 65.86, 98.664
4830, 65.86, 98.664
4831, 65.88, 98.68
4832, 65.9, 98.697
4833, 65.92, 98.714
4834, 65.94, 98.73
4835, 65.96, 98.747
4836, 65.98, 98.764
4837, 66, 98.78
4838, 66.02, 98.797
4839, 66.04, 98.814
4840, 66.06, 98.83
4841, 66.06, 98.83
4842, 66.08, 98.847
4843, 66.1, 98.864
4844, 66.12, 98.88
4845, 66.15, 98.897
4846, 66.17, 98.914
4847, 66.19, 98.93
4848, 66.21, 98.947
4849, 66.23, 98.964
4850, 66.25, 98.98
4851, 66.27, 98.997
4852, 66.27, 98.997
4853, 66.29, 99.014
4854, 66.31, 99.03
4855, 66.33, 99.047
4856, 66.35, 99.064
4857, 66.37, 99.08
4858, 66.39, 99.097
4859, 66.41, 99.114
4860, 66.44, 99.13
4861, 66.45, 99.147
4862, 66.45, 99.147
4863, 66.47, 99.164
4864, 66.49, 99.18
4865, 66.51, 99.197
4866, 66.53, 99.214
4867, 66.54, 99.23
4868, 66.56, 99.247
4869, 66.58, 99.264
4870, 66.6, 99.28
4871, 66.62, 99.297
4872, 66.64, 99.314
4873, 66.64, 99.314
4874, 66.66, 99.33
4875, 66.68, 99.347
4876, 66.7, 99.364
4877, 66.72, 99.38
4878, 66.74, 99.397
4879, 66.76, 99.414
4880, 66.78, 99.43
4881, 66.79, 99.447
4882, 66.79, 99.447
4883, 66.81, 99.464
4884, 66.83, 99.48
4885, 66.85, 99.497
4886, 66.88, 99.514
4887, 66.9, 99.53
4888, 66.91, 99.547
4889, 66.93, 99.564
4890, 66.95, 99.58
4891, 66.97, 99.597
4892, 66.97, 99.597
4893, 66.98, 99.614
4894, 67, 99.63
4895, 67.02, 99.647
4896, 67.04, 99.664
4897, 67.06, 99.68
4898, 67.08, 99.697
4899, 67.1, 99.714
4900, 67.12, 99.73
4901, 67.14, 99.747
4902, 67.14, 99.747
4903, 67.15, 99.764
4904, 67.17, 99.78
4905, 67.19, 99.797
4906, 67.2, 99.814
4907, 67.22, 99.83
4908, 67.24, 99.847
4909, 67.26, 99.864
4910, 67.28, 99.88
4911, 67.28, 99.88
4912, 67.3, 99.897
4913, 67.31, 99.914
4914, 67.33, 99.93
4915, 67.34, 99.947
4916, 67.36, 99.964
4917, 67.38, 99.98
4918, 67.4, 99.997
4919, 67.42, 100.014
4920, 67.42, 100.014
4921, 67.43, 100.03
4922, 67.45, 100.047
4923, 67.47, 100.064
4924, 67.48, 100.08
4925, 67.5, 100.097
4926, 67.52, 100.114
4927, 67.54, 100.13
4928, 67.56, 100.147
4929, 67.56, 100.147
4930, 67.58, 100.164
4931, 67.59, 100.18
4932, 67.61, 100.197
4933, 67.62, 100.214
4934, 67.64, 100.23
4935, 67.65, 100.247
4936, 67.67, 100.264
4937, 67.68, 100.28
4938, 67.68, 100.28
4939, 67.7, 100.297
4940, 67.71, 100.314
4941, 67.73, 100.33
4942, 67.75, 100.347
4943, 67.77, 100.364
4944, 67.79, 100.38
4945, 67.8, 100.397
4946, 67.82, 100.414
4947, 67.82, 100.414
4948, 67.84, 100.43
4949, 67.85, 100.447
4950, 67.87, 100.464
4951, 67.88, 100.48
4952, 67.9, 100.497
4953, 67.91, 100.514
4954, 67.93, 100.53
4955, 67.93, 100.53
4956, 67.95, 100.547
4957, 67.97, 100.564
4958, 67.98, 100.58
4959, 67.99, 100.597
4960, 68.01, 100.614
4961, 68.02, 100.63
4962, 68.04, 100.647
4963, 68.05, 100.664
4964, 68.05, 100.664
4965, 68.07, 100.68
4966, 68.09, 100.697
4967, 68.1, 100.714
4968, 68.12, 100.73
4969, 68.13, 100.747
4970, 68.15, 100.764
4971, 68.17, 100.78
4972, 68.17, 100.78
4973, 68.19, 100.797
4974, 68.2, 100.814
4975, 68.22, 100.83
4976, 68.23, 100.847
4977, 68.25, 100.864
4978, 68.26, 100.88
4979, 68.27, 100.897
4980, 68.28, 100.914
4981, 68.28, 100.914
4982, 68.29, 100.93
4983, 68.31, 100.947
4984, 68.33, 100.964
4985, 68.34, 100.98
4986, 68.36, 100.997
4987, 68.38, 101.014
4988, 68.39, 101.03
4989, 68.39, 101.03
4990, 68.4, 101.047
4991, 68.42, 101.064
4992, 68.43, 101.08
4993, 68.44, 101.097
4994, 68.46, 101.114
4995, 68.48, 101.13
4996, 68.49, 101.147
4997, 68.49, 101.147
4998, 68.5, 101.164
4999, 68.52, 101.18
5000, 68.53, 101.197
5001, 68.54, 101.214
5002, 68.56, 101.23
5003, 68.57, 101.247
5004, 68.58, 101.264
5005, 68.58, 101.264
5006, 68.6, 101.28
5007, 68.61, 101.297
5008, 68.63, 101.314
5009, 68.64, 101.33
5010, 68.65, 101.347
5011, 68.67, 101.364
5012, 68.68, 101.38
5013, 68.68, 101.38
5014, 68.69, 101.397
5015, 68.71, 101.414
5016, 68.73, 101.43
5017, 68.74, 101.447
5018, 68.75, 101.464
5019, 68.76, 101.48
5020, 68.78, 101.497
5021, 68.78, 101.497
5022, 68.79, 101.514
5023, 68.8, 101.53
5024, 68.82, 101.547
5025, 68.83, 101.564
5026, 68.84, 101.58
5027, 68.85, 101.597
5028, 68.85, 101.597
5029, 68.87, 101.614
5030, 68.88, 101.63
5031, 68.9, 101.647
5032, 68.91, 101.664
5033, 68.92, 101.68
5034, 68.93, 101.697
5035, 68.95, 101.714
5036, 68.95, 101.714
5037, 68.96, 101.73
5038, 68.97, 101.747
5039, 68.99, 101.764
5040, 69, 101.78
5041, 69.01, 101.797
5042, 69.02, 101.814
5043, 69.04, 101.83
5044, 69.04, 101.83
5045, 69.05, 101.847
5046, 69.06, 101.864
5047, 69.08, 101.88
5048, 69.09, 101.897
5049, 69.1, 101.914
5050, 69.11, 101.93
5051, 69.11, 101.93
5052, 69.12, 101.947
5053, 69.14, 101.964
5054, 69.15, 101.98
5055, 69.17, 101.997
5056, 69.18, 102.014
5057, 69.18, 102.03
5058, 69.19, 102.047
5059, 69.19, 102.047
5060, 69.2, 102.064
5061, 69.21, 102.08
5062, 69.22, 102.097
5063, 69.24, 102.114
5064, 69.25, 102.13
5065, 69.26, 102.147
5066, 69.26, 102.147
5067, 69.27, 102.164
5068, 69.29, 102.18
5069, 69.31, 102.197
5070, 69.32, 102.214
5071, 69.33, 102.23
5072, 69.34, 102.247
5073, 69.35, 102.264
5074, 69.35, 102.264
5075, 69.36, 102.28
5076, 69.38, 102.297
5077, 69.39, 102.314
5078, 69.39, 102.33
5079, 69.4, 102.347
5080, 69.41, 102.364
5081, 69.41, 102.364
5082, 69.42, 102.38
5083, 69.43, 102.397
5084, 69.45, 102.414
5085, 69.46, 102.43
5086, 69.47, 102.447
5087, 69.48, 102.464
5088, 69.49, 102.48
5089, 69.49, 102.48
5090, 69.5, 102.497
5091, 69.51, 102.514
5092, 69.53, 102.53
5093, 69.54, 102.547
5094, 69.55, 102.564
5095, 69.56, 102.58
5096, 69.56, 102.58
5097, 69.57, 102.597
5098, 69.59, 102.614
5099, 69.6, 102.63
5100, 69.61, 102.647
5101, 69.62, 102.664
5102, 69.63, 102.68
5103, 69.63, 102.68
5104, 69.64, 102.697
5105, 69.65, 102.714
5106, 69.66, 102.73
5107, 69.67, 102.747
5108, 69.68, 102.764
5109, 69.69, 102.78
5110, 69.69, 102.78
5111, 69.7, 102.797
5112, 69.71, 102.814
5113, 69.72, 102.83
5114, 69.73, 102.847
5115, 69.74, 102.864
5116, 69.74, 102.88
5117, 69.75, 102.897
5118, 69.75, 102.897
5119, 69.77, 102.914
5120, 69.78, 102.93
5121, 69.79, 102.947
5122, 69.8, 102.964
5123, 69.81, 102.98
5124, 69.82, 102.997
5125, 69.82, 102.997
5126, 69.84, 103.014
5127, 69.84, 103.03
5128, 69.85, 103.047
5129, 69.86, 103.064
5130, 69.87, 103.08
5131, 69.88, 103.097
5132, 69.88, 103.097
5133, 69.89, 103.114
5134, 69.9, 103.13
5135, 69.91, 103.147
5136, 69.92, 103.164
5137, 69.93, 103.18
5138, 69.94, 103.197
5139, 69.94, 103.197
5140, 69.95, 103.214
5141, 69.96, 103.23
5142, 69.96, 103.247
5143, 69.97, 103.264
5144, 69.98, 103.28
5145, 69.98, 103.297
5146, 69.99, 103.314
5147, 69.99, 103.314
5148, 70, 103.33
5149, 70, 103.347
5150, 70.01, 103.364
5151, 70.02, 103.38
5152, 70.03, 103.397
5153, 70.03, 103.414
5154, 70.03, 103.414
5155, 70.04, 103.43
5156, 70.05, 103.447
5157, 70.05, 103.464
5158, 70.04, 103.48
5159, 70.02, 103.497
5160, 69.98, 103.514
5161, 69.98, 103.514
5162, 69.92, 103.53
5163, 69.85, 103.547
5164, 69.74, 103.564
5165, 69.61, 103.58
5166, 69.46, 103.597
5167, 69.31, 103.614
5168, 69.15, 103.63
5169, 69.15, 103.63
5170, 68.95, 103.647
5171, 68.73, 103.664
5172, 68.54, 103.68
5173, 68.35, 103.697
5174, 68.12, 103.714
5175, 67.9, 103.73
5176, 67.69, 103.747
5177, 67.69, 103.747
5178, 67.47, 103.764
5179, 67.24, 103.78
5180, 67.02, 103.797
5181, 66.79, 103.814
5182, 66.56, 103.83
5183, 66.34, 103.847
5184, 66.11, 103.864
5185, 65.89, 103.88
5186, 65.67, 103.897
5187, 65.45, 103.914
5188, 65.23, 103.93
5189, 65.23, 103.93
5190, 65.02, 103.947
5191, 64.79, 103.964
5192, 64.57, 103.98
5193, 64.35, 103.997
5194, 64.13, 104.014
5195, 63.92, 104.03
5196, 63.72, 104.047
5197, 63.52, 104.064
5198, 63.32, 104.08
5199, 63.1, 104.097
5200, 62.89, 104.114
5201, 62.68, 104.13
5202, 62.47, 104.147
5203, 62.27, 104.164
5204, 62.06, 104.18
5205, 61.87, 104.197
5206, 61.66, 104.214
5207, 61.45, 104.23
5208, 61.24, 104.247
5209, 61.04, 104.264
5210, 60.82, 104.28
5211, 60.6, 104.297
5212, 60.39, 104.314
5213, 60.2, 104.33
5214, 60, 104.347
5215, 59.8, 104.364
5216, 59.61, 104.38
5217, 59.41, 104.397
5218, 59.19, 104.414
5219, 58.98, 104.43
5220, 58.79, 104.447
5221, 58.57, 104.464
5222, 58.35, 104.48
5223, 58.16, 104.497
5224, 57.96, 104.514
5225, 57.75, 104.53
5226, 57.54, 104.547
5227, 57.35, 104.564
5228, 57.19, 104.58
5229, 57.02, 104.597
5230, 56.81, 104.614
5231, 56.45, 104.647
5232, 56.19, 104.664
5233, 56.01, 104.68
5234, 55.77, 104.697
5235, 55.52, 104.714
5236, 55.36, 104.73
5237, 55.19, 104.747
5238, 55.01, 104.764
5239, 54.84, 104.78
5240, 54.66, 104.797
5241, 54.23, 104.83
5242, 54.06, 104.847
5243, 53.93, 104.864
5244, 53.78, 104.88
5245, 53.62, 104.897
5246, 53.46, 104.914
5247, 53.26, 104.93
5248, 52.82, 104.964
5249, 52.55, 104.98
5250, 52.37, 104.997
5251, 52.24, 105.014
5252, 52.09, 105.03
5253, 51.93, 105.047
5254, 51.62, 105.08
5255, 51.42, 105.097
5256, 51.25, 105.114
5257, 51.11, 105.13
5258, 50.95, 105.147
5259, 50.5, 105.18
5260, 50.36, 105.197
5261, 50.22, 105.214
5262, 50.1, 105.23
5263, 49.98, 105.247
5264, 49.63, 105.28
5265, 49.43, 105.297
5266, 49.26, 105.314
5267, 49.1, 105.33
5268, 48.82, 105.364
5269, 48.66, 105.38
5270, 48.52, 105.397
5271, 48.26, 105.43
5272, 48.16, 105.447
5273, 48.06, 105.464
5274, 47.93, 105.48
5275, 47.59, 105.514
5276, 47.41, 105.53
5277, 47.23, 105.547
5278, 46.89, 105.58
5279, 46.75, 105.597
5280, 46.62, 105.614
5281, 46.4, 105.647
5282, 46.29, 105.664
5283, 46.17, 105.68
5284, 45.89, 105.714
5285, 45.77, 105.73
5286, 45.65, 105.747
5287, 45.42, 105.78
5288, 45.32, 105.797
5289, 45.2, 105.814
5290, 44.96, 105.847
5291, 44.83, 105.864
5292, 44.61, 105.897
5293, 44.53, 105.914
5294, 44.45, 105.93
5295, 44.32, 105.964
5296, 44.26, 105.98
5297, 44.16, 106.014
5298, 44.11, 106.03
5299, 44.03, 106.047
5300, 43.89, 106.08
5301, 43.82, 106.097
5302, 43.68, 106.13
5303, 43.62, 106.147
5304, 43.57, 106.164
5305, 43.46, 106.197
5306, 43.42, 106.214
5307, 43.31, 106.247
5308, 43.25, 106.264
5309, 43.13, 106.297
5310, 43.07, 106.314
5311, 43.01, 106.33
5312, 42.9, 106.364
5313, 42.84, 106.38
5314, 42.74, 106.414
5315, 42.69, 106.43
5316, 42.57, 106.464
5317, 42.52, 106.48
5318, 42.4, 106.514
5319, 42.34, 106.53
5320, 42.24, 106.564
5321, 42.19, 106.58
5322, 42.08, 106.614
5323, 42.02, 106.63
5324, 41.91, 106.664
5325, 41.87, 106.68
5326, 41.82, 106.697
5327, 41.71, 106.73
5328, 41.65, 106.747
5329, 41.53, 106.78
5330, 41.48, 106.797
5331, 41.36, 106.83
5332, 41.31, 106.847
5333, 41.21, 106.88
5334, 41.16, 106.897
5335, 41.08, 106.93
5336, 41.02, 106.947
5337, 40.92, 106.98
5338, 40.88, 106.997
5339, 40.78, 107.03
5340, 40.74, 107.047
5341, 40.67, 107.08
5342, 40.68, 107.097
5343, 40.7, 107.13
5344, 40.68, 107.147
5345, 40.69, 107.18
5346, 40.7, 107.197
5347, 40.73, 107.23
5348, 40.78, 107.247
5349, 40.81, 107.28
5350, 40.75, 107.297
5351, 40.67, 107.33
5352, 40.63, 107.347
5353, 40.52, 107.38
5354, 40.45, 107.397
5355, 40.38, 107.43
5356, 40.33, 107.447
5357, 40.21, 107.48
5358, 40.16, 107.497
5359, 40.05, 107.53
5360, 40, 107.547
5361, 39.9, 107.564
5362, 39.84, 107.58
5363, 39.7, 107.614
5364, 39.63, 107.63
5365, 39.5, 107.664
5366, 39.44, 107.68
5367, 39.31, 107.714
5368, 39.26, 107.73
5369, 39.21, 107.764
5370, 39.17, 107.797
5371, 39.15, 107.814
5372, 39.06, 107.847
5373, 39.01, 107.864
5374, 38.89, 107.897
5375, 38.89, 107.914
5376, 38.93, 107.947
5377, 38.9, 107.964
5378, 38.89, 107.997
5379, 38.89, 108.014
5380, 39.01, 108.047
5381, 39.12, 108.064
5382, 39.18, 108.097
5383, 39.2, 108.114
5384, 39.28, 108.147
5385, 39.32, 108.164
5386, 39.41, 108.197
5387, 39.46, 108.214
5388, 39.58, 108.247
5389, 39.63, 108.264
5390, 39.77, 108.297
5391, 39.85, 108.314
5392, 39.94, 108.347
5393, 39.97, 108.364
5394, 40.07, 108.397
5395, 40.12, 108.414
5396, 40.18, 108.447
5397, 40.22, 108.464
5398, 40.31, 108.497
5399, 40.34, 108.514
5400, 40.42, 108.53
5401, 40.46, 108.547
5402, 40.48, 108.58
5403, 40.51, 108.597
5404, 40.55, 108.63
5405, 40.64, 108.647
5406, 40.85, 108.68
5407, 40.91, 108.697
5408, 40.95, 108.73
5409, 40.98, 108.747
5410, 41.11, 108.78
5411, 41.19, 108.797
5412, 41.26, 108.814
5413, 41.38, 108.847
5414, 41.43, 108.864
5415, 41.49, 108.897
5416, 41.58, 108.914
5417, 41.77, 108.947
5418, 41.79, 108.964
5419, 41.85, 108.997
5420, 41.9, 109.014
5421, 41.96, 109.03
5422, 42.09, 109.064
5423, 42.14, 109.08
5424, 42.22, 109.114
5425, 42.29, 109.13
5426, 42.39, 109.164
5427, 42.42, 109.18
5428, 42.45, 109.197
5429, 42.52, 109.23
5430, 42.58, 109.247
5431, 42.74, 109.28
5432, 42.77, 109.297
5433, 42.84, 109.33
5434, 42.89, 109.347
5435, 42.92, 109.364
5436, 42.95, 109.397
5437, 43.02, 109.414
5438, 43.23, 109.447
5439, 43.32, 109.464
5440, 43.39, 109.48
5441, 43.51, 109.514
5442, 43.56, 109.514
5443, 43.6, 109.53
5444, 43.69, 109.564
5445, 43.77, 109.58
5446, 43.91, 109.614
5447, 43.97, 109.63
5448, 44.04, 109.647
5449, 44.13, 109.68
5450, 44.18, 109.697
5451, 44.26, 109.714
5452, 44.35, 109.747
5453, 44.36, 109.764
5454, 44.55, 109.797
5455, 44.65, 109.814
5456, 44.75, 109.83
5457, 44.78, 109.864
5458, 44.84, 109.88
5459, 44.9, 109.897
5460, 45.02, 109.93
5461, 45.07, 109.947
5462, 45.14, 109.964
5463, 45.27, 109.997
5464, 45.31, 110.014
5465, 45.33, 110.03
5466, 45.41, 110.064
5467, 45.47, 110.08
5468, 45.5, 110.097
5469, 45.52, 110.13
5470, 45.61, 110.147
5471, 45.71, 110.164
5472, 45.85, 110.197
5473, 45.84, 110.214
5474, 45.87, 110.23
5475, 45.97, 110.264
5476, 45.99, 110.28
5477, 46.03, 110.297
5478, 46.23, 110.33
5479, 46.31, 110.347
5480, 46.36, 110.364
5481, 46.39, 110.38
5482, 46.49, 110.414
5483, 46.55, 110.43
5484, 46.6, 110.447
5485, 46.72, 110.48
5486, 46.79, 110.497
5487, 46.86, 110.497
5488, 46.96, 110.53
5489, 47.02, 110.547
5490, 47.08, 110.564
5491, 47.14, 110.58
5492, 47.24, 110.614
5493, 47.29, 110.63
5494, 47.35, 110.647
5495, 47.5, 110.68
5496, 47.57, 110.697
5497, 47.64, 110.714
5498, 47.7, 110.73
5499, 47.75, 110.764
5500, 47.71, 110.78
5501, 47.83, 110.797
5502, 47.93, 110.814
5503, 48.01, 110.847
5504, 48.07, 110.864
5505, 48.13, 110.88
5506, 48.24, 110.914
5507, 48.3, 110.93
5508, 48.35, 110.947
5509, 48.4, 110.964
5510, 48.52, 110.997
5511, 48.58, 111.014
5512, 48.63, 111.03
5513, 48.68, 111.047
5514, 48.79, 111.08
5515, 48.85, 111.097
5516, 48.9, 111.114
5517, 48.95, 111.13
5518, 49.06, 111.164
5519, 49.12, 111.18
5520, 49.18, 111.197
5521, 49.23, 111.214
5522, 49.29, 111.23
5523, 49.39, 111.264
5524, 49.45, 111.28
5525, 49.51, 111.297
5526, 49.57, 111.314
5527, 49.68, 111.347
5528, 49.74, 111.364
5529, 49.79, 111.38
5530, 49.85, 111.397
5531, 49.9, 111.414
5532, 50.02, 111.447
5533, 50.08, 111.464
5534, 50.13, 111.48
5535, 50.18, 111.48
5536, 50.23, 111.497
5537, 50.34, 111.53
5538, 50.4, 111.547
5539, 50.46, 111.564
5540, 50.52, 111.58
5541, 50.58, 111.597
5542, 50.69, 111.63
5543, 50.74, 111.647
5544, 50.79, 111.664
5545, 50.85, 111.68
5546, 50.9, 111.697
5547, 51, 111.73
5548, 51.05, 111.747
5549, 51.11, 111.764
5550, 51.15, 111.78
5551, 51.18, 111.797
5552, 51.24, 111.814
5553, 51.41, 111.847
5554, 51.45, 111.864
5555, 51.47, 111.88
5556, 51.52, 111.897
5557, 51.57, 111.914
5558, 51.67, 111.947
5559, 51.73, 111.964
5560, 51.78, 111.98
5561, 51.84, 111.997
5562, 51.91, 112.014
5563, 51.97, 112.03
5564, 52.04, 112.064
5565, 52.09, 112.08
5566, 52.15, 112.097
5567, 52.2, 112.114
5568, 52.25, 112.13
5569, 52.31, 112.147
5570, 52.37, 112.164
5571, 52.48, 112.197
5572, 52.54, 112.214
5573, 52.59, 112.23
5574, 52.63, 112.247
5575, 52.67, 112.264
5576, 52.71, 112.28
5577, 52.76, 112.297
5578, 52.87, 112.33
5579, 52.93, 112.347
5580, 53, 112.364
5581, 53.05, 112.38
5582, 53.1, 112.397
5583, 53.15, 112.414
5584, 53.2, 112.43
5585, 53.29, 112.464
5586, 53.33, 112.497
5587, 53.37, 112.514
5588, 53.43, 112.53
5589, 53.49, 112.547
5590, 53.55, 112.564
5591, 53.59, 112.58
5592, 53.65, 112.597
5593, 53.77, 112.63
5594, 53.8, 112.647
5595, 53.84, 112.664
5596, 53.9, 112.68
5597, 53.95, 112.697
5598, 54, 112.714
5599, 54.05, 112.73
5600, 54.11, 112.747
5601, 54.16, 112.764
5602, 54.25, 112.797
5603, 54.3, 112.814
5604, 54.35, 112.83
5605, 54.39, 112.847
5606, 54.45, 112.864
5607, 54.5, 112.88
5608, 54.55, 112.897
5609, 54.6, 112.914
5610, 54.64, 112.93
5611, 54.73, 112.964
5612, 54.79, 112.98
5613, 54.84, 112.997
5614, 54.9, 113.014
5615, 54.94, 113.03
5616, 54.97, 113.047
5617, 55.02, 113.064
5618, 55.06, 113.08
5619, 55.12, 113.097
5620, 55.18, 113.114
5621, 55.25, 113.13
5622, 55.33, 113.164
5623, 55.38, 113.18
5624, 55.43, 113.197
5625, 55.47, 113.214
5626, 55.52, 113.23
5627, 55.57, 113.247
5628, 55.62, 113.264
5629, 55.67, 113.28
5630, 55.72, 113.297
5631, 55.77, 113.314
5632, 55.82, 113.33
5633, 55.86, 113.347
5634, 55.9, 113.364
5635, 55.99, 113.397
5636, 56.03, 113.414
5637, 56.08, 113.43
5638, 56.13, 113.447
5639, 56.17, 113.464
5640, 56.21, 113.48
5641, 56.26, 113.514
5642, 56.32, 113.53
5643, 56.37, 113.547
5644, 56.42, 113.564
5645, 56.47, 113.58
5646, 56.52, 113.597
5647, 56.56, 113.614
5648, 56.6, 113.63
5649, 56.69, 113.664
5650, 56.73, 113.68
5651, 56.78, 113.697
5652, 56.82, 113.714
5653, 56.87, 113.73
5654, 56.9, 113.747
5655, 56.94, 113.764
5656, 56.97, 113.78
5657, 56.98, 113.797
5658, 57.02, 113.814
5659, 57.11, 113.83
5660, 57.19, 113.847
5661, 57.24, 113.864
5662, 57.25, 113.88
5663, 57.3, 113.897
5664, 57.36, 113.914
5665, 57.4, 113.93
5666, 57.44, 113.947
5667, 57.48, 113.964
5668, 57.52, 113.98
5669, 57.6, 114.014
5670, 57.64, 114.03
5671, 57.68, 114.047
5672, 57.72, 114.064
5673, 57.76, 114.08
5674, 57.81, 114.097
5675, 57.85, 114.114
5676, 57.88, 114.13
5677, 57.92, 114.147
5678, 57.97, 114.164
5679, 58.02, 114.18
5680, 58.07, 114.197
5681, 58.12, 114.214
5682, 58.17, 114.23
5683, 58.2, 114.247
5684, 58.22, 114.264
5685, 58.26, 114.28
5686, 58.29, 114.297
5687, 58.32, 114.314
5688, 58.35, 114.33
5689, 58.4, 114.347
5690, 58.47, 114.364
5691, 58.52, 114.38
5692, 58.55, 114.397
5693, 58.58, 114.414
5694, 58.62, 114.43
5695, 58.67, 114.447
5696, 58.71, 114.464
5697, 58.75, 114.48
5698, 58.79, 114.497
5699, 58.81, 114.53
5700, 58.85, 114.547
5701, 58.9, 114.58
5702, 58.93, 114.597
5703, 58.96, 114.614
5704, 59.02, 114.63
5705, 59.09, 114.647
5706, 59.14, 114.664
5707, 59.17, 114.68
5708, 59.19, 114.697
5709, 59.22, 114.714
5710, 59.26, 114.73
5711, 59.29, 114.747
5712, 59.33, 114.764
5713, 59.38, 114.78
5714, 59.43, 114.797
5715, 59.46, 114.814
5716, 59.41, 114.83
5717, 59.37, 114.847
5718, 59.46, 114.864
5719, 59.52, 114.88
5720, 59.52, 114.897
5721, 59.58, 114.914
5722, 59.62, 114.93
5723, 59.64, 114.947
5724, 59.67, 114.964
5725, 59.71, 114.98
5726, 59.74, 114.997
5727, 59.77, 115.014
5728, 59.8, 115.03
5729, 59.83, 115.047
5730, 59.86, 115.064
5731, 59.89, 115.08
5732, 59.93, 115.097
5733, 59.96, 115.114
5734, 59.99, 115.13
5735, 60.03, 115.147
5736, 60.07, 115.164
5737, 60.09, 115.18
5738, 60.12, 115.197
5739, 60.16, 115.214
5740, 60.2, 115.23
5741, 60.23, 115.247
5742, 60.26, 115.264
5743, 60.28, 115.28
5744, 60.31, 115.297
5745, 60.33, 115.314
5746, 60.36, 115.33
5747, 60.41, 115.347
5748, 60.45, 115.364
5749, 60.48, 115.38
5750, 60.5, 115.397
5751, 60.53, 115.414
5752, 60.58, 115.43
5753, 60.61, 115.447
5754, 60.63, 115.464
5755, 60.66, 115.48
5756, 60.68, 115.497
5757, 60.71, 115.514
5758, 60.74, 115.547
5759, 60.77, 115.564
5760, 60.8, 115.58
5761, 60.83, 115.597
5762, 60.86, 115.614
5763, 60.9, 115.63
5764, 60.94, 115.647
5765, 60.98, 115.664
5766, 61.01, 115.68
5767, 61.03, 115.697
5768, 61.03, 115.697
5769, 61.05, 115.714
5770, 61.08, 115.73
5771, 61.11, 115.747
5772, 61.14, 115.764
5773, 61.17, 115.78
5774, 61.2, 115.797
5775, 61.23, 115.814
5776, 61.25, 115.83
5777, 61.28, 115.847
5778, 61.3, 115.864
5779, 61.33, 115.88
5780, 61.37, 115.897
5781, 61.42, 115.914
5782, 61.46, 115.93
5783, 61.48, 115.947
5784, 61.5, 115.964
5785, 61.52, 115.98
5786, 61.55, 115.997
5787, 61.57, 116.014
5788, 61.59, 116.03
5789, 61.63, 116.047
5790, 61.68, 116.064
5791, 61.71, 116.08
5792, 61.73, 116.097
5793, 61.76, 116.114
